smiles,true_label,predicted_label,fold
CC(C)C[C@H](NC(=O)[C@H](CCCC[NH3+])NC(=O)[C@H](CCCNC(N)=[NH2+])NC(=O)[C@H](Cc1ccccc1)NC(=O)[C@H](Cc1ccccc1)NC(=O)[C@H](CCCC[NH3+])NC(=O)[C@H](CCCC[NH3+])NC(=O)[C@H](Cc1ccccc1)NC(=O)[C@H](CCCNC(N)=[NH2+])NC(=O)[C@H](CCCC[NH3+])NC(=O)[C@@H](N)C(C)C)C(=O)N[C@@H](CCCC[NH3+])C(=O)N[C@@H](CCCC[NH3+])C(=O)N[C@@H](CCCC[NH3+])C(=O)N[C@H](C(N)=O)C(C)C,1,2.415613,0
NC(=[NH2+])NCCC[C@H](NC(=O)[C@H](CCCNC(N)=[NH2+])NC(=O)[C@H](CCCNC(N)=[NH2+])NC(=O)[C@H](CCC(N)=O)NC(=O)[C@H](CCCNC(N)=[NH2+])NC(=O)[C@H](CCCNC(N)=[NH2+])NC(=O)[C@H](CCCC[NH3+])NC(=O)[C@H](CCCC[NH3+])NC(=O)[C@@H](N)CCCNC(N)=[NH2+])C(=O)NCC(=O)NCC(=O)NCC(N)=O,1,6.14245,0
CNCCC[C@H](NC(=O)[C@H](CCCNC)NC(=O)[C@H](CCCNC)NC(=O)[C@H](CCCNC)NC(=O)[C@H](CCCNC)NC(=O)[C@H](CCCNC)NC(=O)[C@H](CCCNC)NC(O)C(C)CN)C(N)=O,1,-3.1463675,0
CC(C)C[C@H](NC(=O)[C@H](CC(C)C)NC(=O)[C@H](C)NC(=O)[C@H](C)NC(=O)[C@H](C)NC(=O)[C@H](CC(C)C)NC(=O)[C@H](CCCC[NH3+])NC(=O)[C@H](CCCC[NH3+])NC(=O)[C@H](Cc1c[nH]c2ccccc12)NC(=O)[C@H](CCCC[NH3+])NC(=O)[C@H](CCCC[NH3+])NC(=O)[C@H](CC(C)C)NC(=O)[C@H](CC(C)C)NC(=O)[C@H](C)NC(=O)[C@H](C)NC(=O)[C@H](C)NC(=O)[C@H](CC(C)C)NC(=O)[C@@H](N)CCCC[NH3+])C(N)=O,1,-1.8748912,0
CC[C@H](C)[C@H](NC(=O)[C@H](CC(C)C)NC(=O)[C@@H](NC(=O)[C@H](CCCNC(N)=[NH2+])NC(=O)[C@H](Cc1ccccc1)NC(=O)[C@@H](NC(=O)[C@@H](NC(=O)[C@@H](N)CC(C)C)[C@@H](C)CC)[C@@H](C)CC)[C@@H](C)CC)C(=O)N[C@@H](CO)C(=O)NC(CC1CNCN1)C(O)NC(CC1CNCN1)C(O)NC(CO)CC1CNCN1,1,2.6592042,0
CC[C@H](C)[C@H](NC(=O)[C@H](CCCNC(N)=[NH2+])NC(=O)[C@H](CCCNC(N)=[NH2+])NC(=O)[C@H](CCCNC(N)=[NH2+])NC(=O)[C@H](CC(C)C)NC(=O)[C@@H](NC(=O)[C@@H](NC(=O)[C@H](CC(C)C)NC(=O)[C@H](C)N)[C@@H](C)CC)[C@@H](C)CC)C(=O)N[C@@H](CCCNC(N)=[NH2+])C(=O)N[C@@H](CCCC[NH3+])C(=O)N[C@@H](CCC(N)=O)C(=O)N[C@@H](C)C(=O)NC(CC1CNCN1)C(O)N[C@@H](C)C(=O)NC(CC1CNCN1)C(O)N[C@@H](CO)C(=O)N[C@H](C=O)CCCC[NH3+],1,8.33661,0
CC[C@H](C)[C@H](NC(=O)[C@H](CCCC[NH3+])NC(=O)[C@H](CCCC[NH3+])NC(=O)[C@H](C)NC(=O)[C@H](CC(C)C)NC(=O)[C@H](C)NC(=O)[C@H](C)NC(=O)[C@H](CC(C)C)NC(=O)[C@H](C)NC(=O)[C@H](CCCC[NH3+])NC(=O)[C@H](CC(C)C)NC(=O)[C@H](CC(N)=O)NC(=O)[C@@H](NC(=O)[C@H](CCCC[NH3+])NC(=O)CNC(=O)[C@H](CC(C)C)NC(=O)[C@H](CC(C)C)NC(=O)[C@H](Cc1ccc(O)cc1)NC(=O)CNC(=O)[C@H](C)N)[C@@H](C)CC)C(=O)N[C@H](C=O)CC(C)C,1,6.673099,0
C[C@H](N)C(=O)N[C@@H](CS)C(=O)N[C@@H](CCCNC(N)=[NH2+])C(=O)NCC(=O)N[C@@H](CCCNC(N)=[NH2+])C(=O)NCC(=O)N[C@@H](CCCNC(N)=[NH2+])C(=O)NCC(=O)N[C@@H](CS)C(=O)NCC(=O)N[C@@H](CO)C(=O)NCC(=O)N[C@@H](CO)C(=O)N[C@@H](CCCNC(N)=[NH2+])C(=O)N[C@@H](CO)C(=O)N[C@@H](CS)C(=O)NCC=O,1,2.8583958,0
CC[C@H](C)[C@H](NC(=O)[C@H](C)NC(=O)[C@@H](NC(=O)[C@H](CCC(N)=O)NC(=O)[C@@H](N)CCCNC(N)=[NH2+])[C@@H](C)CC)C(=O)N[C@@H](Cc1c[nH]c2ccccc12)C(=O)N[C@@H](Cc1ccccc1)C(=O)N[C@@H](CCC(N)=O)C(=O)N[C@@H](CC(N)=O)C(=O)N[C@@H](CCCNC(N)=[NH2+])C(=O)N[C@@H](CCCNC(N)=[NH2+])C(=O)N[C@@H](CCSC)C(=O)N[C@@H](CCCC[NH3+])C(=O)N[C@@H](Cc1c[nH]c2ccccc12)C(=O)N[C@@H](CCCC[NH3+])C(=O)N[C@H](C=O)CCCC[NH3+],1,7.987339,0
NCC(=O)N[C@@H](CCCNC(N)=[NH2+])C(=O)N[C@@H](CCCC[NH3+])C(=O)N[C@@H](CCCC[NH3+])C(=O)N[C@@H](CCCNC(N)=[NH2+])C(=O)N[C@@H](CCCNC(N)=[NH2+])C(=O)N[C@@H](CCC(N)=O)C(=O)N[C@@H](CCCNC(N)=[NH2+])C(=O)N[C@@H](CCCNC(N)=[NH2+])C(=O)N[C@@H](CCCNC(N)=[NH2+])C(=O)N1CCC[C@H]1C(=O)N1CCC[C@H]1C(=O)N[C@@H](CCC(N)=O)C(=O)N[C@H](C=O)Cc1ccc(O)cc1,1,8.289482,0
CC(=O)N[C@@H](CCCNC(N)=[NH2+])C(=O)N[C@@H](CCCNC(N)=[NH2+])C(=O)N[C@@H](CCCNC(N)=[NH2+])C(=O)N[C@@H](CCCNC(N)=[NH2+])C(=O)N[C@@H](CCCNC(N)=[NH2+])C(=O)N[C@@H](CCCNC(N)=[NH2+])C(=O)N[C@@H](CCCNC(N)=[NH2+])C(=O)N[C@@H](CCCNC(N)=[NH2+])C(N)=O,1,1.3933785,0
NC(=[NH2+])NCCC[C@@H](N)C(=O)N[C@H](CCCNC(N)=[NH2+])C(=O)N[C@H](CCCNC(N)=[NH2+])C(=O)N[C@H](CCCNC(N)=[NH2+])C(=O)N[C@H](CCCNC(N)=[NH2+])C(=O)N[C@@H](C=O)CCCNC(N)=[NH2+],1,7.5928063,0
NC(=[NH2+])NCCC[C@@H](C=O)NC(=O)[C@H](CCCNC(N)=[NH2+])NC(=O)[C@H](CCCNC(N)=[NH2+])NC(=O)[C@H](CCCNC(N)=[NH2+])NC(=O)[C@H](CCCNC(N)=[NH2+])NC(=O)[C@@H](N)CCCNC(N)=[NH2+],1,7.053279,0
CC[C@H](C)[C@H](NC(=O)[C@@H](NC(=O)[C@@H](N)Cc1c[nH]c2ccccc12)[C@@H](C)CC)C(=O)N[C@@H](Cc1ccccc1)C(=O)N[C@@H](CCCNC(N)=[NH2+])C(=O)N[C@@H](C)C(=O)N[C@@H](C)C(=O)N[C@@H](C)C(=O)N[C@@H](CO)C(=O)NC(CC1CNCN1)C(O)N[C@@H](CCCC[NH3+])C(=O)N[C@H](C=O)CCCC[NH3+],1,6.859663,0
CC(C)C[C@H](NC(=O)[C@H](CCCNC(N)=[NH2+])NC(=O)[C@H](CCC(=O)O)NC(=O)[C@H](CC(=O)O)NC(=O)[C@H](C)NC(=O)[C@@H]1CCCN1C(=O)[C@H](CS)NC(=O)[C@H](CC(N)=O)NC(=O)[C@H](CCCNC(N)=[NH2+])NC(=O)[C@H](Cc1ccccc1)NC(=O)[C@H](CCCNC(N)=[NH2+])NC(=O)[C@H](CC(=O)O)NC(=O)[C@H](CCCNC(N)=[NH2+])NC(=O)[C@H](CS)NC(=O)[C@H](C)N)C(=O)N[C@@H](CS)C(=O)NCC=O,1,1.5168492,0
CC(C)C[C@H](NC(=O)[C@H](C)NC(=O)[C@H](CCCC[NH3+])NC(=O)[C@H](CC(C)C)NC(=O)[C@H](C)NC(=O)[C@H](CC(C)C)NC(=O)[C@H](CCCC[NH3+])NC(=O)[C@H](CC(C)C)NC(=O)[C@H](C)NC(=O)[C@H](CC(C)C)NC(=O)[C@@H](N)CCCC[NH3+])C(=O)N[C@@H](CCCC[NH3+])C(=O)N[C@@H](C)C(=O)N[C@@H](C)C(=O)N[C@@H](CC(C)C)C(=O)N[C@@H](CCCC[NH3+])C(=O)N[C@@H](CC(C)C)C(=O)N[C@@H](C)C(=O)NCC(=O)N[C@H](C=O)CS,1,6.2015886,0
NC(=[NH2+])NCCC[C@H](NC(=O)[C@H](CCCNC(N)=[NH2+])NC(=O)[C@H](CCCNC(N)=[NH2+])NC(=O)[C@H](CCCNC(N)=[NH2+])NC(=O)[C@H](CCCNC(N)=[NH2+])NC(=O)[C@H](CCCNC(N)=[NH2+])NC(=O)[C@H](CCCNC(N)=[NH2+])NC(=O)[C@@H](N)CCCNC(N)=[NH2+])C(=O)NCC(=O)N[C@@H](CS)C(N)=O,1,4.0827475,0
CC[C@H](C)[C@H](NC(=O)[C@H](CCCC[NH3+])NC(=O)[C@H](CCCC[NH3+])NC(=O)[C@H](C)NC(=O)[C@H](CC(C)C)NC(=O)[C@H](C)NC(=O)[C@H](C)NC(=O)[C@H](CC(C)C)NC(=O)[C@H](C)NC(=O)[C@H](CCCC[NH3+])NC(=O)[C@H](CC(C)C)NC(=O)[C@H](CC(N)=O)NC(=O)[C@@H](NC(=O)[C@H](CCCC[NH3+])NC(=O)CNC(=O)[C@H](CC(C)C)NC(=O)[C@H](CC(C)C)NC(=O)[C@H](Cc1ccc(O)cc1)NC(=O)CNC(=O)[C@H](C)NC(=O)[C@H](CO)NC(=O)[C@H](CC(N)=O)NC(=O)[C@@H](N)CC(C)C)[C@@H](C)CC)C(=O)N[C@H](C=O)CC(C)C,1,4.629797,0
CC(=O)N[C@@H](CS)C(=O)N[C@@H](Cc1c[nH]c2ccccc12)C(=O)N[C@@H](CCCC[NH3+])C(=O)N[C@@H](CCCC[NH3+])C(=O)N[C@@H](CCCC[NH3+])C(=O)N[C@@H](CCCC[NH3+])C(=O)N[C@@H](CCCC[NH3+])C(=O)N[C@@H](CCCC[NH3+])C(=O)N[C@@H](CCCC[NH3+])C(=O)N[C@@H](CCCC[NH3+])C(=O)N[C@@H](CCCC[NH3+])C(=O)N[C@@H](CCCC[NH3+])C(=O)N[C@@H](CCCC[NH3+])C(=O)N[C@@H](CCCC[NH3+])C(=O)N[C@@H](CCCC[NH3+])C(=O)N[C@@H](CCCC[NH3+])C(=O)N[C@@H](CCCC[NH3+])C(=O)N[C@@H](CCCC[NH3+])C(=O)N[C@@H](CCCC[NH3+])C(=O)N[C@H](C=O)CCCC[NH3+],1,4.684642,0
CC[C@H](C)[C@H](NC(=O)[C@H](CCCC[NH3+])NC(=O)[C@@H](NC(=O)[C@H](CCC(N)=O)NC(=O)[C@@H]([NH3+])CCCNC(N)=[NH2+])[C@@H](C)CC)C(=O)N[C@@H](Cc1c[nH]c2ccccc12)C(=O)N[C@@H](Cc1ccccc1)C(=O)N[C@@H](CCC(N)=O)C(=O)N[C@@H](CC(N)=O)C(=O)N[C@@H](CCCNC(N)=[NH2+])C(=O)N[C@@H](CCCNC(N)=[NH2+])C(=O)N[C@@H](CCSC)C(=O)N[C@@H](CCCC[NH3+])C(=O)N[C@@H](Cc1c[nH]c2ccccc12)C(=O)N[C@@H](CCCC[NH3+])C(=O)N[C@@H](CCCC[NH3+])C(=O)O,1,2.9389813,0
C[C@H](N)C(=O)N[C@@H](CS)C(=O)N[C@@H](CCCNC(N)=[NH2+])C(=O)N[C@@H](CCCNC(N)=[NH2+])C(=O)N[C@@H](CO)C(=O)N[C@@H](CCCNC(N)=[NH2+])C(=O)N[C@@H](CCCNC(N)=[NH2+])C(=O)NCC(=O)N[C@@H](CS)C(=O)NCC(=O)N[C@@H](CCCNC(N)=[NH2+])C(=O)N[C@@H](CCCNC(N)=[NH2+])C(=O)N[C@@H](CO)C(=O)N[C@@H](CCCNC(N)=[NH2+])C(=O)N[C@@H](CCCNC(N)=[NH2+])C(=O)N[C@@H](CS)C(=O)NCC=O,1,5.727529,0
CC(=O)N[C@@H](CCCNC(N)=[NH2+])C(=O)N[C@@H](CC(C)C)C(=O)N[C@@H](CC(C)C)C(=O)N[C@@H](CCCNC(N)=[NH2+])C(=O)N[C@@H](CC(C)C)C(=O)N[C@@H](CC(C)C)C(=O)N[C@@H](CC(C)C)C(=O)N[C@@H](CCCNC(N)=[NH2+])C(=O)N[C@@H](CC(C)C)C(=O)N[C@@H](Cc1c[nH]c2ccccc12)C(=O)N[C@@H](CCCNC(N)=[NH2+])C(=O)N[C@@H](CCCNC(N)=[NH2+])C(=O)N[C@@H](CC(C)C)C(=O)N[C@@H](CC(C)C)C(=O)N[C@@H](CCCNC(N)=[NH2+])C(=O)N[C@@H](CC(C)C)C(=O)N[C@@H](CC(C)C)C(=O)N[C@@H](CCCNC(N)=[NH2+])C(N)=O,1,4.409361,0
C[C@H](NC(=O)[C@H](CCCC[NH3+])NC(=O)[C@H](CO)NC(=O)[C@H](CCCNC(N)=[NH2+])NC(=O)[C@H](C)NC(O)C(CC1CNCN1)NC(O)C(CC1CNCN1)NC(=O)[C@H](CCCNC(N)=[NH2+])NC(=O)[C@H](CCCNC(N)=[NH2+])NC(=O)[C@@H](N)CO)C(=O)N[C@@H](CCCC[NH3+])C(=O)N[C@@H](CCCNC(N)=[NH2+])C(=O)N[C@@H](CO)C(=O)N[C@@H](CCCNC(N)=[NH2+])C(=O)NC(CC1CNCN1)C(O)NC(CO)CC1CNCN1,1,5.133662,0
NC(=[NH2+])NCCC[C@@H](C=O)NC(=O)[C@H](CCCNC(N)=[NH2+])NC(=O)[C@H](CCCNC(N)=[NH2+])NC(=O)[C@H](CCCNC(N)=[NH2+])NC(=O)[C@H](CCCNC(N)=[NH2+])NC(=O)[C@H](CCCNC(N)=[NH2+])NC(=O)[C@H](CCCNC(N)=[NH2+])NC(=O)[C@H](CCCNC(N)=[NH2+])NC(=O)[C@H](CCCNC(N)=[NH2+])NC(=O)[C@H](CCCNC(N)=[NH2+])NC(=O)[C@@H](N)CCCNC(N)=[NH2+],1,7.4359818,0
C[C@H](NC(=O)[C@H](CCC(N)=O)NC(=O)[C@@H](N)CCCNC(N)=[NH2+])C(=O)N[C@@H](CCCNC(N)=[NH2+])C(=O)N[C@@H](CCCNC(N)=[NH2+])C(=O)N[C@@H](CC(N)=O)C(=O)N[C@@H](CCCNC(N)=[NH2+])C(=O)N[C@@H](CCCNC(N)=[NH2+])C(=O)N[C@@H](CCCNC(N)=[NH2+])C(=O)N[C@H](C=O)CS,1,6.7777834,0
CC[C@H](C)[C@H](NC(=O)[C@H](CCCC[NH3+])NC(=O)[C@@H](NC(=O)[C@H](CCC(N)=O)NC(=O)[C@@H]([NH3+])CCCNC(N)=[NH2+])[C@@H](C)CC)C(=O)N[C@@H](Cc1c[nH]c2ccccc12)C(=O)N[C@@H](Cc1ccccc1)C(=O)N[C@@H](CCC(N)=O)C(=O)N[C@@H](CC(N)=O)C(=O)N[C@@H](CCCNC(N)=[NH2+])C(=O)N[C@@H](CCCNC(N)=[NH2+])C(=O)N[C@@H](CCSC)C(=O)N[C@@H](CCCC[NH3+])C(=O)N[C@@H](Cc1c[nH]c2ccccc12)C(=O)N[C@@H](CCCC[NH3+])C(=O)N[C@@H](CCCC[NH3+])C(=O)O,1,2.9389813,0
NC(=[NH2+])NCCC[C@@H](NC(=O)[C@H](N)CS)C(=O)N[C@H](Cc1c[nH]c2ccccc12)C(=O)N[C@H](CCCNC(N)=[NH2+])C(=O)N[C@H](Cc1c[nH]c2ccccc12)C(=O)N[C@H](CCCC[NH3+])C(=O)N[C@H](CS)C(=O)N[C@H](CS)C(=O)N[C@H](CCCC[NH3+])C(=O)N[C@@H](C=O)CCCC[NH3+],1,5.2383833,0
NC(=[NH2+])NCCC[C@H](NC(=O)[C@H](Cc1c[nH]c2ccccc12)NC(=O)[C@@H](CCCNC(N)=[NH2+])NC(=O)[C@@H](N)CS)C(=O)N[C@@H](Cc1c[nH]c2ccccc12)C(=O)N[C@@H](CCCC[NH3+])C(=O)N[C@@H](CS)C(=O)N[C@@H](CS)C(=O)N[C@@H](CCCC[NH3+])C(=O)N[C@H](C=O)CCCC[NH3+],1,4.79686,0
CC[C@H](C)[C@H](NC(=O)[C@H](CC(C)C)NC(=O)[C@@H](N)CCCC[NH3+])C(=O)N[C@@H](CCCC[NH3+])C(=O)NCC(=O)N[C@@H](CCCNC(N)=[NH2+])C(=O)N[C@H](C(=O)N1CCC[C@H]1C(=O)N[C@H](C(=O)N[C@@H](CCCC[NH3+])C(=O)N[C@@H](Cc1ccccc1)C(=O)NCC(=O)N[C@@H](CCCC[NH3+])C(=O)N[C@@H](C)C(=O)N[C@@H](CC(=O)O)C(=O)N[C@@H](CS)C(=O)N[C@@H](CC(=O)O)C(=O)N[C@@H](CCCNC(N)=[NH2+])C(=O)N1CCC[C@H]1C(=O)N1CCC[C@H]1C(=O)N[C@@H](CCCC[NH3+])C(=O)NC(CC1CNCN1)C(O)N[C@@H](CO)C(=O)NCC(=O)N[C@H](C=O)CCCC[NH3+])[C@@H](C)CC)[C@@H](C)O,1,3.5221996,0
CC[C@H](C)[C@H](NC(=O)[C@H](CCCC[NH3+])NC(=O)[C@@H](NC(=O)[C@H](CCC(N)=O)NC(=O)[C@@H]([NH3+])CCCNC(N)=[NH2+])[C@@H](C)CC)C(=O)N[C@@H](Cc1c[nH]c2ccccc12)C(=O)N[C@@H](Cc1ccccc1)C(=O)N[C@@H](CCC(N)=O)C(=O)N[C@@H](CC(N)=O)C(=O)N[C@@H](CCCNC(N)=[NH2+])C(=O)N[C@@H](CCCNC(N)=[NH2+])C(=O)N[C@@H](CCSC)C(=O)N[C@@H](CCCC[NH3+])C(=O)N[C@@H](Cc1c[nH]c2ccccc12)C(=O)N[C@@H](CCCC[NH3+])C(=O)N[C@@H](CCCC[NH3+])C(=O)O,1,2.9389813,0
C[C@H](NC(=O)[C@H](CCCNC(N)=[NH2+])NC(=O)[C@H](CCCNC(N)=[NH2+])NC(=O)[C@H](CCC(=O)O)NC(=O)[C@H](CCCNC(N)=[NH2+])NC(=O)[C@H](CCCNC(N)=[NH2+])NC(=O)[C@@H](N)CCCNC(N)=[NH2+])C(=O)N[C@@H](CCC(=O)O)C(=O)N[C@H](C=O)CCCC[NH3+],1,8.461571,0
NCC(=O)N[C@@H](CCCNC(N)=[NH2+])C(=O)N[C@@H](CCCC[NH3+])C(=O)N[C@@H](CCCC[NH3+])C(=O)N[C@@H](CCCNC(N)=[NH2+])C(=O)N[C@@H](CCCNC(N)=[NH2+])C(=O)N[C@@H](CCC(N)=O)C(=O)N[C@@H](CCCNC(N)=[NH2+])C(=O)N[C@@H](CCCNC(N)=[NH2+])C(=O)N[C@@H](CCCNC(N)=[NH2+])C(=O)N1CCC[C@H]1C(=O)N1CCC[C@H]1C(=O)N[C@H](C=O)CCC(N)=O,1,8.64156,0
NC(=[NH2+])NCCC[C@@H](C=O)NC(=O)[C@H](CCCNC(N)=[NH2+])NC(=O)[C@H](CCCNC(N)=[NH2+])NC(=O)[C@H](CCCNC(N)=[NH2+])NC(=O)[C@H](CCCNC(N)=[NH2+])NC(=O)[C@H](CCCNC(N)=[NH2+])NC(=O)[C@H](CCCNC(N)=[NH2+])NC(=O)[C@H](CCCNC(N)=[NH2+])NC(=O)[C@H](Cc1c[nH]c2ccccc12)NC(=O)[C@H](Cc1c[nH]c2ccccc12)NC(=O)[C@H](Cc1c[nH]c2ccccc12)NC(=O)[C@@H](N)Cc1c[nH]c2ccccc12,1,4.218116,0
CC[C@H](C)[C@H](NC(=O)[C@H](CCCNC(N)=[NH2+])NC(=O)[C@@H](NC(=O)[C@H](CCC(N)=O)NC(=O)[C@@H](N)CCCNC(N)=[NH2+])[C@@H](C)CC)C(=O)N[C@@H](Cc1c[nH]c2ccccc12)C(=O)N[C@@H](Cc1ccccc1)C(=O)N[C@@H](CCC(N)=O)C(=O)N[C@@H](CC(N)=O)C(=O)N[C@@H](CCCNC(N)=[NH2+])C(=O)N[C@@H](CCCNC(N)=[NH2+])C(=O)N[C@@H](CCSC)C(=O)N[C@@H](CCCNC(N)=[NH2+])C(=O)N[C@@H](Cc1c[nH]c2ccccc12)C(=O)N[C@@H](CCCNC(N)=[NH2+])C(=O)N[C@H](C=O)CCCNC(N)=[NH2+],1,7.52826,0
CC(C)C[C@H](NC(=O)[C@H](CO)NC(=O)[C@H](CO)NC(=O)[C@H](Cc1c[nH]c2ccccc12)NC(=O)[C@H](CC(C)C)NC(=O)[C@H](CO)NC(=O)[C@@H]1CCCN1C(=O)[C@H](Cc1c[nH]c2ccccc12)NC(=O)[C@H](C)NC(=O)[C@H](CO)NC(=O)[C@H](Cc1c[nH]c2ccccc12)NC(=O)[C@H](CC(C)C)NC(=O)[C@@H](N)CCCC[NH3+])C(=O)N[C@@H](Cc1c[nH]c2ccccc12)C(=O)N[C@@H](CCCC[NH3+])C(=O)N1CCC[C@H]1C(N)=O,1,-3.4024646,0
CC[C@H](C)[C@@H]1NC(=O)[C@@H]2CCCN2C(=O)[C@@H]2CCCN2C(=O)[C@H]([C@@H](C)CC)NC(=O)[C@H](CO)NC(=O)[C@H](CCCC[NH3+])NC(=O)[C@H]([C@@H](C)O)NC(=O)[C@@H]2CSSC[C@H](NC1=O)C(=O)N[C@@H](Cc1ccccc1)C(=O)N1CCC[C@H]1C(=O)N[C@@H](CC(=O)O)C(=O)NCC(=O)N[C@@H](CCCNC(N)=[NH2+])C(=O)N2,1,-3.758032,0
CC(C)C[C@H](NC(=O)[C@@H](NC(=O)[C@H](CCCCN)NC(=O)[C@H](Cc1ccc(O)cc1)NC(=O)[C@@H](NC(=O)[C@H](Cc1ccc(O)cc1)NC(=O)[C@@H](NC(=O)[C@H](CO)NC(=O)[C@H](Cc1ccc(O)cc1)NC(=O)[C@H](CO)NC(=O)[C@H](CCC(=O)O)NC(=O)[C@H](CCCCN)NC(=O)[C@H](CCCNC(=N)N)NC(=O)[C@H](CO)NC(=O)[C@H](CCCNC(=N)N)NC1=[O+]C(CN)CC[C@@H]1NC(=O)[C@H](CCCNC(=N)N)NC(=O)[C@H](CCCCN)NC(=O)[C@H](CCCCN)NC(=O)CNC(=O)[C@H](CC(=O)O)NC(=O)[C@H](CCCCN)NC(=O)[C@H](CCCCN)NC(=O)[C@H](CCC(N)=O)NC(=O)[C@H](C)NC(=O)[C@H](CCCCN)NC(=O)[C@@H](NC(=O)[C@@H](NC(=O)[C@H](C)NC(=O)[C@H](CCCCN)NC(=O)[C@H](CCCCN)NC(=O)[C@H](CO)NC(=O)CNC(=O)[C@@H](N)CCCCN)C(C)C)[C@@H](C)O)C(C)C)C(C)C)C(C)C)C(=O)N[C@@H](CCCCN)C(=O)N[C@H](C=O)CCC(N)=O,1,5.508875,0
C[C@@H](O)[C@@H](C=O)NC(=O)[C@H](CCCNC(N)=[NH2+])NC(=O)[C@H](CCCC[NH3+])NC(=O)[C@H](CCCC[NH3+])NC(=O)[C@H](CCCNC(N)=[NH2+])NC(=O)[C@H](CCCC[NH3+])NC(=O)[C@H](CCCNC(N)=[NH2+])NC(=O)CN,1,2.765498,0
C[C@H](NC(=O)[C@H](CCCNC(N)=[NH2+])NC(=O)[C@H](CCCNC(N)=[NH2+])NC(=O)[C@H](CCCNC(N)=[NH2+])NC(=O)[C@H](CCCNC(N)=[NH2+])NC(=O)CN)C(=O)N[C@H](C(=O)N[C@@H](C)C(=O)N[C@@H](CCCC[NH3+])C(=O)N[C@@H](Cc1ccc(O)cc1)C(=O)N[C@@H](CCCNC(N)=[NH2+])C(=O)N[C@H](C(=O)N[C@@H](C)C(=O)NC(CO)CC1CNCN1)[C@@H](C)O)[C@@H](C)O,1,2.0999625,0
CC[C@H](C)[C@H](NC(=O)[C@H](CCCC[NH3+])NC(=O)[C@H](C)NC(=O)[C@H](CCC(N)=O)NC(=O)[C@@H](N)CCCNC(N)=[NH2+])C(=O)N[C@@H](Cc1c[nH]c2ccccc12)C(=O)N[C@@H](Cc1ccccc1)C(=O)N[C@@H](CCC(N)=O)C(=O)N[C@@H](CC(N)=O)C(=O)N[C@@H](CCCNC(N)=[NH2+])C(=O)N[C@@H](CCCNC(N)=[NH2+])C(=O)N[C@@H](CCSC)C(=O)N[C@@H](CCCC[NH3+])C(=O)N[C@@H](Cc1c[nH]c2ccccc12)C(=O)N[C@@H](CCCC[NH3+])C(=O)N[C@H](C=O)CCCC[NH3+],1,7.9702454,0
CC[C@H](C)[C@H](NC(=O)[C@H](CCCC[NH3+])NC(=O)[C@@H](NC(=O)[C@H](CCC(N)=O)NC(=O)[C@@H](N)CCCNC(N)=[NH2+])[C@@H](C)CC)C(=O)N[C@@H](Cc1c[nH]c2ccccc12)C(=O)N[C@@H](Cc1ccccc1)C(=O)N[C@@H](CCC(N)=O)C(=O)N[C@@H](CC(N)=O)C(=O)N[C@@H](CCCNC(N)=[NH2+])C(=O)N[C@@H](CCCNC(N)=[NH2+])C(=O)N[C@H](C=O)CCSC,1,6.8784494,0
CC[C@H](C)[C@H](NC(=O)[C@@H](NC(=O)[C@@H]1CCCN1C(=O)[C@H](CCCC[NH3+])NC(=O)[C@H](CCCC[NH3+])NC(=O)[C@@H](NC(=O)[C@@H]1CCCN1C(=O)[C@H](CCCC[NH3+])NC(=O)[C@@H](NC(=O)[C@@H](NC(=O)[C@@H](NC(=O)[C@H](CCCC[NH3+])NC(=O)[C@H](CCCC[NH3+])NC(=O)CNC(=O)[C@@H]1CCCN1C(=O)[C@H](CCCC[NH3+])NC(=O)[C@H](CCCC[NH3+])NC(=O)[C@H](CC(N)=O)NC(=O)[C@@H]1CCCN1C(=O)[C@@H](NC(=O)[C@H](CCCNC(N)=[NH2+])NC(=O)[C@@H](N)CCCC[NH3+])[C@@H](C)CC)[C@@H](C)O)[C@@H](C)O)[C@@H](C)O)[C@@H](C)O)[C@@H](C)O)C(=O)N[C@@H](CCCC[NH3+])C(=O)N[C@H](C(=O)N[C@H](C(=O)N[C@@H](CCCC[NH3+])C(=O)N[C@H](C=O)CCCC[NH3+])[C@@H](C)O)[C@@H](C)O,1,4.896489,0
NC(=[NH2+])NCCC[C@@H](N)C(=O)N[C@H](CCCNC(N)=[NH2+])C(=O)N[C@H](CCCNC(N)=[NH2+])C(=O)N[C@H](CCCNC(N)=[NH2+])C(=O)N[C@H](CCCNC(N)=[NH2+])C(=O)N[C@H](CCCNC(N)=[NH2+])C(=O)N[C@H](CCCNC(N)=[NH2+])C(=O)N[C@H](CCCNC(N)=[NH2+])C(=O)N[C@H](CCCNC(N)=[NH2+])C(=O)N[C@H](CCCNC(N)=[NH2+])C(=O)N[C@H](CCCNC(N)=[NH2+])C(=O)N[C@H](CCCNC(N)=[NH2+])C(N)=O,1,4.799609,0
C[C@@H](O)[C@H](NC(=O)[C@H](CCCNC(N)=[NH2+])NC(=O)[C@H](CCCC[NH3+])NC(=O)[C@H](CC(N)=O)NC(=O)CNC(=O)[C@@H](N)CS)C(=O)N[C@@H](CCCNC(N)=[NH2+])C(=O)NCC(=O)N[C@H](C=O)CS,1,2.2256887,0
CC(C)C[C@H](NC(=O)CN)C(=O)N[C@@H](CCCC[NH3+])C(=O)N[C@@H](CCCC[NH3+])C(=O)N[C@@H](CC(C)C)C(=O)N[C@@H](C)C(=O)N[C@@H](CCC(=O)O)C(=O)N[C@@H](CC(C)C)C(=O)N[C@@H](C)C(=O)NC(CC1CNCN1)C(O)N[C@@H](CCCC[NH3+])C(=O)N[C@@H](CC(C)C)C(=O)N[C@@H](CC(C)C)C(=O)N[C@@H](CCCC[NH3+])C(=O)N[C@@H](CC(C)C)C(=O)NCC(=O)N[C@@H](CS)C(N)=O,1,-2.7020762,0
CC[C@H](C)[C@H](NC(=O)[C@H](CCCNC(N)=[NH2+])NC(=O)[C@@H](N)CCCC[NH3+])C(=O)N1CCC[C@H]1C(=O)N[C@@H](CC(N)=O)C(=O)N[C@@H](CCCC[NH3+])C(=O)N[C@@H](CCCC[NH3+])C(=O)N1CCC[C@H]1C(=O)N[C@@H](CCCC[NH3+])C(=O)N[C@H](C=O)CCCC[NH3+],1,8.211002,0
CCC[C@@H](C=O)NC(=O)[C@H](C)NC(=O)[C@H](C)NC(=O)[C@H](Cc1c[nH]c2ccccc12)NC(=O)[C@H](CCC(=O)O)NC(=O)CNC(=O)[C@@H](NC(=O)[C@H](CC(C)C)NC(=O)[C@H](CCCNC(=N)N)NC(=O)[C@H](CCC)NC(=O)[C@@H](NC(=O)[C@H](Cc1c[nH]cn1)NC(=O)[C@@H](NC(=O)[C@@H](NC(=O)[C@H](Cc1ccccc1)NC(=O)[C@@H](NC(=O)[C@H](CCCNC(=N)N)NC(=O)[C@@H](NC(=O)[C@H](CCCNC(=N)N)NC(=O)[C@H](CCC)NC(=O)[C@H](CCC)NC(=O)CNC(=O)[C@H](CS)NC(=O)[C@H](C)NC(=O)[C@H](CCCNC(=N)N)NC(=O)[C@H](CCCNC(=N)N)NC(=O)[C@@H](NC(=O)[C@H](CCCNC(=N)N)NC(=O)[C@H](CC(C)C)NC(=O)[C@@H](NC(=O)[C@@H](NC(=O)[C@H](CC(C)C)NC(=O)[C@H](Cc1ccccc1)NC(=O)[C@H](CCCNC(=N)N)NC(=O)[C@H](CCCNC(=N)N)NC(=O)[C@@H](NC(=O)[C@@H](N)CCSC)C(C)C)C(C)C)[C@@H](C)O)[C@@H](C)CC)C(C)C)C(C)C)C(C)C)C(C)C)[C@@H](C)CC)[C@@H](C)O,1,-2.0230317,0
CC(C)C[C@H](NC(=O)[C@H](CCCC[NH3+])NC(=O)[C@H](CCCNC(N)=[NH2+])NC(=O)[C@H](Cc1ccccc1)NC(=O)[C@H](Cc1ccccc1)NC(=O)[C@H](CCCC[NH3+])NC(=O)[C@H](CCCC[NH3+])NC(=O)[C@H](Cc1ccccc1)NC(=O)[C@H](CCCNC(N)=[NH2+])NC(=O)[C@H](CCCC[NH3+])NC(=O)[C@@H](N)C(C)C)C(=O)N[C@@H](CCCC[NH3+])C(=O)N[C@@H](CCCC[NH3+])C(=O)N[C@@H](CC(C)C)C(=O)N[C@H](C(N)=O)C(C)C,1,2.2331545,0
CC[C@H](C)[C@H](NC(=O)[C@H](CC(C)C)NC(=O)[C@@H](NC(=O)[C@H](CCCNC(N)=[NH2+])NC(=O)[C@H](Cc1ccccc1)NC(=O)[C@@H](NC(=O)[C@@H](NC(=O)[C@@H](N)CC(C)C)[C@@H](C)CC)[C@@H](C)CC)[C@@H](C)CC)C(=O)N[C@@H](CO)C(=O)NC(CC1CNCN1)C(O)N[C@@H](CCCNC(N)=[NH2+])C(=O)N[C@H](C=O)CCCNC(N)=[NH2+],1,7.826539,0
CC[C@H](C)[C@H](NC(=O)[C@H](C)NC(=O)[C@@H](NC(=O)[C@@H](N)Cc1ccc(O)cc1)[C@@H](C)O)C(=O)N[C@@H](C)C(=O)N[C@@H](Cc1c[nH]c2ccccc12)C(=O)N[C@H](C(=O)N[C@@H](CCCC[NH3+])C(=O)N[C@@H](C)C(=O)N[C@@H](Cc1ccccc1)C(=O)N[C@H](C(=O)N[C@@H](CCCNC(N)=[NH2+])C(=O)N[C@@H](CCCC[NH3+])C(=O)N[C@@H](CC(C)C)C(=O)N[C@@H](CCCNC(N)=[NH2+])C(=O)N[C@H](C=O)CCCC[NH3+])[C@@H](C)CC)C(C)C,1,3.913224,0
CCC(NC(=O)[C@H](CC(=O)O)NC(=O)CN)C(O)N[C@@H](CC(C)C)C(=O)N1CCC[C@H]1C(=O)NC(CC1CNCN1)C(O)N[C@@H](CC(C)C)C(=O)N[C@@H](CCCCN)C(=O)N[C@@H](CC(C)C)C(=O)N[C@@H](CS)C(=O)O,1,-3.218115,0
CC[C@H](C)[C@H](NC(=O)[C@H](CS)NC(=O)[C@H](CO)NC(=O)[C@@H](NC(=O)[C@@H]1CCCN1C(=O)[C@@H]1CCCN1C(=O)CNC(=O)[C@H](CCCNC(N)=[NH2+])NC(=O)[C@@H](NC(=O)[C@H](CCCC[NH3+])NC(=O)[C@H](CCCNC(N)=[NH2+])NC(=O)[C@H](CCSC)NC(=O)[C@H](CC(N)=O)NC(=O)[C@H](CCCNC(N)=[NH2+])NC(=O)[C@H](CCC(N)=O)NC(=O)[C@H](Cc1c[nH]c2ccccc12)NC(=O)[C@@H](N)CCC(N)=O)C(C)C)C(C)C)C(=O)N[C@@H](CCCC[NH3+])C(=O)N[C@H](C=O)CCCNC(N)=[NH2+],1,5.2158613,0
C[C@H](N)C(=O)N[C@@H](CS)C(=O)N[C@@H](CCCNC(N)=[NH2+])C(=O)NCC(=O)N[C@@H](CCCNC(N)=[NH2+])C(=O)NCC(=O)N[C@@H](CCCNC(N)=[NH2+])C(=O)NCC(=O)N[C@@H](CS)C(=O)N[C@@H](CCCNC(N)=[NH2+])C(=O)NCC(=O)N[C@@H](CCCNC(N)=[NH2+])C(=O)NCC(=O)N[C@@H](CCCNC(N)=[NH2+])C(=O)NCC(=O)N[C@@H](CS)C(=O)NCC=O,1,3.686689,0
CC[C@H](C)[C@H](NC(=O)[C@H](CCCC[NH3+])NC(=O)[C@H](Cc1ccccc1)NC(=O)[C@@H](NC(=O)[C@@H](NC(=O)[C@@H](N)CCSC)[C@@H](C)CC)[C@@H](C)CC)C(=O)N[C@@H](C)C(=O)N[C@@H](C)C(=O)N[C@@H](CO)C(=O)NC(CC1CNCN1)C(O)N[C@@H](CCCC[NH3+])C(=O)N[C@H](C=O)CCCC[NH3+],1,8.261163,0
CC[C@H](C)[C@H](NC(=O)[C@H](CCCNC(N)=[NH2+])NC(=O)[C@H](CCCNC(N)=[NH2+])NC(=O)[C@H](CCCNC(N)=[NH2+])NC(=O)[C@H](CC(C)C)NC(=O)[C@@H](NC(=O)[C@@H](NC(=O)[C@H](CC(C)C)NC(=O)[C@@H](N)CC(C)C)[C@@H](C)CC)[C@@H](C)CC)C(=O)N[C@@H](CCCNC(N)=[NH2+])C(=O)N[C@@H](CCCC[NH3+])C(=O)N[C@@H](CCC(N)=O)C(=O)N[C@@H](C)C(=O)NC(CC1CNCN1)C(O)N[C@H](C)C(=O)NC(CC1CNCN1)C(O)N[C@@H](CO)C(=O)N[C@H](C=O)CCCC[NH3+],1,8.185093,0
CC[C@H](C)[C@H](NC(=O)[C@H](CC(C)C)NC(=O)[C@H](CC(=O)O)NC(=O)[C@H](CCCNC(N)=[NH2+])NC(=O)[C@H](C)NC(=O)[C@@H](NC(=O)[C@@H](NC(=O)[C@@H](N)CCSC)[C@@H](C)CC)[C@@H](C)CC)C(=O)N[C@H](C=O)CO,1,8.193875,0
CC[C@H](C)[C@H](NC(=O)[C@H](CCCC[NH3+])NC(=O)[C@H](CCCC[NH3+])NC(=O)[C@H](C)NC(=O)[C@H](CC(C)C)NC(=O)[C@H](C)NC(=O)[C@H](C)NC(=O)[C@H](CC(C)C)NC(=O)[C@H](C)NC(=O)[C@H](CCCC[NH3+])NC(=O)[C@H](CC(C)C)NC(=O)[C@H](CC(N)=O)NC(=O)[C@@H](NC(=O)[C@H](CCCC[NH3+])NC(=O)CNC(=O)[C@H](CC(C)C)NC(=O)[C@H](CC(C)C)NC(=O)[C@H](Cc1ccc(O)cc1)NC(=O)CNC(=O)[C@H](C)NC(=O)[C@H](CO)NC(=O)[C@H](CC(N)=O)NC(=O)[C@H](CC(C)C)NC(=O)[C@@H](NC(=O)[C@H](Cc1c[nH]c2ccccc12)NC(=O)CN)[C@@H](C)O)[C@@H](C)CC)C(=O)N[C@H](C=O)CC(C)C,1,3.650722,0
CC[C@H](C)[C@H](NC(=O)CNC(=O)[C@H](CC(=O)O)NC(=O)[C@H](CO)NC(=O)[C@@H]([NH3+])Cc1c[nH]cn1)C(=O)N[C@@H](Cc1ccccc1)C(=O)N[C@H](C(=O)N[C@@H](CC(=O)O)C(=O)N[C@@H](CO)C(=O)N[C@@H](Cc1ccc(O)cc1)C(=O)N[C@@H](CO)C(=O)N[C@@H](CCCNC(N)=[NH2+])C(=O)N[C@@H](Cc1ccc(O)cc1)C(=O)N[C@@H](CCCNC(N)=[NH2+])C(=O)N[C@@H](CCCC[NH3+])C(=O)N[C@@H](CCC(N)=O)C(=O)N[C@@H](CCSC)C(=O)N[C@@H](C)C(=O)N[C@H](C(=O)N[C@@H](CCCC[NH3+])C(=O)N[C@@H](CCCC[NH3+])C(=O)N[C@@H](Cc1ccc(O)cc1)C(=O)N[C@@H](CC(C)C)C(=O)N[C@@H](C)C(=O)N[C@@H](C)C(=O)N[C@H](C(=O)N[C@@H](CC(C)C)C(=O)NCC(=O)N[C@@H](CCCC[NH3+])C(=O)N[C@@H](CCCNC(N)=[NH2+])C(=O)N[C@@H](Cc1ccc(O)cc1)C(=O)N[C@@H](CCCC[NH3+])C(=O)N[C@@H](CCC(N)=O)C(=O)N[C@@H](CCCNC(N)=[NH2+])C(=O)N[C@H](C(=O)N[C@@H](CCCC[NH3+])C(=O)N[C@@H](CC(N)=O)C(=O)N[C@@H](CCCC[NH3+])C(N)=O)C(C)C)C(C)C)C(C)C)[C@@H](C)O,1,-2.505882,0
CC[C@H](C)[C@H](NC(=O)[C@H](CC(N)=O)NC(=O)[C@H](C)NC(=O)[C@H](CC(C)C)NC(=O)[C@H](CC(C)C)NC(=O)[C@H](CC(N)=O)NC(=O)[C@H](CO)NC(O)C(CC1CNCN1)NC(O)C(CC1CNCN1)NC(=O)[C@H](CCCNC(N)=[NH2+])NC(=O)[C@H](CC(C)C)NC(O)C(CC1CNCN1)NC(=O)[C@H](CCCNC(N)=[NH2+])NC(=O)[C@H](CC(C)C)NC(=O)[C@H](CC(C)C)NC(=O)[C@H](CC(C)C)NC(=O)CNC(=O)[C@H](CC(C)C)NC(C)=O)C(N)=O,1,-2.4622946,0
NC(=[NH2+])NCCC[C@@H](N)C(=O)N[C@H](CCCNC(N)=[NH2+])C(=O)N[C@H](CCCNC(N)=[NH2+])C(=O)N[C@H](CCCNC(N)=[NH2+])C(=O)N[C@H](CCCNC(N)=[NH2+])C(=O)N[C@H](CCCNC(N)=[NH2+])C(=O)N[C@H](CCCNC(N)=[NH2+])C(=O)N[C@H](CCCNC(N)=[NH2+])C(=O)N[C@H](CCCNC(N)=[NH2+])C(=O)N[C@H](CCCNC(N)=[NH2+])C(=O)N[C@H](CCCNC(N)=[NH2+])C(=O)N[C@H](CCCNC(N)=[NH2+])C(=O)NCC(=O)N[C@@H](CS)C(N)=O,1,6.98326,0
CC(C)[C@H](NC(=O)[C@H](CCCNC(N)=[NH2+])NC(=O)[C@H](CCCNC(N)=[NH2+])NC(=O)[C@H](CCCNC(N)=[NH2+])NC(=O)[C@H](CC(N)=O)NC(=O)[C@H](CCCNC(N)=[NH2+])NC(=O)[C@H](CCCNC(N)=[NH2+])NC(=O)[C@@H](NC(=O)[C@@H](N)CCCNC(N)=[NH2+])[C@@H](C)O)C(=O)N[C@H](C=O)CCCNC(N)=[NH2+],1,8.691416,0
CC[C@H](C)[C@H](NC(=O)[C@H](CO)NC(=O)[C@H](CCCCN)NC(=O)[C@@H](NC(=O)[C@H](CCCNC(=N)N)NC(=O)[C@H](CCC(=O)O)NC(=O)[C@H](Cc1c[nH]c2ccccc12)NC(=O)[C@H](CCSC)NC(=O)[C@H](CO)NC(=O)[C@H](C)N)C(C)C)C(=O)N[C@H](C(=O)N[C@@H](CCCCN)C(=O)N[C@@H](CO)C(=O)N[C@@H](CO)C(=O)N[C@@H](CC(C)C)C(=O)N[C@@H](C)C(=O)N[C@@H](C)C(=O)N[C@@H](C)C(=O)N[C@@H](CO)C(=O)N[C@@H](CC(N)=O)C(=O)N[C@H](C=O)[C@@H](C)CC)[C@@H](C)CC,1,-0.12729254,0
C[C@H](NC(=O)[C@H](CCC(N)=O)NC(=O)[C@H](CCCC[NH3+])NC(=O)[C@H](CCC(=O)O)NC(=O)[C@H](C)NC(=O)[C@H](CCCNC(N)=[NH2+])NC(=O)[C@H](CCCNC(N)=[NH2+])NC(=O)[C@H](CCC(=O)O)NC(=O)[C@H](CCCNC(N)=[NH2+])NC(=O)[C@H](CCCNC(N)=[NH2+])NC(=O)[C@H](CCCNC(N)=[NH2+])NC(=O)[C@@H](NC(=O)[C@@H](N)CCC(N)=O)[C@@H](C)O)C(=O)N[C@@H](CCC(N)=O)C(=O)N[C@H](C=O)Cc1c[nH]c2ccccc12,1,8.797751,0
CC[C@H](C)[C@H](NC(=O)[C@H](C)NC(=O)[C@H](CC(C)C)NC(=O)[C@H](CCCC[NH3+])NC(=O)[C@H](CC(C)C)NC(=O)[C@@H](NC(=O)[C@@H](NC(=O)[C@@H](N)CCCC[NH3+])[C@@H](C)CC)[C@@H](C)O)C(=O)N[C@@H](CCCC[NH3+])C(=O)N[C@@H](C)C(=O)N[C@@H](Cc1c[nH]c2ccccc12)C(=O)N[C@@H](CCCC[NH3+])C(=O)N[C@@H](CC(C)C)C(=O)N[C@@H](C)C(=O)N[C@@H](CC(C)C)C(=O)N[C@@H](CCCC[NH3+])C(=O)N[C@@H](C)C(=O)N[C@@H](C)C(N)=O,1,0.7503562,0
NCC(=O)N[C@@H](CCCNC(N)=[NH2+])C(=O)NCC(=O)N[C@@H](CC(=O)O)C(=O)N[C@@H](CO)C(=O)N1CCC[C@H]1C(=O)N[C@@H](CCCNC(N)=[NH2+])C(=O)N[C@@H](CCCNC(N)=[NH2+])C(=O)N[C@@H](CO)C(=O)N1CCC[C@H]1C(=O)N[C@@H](CCCNC(N)=[NH2+])C(=O)N[C@H](C=O)CCCNC(N)=[NH2+],1,7.727361,0
CC[C@H](C)[C@H](NC(=O)[C@H](CC(C)C)NC(=O)[C@@H](N)CCCC[NH3+])C(=O)N[C@@H](CCCC[NH3+])C(=O)NCC(=O)N[C@@H](CCCNC(N)=[NH2+])C(=O)N[C@H](C(=O)N1CCC[C@H]1C(=O)N[C@H](C(=O)N[C@@H](CCCC[NH3+])C(=O)N[C@@H](Cc1ccccc1)C(=O)NCC(=O)N[C@@H](CCCC[NH3+])C(=O)N[C@@H](C)C(=O)N[C@@H](CCCNC(N)=[NH2+])C(=O)N[C@@H](CS)C(=O)N[C@@H](CCCNC(N)=[NH2+])C(=O)N[C@@H](CCCNC(N)=[NH2+])C(=O)N1CCC[C@H]1C(=O)N1CCC[C@H]1C(=O)N[C@@H](CCCC[NH3+])C(=O)NC(CC1CNCN1)C(O)N[C@@H](CO)C(=O)NCC(=O)N[C@H](C=O)CCCC[NH3+])[C@@H](C)CC)[C@@H](C)O,1,5.2315426,0
CC[C@H](C)[C@H](NC(=O)[C@H](CCCNC(N)=[NH2+])NC(=O)[C@H](CC(C)C)NC(=O)[C@H](CCC(N)=O)NC(=O)[C@@H](N)CCCNC(N)=[NH2+])C(=O)N[C@@H](C)C(=O)NCC(=O)N[C@@H](CCCNC(N)=[NH2+])C(=O)N[C@@H](CCCNC(N)=[NH2+])C(=O)N[C@@H](CC(C)C)C(=O)N[C@@H](CCCNC(N)=[NH2+])C(=O)NCC(=O)N[C@@H](CCCNC(N)=[NH2+])C(=O)N[C@@H](CO)C(=O)N[C@H](C=O)CCCNC(N)=[NH2+],1,8.892479,0
NC(=[NH2+])NCCC[C@H](NC(=O)[C@H](CCCNC(N)=[NH2+])NC(=O)[C@H](CCCNC(N)=[NH2+])NC(=O)[C@H](CCCNC(N)=[NH2+])NC(=O)[C@H](CCCNC(N)=[NH2+])NC(=O)[C@H](CCCNC(N)=[NH2+])NC(=O)[C@H](CCCNC(N)=[NH2+])NC(=O)[C@H](CCCNC(N)=[NH2+])NC(=O)[C@@H](N)CCCNC(N)=[NH2+])C(N)=O,1,2.888429,0
CC(C)C[C@H](NC(=O)CN)C(=O)N[C@@H](Cc1c[nH]c2ccccc12)C(=O)N[C@@H](CCCNC(N)=[NH2+])C(=O)N[C@@H](C)C(=O)N[C@@H](CC(C)C)C(=O)N[C@@H](Cc1c[nH]c2ccccc12)C(=O)N[C@@H](CCCNC(N)=[NH2+])C(=O)N[C@@H](CC(C)C)C(=O)N[C@@H](CC(C)C)C(=O)N[C@@H](CCCNC(N)=[NH2+])C(=O)N[C@@H](CO)C(=O)N[C@@H](CC(C)C)C(=O)N[C@@H](Cc1c[nH]c2ccccc12)C(=O)N[C@@H](CCCNC(N)=[NH2+])C(=O)N[C@@H](CC(C)C)C(=O)N[C@@H](CC(C)C)C(=O)N[C@@H](Cc1c[nH]c2ccccc12)C(=O)N[C@@H](CCCNC(N)=[NH2+])C(=O)N[C@@H](C)C=O,1,3.28326,0
CC(C)C[C@H](NC(=O)CN)C(=O)N[C@@H](CCCC[NH3+])C(=O)N[C@@H](CCCC[NH3+])C(=O)N[C@@H](CC(C)C)C(=O)N[C@@H](C)C(=O)N[C@@H](CCC(=O)O)C(=O)N[C@@H](CC(C)C)C(=O)N[C@@H](Cc1ccccc1)C(=O)NC(CC1CNCN1)C(O)N[C@@H](CCCC[NH3+])C(=O)N[C@@H](CC(C)C)C(=O)N[C@@H](CC(C)C)C(=O)N[C@@H](CCCC[NH3+])C(=O)N[C@@H](CC(C)C)C(=O)NCC(=O)N[C@@H](CS)C(N)=O,1,-2.9165242,0
CSCC[C@H](NC(=O)[C@@H](NC(=O)[C@H](CO)NC(=O)CNC(=O)[C@H](C)NC(=O)[C@H](C)NC(=O)CNC(=O)[C@H](CC(C)C)NC(=O)[C@H](Cc1ccccc1)NC(=O)CNC(=O)[C@H](CC(C)C)NC(=O)[C@H](Cc1ccccc1)NC(=O)[C@H](CC(C)C)NC(=O)[C@H](C)NC(=O)CN)[C@@H](C)O)C(=O)NCC(=O)N[C@@H](C)C(=O)N[C@@H](Cc1c[nH]c2ccccc12)C(=O)N[C@@H](CO)C(=O)N[C@@H](CCC(N)=O)C(=O)N1CCC[C@H]1C(=O)N[C@@H](CCCC[NH3+])C(=O)N[C@@H](CO)C(=O)N[C@@H](CCCC[NH3+])C(=O)N[C@@H](CCCNC(N)=[NH2+])C(=O)N[C@@H](CCCC[NH3+])C(=O)N[C@H](C=O)C(C)C,1,2.405858,0
CC[C@H](C)[C@H](NC(=O)[C@H](C)NC(=O)[C@H](C)NC(=O)[C@@H]1CCCN1C(=O)[C@H](CCCNC(N)=[NH2+])NC(=O)[C@@H](N)CCCC[NH3+])C(=O)N[C@@H](CCCC[NH3+])C(=O)N[C@@H](CCCC[NH3+])C(=O)N[C@@H](C)C(=O)NCC(=O)N[C@@H](CCC(N)=O)C(=O)N[C@@H](C)C(=O)N[C@@H](CCCC[NH3+])C(=O)N[C@@H](CCCC[NH3+])C(=O)N[C@@H](CCCC[NH3+])C(=O)N[C@H](C=O)CCCC[NH3+],1,9.652018,0
C[C@H](NC(=O)[C@H](CCCC[NH3+])NC(=O)[C@H](CO)NC(=O)[C@H](CCCNC(N)=[NH2+])NC(=O)[C@H](CS)NC(O)C(CC1CNCN1)NC(O)C(CC1CNCN1)NC(=O)[C@H](CCCNC(N)=[NH2+])NC(=O)[C@H](CCCNC(N)=[NH2+])NC(=O)CN)C(=O)N[C@@H](CCCC[NH3+])C(=O)N[C@@H](CCCNC(N)=[NH2+])C(=O)N[C@@H](CO)C(=O)N[C@@H](CCCNC(N)=[NH2+])C(=O)NC(CC1CNCN1)C(O)NC(CO)CC1CNCN1,1,2.6861548,0
C[C@H](N)C(=O)N[C@@H](CS)C(=O)N[C@@H](CO)C(=O)NCC(=O)N[C@@H](CO)C(=O)NCC(=O)N[C@@H](CO)C(=O)NCC(=O)N[C@@H](CS)C(=O)NCC(=O)N[C@@H](CO)C(=O)NCC(=O)N[C@@H](CO)C(=O)NCC(=O)N[C@@H](CO)C(=O)N[C@@H](CS)C(=O)NCC=O,1,-5.6517305,0
NC(=[NH2+])NCCC[C@@H](C=O)NC(=O)[C@H](CCCNC(N)=[NH2+])NC(=O)[C@H](CCCNC(N)=[NH2+])NC(=O)[C@H](CCCNC(N)=[NH2+])NC(=O)[C@H](CCCNC(N)=[NH2+])NC(=O)[C@H](CCCNC(N)=[NH2+])NC(=O)[C@H](CCCNC(N)=[NH2+])NC(=O)[C@@H](N)CCCNC(N)=[NH2+],1,7.170244,0
NCC(=O)N[C@@H](CCCC[NH3+])C(=O)NC(CC1CNCN1)C(O)N[C@@H](CCCNC(N)=[NH2+])C(=O)NC(CC1CNCN1)C(O)N[C@@H](CCC(=O)O)C(=O)N[C@@H](CCCNC(N)=[NH2+])C(=O)NCC(=O)NC(CC1CNCN1)C(O)NC(CC1CNCN1)C(O)N[C@@H](CCCNC(N)=[NH2+])C(=O)N[C@@H](CC(=O)O)C(=O)N[C@@H](CCCNC(N)=[NH2+])C(=O)N[C@@H](CCCNC(N)=[NH2+])C(=O)N[C@@H](CCC(=O)O)C(=O)N[C@H](C=O)CCCNC(N)=[NH2+],1,5.4797964,0
NC(=[NH2+])NCCC[C@@H](C=O)NC(=O)[C@H](CCCNC(N)=[NH2+])NC(=O)[C@H](CCCNC(N)=[NH2+])NC(=O)[C@H](CCCNC(N)=[NH2+])NC(=O)[C@H](CCCNC(N)=[NH2+])NC(=O)[C@H](CCCNC(N)=[NH2+])NC(=O)[C@H](CCCNC(N)=[NH2+])NC(=O)[C@H](CCCNC(N)=[NH2+])NC(=O)[C@@H](N)Cc1c[nH]c2ccccc12,1,5.5393147,0
CC[C@H](C)[C@H](NC(=O)[C@H](CCCC[NH3+])NC(=O)[C@H](CC(C)C)NC(=O)[C@@H](NC(=O)[C@H](CO)NC(=O)[C@H](CCCC[NH3+])NC(=O)[C@H](Cc1c[nH]c2ccccc12)NC(=O)[C@@H](NC(=O)[C@H](CCCC[NH3+])NC(=O)[C@H](C)NC(=O)[C@@H](NC(=O)[C@H](CO)NC(=O)[C@H](CCCC[NH3+])NC(=O)[C@H](C)NC(=O)[C@H](C)NC(=O)[C@@H](NC(=O)[C@@H](N)CCCC[NH3+])[C@@H](C)CC)[C@@H](C)CC)[C@@H](C)CC)[C@@H](C)CC)C(=O)N[C@@H](C)C(N)=O,1,-3.1863906,0
CC[C@H](C)[C@H](NC(=O)[C@H](CCCC[NH3+])NC(=O)[C@@H](NC(=O)[C@H](CCC(N)=O)NC(=O)[C@@H]([NH3+])CCCNC(N)=[NH2+])[C@@H](C)CC)C(=O)N[C@@H](Cc1c[nH]c2ccccc12)C(=O)N[C@@H](Cc1ccccc1)C(=O)N[C@@H](CCC(N)=O)C(=O)N[C@@H](CC(N)=O)C(=O)N[C@@H](CCCNC(N)=[NH2+])C(=O)N[C@@H](CCCNC(N)=[NH2+])C(=O)N[C@@H](CCSC)C(=O)N[C@@H](CCCC[NH3+])C(=O)N[C@@H](Cc1c[nH]c2ccccc12)C(=O)N[C@@H](CCCC[NH3+])C(=O)N[C@@H](CCCC[NH3+])C(=O)O,1,2.9389813,0
CC(C)[C@@H](N)C(=O)N[C@H](CS)C(=O)N[C@@H](C(=O)N[C@@H](C=O)CCCNC(N)=[NH2+])C(C)C,1,4.559005,0
CC(C)C[C@@H](C=O)NC(=O)[C@H](CCC(=O)O)NC(=O)[C@@H](NC(=O)[C@H](CC(C)C)NC(=O)[C@@H](NC(=O)[C@H](CCCC[NH3+])NC(=O)[C@@H](NC(=O)[C@H](CC(C)C)NC(=O)[C@H](CCC(=O)O)NC(=O)[C@H](CCCC[NH3+])NC(=O)[C@H](CC(C)C)NC(=O)[C@@H](NC(=O)[C@H](CCC(=O)O)NC(=O)[C@@H](NC(=O)[C@H](CC(C)C)NC(=O)[C@@H](NC(=O)[C@H](CCCC[NH3+])NC(=O)[C@@H](N)CC(C)C)[C@@H](C)O)[C@@H](C)O)[C@@H](C)O)[C@@H](C)O)[C@@H](C)O)[C@@H](C)O,1,1.3609539,0
CC(C)C[C@H](NC(=O)CNC(=O)[C@H](C)NC(=O)[C@H](CCCNC(=N)N)NC(=O)[C@H](CO)NC(=O)[C@H](CO)NC(=O)[C@H](CCCNC(=N)N)NC(=O)[C@@H](NC(=O)[C@H](CCCCN)NC(=O)[C@H](C)NC(=O)[C@H](CCCCN)NC(=O)[C@H](C)NC(=O)[C@H](CCCNC(=N)N)NC(=O)[C@H](C)NC(=O)[C@H](CCCCN)NC(=O)CNC(=O)CNC(=O)[C@H](CCC(N)=O)NC(=O)[C@H](CCCCN)NC(=O)CNC(=O)[C@H](CCCNC(=N)N)NC(=O)CNC(=O)[C@@H](N)CO)[C@@H](C)O)C(=O)N[C@@H](CCC(N)=O)C(=O)N[C@@H](Cc1ccccc1)C(=O)N1CCC[C@H]1C(=O)N[C@H](C(=O)NCC(=O)N[C@@H](CCCNC(=N)N)C(=O)N[C@H](C(=O)N[C@@H](Cc1c[nH]cn1)C(=O)N[C@@H](CCCNC(=N)N)C(=O)N[C@@H](CC(C)C)C(=O)N[C@@H](CC(C)C)C(=O)N[C@@H](CCCNC(=N)N)C(=O)N[C@@H](CCCCN)C(=O)NCC=O)C(C)C)C(C)C,1,4.1362214,0
CC[C@H](C)[C@H](NC(=O)[C@H](CCCC[NH3+])NC(=O)[C@@H](NC(=O)[C@H](CCC(N)=O)NC(=O)[C@@H]([NH3+])CCCNC(N)=[NH2+])[C@@H](C)CC)C(=O)N[C@@H](Cc1c[nH]c2ccccc12)C(=O)N[C@@H](Cc1ccccc1)C(=O)N[C@@H](CCC(N)=O)C(=O)N[C@@H](CC(N)=O)C(=O)N[C@@H](CCCNC(N)=[NH2+])C(=O)N[C@@H](CCCNC(N)=[NH2+])C(=O)N[C@@H](CCSC)C(=O)N[C@@H](CCCC[NH3+])C(=O)N[C@@H](Cc1c[nH]c2ccccc12)C(=O)N[C@@H](CCCC[NH3+])C(=O)N[C@@H](CCCC[NH3+])C(=O)O,1,2.9389813,0
NC(=[NH2+])NCCC[C@@H](N)C(=O)N[C@@H](CCCNC(N)=[NH2+])C(=O)N[C@H](CCCNC(N)=[NH2+])C(=O)NCC(=O)N[C@H](CCCNC(N)=[NH2+])C(=O)N[C@@H](CCCC[NH3+])C(=O)N[C@H](CCCC[NH3+])C(=O)N[C@@H](CCCNC(N)=[NH2+])C(=O)N[C@@H](C=O)CCCNC(N)=[NH2+],1,8.157101,0
CC[C@H](C)[C@H](NC(=O)[C@H](CCCC[NH3+])NC(=O)[C@@H](NC(=O)[C@H](CCC(N)=O)NC(=O)[C@@H](N)CCCNC(N)=[NH2+])[C@@H](C)CC)C(=O)N[C@@H](Cc1c[nH]c2ccccc12)C(=O)N[C@@H](Cc1ccccc1)C(=O)N[C@@H](CCC(N)=O)C(=O)N[C@H](C=O)CC(N)=O,1,5.4551105,0
C[C@H](NC(=O)[C@H](C)NC(=O)[C@H](CO)NC(=O)[C@H](CCCNC(N)=[NH2+])NC(=O)[C@H](CS)NC(O)C(CC1CNCN1)NC(O)C(CC1CNCN1)NC(=O)[C@H](CCCNC(N)=[NH2+])NC(=O)[C@H](CCCNC(N)=[NH2+])NC(=O)[C@@H](N)CO)C(=O)N[C@@H](CCCC[NH3+])C(=O)N[C@@H](CCCNC(N)=[NH2+])C(=O)N[C@@H](CO)C(=O)N[C@@H](CCCNC(N)=[NH2+])C(=O)NC(CC1CNCN1)C(O)NC(CO)CC1CNCN1,1,4.5486627,0
NC(=[NH2+])NCCC[C@H](NC(=O)[C@H](Cc1ccccc1)NC(=O)[C@H](CCCC[NH3+])NC(=O)[C@H](CCCC[NH3+])NC(=O)[C@@H](N)Cc1ccccc1)C(=O)N[C@@H](CCCC[NH3+])C(=O)N[C@H](C=O)Cc1ccccc1,1,5.0429096,0
CCC[C@@H]1NC(=O)[C@@H]2CS34SC[C@H](NC(=O)[C@H]([C@@H](C)CC)NC(=O)[C@H](CS)NC(=O)[C@H](C)NC(=O)CNC1=O)C(=O)N[C@@H](CCCNC(=N)N)C(=O)NCC(=O)N[C@@H](CC(N)=O)C(=O)NCC(=O)N[C@@H](Cc1ccc(O)cc1)C(=O)N[C@H](C(=O)NCC(=O)N[C@@H](CO)C(=O)NCC(=O)N[C@@H](CO)C(=O)N[C@H](C=O)CC(=O)O)C[SH]3[SH]4C[C@H](NC(=O)[C@H](CCCCN)NC(=O)[C@H](CCCCN)NC(=O)[C@H](CC(C)C)NC(=O)[C@@H](NC(=O)[C@H](C)NC(=O)[C@H](CCC)NC(=O)[C@H](CS)NC(=O)[C@@H](NC(=O)CNC(=O)CN)C(C)C)[C@@H](C)CC)C(=O)N[C@@H](CCCNC(=N)N)C(=O)N[C@@H](CCCNC(=N)N)C(=O)N[C@@H](CC(=O)O)C(=O)N[C@@H](CO)C(=O)N[C@@H](CC(=O)O)C(=O)N2,1,1.0519248,0
C[C@H](N)C(=O)N[C@@H](CS)C(=O)N[C@@H](CO)C(=O)NCC(=O)N[C@@H](CCCNC(N)=[NH2+])C(=O)NCC(=O)N[C@@H](CCCNC(N)=[NH2+])C(=O)NCC(=O)N[C@@H](CS)C(=O)NCC(=O)N[C@@H](CO)C(=O)NCC(=O)N[C@@H](CO)C(=O)NCC(=O)N[C@@H](CO)C(=O)N[C@@H](CS)C(=O)NCC=O,1,-1.3068818,0
CC[C@H](C)[C@H](NC(=O)[C@H](CC(C)C)NC(=O)[C@H](C)NC(=O)[C@H](CCCNC(N)=[NH2+])NC(=O)[C@H](Cc1ccccc1)NC(=O)[C@@H](NC(=O)[C@@H](NC(=O)[C@@H](N)CCSC)[C@@H](C)CC)[C@@H](C)CC)C(=O)N[C@@H](CO)C(=O)NC(CC1CNCN1)C(O)N[C@@H](CCCC[NH3+])C(=O)N[C@H](C=O)CCCC[NH3+],1,8.723753,0
CC(C)C[C@H](NC(=O)[C@H](CCCNC(N)=[NH2+])NC(=O)[C@H](CCCNC(N)=[NH2+])NC(=O)[C@H](CC(C)C)NC(=O)[C@H](CC(C)C)NC(=O)[C@H](CCCNC(N)=[NH2+])NC(=O)[C@@H](N)CCCNC(N)=[NH2+])C(=O)N[C@@H](CCCNC(N)=[NH2+])C(=O)N[C@H](C=O)CCCNC(N)=[NH2+],1,7.5741115,0
CC[C@H](C)[C@H](NC(=O)[C@H](CCCNC(N)=[NH2+])NC(=O)[C@@H](N)CCCC[NH3+])C(=O)N1CCC[C@H]1C(=O)N[C@@H](CC(N)=O)C(=O)N[C@@H](CCCC[NH3+])C(=O)N[C@@H](CCCC[NH3+])C(=O)N1CCC[C@H]1C(=O)NCC(=O)N[C@@H](CCCC[NH3+])C(=O)N[C@H](C=O)CCCC[NH3+],1,8.263023,0
CC[C@H](C)[C@H](NC(=O)[C@H](CCCC[NH3+])NC(=O)[C@@H](NC(=O)[C@H](CCC(N)=O)NC(=O)[C@@H](N)CCCNC(N)=[NH2+])[C@@H](C)CC)C(=O)N[C@@H](Cc1c[nH]c2ccccc12)C(=O)N[C@@H](Cc1ccccc1)C(=O)N1CCC[C@H]1C(=O)N[C@@H](CC(N)=O)C(=O)N[C@@H](CCCNC(N)=[NH2+])C(=O)N[C@@H](CCCNC(N)=[NH2+])C(=O)N[C@@H](CCSC)C(=O)N[C@@H](CCCC[NH3+])C(=O)N[C@@H](Cc1c[nH]c2ccccc12)C(=O)N[C@@H](CCCC[NH3+])C(=O)N[C@H](C=O)CCCC[NH3+],1,7.7471924,0
CC[C@H](C)[C@H](NC(=O)[C@H](CCCNC(N)=[NH2+])NC(=O)[C@@H](NC(=O)[C@@H](N)CCCNC(N)=[NH2+])C(C)C)C(=O)N[C@@H](CC(C)C)C(=O)N[C@@H](C)C(=O)N[C@@H](CCCNC(N)=[NH2+])C(=O)N[C@@H](Cc1ccccc1)C(=O)N[C@@H](CC(C)C)C(=O)N[C@@H](CCCNC(N)=[NH2+])C(=O)N[C@H](C(=O)N[C@@H](CCCNC(N)=[NH2+])C(=O)N[C@H](C=O)C(C)C)[C@@H](C)O,1,6.564699,0
CC[C@H](C)[C@H](NC(=O)[C@H](CCCCN)NC(=O)[C@H](CCCCN)NC(=O)[C@H](C)NC(=O)[C@H](CC(C)C)NC(=O)[C@H](C)NC(=O)[C@H](C)NC(=O)[C@H](CC(C)C)NC(=O)[C@H](C)NC(=O)[C@H](CCCCN)NC(=O)[C@H](CC(C)C)NC(=O)[C@H](CC(N)=O)NC(=O)[C@@H](NC(=O)[C@H](CCCCN)NC(=O)CNC(=O)[C@H](CC(C)C)NC(=O)[C@H](CC(C)C)NC(=O)[C@H](Cc1ccc(O)cc1)NC(=O)CNC(=O)[C@H](C)N)[C@@H](C)O)C(=O)N[C@H](C=O)CC(C)C,1,7.9860277,0
NC(=[NH2+])NCCC[C@H](NC(=O)CNC(=O)[C@H](CCCNC(N)=[NH2+])NC(=O)[C@@H](N)CCCNC(N)=[NH2+])C(=O)N[C@@H](CCCNC(N)=[NH2+])C(=O)NCC=O,1,2.7542326,0
CC[C@H](C)[C@H](NC(=O)[C@H](CCCNC(N)=[NH2+])NC(=O)[C@H](CC(C)C)NC(=O)[C@@H](NC(=O)[C@@H](NC(=O)[C@H](CC(C)C)NC(=O)[C@H](Cc1ccccc1)NC(=O)[C@H](CCCNC(N)=[NH2+])NC(=O)[C@H](CCCNC(N)=[NH2+])NC(=O)[C@@H](N)C(C)C)C(C)C)[C@@H](C)O)C(=O)N[C@@H](CCCNC(N)=[NH2+])C(=O)N[C@@H](CCCNC(N)=[NH2+])C(=O)N[C@@H](C)C=O,1,2.5867124,0
CCC[C@H](NC(=O)[C@@H](NC(=O)[C@H](CC(C)C)NC(=O)[C@H](CC(N)=O)NC(=O)[C@H](CCCNC(=N)N)NC(=O)[C@H](CC(C)C)NC(=O)[C@H](Cc1ccccc1)NC(=O)[C@H](CC(=O)O)NC(=O)[C@H](CCCCN)NC(=O)[C@@H](NC(=O)[C@H](CCCNC(=N)N)NC(=O)[C@H](CCC(N)=O)NC(=O)[C@@H](NC(=O)[C@@H](NC(=O)[C@H](CCCNC(=N)N)NC(=O)[C@H](CCCCN)NC(=O)[C@H](Cc1ccccc1)NC(=O)[C@H](CCC(=O)O)NC(=O)[C@H](CCCCN)NC(=O)CNC(=O)[C@@H](NC(=O)[C@H](CCCCN)NC(=O)[C@H](CCC(=O)O)NC(=O)[C@H](CCCCN)NC(=O)[C@H](CO)NC(=O)[C@H](CCCCN)NC(=O)[C@H](CCCNC(=N)N)NC(=O)[C@H](Cc1ccccc1)NC(=O)[C@H](Cc1ccccc1)NC(=O)[C@H](CC(=O)O)NC(=O)CNC(=O)[C@H](CC(C)C)NC(=O)[C@@H](N)CC(C)C)[C@@H](C)CC)[C@@H](C)CC)C(C)C)[C@@H](C)CC)C(C)C)C(=O)N[C@@H](CCCNC(=N)N)C(=O)N[C@H](C(=O)N[C@@H](CCC(=O)O)C(=O)N[C@@H](CO)C(=O)N[C@H](C=O)CS)[C@@H](C)O,1,-1.5879405,0
CC[C@H](C)[C@H](NC(=O)[C@H](C)NC(=O)[C@@H](NC(=O)[C@H](CCC(N)=O)NC(=O)[C@@H]1CCCN1C(=O)[C@H](Cc1ccccc1)NC(=O)[C@@H](NC(O)C(CC1CNCN1)NC(=O)[C@H](Cc1ccccc1)NC(=O)[C@H](CCCC[NH3+])NC(=O)[C@H](CC(N)=O)NC(=O)[C@H](Cc1ccccc1)NC(=O)[C@H](CC(=O)O)NC(=O)[C@H](CCC(N)=O)NC(=O)[C@@H](NC(=O)[C@H](Cc1ccc(O)cc1)NC(=O)[C@@H](NC(=O)CNC(=O)[C@@H](N)CC(C)C)[C@@H](C)O)[C@@H](C)O)[C@@H](C)O)[C@@H](C)O)C(=O)NCC(=O)N[C@H](C(=O)NCC(=O)N[C@@H](C)C(=O)N1CCC[C@H]1C=O)C(C)C,1,-0.65974677,0
CSCC[C@H](NC(=O)[C@H](CC(N)=O)NC(=O)[C@H](CCCNC(N)=[NH2+])NC(=O)[C@H](CCC(N)=O)NC(=O)[C@H](Cc1c[nH]c2ccccc12)NC(=O)[C@H](CCC(N)=O)NC(=O)[C@@H](N)Cc1ccccc1)C(=O)N[C@@H](CCCNC(N)=[NH2+])C(=O)N[C@@H](CCCC[NH3+])C(=O)N[C@H](C(=O)N[C@@H](CCCNC(N)=[NH2+])C(=O)NCC(=O)N1CCC[C@H]1C(=O)N1CCC[C@H]1C(=O)N[C@H](C(=O)N[C@H](C=O)CO)C(C)C)C(C)C,1,5.0322495,0
C[C@H](N)C(=O)N[C@@H](CS)C(=O)N[C@@H](CCCNC(N)=[NH2+])C(=O)NCC(=O)N[C@@H](CO)C(=O)NCC(=O)N[C@@H](CCCNC(N)=[NH2+])C(=O)NCC(=O)N[C@@H](CS)C(=O)NCC(=O)N[C@@H](CCCNC(N)=[NH2+])C(=O)NCC(=O)N[C@@H](CO)C(=O)NCC(=O)N[C@@H](CCCNC(N)=[NH2+])C(=O)N[C@@H](CS)C(=O)NCC=O,1,1.7826198,0
CC[C@H](C)[C@H](NC(=O)[C@H](CCCCN)NC(=O)[C@H](CCCCN)NC(=O)[C@H](C)NC(=O)[C@H](CC(C)C)NC(=O)[C@H](CCCCN)NC(=O)[C@H](C)NC(=O)[C@H](CC(C)C)NC(=O)[C@H](CCCCN)NC(=O)[C@H](C)NC(=O)[C@H](CC(C)C)NC(=O)[C@H](CCCCN)NC(=O)[C@H](C)NC(=O)[C@H](CC(C)C)NC(=O)[C@H](CCCCN)NC(=O)[C@H](C)NC(=O)[C@H](CC(C)C)NC(=O)[C@H](CCCCN)NC(=O)[C@H](C)NC(=O)[C@H](CC(C)C)NC(=O)[C@H](C)NC(=O)[C@H](CC(C)C)NC(=O)[C@H](C)NC(=O)[C@H](CC(C)C)NC(=O)[C@H](C)NC(=O)[C@H](CC(C)C)NC(=O)[C@H](C)NC(=O)[C@H](CC(C)C)NC(=O)[C@H](C)NC(=O)[C@H](CC(C)C)NC(=O)[C@H](C)NC(=O)[C@H](CC(C)C)NC(=O)[C@H](C)NC(=O)[C@@H](N)CC(C)C)C(=O)N[C@H](C=O)CCCCN,1,8.444796,0
CC(C)C[C@H](NC(=O)[C@H](C)NC(=O)[C@H](CC(C)C)NC(=O)[C@H](CC(C)C)NC(=O)[C@@H](NC(=O)[C@H](C)NC(=O)[C@@H]1CCCN1C(=O)[C@H](CC(C)C)NC(=O)[C@H](CC(C)C)NC(=O)[C@H](C)NC(=O)[C@@H](NC(=O)[C@H](C)NC(=O)[C@H](C)NC(=O)[C@H](CCCC[NH3+])NC(=O)[C@H](Cc1ccccc1)NC(=O)[C@H](CCCNC(N)=[NH2+])NC(=O)[C@@H](N)Cc1c[nH]c2ccccc12)C(C)C)C(C)C)C(=O)N[C@@H](CC(C)C)C(=O)N[C@@H](C)C(=O)N1CCC[C@H]1C=O,1,-0.27949938,0
CC(C)C[C@H](NC(=O)[C@H](C)NC(=O)[C@H](CC(C)C)NC(=O)[C@H](CCCC[NH3+])NC(=O)[C@H](CC(C)C)NC(=O)[C@H](CCCC[NH3+])NC(=O)[C@H](CC(C)C)NC(=O)[C@H](C)NC(=O)[C@@H](N)CCCC[NH3+])C(=O)N[C@@H](C)C(=O)N[C@@H](CC(C)C)C(=O)N[C@@H](CC(C)C)C(=O)N[C@@H](C)C(=O)N[C@@H](CCCC[NH3+])C(=O)N[C@@H](CC(C)C)C(=O)N[C@@H](CCCC[NH3+])C(=O)N[C@@H](CC(C)C)C(=O)N[C@@H](C)C=O,1,4.623159,0
CC[C@H](C)[C@H](NC(=O)[C@H](CC(C)C)NC(=O)[C@H](CC(=O)O)NC(=O)[C@H](CCCNC(N)=[NH2+])NC(=O)[C@H](Cc1ccc(O)cc1)NC(=O)[C@H](C)NC(=O)[C@@H](NC(=O)[C@@H](N)CCSC)[C@@H](C)CC)C(=O)N[C@H](C=O)CO,1,7.470233,0
CC(C)C[C@@H](NC(=O)[C@H](NC(=O)[C@H]1CCCN1C(=O)[C@H](N)C(C)C)[C@@H](C)O)C(=O)N[C@@H](C=O)CCCC[NH3+],1,7.2264023,0
CC(C)C[C@H](NC(=O)[C@H](C)NC(=O)[C@H](CCCC[NH3+])NC(=O)[C@H](CC(C)C)NC(=O)[C@H](C)NC(=O)[C@H](CC(C)C)NC(=O)[C@H](CCCC[NH3+])NC(=O)[C@H](CC(C)C)NC(=O)[C@H](C)NC(=O)[C@H](CC(C)C)NC(=O)[C@@H](N)CCCC[NH3+])C(=O)N[C@@H](CCC(N)=O)C(=O)N[C@@H](C)C(=O)N[C@@H](C)C(=O)N[C@@H](CC(C)C)C(=O)N[C@@H](CCC(N)=O)C(=O)N[C@@H](CC(C)C)C(=O)N[C@@H](C)C=O,1,4.280542,0
CC[C@H](C)[C@H](NC(=O)[C@H](CCCC[NH3+])NC(=O)[C@@H](NC(=O)[C@H](CCC(N)=O)NC(=O)[C@@H](N)CCCNC(N)=[NH2+])[C@@H](C)CC)C(=O)N[C@@H](Cc1c[nH]c2ccccc12)C(=O)N[C@@H](Cc1ccccc1)C(=O)N[C@@H](CCC(N)=O)C(=O)N[C@@H](CC(N)=O)C(=O)N[C@@H](CCCNC(N)=[NH2+])C(=O)N[C@@H](CCCNC(N)=[NH2+])C(=O)N[C@@H](C)C(=O)N[C@@H](CCCC[NH3+])C(=O)N[C@@H](Cc1c[nH]c2ccccc12)C(=O)N[C@@H](CCCC[NH3+])C(=O)N[C@H](C=O)CCCC[NH3+],1,8.152582,0
NC(=[NH2+])NCCC[C@@H](C=O)NC(=O)[C@H](CCCNC(N)=[NH2+])NC(=O)[C@H](CCCNC(N)=[NH2+])NC(=O)[C@H](CCC(N)=O)NC(=O)[C@H](CCCNC(N)=[NH2+])NC(=O)[C@H](CCCNC(N)=[NH2+])NC(=O)[C@H](CCCC[NH3+])NC(=O)[C@H](CCCC[NH3+])NC(=O)[C@H](CCCNC(N)=[NH2+])NC(=O)CNC(=O)[C@H](Cc1ccc(O)cc1)NC(=O)[C@H](CCCC[NH3+])NC(=O)[C@@H](N)CS,1,6.045749,0
CC(C)C[C@H](NC(=O)CNC(=O)[C@H](CO)NC(=O)[C@H](C)NC(=O)CNC(=O)[C@H](CO)NC(=O)[C@@H]1CCCN1C(=O)[C@H](C)NC(=O)[C@H](CC(C)C)NC(=O)[C@H](CC(C)C)NC(=O)[C@H](C)NC(=O)[C@H](CC(C)C)NC(=O)[C@H](CC(C)C)NC(=O)[C@@H](NC(=O)[C@H](C)NC(=O)[C@@H]1CCCN1C(=O)[C@H](CC(C)C)NC(=O)[C@H](CC(C)C)NC(=O)[C@H](C)NC(=O)[C@@H](NC(=O)[C@H](C)NC(=O)[C@H](C)N)C(C)C)C(C)C)C(=O)N[C@@H](CC(=O)O)C(=O)N[C@@H](CCCC[NH3+])C(=O)N[C@@H](CCCNC(N)=[NH2+])C(=O)N[C@@H](CC(=O)O)C(=O)N[C@@H](Cc1ccc(O)cc1)C(=O)N[C@H](C(N)=O)C(C)C,1,-0.008279818,0
CC[C@H](C)[C@H](NC(=O)[C@H](CCCNC(N)=[NH2+])NC(=O)[C@H](Cc1ccccc1)NC(=O)[C@@H](NC(=O)[C@@H](NC(=O)[C@@H](N)CCSC)[C@@H](C)CC)[C@@H](C)CC)C(=O)N[C@@H](C)C(=O)N[C@@H](C)C(=O)N[C@@H](CO)C(=O)NC(CC1CNCN1)C(O)N[C@@H](CCCC[NH3+])C(=O)N[C@H](C=O)CCCC[NH3+],1,8.911547,0
CC(=O)NC(CC1CNCN1)C(O)NC(CC1CNCN1)C(O)NC(CC1CNCN1)C(O)NC(CC1CNCN1)C(O)NC(CC1CNCN1)C(O)NC(CC1CNCN1)C(O)NC(CC1CNCN1)C(O)NC(CC1CNCN1)C(O)N[C@@H](CCCNC(N)=[NH2+])C(=O)N[C@@H](CCCNC(N)=[NH2+])C(=O)N[C@@H](CCCNC(N)=[NH2+])C(=O)N[C@@H](CCCNC(N)=[NH2+])C(=O)N[C@@H](CCCNC(N)=[NH2+])C(=O)N[C@@H](CCCNC(N)=[NH2+])C(=O)N[C@@H](CCCNC(N)=[NH2+])C(=O)N[C@@H](CCCNC(N)=[NH2+])C(=O)N[C@@H](CCCNC(N)=[NH2+])C(=O)N[C@@H](CCCNC(N)=[NH2+])C(=O)N[C@@H](CCCNC(N)=[NH2+])C(=O)N[C@@H](CCCNC(N)=[NH2+])C(=O)N[C@@H](CCCNC(N)=[NH2+])C(=O)N[C@@H](CCCNC(N)=[NH2+])C(=O)N[C@@H](CCCNC(N)=[NH2+])C(N)=O,1,4.6792555,0
CC[C@H](C)[C@H](NC(=O)[C@H](CCCC[NH3+])NC(=O)[C@@H](NC(=O)[C@H](CCC(N)=O)NC(=O)[C@@H]([NH3+])CCCNC(N)=[NH2+])[C@@H](C)CC)C(=O)N[C@@H](Cc1c[nH]c2ccccc12)C(=O)N[C@@H](Cc1ccccc1)C(=O)N[C@@H](CCC(N)=O)C(=O)N[C@@H](CC(N)=O)C(=O)N[C@@H](CCCNC(N)=[NH2+])C(=O)N[C@@H](CCCNC(N)=[NH2+])C(=O)N[C@@H](CCSC)C(=O)N[C@@H](CCCC[NH3+])C(=O)N[C@@H](Cc1c[nH]c2ccccc12)C(=O)N[C@@H](CCCC[NH3+])C(=O)N[C@@H](CCCC[NH3+])C(=O)O,1,2.9389813,0
NC(=[NH2+])NCCC[C@H](NC(=O)[C@H](Cc1c[nH]c2ccccc12)NC(=O)[C@H](CCCNC(N)=[NH2+])NC(=O)[C@@H](N)CS)C(=O)N[C@H](Cc1c[nH]c2ccccc12)C(=O)N[C@@H](CCCC[NH3+])C(=O)N[C@@H](CS)C(=O)N[C@@H](CS)C(=O)N[C@@H](CCCC[NH3+])C(=O)N[C@H](C=O)CCCC[NH3+],1,4.8983293,0
CC[C@H](C)[C@H](NC(=O)[C@H](CCCC[NH3+])NC(=O)[C@@H](NC(=O)[C@H](CCC(N)=O)NC(=O)[C@@H](N)CCCNC(N)=[NH2+])[C@@H](C)CC)C(=O)N[C@@H](Cc1ccccc1)C(=O)N[C@@H](Cc1ccccc1)C(=O)N[C@@H](CCC(N)=O)C(=O)N[C@@H](CC(N)=O)C(=O)N[C@@H](CCCNC(N)=[NH2+])C(=O)N[C@@H](CCCNC(N)=[NH2+])C(=O)N[C@@H](CCSC)C(=O)N[C@@H](CCCC[NH3+])C(=O)N[C@@H](Cc1c[nH]c2ccccc12)C(=O)N[C@@H](CCCC[NH3+])C(=O)N[C@H](C=O)CCCC[NH3+],1,8.310941,0
CC[C@H](C)[C@H](NC(=O)[C@H](CCCC[NH3+])NC(=O)[C@@H](NC(=O)[C@H](CCC(N)=O)NC(=O)[C@@H](N)CCCNC(N)=[NH2+])[C@@H](C)CC)C(=O)N[C@H](C=O)Cc1c[nH]c2ccccc12,1,6.399746,0
NC(=[NH2+])NCCC[C@H](NC(=O)[C@@H](N)CS)C(=O)N[C@H](Cc1c[nH]c2ccccc12)C(=O)N[C@@H](CCCNC(N)=[NH2+])C(=O)N[C@@H](Cc1c[nH]c2ccccc12)C(=O)N[C@@H](CCCC[NH3+])C(=O)N[C@@H](CS)C(=O)N[C@@H](CS)C(=O)N[C@@H](CCCC[NH3+])C(=O)N[C@H](C=O)CCCC[NH3+],1,4.9400153,0
CC[C@H](C)[C@H](NC(=O)[C@H](CCCC[NH3+])NC(=O)[C@@H](NC(=O)[C@H](CCC(N)=O)NC(=O)[C@@H]([NH3+])CCCNC(N)=[NH2+])[C@@H](C)CC)C(=O)N[C@@H](Cc1c[nH]c2ccccc12)C(=O)N[C@@H](Cc1ccccc1)C(=O)N[C@@H](CCC(N)=O)C(=O)N[C@@H](CC(N)=O)C(=O)N[C@@H](CCCNC(N)=[NH2+])C(=O)N[C@@H](CCCNC(N)=[NH2+])C(=O)N[C@@H](CCSC)C(=O)N[C@@H](CCCC[NH3+])C(=O)N[C@@H](Cc1c[nH]c2ccccc12)C(=O)N[C@@H](CCCC[NH3+])C(=O)N[C@@H](CCCC[NH3+])C(=O)O,1,2.9389813,0
CC(C)C[C@@H](C=O)NC(=O)[C@@H](NC(=O)[C@@H](NC(=O)[C@H](CC(C)C)NC(=O)[C@@H](NC(=O)[C@H](CCCC[NH3+])NC(=O)[C@H](C)NC(=O)[C@H](CC(C)C)NC(=O)[C@H](CCCC[NH3+])NC(=O)[C@@H](NC(=O)[C@H](CC(C)C)NC(=O)[C@H](C)NC(=O)[C@@H](NC(=O)[C@H](C)NC(=O)[C@H](CC(C)C)NC(=O)[C@@H](NC(=O)[C@H](CCCC[NH3+])NC(=O)[C@@H](N)CC(C)C)[C@@H](C)O)[C@@H](C)O)[C@@H](C)O)[C@@H](C)O)[C@@H](C)O)[C@@H](C)O,1,2.9384687,0
CC(=O)NCC(=O)N[C@@H](CCCNC(N)=[NH2+])C(=O)NCC(=O)N[C@@H](CC(=O)O)C(=O)NCC(=O)N1CCC[C@H]1C(=O)N[C@@H](CCCNC(N)=[NH2+])C(=O)N[C@@H](CCCNC(N)=[NH2+])C(=O)N[C@@H](CCCC[NH3+])C(=O)N[C@@H](CCCC[NH3+])C(=O)N[C@@H](CCCC[NH3+])C(=O)N[C@@H](CCCC[NH3+])C(=O)NCC(=O)N1CCC[C@H]1C(=O)N[C@@H](CCCNC(N)=[NH2+])C(=O)N[C@@H](CCCNC(N)=[NH2+])C(=O)N[C@@H](CCCC[NH3+])C(=O)N[C@@H](CCCC[NH3+])C(=O)N[C@@H](CCCC[NH3+])C(=O)N[C@@H](CCCC[NH3+])C(=O)NCC(=O)N1CCC[C@H]1C(=O)N[C@@H](CCCNC(N)=[NH2+])C(=O)N[C@H](C=O)CCCNC(N)=[NH2+],1,8.643567,0
N=C(N)NCCC[C@@H](C=O)NC(=O)[C@H](CCCNC(=N)N)NC(=O)[C@H](CCCNC(=N)N)NC(=O)[C@H](CCCNC(=N)N)NC(=O)[C@H](CCCNC(=N)N)NC(=O)[C@H](CCCNC(=N)N)NC(=O)[C@H](CCCNC(=N)N)NC(=O)[C@H](CCCNC(=N)N)NC(=O)[C@H](CCCNC(=N)N)NC(=O)[C@H](CCCNC(=N)N)NC(=O)[C@H](CCCNC(=N)N)NC(=O)[C@H](CCCNC(=N)N)NC(=O)[C@H](CCCNC(=N)N)NC(=O)[C@H](CCCNC(=N)N)NC(=O)[C@H](CCCNC(=N)N)NC(=O)[C@H](Cc1c[nH]cn1)NC(=O)[C@H](Cc1c[nH]cn1)NC(=O)[C@H](Cc1c[nH]cn1)NC(=O)[C@H](Cc1c[nH]cn1)NC(=O)[C@H](Cc1c[nH]cn1)NC(=O)[C@H](Cc1c[nH]cn1)NC(=O)[C@H](Cc1c[nH]cn1)NC(=O)[C@H](Cc1c[nH]cn1)NC(=O)[C@H](Cc1c[nH]cn1)NC(=O)[C@H](Cc1c[nH]cn1)NC(=O)[C@H](Cc1c[nH]cn1)NC(=O)[C@H](Cc1c[nH]cn1)NC(=O)[C@H](Cc1c[nH]cn1)NC(=O)[C@H](Cc1c[nH]cn1)NC(=O)[C@H](Cc1c[nH]cn1)NC(=O)[C@H](Cc1c[nH]cn1)NC(=O)[C@H](Cc1c[nH]cn1)NC(=O)[C@H](Cc1c[nH]cn1)NC(=O)[C@H](Cc1c[nH]cn1)NC(=O)[C@@H](N)Cc1c[nH]cn1,1,6.49596,0
CC(C)C[C@H](NC(=O)[C@H](C)NC(=O)[C@@H](NC(=O)[C@@H](NC(=O)[C@H](CCCC[NH3+])NC(=O)[C@H](CC(C)C)NC(=O)[C@@H](N)CC(C)C)[C@@H](C)O)[C@@H](C)O)C(=O)N[C@@H](CC(C)C)C(=O)N[C@@H](CCCC[NH3+])C(=O)N[C@H](C(=O)N[C@H](C(=O)N[C@@H](C)C(=O)N[C@@H](CC(C)C)C(=O)N[C@@H](CC(C)C)C(=O)N[C@@H](CCCC[NH3+])C(=O)N[C@H](C(=O)N[C@H](C(=O)N[C@@H](C)C=O)[C@@H](C)O)[C@@H](C)O)[C@@H](C)O)[C@@H](C)O,1,3.008693,0
NC(=[NH2+])NCCC[C@H](NC(=O)CNC(=O)[C@@H](N)CCCC[NH3+])C(=O)N[C@@H](CCCC[NH3+])C(=O)N[C@@H](CCCC[NH3+])C(=O)N[C@@H](CCCNC(N)=[NH2+])C(=O)N[C@@H](CCCNC(N)=[NH2+])C(=O)N[C@@H](CCC(N)=O)C(=O)N[C@@H](CCCNC(N)=[NH2+])C(=O)N[C@@H](CCCNC(N)=[NH2+])C(=O)N[C@@H](CCCNC(N)=[NH2+])C(=O)N1CCC[C@H]1C(=O)N1CCC[C@H]1C(=O)N[C@H](C=O)CCC(N)=O,1,9.116971,0
NCC(=O)N[C@@H](CCCNC(N)=[NH2+])C(=O)N[C@@H](CCCC[NH3+])C(=O)N[C@@H](CCCC[NH3+])C(=O)N[C@@H](CCCNC(N)=[NH2+])C(=O)N[C@@H](CCCNC(N)=[NH2+])C(=O)N[C@@H](CCC(N)=O)C(=O)N[C@@H](CCCNC(N)=[NH2+])C(=O)N[C@@H](CCCNC(N)=[NH2+])C(=O)N[C@@H](CCCNC(N)=[NH2+])C(=O)N1CCC[C@H]1C(=O)N[C@@H](Cc1c[nH]c2ccccc12)C(=O)N[C@H](C=O)CCC(N)=O,1,7.2227063,0
CC[C@H](C)[C@@H](C=O)NC(=O)[C@H](CC(C)C)NC(=O)[C@H](Cc1ccc(O)cc1)NC(=O)[C@@H](NC(=O)[C@H](Cc1ccccc1)NC(=O)[C@@H]1CCCN1)C(C)C,1,0.13017808,0
N[C@@H](CCCC[NH3+])C(=O)N[C@@H](CCCC[NH3+])C(=O)N[C@@H](CCCC[NH3+])C(=O)N[C@@H](CCCC[NH3+])C(=O)N[C@@H](CCCC[NH3+])C(=O)N[C@@H](CCCC[NH3+])C(=O)N[C@@H](CCCC[NH3+])C(=O)N[C@@H](CCCC[NH3+])C(=O)N[C@H](C=O)CCCC[NH3+],1,7.028974,0
CC(=O)N[C@@H](CCCC[NH3+])C(=O)N[C@@H](CCC(=O)O)C(=O)N[C@H](C(=O)N[C@@H](Cc1c[nH]c2ccccc12)C(=O)N[C@@H](Cc1c[nH]c2ccccc12)C(=O)N[C@@H](CCC(=O)O)C(=O)N[C@H](C(=O)N[C@@H](Cc1c[nH]c2ccccc12)C(=O)N[C@@H](Cc1c[nH]c2ccccc12)C(=O)N[C@H](C(=O)N[C@@H](CCC(=O)O)C(=O)N[C@@H](Cc1c[nH]c2ccccc12)C(=O)N[C@@H](CO)C(=O)N[C@@H](CCC(N)=O)C(=O)N1CCC[C@H]1C(=O)N[C@@H](CCCC[NH3+])C(=O)N[C@@H](CCCC[NH3+])C(=O)N[C@@H](CCCC[NH3+])C(=O)N[C@@H](CCCNC(N)=[NH2+])C(=O)N[C@@H](CCCC[NH3+])C(=O)N[C@H](C(N)=O)C(C)C)[C@@H](C)O)[C@@H](C)O)[C@@H](C)O,1,-1.9529839,0
NC(=[NH2+])NCCC[C@@H](C=O)NC(=O)[C@H](CCCNC(N)=[NH2+])NC(=O)[C@H](CCCNC(N)=[NH2+])NC(=O)[C@H](CCCNC(N)=[NH2+])NC(=O)[C@H](CCCNC(N)=[NH2+])NC(=O)[C@H](CCCNC(N)=[NH2+])NC(=O)[C@H](CCCNC(N)=[NH2+])NC(=O)[C@H](CCCNC(N)=[NH2+])NC(=O)[C@@H](N)CCCNC(N)=[NH2+],1,7.2375736,0
CC[C@H](C)[C@H](NC(=O)[C@H](CCCC[NH3+])NC(=O)[C@@H](NC(=O)[C@H](CCC(N)=O)NC(=O)[C@H](CCCNC(N)=[NH2+])NC(=O)[C@@H](N)CS)[C@@H](C)CC)C(=O)N[C@@H](Cc1c[nH]c2ccccc12)C(=O)N[C@@H](Cc1ccccc1)C(=O)N1CCC[C@H]1C(=O)N[C@@H](CC(N)=O)C(=O)N[C@@H](CCCNC(N)=[NH2+])C(=O)N[C@@H](CCCNC(N)=[NH2+])C(=O)N[C@@H](CCSC)C(=O)N[C@@H](CCCC[NH3+])C(=O)N[C@@H](Cc1c[nH]c2ccccc12)C(=O)N[C@@H](CCCC[NH3+])C(=O)N[C@@H](CCCC[NH3+])C(=O)N[C@H](C=O)CS,1,5.79255,0
NCC(=O)N[C@@H](CCCNC(N)=[NH2+])C(=O)N[C@@H](CCCC[NH3+])C(=O)N[C@@H](CCCC[NH3+])C(=O)N[C@@H](CCCNC(N)=[NH2+])C(=O)N[C@@H](CCCNC(N)=[NH2+])C(=O)N[C@@H](CCC(N)=O)C(=O)N[C@@H](CCCNC(N)=[NH2+])C(=O)N[C@@H](CCCNC(N)=[NH2+])C(=O)N[C@@H](CCCNC(N)=[NH2+])C(=O)N1CCC[C@H]1C(=O)N1CCC[C@H]1C(=O)N[C@H](C=O)CCC(N)=O,1,8.64156,0
CC(C)C[C@H](NC(=O)CN)C(=O)N[C@@H](Cc1c[nH]c2ccccc12)C(=O)N[C@@H](CCCNC(N)=[NH2+])C(=O)N[C@@H](C)C(=O)N[C@@H](CC(C)C)C(=O)N[C@@H](Cc1c[nH]c2ccccc12)C(=O)N[C@@H](CCCNC(N)=[NH2+])C(=O)N[C@@H](C)C(=O)N[C@@H](CC(C)C)C(=O)N[C@@H](Cc1c[nH]c2ccccc12)C(=O)N[C@@H](CCCNC(N)=[NH2+])C(=O)N[C@@H](CO)C(=O)N[C@@H](CC(C)C)C(=O)N[C@@H](Cc1c[nH]c2ccccc12)C(=O)N[C@@H](CCCC[NH3+])C(=O)N[C@@H](CCCC[NH3+])C(=O)N[C@@H](CCCC[NH3+])C(=O)N[C@@H](CCCNC(N)=[NH2+])C(=O)N[C@@H](CCCC[NH3+])C(=O)N[C@H](C=O)C(C)C,1,6.0891037,0
NC(=[NH2+])NCCC[C@H](NC(=O)[C@H](CCCNC(N)=[NH2+])NC(=O)[C@H](CCCNC(N)=[NH2+])NC(=O)[C@H](CCCNC(N)=[NH2+])NC(=O)[C@H](CCCNC(N)=[NH2+])NC(=O)[C@H](CCCNC(N)=[NH2+])NC(=O)[C@@H](N)CCCNC(N)=[NH2+])C(=O)N[C@H](C=O)Cc1c[nH]c2ccccc12,1,6.455551,0
CC[C@H](C)[C@H](NC(=O)[C@H](CCCNC(N)=[NH2+])NC(=O)[C@H](CCCNC(N)=[NH2+])NC(=O)[C@H](CCCNC(N)=[NH2+])NC(=O)[C@H](CC(C)C)NC(=O)[C@@H](NC(=O)[C@@H](NC(=O)[C@H](CC(C)C)NC(=O)[C@@H](N)CC(C)C)[C@@H](C)CC)[C@@H](C)CC)C(=O)N[C@@H](CCCNC(N)=[NH2+])C(=O)N[C@@H](CCCC[NH3+])C(=O)N[C@@H](CCC(N)=O)C(=O)N[C@@H](C)C(=O)NC(CC1CNCN1)C(O)N[C@@H](C)C(=O)NC(CC1CNCN1)C(O)N[C@@H](CO)C(=O)N[C@@H](C)C=O,1,5.2292686,0
CC(C)[C@@H](C=O)NC(=O)[C@H](CCCC[NH3+])NC(=O)[C@H](CCCNC(N)=[NH2+])NC(=O)[C@H](CCCC[NH3+])NC(=O)[C@H](CO)NC(=O)[C@H](CCCC[NH3+])NC(=O)[C@H](CCCC[NH3+])NC(=O)[C@H](Cc1ccccc1)NC(=O)[C@H](CCCNC(N)=[NH2+])NC(=O)[C@@H](N)Cc1c[nH]c2ccccc12,1,2.695283,0
CC(C)C[C@H](NC(=O)[C@H](C)NC(=O)[C@H](CC(C)C)NC(=O)[C@H](CCCC[NH3+])NC(=O)[C@H](CC(C)C)NC(=O)[C@H](CCCC[NH3+])NC(=O)[C@H](CC(C)C)NC(=O)[C@H](C)NC(=O)[C@@H](N)CCCC[NH3+])C(=O)N[C@@H](C)C(=O)N[C@@H](CC(C)C)C(=O)N[C@@H](CC(C)C)C(=O)N[C@@H](C)C(=O)N[C@@H](CCCC[NH3+])C(=O)N[C@@H](CC(C)C)C(=O)N[C@@H](CCCC[NH3+])C(=O)N[C@@H](CC(C)C)C(=O)N[C@@H](C)C(N)=O,1,2.8783605,0
CC[C@H](C)[C@H](NC(=O)[C@H](CCCC[NH3+])NC(=O)[C@@H](NC(=O)[C@H](CCC(N)=O)NC(=O)[C@@H](N)CCCNC(N)=[NH2+])[C@@H](C)CC)C(=O)N[C@@H](C)C(=O)N[C@@H](Cc1ccccc1)C(=O)N[C@@H](CCC(N)=O)C(=O)N[C@@H](CC(N)=O)C(=O)N[C@@H](CCCNC(N)=[NH2+])C(=O)N[C@@H](CCCNC(N)=[NH2+])C(=O)N[C@@H](CCSC)C(=O)N[C@@H](CCCC[NH3+])C(=O)N[C@@H](Cc1c[nH]c2ccccc12)C(=O)N[C@@H](CCCC[NH3+])C(=O)N[C@H](C=O)CCCC[NH3+],1,8.592769,0
CC(C)C[C@H](NC(=O)CNC(=O)[C@H](CCCC[NH3+])NC(=O)[C@H](CC(C)C)NC(=O)CNC(=O)[C@H](CC(C)C)NC(=O)[C@H](CCCC[NH3+])NC(=O)[C@H](CC(C)C)NC(=O)CNC(=O)[C@H](CC(C)C)NC(=O)[C@@H](N)CCCC[NH3+])C(=O)N[C@@H](CCCC[NH3+])C(=O)NCC(=O)NCC(=O)N[C@@H](CC(C)C)C(=O)N[C@@H](CCCC[NH3+])C(=O)N[C@@H](CC(C)C)C(=O)NCC=O,1,0.30660072,0
C[C@H](N)C(=O)N[C@@H](CS)C(=O)N[C@@H](CO)C(=O)NCC(=O)N[C@@H](CO)C(=O)NCC(=O)N[C@@H](CO)C(=O)NCC(=O)N[C@@H](CS)C(=O)NCC(=O)N[C@@H](CO)C(=O)NCC(=O)N[C@@H](CO)C(=O)NCC(=O)N[C@@H](CO)C(=O)N[C@@H](CS)C(=O)NCC(=O)N[C@@H](CCCNC(N)=[NH2+])C(=O)N[C@@H](CCCNC(N)=[NH2+])C(=O)N[C@@H](CCCNC(N)=[NH2+])C(=O)N[C@@H](CCCNC(N)=[NH2+])C(=O)N[C@@H](CCCNC(N)=[NH2+])C(=O)N[C@@H](CCCNC(N)=[NH2+])C(=O)N[C@@H](CCCNC(N)=[NH2+])C(=O)N[C@H](C=O)CCCNC(N)=[NH2+],1,6.425433,0
CC[C@H](C)[C@H](NC(=O)[C@H](CCCNC(N)=[NH2+])NC(=O)[C@H](C)NC(O)C(N)CC1CNCN1)C(=O)N[C@@H](CCCC[NH3+])C(=O)N1CCC[C@H]1C(=O)N[C@H](C(=O)N[C@@H](Cc1ccccc1)C(=O)N[C@@H](CCCNC(N)=[NH2+])C(=O)N[C@@H](CCCNC(N)=[NH2+])C(=O)N[C@@H](CC(C)C)C(=O)N[C@@H](CCCC[NH3+])C(=O)N[C@@H](Cc1c[nH]c2ccccc12)C(=O)N[C@@H](CCCC[NH3+])C(=O)N[C@@H](Cc1ccc(O)cc1)C(=O)N[C@@H](CCCC[NH3+])C(=O)NCC(=O)N[C@@H](CCCC[NH3+])C(=O)N[C@@H](Cc1ccccc1)C(=O)N[C@H](C=O)Cc1c[nH]c2ccccc12)[C@@H](C)O,1,4.6764336,0
CC(C)[C@@H](C=O)NC(=O)[C@H](CCCC[NH3+])NC(=O)[C@H](CCCNC(N)=[NH2+])NC(=O)[C@H](CCCC[NH3+])NC(=O)[C@H](CCCC[NH3+])NC(=O)[C@H](CCCC[NH3+])NC(=O)[C@@H]1CCCN1C(=O)[C@H](CCC(N)=O)NC(=O)[C@H](CO)NC(=O)[C@H](Cc1c[nH]c2ccccc12)NC(=O)[C@H](CCC(=O)O)NC(=O)[C@@H](NC(=O)[C@H](Cc1c[nH]c2ccccc12)NC(=O)[C@H](Cc1c[nH]c2ccccc12)NC(=O)[C@@H](NC(=O)[C@H](CCC(=O)O)NC(=O)[C@H](Cc1c[nH]c2ccccc12)NC(=O)[C@H](Cc1c[nH]c2ccccc12)NC(=O)[C@@H](NC(=O)[C@H](CCC(=O)O)NC(=O)[C@@H](N)CCCC[NH3+])[C@@H](C)O)[C@@H](C)O)[C@@H](C)O,1,1.775009,0
CC(C)C[C@H](NC(=O)[C@H](C)NC(=O)[C@H](CCCC[NH3+])NC(=O)[C@H](CC(C)C)NC(=O)[C@H](C)NC(=O)[C@H](CC(C)C)NC(=O)[C@@H](N)CCCC[NH3+])C(=O)N[C@@H](CCCC[NH3+])C(=O)N[C@@H](C)C(=O)N[C@@H](C)C(=O)N[C@@H](CC(C)C)C(=O)N[C@@H](CCCC[NH3+])C(=O)N[C@@H](CC(C)C)C(=O)N[C@@H](C)C=O,1,3.444232,0
CSCC[C@H](NC(=O)[C@H](CC(C)C)NC(=O)CNC(=O)[C@H](Cc1ccccc1)NC(=O)[C@H](Cc1ccccc1)NC(=O)[C@H](CCC(N)=O)NC(=O)[C@H](CCC(N)=O)NC(=O)[C@H](CC(C)C)NC(=O)[C@H](CC(C)C)NC(=O)[C@H](CCCC[NH3+])NC(=O)[C@H](Cc1c[nH]c2ccccc12)NC(=O)[C@@H](NC(=O)[C@H](CCCC[NH3+])NC(=O)[C@H](CCCNC(N)=[NH2+])NC(=O)[C@H](CCCC[NH3+])NC(=O)[C@H](CCCC[NH3+])NC(=O)[C@H](CCCC[NH3+])NC(=O)[C@@H]1CCCN1)C(C)C)C(N)=O,1,-2.7987957,0
CC[C@H](C)[C@H](NC(=O)[C@H](C)NC(=O)[C@H](Cc1ccccc1)NC(=O)[C@@H](NC(=O)[C@@H](NC(=O)[C@@H](N)CCSC)[C@@H](C)CC)[C@@H](C)CC)C(=O)N[C@@H](C)C(=O)N[C@@H](C)C(=O)N[C@@H](CO)C(=O)NC(CC1CNCN1)C(O)N[C@@H](CCCC[NH3+])C(=O)N[C@H](C=O)CCCC[NH3+],1,8.277901,0
CC[C@H](C)[C@H](NC(=O)[C@H](CCCNC(N)=[NH2+])NC(=O)[C@H](Cc1ccc(O)cc1)NC(O)C(N)CC1CNCN1)C(=O)N[C@@H](CCCC[NH3+])C(=O)N1CCC[C@H]1C(=O)N[C@H](C(=O)N[C@@H](Cc1ccccc1)C(=O)N[C@@H](CCCNC(N)=[NH2+])C(=O)N[C@@H](CCCNC(N)=[NH2+])C(=O)N[C@@H](CC(C)C)C(=O)N[C@@H](CCCC[NH3+])C(=O)N[C@@H](Cc1c[nH]c2ccccc12)C(=O)N[C@@H](CCCC[NH3+])C(=O)N[C@@H](Cc1ccc(O)cc1)C(=O)N[C@@H](CCCC[NH3+])C(=O)NCC(=O)N[C@@H](CCCC[NH3+])C(=O)N[C@@H](Cc1ccccc1)C(=O)N[C@@H](C)C=O)[C@@H](C)O,1,1.3431336,0
NC(=[NH2+])NCCC[C@H](NC(=O)[C@H](CCCNC(N)=[NH2+])NC(=O)[C@H](CCCNC(N)=[NH2+])NC(=O)[C@H](CCC(N)=O)NC(=O)[C@H](CCCNC(N)=[NH2+])NC(=O)[C@H](CCCNC(N)=[NH2+])NC(=O)[C@H](CCCC[NH3+])NC(=O)[C@H](CCCC[NH3+])NC(=O)[C@H](CCCNC(N)=[NH2+])NC(=O)CNC(=O)[C@@H](N)Cc1ccc(O)cc1)C(N)=O,1,1.2796565,0
CCC[C@H](NC(=O)[C@H](CS)NC(=O)[C@@H](NC(=O)CNC(=O)CN)C(C)C)C(=O)N[C@@H](CCCCN)C(=O)N[C@H](C(=O)N[C@@H](CC(C)C)C(=O)N[C@@H](C)C(=O)N[C@@H](CCCCN)C(=O)N[C@H]1C[SH]2[SH]3C[C@@H](C(=O)NCC(=O)N[C@@H](CO)C(=O)NCC(=O)N[C@@H](CO)C(=O)N[C@H](C=O)CC(=O)O)NC(=O)[C@H](Cc4ccc(O)cc4)NC(=O)CNC(=O)[C@H](CC(N)=O)NC(=O)CNC(=O)[C@H](CCCNC(=N)N)NC(=O)[C@@H]4CSS32C[C@H](NC(=O)[C@H](CC(=O)O)NC(=O)[C@H](CO)NC(=O)[C@H](CC(=O)O)NC(=O)[C@H](CCCNC(=N)N)NC(=O)[C@H](CCCNC(=N)N)NC1=O)C(=O)N1CCC[C@H]1C(=O)NCC(=O)N[C@@H](C)C(=O)N[C@@H](CS)C(=O)N[C@@H]([C@@H](C)CC)C(=O)N4)[C@@H](C)CC,1,1.0173191,0
CC[C@H](C)[C@H](NC(=O)[C@H](CCCC[NH3+])NC(=O)[C@@H](NC(=O)[C@H](CCC(N)=O)NC(=O)[C@@H]([NH3+])CCCNC(N)=[NH2+])[C@@H](C)CC)C(=O)N[C@@H](Cc1c[nH]c2ccccc12)C(=O)N[C@@H](Cc1ccccc1)C(=O)N[C@@H](CCC(N)=O)C(=O)N[C@@H](CC(N)=O)C(=O)N[C@@H](CCCNC(N)=[NH2+])C(=O)N[C@@H](CCCNC(N)=[NH2+])C(=O)N[C@@H](CCSC)C(=O)N[C@@H](CCCC[NH3+])C(=O)N[C@@H](Cc1c[nH]c2ccccc12)C(=O)N[C@@H](CCCC[NH3+])C(=O)N[C@@H](CCCC[NH3+])C(=O)O,1,2.9389813,0
CC[C@H](C)[C@H](NC(=O)[C@H](CCCC[NH3+])NC(=O)[C@@H](NC(=O)[C@H](CCC(N)=O)NC(=O)[C@@H]([NH3+])CCCNC(N)=[NH2+])[C@@H](C)CC)C(=O)N[C@@H](Cc1c[nH]c2ccccc12)C(=O)N[C@@H](Cc1ccccc1)C(=O)N[C@@H](CCC(N)=O)C(=O)N[C@@H](CC(N)=O)C(=O)N[C@@H](CCCNC(N)=[NH2+])C(=O)N[C@@H](CCCNC(N)=[NH2+])C(=O)N[C@@H](CCSC)C(=O)N[C@@H](CCCC[NH3+])C(=O)N[C@@H](Cc1c[nH]c2ccccc12)C(=O)N[C@@H](CCCC[NH3+])C(=O)N[C@@H](CCCC[NH3+])C(=O)O,1,2.9389813,0
NC(=[NH2+])NCCC[C@@H](C=O)NC(=O)[C@H](CCCNC(N)=[NH2+])NC(=O)[C@H](CCCNC(N)=[NH2+])NC(=O)[C@H](CCC(N)=O)NC(=O)[C@H](CCCNC(N)=[NH2+])NC(=O)[C@H](CCCNC(N)=[NH2+])NC(=O)[C@H](CCCC[NH3+])NC(=O)[C@H](CCCC[NH3+])NC(=O)[C@H](CCCNC(N)=[NH2+])NC(=O)CNC(=O)[C@@H](N)Cc1ccc(O)cc1,1,6.4890604,0
NC(=[NH2+])NCCC[C@@H](N)C(=O)N[C@H](CCCNC(N)=[NH2+])C(=O)N[C@H](CCCNC(N)=[NH2+])C(=O)N[C@H](CCCNC(N)=[NH2+])C(=O)N[C@H](CCCNC(N)=[NH2+])C(=O)N[C@H](CCCNC(N)=[NH2+])C(=O)N[C@H](CCCNC(N)=[NH2+])C(=O)N[C@@H](C=O)CCCNC(N)=[NH2+],1,7.952486,0
CC[C@H](C)[C@H](NC(=O)[C@@H](NC(=O)[C@H](CO)NC(=O)[C@H](C)NC(=O)[C@@H](NC(=O)[C@H](CCCC[NH3+])NC(=O)[C@H](CCCC[NH3+])NC(=O)[C@@H](NC(=O)[C@@H](NC(=O)[C@H](CCCC[NH3+])NC(=O)[C@H](Cc1ccccc1)NC(=O)[C@H](CC(C)C)NC(=O)CN)C(C)C)[C@@H](C)CC)C(C)C)C(C)C)C(=O)NCC(=O)NCC(=O)N[C@@H](CC(C)C)C(N)=O,0,-5.8326526,0
CC(C)[C@H](NC(=O)[C@H](CCCNC(N)=[NH2+])NC(=O)[C@H](CS)NC(=O)[C@H](C)NC(=O)[C@@H]1CCCN1C(O)C(CC1CNCN1)NC(=O)[C@H](CO)NC(=O)[C@H](CS)NC(=O)[C@H](CS)NC(=O)CN)C(=O)NC(CC1CNCN1)C(O)N[C@@H](Cc1ccc(O)cc1)C(=O)N1CCC[C@H]1C(=O)NC(CC1CNCN1)C(O)N[C@H](C(=O)N[C@@H](CS)C(=O)N[C@@H](Cc1ccc(O)cc1)C(N)=O)C(C)C,0,-5.9903173,0
CSCC[C@H](NC(=O)[C@H](C)NC(C)=O)C(=O)N[C@H](C(=O)N[C@@H](CO)C(=O)N[C@H](C=O)CO)C(C)C,0,1.5229831,0
CSCC[C@H](NC(=O)CNC(=O)[C@H](Cc1ccccc1)NC(=O)CN)C(=O)N[C@@H](C)C(=O)N[C@@H](CC(C)C)C(=O)NC(CCC[NH3+])C(O)N[C@@H](CC(C)C)C(=O)N[C@@H](CC(C)C)C(=O)NC(CCC[NH3+])C(O)NC(CCC[NH3+])C(O)N[C@H](C(=O)N[C@@H](CC(C)C)C(N)=O)C(C)C,0,-5.9231215,0
CC[C@H](C)[C@H](NC(=O)CNC(=O)[C@H](CCCC[NH3+])NC(=O)[C@@H](NC(=O)[C@H](CC(C)C)NC(=O)[C@H](CO)NC(=O)CNC(=O)[C@H](CC(C)C)NC(=O)CNC(=O)[C@H](C)NC(=O)[C@H](CCCC[NH3+])NC(=O)[C@H](Cc1ccccc1)NC(=O)[C@@H](NC(=O)[C@H](CC(=O)O)NC(=O)[C@H](CCCC[NH3+])NC(=O)[C@H](CC(C)C)NC(=O)CN)[C@@H](C)CC)C(C)C)C(=O)N[C@@H](C)C(=O)N[C@@H](C)C(=O)NC(CC1CNCN1)C(O)N[C@H](C(=O)N[C@@H](C)C(=O)N[C@@H](CC(N)=O)C(N)=O)C(C)C,0,-5.2600303,0
CC(C)[C@H](N)C(=O)NCC(=O)N[C@@H](CCC(=O)O)C(=O)N[C@@H](C)C(=O)N[C@@H](CS)C(=O)N[C@@H](CS)C(=O)N[C@@H](CCCC[NH3+])C(=O)N[C@@H](CC(N)=O)C(=O)NCC(=O)N[C@@H](CCCC[NH3+])C(=O)N[C@@H](CCCNC(N)=[NH2+])C(=O)NCC(=O)N[C@@H](CS)C(=O)NCC(=O)N[C@@H](CCCNC(N)=[NH2+])C(=O)N[C@@H](Cc1c[nH]c2ccccc12)C(=O)N[C@@H](CS)C(=O)N[C@@H](CCCNC(N)=[NH2+])C(=O)N[C@@H](CC(=O)O)C(=O)NC(CC1CNCN1)C(O)N[C@@H](CO)C(=O)N[C@@H](CCCNC(N)=[NH2+])C(=O)N[C@@H](CS)C(=O)N[C@@H](CS)C(N)=O,0,-5.7117057,0
CC[C@H](C)[C@H](NC(=O)[C@H](Cc1ccccc1)NC(=O)[C@H](CO)NC(=O)[C@H](CCCC[NH3+])NC(=O)[C@H](Cc1c[nH]c2ccccc12)NC(=O)[C@@H](N)CCCC[NH3+])C(=O)N[C@@H](CCCC[NH3+])C(=O)N[C@@H](CCCC[NH3+])C(=O)N[C@@H](CC(C)C)C(=O)N[C@H](C(=O)N[C@@H](CO)C(=O)N[C@@H](CCCC[NH3+])C(=O)N[C@@H](Cc1ccccc1)C(=O)N[C@@H](CC(C)C)C(=O)NC(CC1CNCN1)C(O)N[C@@H](CO)C(=O)N[C@@H](C)C(=O)N[C@@H](CC(=O)O)C(=O)N[C@@H](CCCC[NH3+])C(=O)N[C@@H](Cc1ccccc1)C(N)=O)[C@@H](C)O,0,-5.3692017,0
CC[C@H](C)[C@H](NC(=O)[C@H](CC(C)C)NC(=O)[C@H](CCCC[NH3+])NC(=O)CNC(=O)[C@H](CC(C)C)NC(=O)[C@@H](NC(=O)[C@H](CCCC[NH3+])NC(=O)[C@H](CCCC[NH3+])NC(=O)[C@H](Cc1c[nH]c2ccccc12)NC(=O)[C@H](CCCC[NH3+])NC(=O)CN)[C@@H](C)CC)C(=O)N[C@@H](CCCNC(N)=[NH2+])C(N)=O,0,-5.319374,0
CC[C@H](C)[C@H](NC(=O)[C@H](CO)NC(=O)[C@H](C)NC(=O)[C@@H](NC(=O)[C@H](CCCC[NH3+])NC(=O)[C@H](CCCC[NH3+])NC(=O)[C@H](Cc1c[nH]c2ccccc12)NC(=O)[C@@H](NC(=O)[C@@H](N)CC(N)=O)[C@@H](C)CC)[C@@H](C)CC)C(=O)N[C@@H](C)C(=O)N[C@@H](CCCC[NH3+])C(=O)N[C@@H](CCC(=O)O)C(=O)N[C@H](C(=O)N[C@@H](CC(C)C)C(=O)N[C@@H](CCCC[NH3+])C(=O)N[C@@H](C)C(=O)N[C@@H](CC(C)C)C(N)=O)C(C)C,0,-3.6780083,0
CC[C@H](C)[C@H](NC(=O)[C@H](CCCC[NH3+])NC(=O)CNC(=O)[C@H](CC(C)C)NC(=O)[C@H](CO)NC(=O)[C@H](CCCC[NH3+])NC(=O)[C@H](CCCC[NH3+])NC(=O)[C@H](Cc1c[nH]c2ccccc12)NC(=O)[C@H](CO)NC(=O)[C@@H](N)C(C)C)C(=O)N[C@H](C(=O)N[C@@H](CCCC[NH3+])C(=O)N[C@H](C(=O)N[C@H](C(=O)N[C@@H](CCCC[NH3+])C(N)=O)C(C)C)C(C)C)[C@@H](C)CC,0,-5.6858606,0
CSCC[C@H](N)C(=O)N[C@@H](CS)C(=O)N1CCC[C@H]1C(=O)N1CCC[C@H]1C(=O)N[C@@H](CC(C)C)C(=O)N[C@@H](CS)C(=O)N[C@@H](C)C(=O)N1CCC[C@H]1C(=O)N[C@@H](CO)C(=O)N[C@@H](CS)C(=O)N[C@H](C(=O)N[C@@H](CC(N)=O)C(=O)N[C@@H](CS)C(N)=O)[C@@H](C)O,0,-6.093429,0
CC[C@H](C)[C@H](N)C(=O)N[C@@H](CC(C)C)C(=O)N1CCC[C@H]1C(=O)N[C@@H](Cc1c[nH]c2ccccc12)C(=O)N[C@@H](CCCC[NH3+])C(=O)N[C@@H](C)C(=O)N1CCC[C@H]1C(=O)N[C@@H](C)C(=O)N[C@@H](C)C(=O)N1CCC[C@H]1C(=O)N[C@@H](C)C(=O)N[C@@H](CCCNC(N)=[NH2+])C(=O)N[C@@H](CCCNC(N)=[NH2+])C(N)=O,0,-1.7736915,0
CC[C@H](C)[C@H](NC(=O)[C@H](CO)NC(=O)[C@@H](NC(=O)[C@H](CS)NC(=O)[C@H](CCCC[NH3+])NC(=O)CNC(=O)[C@H](CCCNC(N)=[NH2+])NC(=O)[C@H](CO)NC(=O)[C@H](CS)NC(=O)[C@H](CCSC)NC(=O)[C@H](CC(C)C)NC(=O)CNC(=O)[C@H](CCSC)NC(=O)[C@H](CS)NC(=O)[C@H](CS)NC(=O)[C@@H](NC(O)C1CC(O)CN1C(O)C1CC(O)CN1C(=O)[C@H](CS)NC(=O)[C@H](CCCNC(N)=[NH2+])NC(=O)[C@H](CO)NC(=O)[C@H](CC(=O)O)NC(=O)[C@H](CCCNC(N)=[NH2+])NC(=O)CNC(=O)[C@H](CO)NC(=O)[C@H](CS)NC(=O)[C@@H](N)CO)C(C)C)C(C)C)C(=O)N[C@@H](Cc1ccc(O)cc1)C(=O)NCC(=O)N[C@H](C=O)CCC(=O)O,0,-4.693108,0
CC[C@H](C)[C@H](NC(=O)CN)C(=O)NCC(=O)N[C@@H](CO)C(=O)N[C@@H](C)C(=O)N[C@H](C(=O)N[C@@H](CC(C)C)C(=O)N[C@@H](CO)C(=O)N[C@@H](C)C(=O)NCC(=O)N[C@@H](CCCC[NH3+])C(=O)N[C@@H](CO)C(=O)N[C@@H](C)C(=O)N[C@@H](CC(C)C)C(=O)N[C@@H](CCCC[NH3+])C(=O)NCC(=O)N[C@@H](CC(C)C)C(=O)N[C@@H](C)C(=O)N[C@@H](CCCC[NH3+])C(=O)NCC(=O)N[C@@H](CC(C)C)C(=O)N[C@@H](C)C(=O)N[C@@H](CCC(=O)O)C(=O)NC(CC1CNCN1)C(O)N[C@@H](Cc1ccccc1)C(=O)N[C@@H](C)C(=O)N[C@@H](CC(N)=O)C(N)=O)[C@@H](C)CC,0,-5.4703255,0
CC[C@H](C)[C@H](N)C(=O)N[C@@H](CC(C)C)C(=O)NCC(=O)N[C@@H](CCCC[NH3+])C(=O)N[C@@H](CC(C)C)C(=O)N[C@@H](CC(C)C)C(=O)N[C@@H](CCCC[NH3+])C(=O)N[C@H](C(=O)N[C@@H](C)C(=O)N[C@@H](C)C(=O)N[C@@H](CCCC[NH3+])C(=O)N[C@@H](CC(C)C)C(=O)N[C@@H](CC(C)C)C(=O)N[C@@H](CO)C(=O)N[C@@H](CC(N)=O)C(=O)N[C@@H](CC(C)C)C(N)=O)[C@@H](C)O,0,-5.052076,0
C[C@H](NC(=O)[C@@H]1CCCN1C(O)C(CC1CNCN1)NC(=O)[C@H](CS)NC(=O)[C@H](CS)NC(=O)[C@@H](N)CCC(=O)O)C(=O)N[C@@H](CS)C(=O)NCC(=O)N[C@@H](CCCC[NH3+])C(=O)NC(CC1CNCN1)C(O)N[C@@H](Cc1ccccc1)C(=O)N[C@@H](CO)C(=O)N[C@@H](CS)C(N)=O,0,-6.8110456,0
C[C@H](NC(=O)[C@H](C)NC(=O)[C@H](CCCC[NH3+])NC(=O)[C@H](C)NC(=O)[C@H](Cc1ccccc1)NC(=O)[C@H](Cc1c[nH]c2ccccc12)NC(=O)[C@H](CCCC[NH3+])NC(=O)[C@H](Cc1ccccc1)NC(=O)[C@H](CCCC[NH3+])NC(=O)[C@H](CCCC[NH3+])NC(=O)[C@H](C)NC(=O)[C@H](Cc1ccccc1)NC(=O)[C@@H](N)CCCC[NH3+])C(=O)N[C@@H](Cc1ccccc1)C(=O)N[C@@H](CCCC[NH3+])C(=O)N[C@@H](Cc1ccccc1)C(=O)N[C@@H](Cc1ccccc1)C(=O)N[C@@H](CCCC[NH3+])C(=O)N[C@@H](CCCC[NH3+])C(N)=O,0,-3.4605691,0
CC(C)C[C@H](NC(=O)[C@H](CCCC[NH3+])NC(=O)[C@@H](N)CCCC[NH3+])C(=O)N[C@@H](Cc1ccccc1)C(=O)N[C@@H](CCCC[NH3+])C(=O)N[C@@H](CCCC[NH3+])C(=O)N[C@H](CC(C)C)C(=O)N[C@H](CC(C)C)C(=O)N[C@H](CCCC[NH3+])C(=O)N[C@H](Cc1ccc(O)cc1)C(=O)N[C@H](CC(C)C)C(N)=O,0,-3.7370489,0
CC[C@H](C)[C@H](NC(=O)[C@H](Cc1ccccc1)NC(=O)[C@H](CCCC[NH3+])NC(=O)[C@H](C)NC(=O)[C@@H](NC(=O)[C@H](CO)NC(=O)[C@H](CCCC[NH3+])NC(=O)[C@H](CCSC)NC(=O)[C@H](C)NC(=O)[C@H](CCCC[NH3+])NC(=O)[C@H](Cc1ccccc1)NC(=O)[C@H](Cc1c[nH]c2ccccc12)NC(=O)CNC(=O)[C@H](CCCC[NH3+])NC(=O)[C@@H](N)CCCNC(N)=[NH2+])[C@@H](C)CC)C(=O)N[C@@H](C)C(=O)N[C@@H](CCCC[NH3+])C(=O)N[C@@H](CCC(=O)O)C(=O)N[C@@H](CCCC[NH3+])C(=O)N[C@@H](CC(C)C)C(=O)N[C@@H](CCCC[NH3+])C(=O)N[C@@H](CCC(=O)O)C(=O)NC(CC1CNCN1)C(O)N[C@@H](CC(C)C)C(N)=O,0,-2.9949696,0
C[C@H](NC(=O)[C@H](C)NC(=O)[C@H](Cc1ccccc1)NC(=O)[C@H](C)NC(=O)[C@H](C)NC(=O)[C@H](Cc1c[nH]c2ccccc12)NC(=O)[C@H](C)NC(=O)[C@H](C)NC(=O)[C@H](Cc1ccccc1)NC(=O)[C@H](C)NC(=O)[C@H](C)NC(=O)[C@H](CCCC[NH3+])NC(=O)[C@H](CCCC[NH3+])NC(=O)[C@H](CCCC[NH3+])NC(=O)[C@H](CCCC[NH3+])NC(=O)[C@H](CCCC[NH3+])NC(=O)[C@@H](N)CCCC[NH3+])C(N)=O,0,-2.8118088,0
CC(C)C[C@@H](NC(=O)[C@@H](C)NC(=O)[C@H]1CCCN1C(=O)[C@@H](CC(C)C)NC(=O)[C@@H](Cc1c[nH]c2ccccc12)NC(O)C(CC1CNCN1)NC(=O)[C@@H](CCCC[NH3+])NC(=O)[C@@H](CC(C)C)NC(=O)[C@@H](C)NC(=O)[C@@H](CCCC[NH3+])NC(=O)[C@@H](C)NC(=O)[C@@H](CC(C)C)NC(=O)[C@@H](C)NC(=O)[C@@H](CCCC[NH3+])NC(=O)[C@H](N)CCCC[NH3+])C(=O)NC(CC1CNCN1)C(O)N[C@H](CCCC[NH3+])C(=O)N[C@H](CC(C)C)C(=O)N[C@H](C)C(=O)N[C@H](CCCC[NH3+])C(=O)N[C@H](C)C(=O)N[C@H](CC(C)C)C(=O)N[C@H](C)C(=O)N[C@H](CCCC[NH3+])C(=O)N[C@H](CCCC[NH3+])C(N)=O,0,-2.0056279,0
CC[C@H](C)[C@H](NC(=O)CN)C(=O)NCC(=O)N[C@@H](C)C(=O)N[C@H](C(=O)N[C@@H](CC(C)C)C(=O)N[C@@H](CCCC[NH3+])C(=O)N[C@H](C(=O)N[C@@H](CC(C)C)C(=O)N[C@@H](C)C(=O)N[C@@H](CC(C)C)C(=O)N[C@H](C(=O)N[C@@H](CO)C(=O)N[C@@H](Cc1c[nH]c2ccccc12)C(=O)N[C@H](C(=O)N[C@@H](CCCC[NH3+])C(=O)N[C@@H](CCCNC(N)=[NH2+])C(=O)N[C@@H](CCCC[NH3+])C(=O)N[C@@H](CCCNC(N)=[NH2+])C(N)=O)[C@@H](C)CC)[C@@H](C)CC)C(C)C)C(C)C,0,-3.2146413,0
CC[C@H](C)[C@H](NC(=O)[C@H](CCCC[NH3+])NC(=O)[C@H](CCCC[NH3+])NC(=O)[C@H](C)NC(=O)[C@@H](NC(=O)CNC(=O)[C@H](CCCNC(N)=[NH2+])NC(=O)[C@H](CC(C)C)NC(=O)[C@@H](NC(=O)[C@@H](N)CCCC[NH3+])[C@@H](C)CC)C(C)C)C(=O)N[C@@H](CCSC)C(=O)N[C@@H](CCCNC(N)=[NH2+])C(=O)N[C@H](C(=O)N[C@@H](Cc1ccccc1)C(=O)N[C@@H](CC(C)C)C(=O)N[C@@H](CCCNC(N)=[NH2+])C(=O)N[C@@H](CCCNC(N)=[NH2+])C(=O)N[C@H](C(=O)N[C@@H](CO)C(=O)N[C@@H](CCCC[NH3+])C(=O)N[C@@H](CC(=O)O)C(=O)N[C@H](C(=O)N[C@@H](CC(C)C)C(=O)N[C@H](C(=O)NCC(=O)N[C@@H](CCCC[NH3+])C(=O)N[C@@H](CCCC[NH3+])C(N)=O)[C@@H](C)O)[C@@H](C)CC)[C@@H](C)CC)[C@@H](C)O,0,-2.282882,0
CC[C@H](C)[C@H](NC(=O)[C@H](C)NC(O)C(CC1CNCN1)NC(=O)[C@@H]1CCCN1C(=O)[C@@H](NC(=O)[C@H](CC(C)C)NC(=O)[C@H](CO)NC(=O)[C@H](CC(C)C)NC(=O)[C@@H](N)Cc1ccccc1)[C@@H](C)CC)C(=O)N[C@@H](CC(N)=O)C(=O)N[C@@H](C)C(=O)N[C@H](C(=O)N[C@@H](CO)C(=O)N[C@H](C(=O)N[C@@H](CC(C)C)C(=O)N[C@H](C(=O)NC(CC1CNCN1)C(O)NC(CC1CNCN1)C(O)N[C@@H](CO)C(N)=O)C(C)C)[C@@H](C)O)C(C)C,0,-5.1961737,0
CC(C)C[C@H](NC(=O)[C@H](CCCC[NH3+])NC(=O)[C@H](Cc1ccc(O)cc1)NC(=O)CNC(=O)[C@H](CS)NC(=O)[C@H](CS)NC(=O)[C@@H](NC(=O)CNC(=O)[C@@H](N)CC(N)=O)C(C)C)C(=O)N[C@@H](CS)C(=O)NC(CC1CNCN1)C(O)N1CC(O)CC1C(O)N[C@H](C=O)CS,0,-2.6720617,0
CC[C@H](C)[C@H](N)C(=O)N[C@@H](Cc1c[nH]c2ccccc12)C(=O)N[C@@H](CC(C)C)C(=O)N[C@H](C(=O)N[C@@H](C)C(=O)N[C@@H](CC(C)C)C(=O)N[C@@H](CCCC[NH3+])C(=O)N[C@@H](Cc1ccccc1)C(=O)N[C@@H](CC(C)C)C(=O)NCC(=O)N[C@@H](CCCC[NH3+])C(=O)NC(CC1CNCN1)C(O)N[C@@H](C)C(=O)N[C@@H](C)C(=O)N[C@@H](CCCC[NH3+])C(=O)NC(CC1CNCN1)C(O)N[C@@H](CC(C)C)C(=O)N[C@@H](C)C(=O)N[C@@H](CCCC[NH3+])C(=O)N[C@@H](CCC(N)=O)C(=O)N[C@@H](CCC(N)=O)C(=O)N[C@@H](CC(C)C)C(=O)N[C@@H](CO)C(=O)N[C@@H](CCCC[NH3+])C(=O)N[C@@H](CC(C)C)C(N)=O)[C@@H](C)O,0,-2.8516035,0
CCCC(CO)NC(=O)[C@@H]1CCCN1C(=O)[C@@H](NC(=O)[C@@H](NC(=O)[C@H](CC(=O)O)NC(C)=O)[C@@H](C)CC)C(C)C,0,-1.2003428,0
CC(C)C[C@H](NC(=O)[C@H](CC(C)C)NC(=O)[C@H](CCCC[NH3+])NC(=O)[C@H](CCCC[NH3+])NC(=O)[C@H](CC(C)C)NC(=O)[C@H](CC(C)C)NC(=O)[C@H](CCCC[NH3+])NC(=O)[C@H](CC(C)C)NC(=O)[C@@H]1CCCN1C(=O)[C@H](CCCC[NH3+])NC(=O)[C@H](CCCC[NH3+])NC(=O)[C@H](CC(C)C)NC(=O)[C@H](CC(C)C)NC(=O)[C@H](CCCC[NH3+])NC(=O)[C@H](CCCC[NH3+])NC(=O)[C@H](Cc1c[nH]c2ccccc12)NC(=O)[C@@H](N)CCCC[NH3+])C(N)=O,0,-4.208003,0
N=C(N)NCCC[C@H](NC(=O)[C@@H]1CCCN1C(=O)[C@@H]1CSSC[C@H](N)C(=O)N[C@@H](Cc2ccc(O)cc2)C(=O)N[C@@H](Cc2ccccc2)C(=O)N[C@@H](CCC(N)=O)C(=O)N[C@@H](CC(N)=O)C(=O)N1)C(=O)NCC(N)=O,0,-5.3687897,0
CC[C@H](C)[C@@H](NC(=O)[C@@H](C)NC(=O)[C@@H](CCCC[NH3+])NC(=O)[C@@H](CC(C)C)NC(=O)[C@@H](CC(C)C)NC(=O)[C@H](NC(O)C(CC1CNCN1)NC(=O)[C@@H](CC(C)C)NC(=O)[C@H](NC(=O)[C@H](NC(=O)[C@@H](CCCC[NH3+])NC(=O)[C@@H](CCCC[NH3+])NC(=O)[C@@H](CC(C)C)NC(=O)[C@@H](CO)NC(=O)[C@@H](CCCC[NH3+])NC(=O)[C@@H](Cc1ccccc1)NC(=O)[C@H](NC(=O)[C@@H](CCCC[NH3+])NC(=O)[C@@H](CC(C)C)NC(=O)[C@@H](Cc1ccccc1)NC(=O)[C@@H](CO)NC(=O)[C@@H](CCCC[NH3+])NC(=O)[C@@H](Cc1c[nH]c2ccccc12)NC(=O)[C@@H](CCCC[NH3+])NC(C)=O)[C@@H](C)O)[C@@H](C)O)C(C)C)[C@@H](C)O)C(=O)N[C@H](CO)C(=O)N[C@@H](CO)C(N)=O,0,-6.036189,0
C[C@@H]1NC(=O)[C@@H]2CSSC[C@H](NC(=O)C[NH3+])C(=O)N[C@@H](CSSC[C@@H](C(N)=O)NC(=O)[C@H](CCCNC(N)=[NH2+])NC(=O)[C@H](Cc3c[nH]c4ccccc34)NC1=O)C(=O)N[C@@H](CO)C(=O)N[C@@H](CC(=O)O)C(=O)N1CCC[C@H]1C(=O)N[C@@H](CCCNC(N)=[NH2+])C(=O)N2,0,-4.196581,0
CC(C)C[C@@H]1NC(=O)[C@@H](Cc2c[nH]c3ccccc23)NC(=O)[C@H](CCCC[NH3+])NC(O)C(CO)N(C)C(=O)[C@H](CC(N)=O)NC(=O)[C@@H](CCC(=O)O)NC(=O)[C@H](CO)NC(O)C(CC2CNC3CCCCC23)N(C)C1=O,0,-6.334839,0
CC[C@H](C)[C@H](NC(O)C(CC1CNCN1)NC(=O)[C@H](CCCC[NH3+])NC(=O)[C@H](CC(C)C)NC(=O)[C@H](CC(C)C)NC(=O)[C@H](CO)NC(=O)[C@H](CCSC)NC(=O)[C@H](Cc1c[nH]c2ccccc12)NC(=O)[C@H](CCCC[NH3+])NC(=O)CN)C(=O)N[C@@H](CC(C)C)C(=O)N[C@@H](CCCC[NH3+])C(N)=O,0,-6.4338474,0
CSCC[C@H](NC(=O)[C@H](CCC(=O)O)NC(=O)[C@H](CC(=O)O)NC(C)=O)C(=O)N[C@@H](CCC(=O)O)C(=O)NC(CC1CCC2CCCCC2C1)C(O)N[C@H](C=O)CS,0,-1.5694876,0
CC(C)C[C@H]1NC(=O)CNC(=O)[C@@H](CC(N)=O)NC(=O)[C@H](CCCNC(N)=[NH2+])NC(=O)[C@H]([C@@H](C)O)NC(=O)[C@H](CS)NC(=O)[C@H](C(C)C)NC(=O)[C@@H]2CCCN2C(=O)[C@H](Cc2c[nH]c3ccccc23)NC(=O)[C@H](CO)NC(=O)[C@H](CS)NC(=O)[C@H](CO)NC(=O)[C@H](CS)NC(=O)CNC(=O)[C@@H]2CCCN2C(=O)[C@H]([C@@H](C)O)NC(=O)[C@H](Cc2ccc(O)cc2)NC(=O)[C@H](CS)NC(=O)[C@H](CO)NC(=O)CNC(=O)[C@H](Cc2ccccc2)NC(=O)[C@H](C)NC(=O)[C@H](CS)NC(=O)[C@H]([C@@H](C)O)NC(=O)[C@H](CCC(=O)O)NC(=O)CNC(=O)[C@H](CS)NC(=O)[C@H](C(C)C)NC(=O)[C@@H]2CCCN2C1=O,0,-5.9061027,0
CC(C)[C@@H]1NC(=O)[C@H](CCCC[NH3+])NC(=O)[C@H](C)NC(=O)[C@@H]2CCCN2C(=O)[C@@H](Cc2ccc(O)cc2)NC(=O)[C@H](C(C)C)NC(=O)[C@@H](CCCC[NH3+])NC(=O)[C@H](C)NC(=O)[C@H](CCCC[NH3+])NC(=O)[C@H](C(C)C)NC(=O)[C@H]2CCCN2C(=O)[C@@H](Cc2ccc(O)cc2)NC(=O)[C@H](C)NC(=O)[C@H](CCCC[NH3+])NC1=O,0,-5.709651,0
CC[C@H](C)[C@H](NC(=O)CNC(=O)[C@H](C)NC(=O)[C@H](CS)NC(=O)[C@H](C)NC(=O)[C@H](C)NC(=O)[C@H](CCCNC(N)=[NH2+])NC(=O)[C@H](CO)NC(=O)[C@H](CS)NC(=O)[C@H](CS)NC(=O)CN)C(=O)NC(CC1CNCN1)C(O)N[C@@H](CCC(N)=O)C(=O)N[C@@H](CCC(=O)O)C(=O)N[C@@H](CC(C)C)C(=O)N[C@@H](CS)C(N)=O,0,-6.240471,0
CC(C)C[C@H](NC(=O)[C@H](CCCNC(N)=[NH2+])NC(=O)[C@H](CCCC[NH3+])NC(=O)[C@H](CCCC[NH3+])NC(=O)[C@H](CC(C)C)NC(=O)[C@H](CC(N)=O)NC(=O)[C@H](C)NC(=O)[C@H](Cc1ccccc1)NC(=O)[C@H](CCCNC(N)=[NH2+])NC(=O)[C@H](CCCNC(N)=[NH2+])NC(=O)[C@H](CCCC[NH3+])NC(=O)[C@H](Cc1ccccc1)NC(=O)[C@H](CO)NC(=O)[C@H](C)NC(=O)CNC(=O)[C@H](Cc1ccccc1)NC(=O)[C@H](CCCC[NH3+])NC(=O)[C@H](CCCC[NH3+])NC(=O)[C@H](Cc1ccccc1)NC(=O)[C@H](Cc1ccc(O)cc1)NC(=O)[C@H](CCC(=O)O)NC(=O)[C@H](CCCC[NH3+])NC(=O)[C@H](CCCNC(N)=[NH2+])NC(=O)[C@H](CCCC[NH3+])NC(=O)CNC(=O)[C@H](Cc1ccccc1)NC(=O)[C@H](Cc1ccccc1)NC(=O)CN)C(N)=O,0,-0.97576463,0
CC[C@H](C)[C@H](NC(=O)[C@@H](N)CCCC[NH3+])C(=O)N[C@@H](CCCC[NH3+])C(=O)N[C@H](C(=O)N1CCC[C@H]1C(=O)N[C@@H](Cc1c[nH]c2ccccc12)C(=O)NCC(=O)N[C@@H](CCCC[NH3+])C(=O)N[C@H](C(=O)N[C@@H](CCCC[NH3+])C(=O)N[C@@H](CC(=O)O)C(=O)N[C@@H](Cc1ccccc1)C(=O)N[C@@H](CC(C)C)C(=O)N[C@H](C(=O)NCC(=O)NCC(=O)N[C@@H](CCSC)C(=O)N[C@@H](CCCC[NH3+])C(=O)N[C@@H](C)C(=O)N[C@H](C(N)=O)C(C)C)C(C)C)C(C)C)[C@@H](C)CC,0,-4.679203,0
CC[C@H](C)[C@H](NC(=O)[C@H](Cc1ccccc1)NC(=O)[C@@H]1CCCN1C(=O)[C@H](C)NC(=O)[C@@H](NC(=O)[C@@H](N)CC(C)C)[C@@H](C)CC)C(=O)N[C@@H](CCCNC(N)=[NH2+])C(=O)N[C@@H](CC(=O)O)C(=O)N[C@@H](Cc1ccc(O)cc1)C(=O)N[C@@H](CS)C(=O)N[C@@H](CS)C(=O)N1CCC[C@H]1C(=O)N[C@@H](CCCNC(N)=[NH2+])C(=O)NCC(=O)N1CCC[C@H]1C(=O)N[C@@H](CS)C(=O)N[C@@H](CCSC)C(=O)N[C@H](C(=O)N[C@@H](Cc1c[nH]c2ccccc12)C(=O)N[C@@H](CS)C(N)=O)C(C)C,0,-4.418919,0
C[C@H](NC(=O)[C@H](C)NC(=O)[C@H](C)NC(=O)[C@H](Cc1ccccc1)NC(=O)[C@H](C)NC(=O)[C@H](C)NC(=O)[C@H](Cc1c[nH]c2ccccc12)NC(=O)[C@H](C)NC(=O)[C@H](C)NC(=O)[C@H](Cc1ccccc1)NC(=O)[C@H](C)NC(=O)[C@H](C)NC(=O)[C@H](C)NC(=O)[C@H](C)NC(=O)[C@H](C)NC(=O)[C@H](Cc1ccccc1)NC(=O)[C@H](C)NC(=O)[C@H](C)NC(=O)[C@H](C)NC(=O)[C@H](CCCC[NH3+])NC(=O)[C@H](CCCC[NH3+])NC(=O)[C@H](CCCC[NH3+])NC(=O)[C@H](CCCC[NH3+])NC(=O)[C@H](CCCC[NH3+])NC(=O)[C@@H](N)CCCC[NH3+])C(N)=O,0,-0.6922398,0
CC(C)C[C@H](NC(=O)[C@H](C)NC(=O)[C@H](CC(C)C)NC(=O)[C@H](C)NC(=O)[C@@H](N)Cc1c[nH]c2ccccc12)C(N)=O,0,-5.6860456,0
CC[C@H](C)[C@H](NC(=O)[C@H](CC(C)C)NC(=O)[C@H](CO)NC(=O)[C@@H](NC(=O)[C@@H](NC(=O)[C@H](CC(C)C)NC(=O)CN)C(C)C)[C@@H](C)O)C(=O)N[C@@H](CCCC[NH3+])C(=O)NCC(=O)N[C@@H](C)C(=O)NCC(=O)N[C@@H](CCCC[NH3+])C(=O)N[C@@H](CC(C)C)C(=O)N[C@@H](CC(C)C)C(=O)NCC(=O)NCC(=O)N[C@@H](CC(C)C)C(=O)N[C@@H](Cc1ccccc1)C(=O)NCC(=O)N[C@@H](CO)C(=O)N[C@H](C(=O)N[C@H](C(=O)NCC(N)=O)[C@@H](C)O)C(C)C,0,-2.102923,0
CC[C@H](C)[C@H](NC(=O)[C@@H](NC(=O)[C@@H]1CCCN1C(=O)[C@H](CC(C)C)NC(=O)[C@@H](N)Cc1ccccc1)[C@@H](C)CC)C(=O)N[C@H](C(=O)N[C@@H](CC(N)=O)C(=O)N[C@@H](CC(C)C)C(=O)N[C@@H](CC(C)C)C(=O)NCC(=O)N[C@@H](CCCC[NH3+])C(=O)N[C@@H](CC(C)C)C(=O)N[C@@H](CC(C)C)C(N)=O)[C@@H](C)O,0,-4.284329,0
CC[C@H](C)[C@H](NC(=O)[C@@H]1CCCN1C(=O)[C@H](CC(C)C)NC(=O)[C@@H](N)Cc1ccccc1)C(=O)N[C@H](C(=O)NCC(=O)N[C@@H](CCCC[NH3+])C(=O)N[C@@H](CC(C)C)C(=O)N[C@@H](CC(C)C)C(=O)N[C@@H](CO)C(=O)NCC(=O)N[C@@H](CC(C)C)C(=O)N[C@@H](CC(C)C)C(N)=O)C(C)C,0,-5.671795,0
C[C@H](NC(O)C(CC1CNCN1)NC(=O)[C@H](Cc1ccc(O)cc1)NC(=O)[C@H](CCC(=O)O)NC(=O)[C@H](Cc1c[nH]c2ccccc12)NC(=O)[C@@H](N)CC(=O)O)C(=O)NC(CC1CNCN1)C(O)N1CCC[C@H]1C(=O)N[C@@H](CCCC[NH3+])C(=O)N1CC(O)CC1C(O)N[C@@H](CC(N)=O)C(=O)N[C@@H](CO)C(=O)N[C@H](Cc1ccccc1)C(=O)N[C@@H](Cc1c[nH]c2ccccc12)C(=O)N[C@H](C=O)[C@@H](C)O,0,-0.07118077,0
CC[C@H](C)[C@H](NC(=O)[C@H](CC(=O)O)NC(=O)[C@H](CCSC)NC(=O)[C@@H](NC(=O)[C@@H](NC(=O)[C@H](CCC(=O)O)NC(=O)[C@H](Cc1ccc(O)cc1)NC(=O)[C@H](Cc1ccccc1)NC(=O)[C@H](CCCCN)NC(=O)[C@H](CCC(N)=O)NC(=O)[C@H](CCC(N)=O)NC(=O)[C@H](CC(C)C)NC(=O)[C@H](CC(=O)O)NC(=O)[C@H](CCCCN)NC(=O)[C@@H](NC(=O)[C@H](CCC(N)=O)NC(=O)[C@H](CC(N)=O)NC(=O)[C@H](Cc1ccc(O)cc1)NC(=O)[C@H](Cc1c[nH]c2ccccc12)NC(=O)[C@H](CCC(=O)O)NC(=O)CNC(=O)[C@H](CC(C)C)NC(=O)[C@@H](NC(=O)[C@@H](NC(=O)[C@H](CC(N)=O)NC(=O)CNC(=O)[C@H](Cc1c[nH]cn1)NC(=O)[C@H](CC(N)=O)NC(=O)[C@@H](N)Cc1c[nH]c2ccccc12)[C@@H](C)CC)[C@@H](C)O)[C@@H](C)O)[C@@H](C)CC)[C@@H](C)CC)C(=O)N[C@@H](CCC(=O)O)C(=O)N[C@@H](CCC(N)=O)C(=O)N[C@@H](CC(N)=O)C(=O)N[C@@H](CC(N)=O)C(=O)N[C@H](C(=O)N[C@@H](CCC(N)=O)C(=O)O)C(C)C,0,-3.0760338,0
CC[C@H](C)[C@@H]1NC(=O)[C@H](C)NC(=O)[C@H](CO)NC(=O)[C@H](CO)NC(=O)[C@H]([C@@H](C)CC)NC(=O)[C@H](CS)NC(=O)[C@@H]2CCCN2C(=O)[C@H]([C@@H](C)CC)NC(=O)[C@H](Cc2c[nH]c3ccccc23)NC(=O)[C@H](C(C)C)NC(=O)[C@H](CS)NC(=O)[C@H](CO)NC(=O)[C@H](CCC(=O)O)NC(=O)CNC(=O)[C@H](CS)NC(=O)[C@H]2CCCN2C(=O)[C@H]([C@@H](C)CC)NC(=O)CNC(=O)[C@H](CC(N)=O)NC(=O)[C@H](CCCNC(N)=[NH2+])NC(=O)[C@H](Cc2ccc(O)cc2)NC(=O)[C@H](CS)NC(=O)[C@H](C(C)C)NC(=O)[C@H](CCCC[NH3+])NC(=O)[C@H](CO)NC(=O)[C@H](CCCC[NH3+])NC(=O)[C@H](CS)NC(=O)[C@H](CO)NC(=O)[C@H](CS)NC(=O)CNC1=O,0,-6.267249,0
CSCC[C@@H](C=O)NC(=O)[C@H](CC(C)C)NC(=O)CNC(=O)[C@@H](NC(=O)[C@H](Cc1ccccc1)NC(=O)[C@H](CCC(N)=O)NC(=O)[C@H](CC(=O)O)NC(=O)[C@H](CO)NC(=O)[C@H](CCCCN)NC(=O)[C@@H]1CCCN1C(=O)[C@@H](NC(=O)[C@@H](N)CC(=O)O)C(C)C)C(C)C,0,1.1118362,0
CC[C@H](C)[C@H](NC(=O)[C@H](CCC(N)=O)NC(=O)[C@@H]1CCCN1C(=O)[C@H](CC(N)=O)NC(O)C(CC1CNCN1)NC(=O)[C@@H](NC(=O)[C@@H](NC(=O)[C@H](CS)NC(=O)[C@@H](NC(=O)[C@@H]1CCCN1C(=O)[C@H](CC(N)=O)NC(=O)[C@H](CO)NC(=O)[C@H](CS)NC(=O)[C@@H](N)CS)C(C)C)[C@@H](C)O)C(C)C)C(=O)N[C@@H](CS)C(N)=O,0,-6.104232,0
CC(=O)N[C@@H](CC(=O)O)C(=O)N[C@@H](CCC(=O)O)C(=O)N[C@@H](Cc1ccccc1)C(=O)N[C@@H](CCC(=O)O)C(=O)NC(CC1CCCCC1)C(O)N[C@H](C=O)CS,0,-0.7048655,0
CC(C)C[C@H](NC(=O)[C@H](CCCC[NH3+])NC(=O)[C@H](CC(C)C)NC(=O)[C@H](CCCC[NH3+])NC(=O)[C@H](CC(C)C)NC(=O)[C@H](C)NC(=O)[C@H](CCCC[NH3+])NC(=O)[C@H](C)NC(=O)[C@H](CC(C)C)NC(=O)[C@H](CC(C)C)NC(=O)[C@H](CCCC[NH3+])NC(=O)[C@H](C)NC(=O)[C@@H](N)Cc1ccccc1)C(N)=O,0,-5.951585,0
CC(C)C[C@H](NC(=O)[C@H](CC(N)=O)NC(=O)[C@H](CO)NC(O)C(CC1CNCN1)NC(=O)[C@H](CCC(=O)O)NC(=O)[C@H](CC(C)C)NC(O)C(CC1CNCN1)NC(=O)[C@H](CS)NC(=O)[C@@H](NC(=O)[C@@H]1CCCN1C(=O)[C@H](CC(N)=O)NC(=O)[C@H](CO)NC(=O)[C@H](CS)NC(=O)[C@H](CS)NC(=O)CNC(=O)[C@@H]1CCCN1C(=O)[C@H](CC(=O)O)NC(=O)[C@@H](N)CCCNC(N)=[NH2+])C(C)C)C(=O)N[C@@H](CS)C(N)=O,0,-5.432763,0
C[C@H](NC(=O)[C@H](CS)NC(=O)[C@H](CCCNC(N)=[NH2+])NC(=O)[C@@H]1CCCN1C(=O)[C@H](CC(=O)O)NC(=O)[C@H](CO)NC(=O)[C@H](CS)NC(=O)[C@H](CS)NC(=O)CN)C(=O)N[C@H](C(=O)N[C@@H](CCCNC(N)=[NH2+])C(=O)N[C@@H](CS)C(N)=O)[C@@H](C)O,0,-6.2776833,0
CC(C)C[C@@H](NC(=O)[C@@H](C)NC(=O)[C@@H](CC(C)C)NC(=O)[C@@H](CCCC[NH3+])NC(=O)[C@@H](CCCC[NH3+])NC(=O)[C@@H](CC(C)C)NC(=O)[C@@H](C)NC(=O)[C@H]1CCCN1C(=O)[C@@H](CC(C)C)NC(=O)[C@@H](Cc1c[nH]c2ccccc12)NC(=O)[C@@H](CCCC[NH3+])NC(=O)[C@@H](CCCC[NH3+])NC(=O)[C@@H](CC(C)C)NC(=O)[C@@H](C)NC(=O)[C@@H](CC(C)C)NC(=O)[C@@H](CC(C)C)NC(=O)[C@@H](C)NC(=O)[C@@H](CC(C)C)NC(=O)[C@@H](CCCC[NH3+])NC(=O)[C@H](N)CCCC[NH3+])C(=O)N[C@H](CC(C)C)C(=O)N[C@H](C)C(=O)N[C@H](CC(C)C)C(=O)N[C@H](CCCC[NH3+])C(=O)N[C@H](CCCC[NH3+])C(N)=O,0,0.4919612,0
C[C@@H]1NC(=O)[C@@H]2CSSC[C@H](NC(=O)[C@@H](NC(=O)CN)CSSC[C@@H](C(=O)O)NC(=O)[C@H](CCCNC(N)=[NH2+])NC(=O)[C@H](Cc3c[nH]c4ccccc34)NC1=O)C(=O)N[C@@H](CO)C(=O)N[C@@H](CC(=O)O)C(=O)N[C@@H](CCCCN)C(=O)N[C@@H](CCCNC(N)=[NH2+])C(=O)N2,0,-4.115672,0
CC[C@H](C)[C@H](NC(=O)[C@@H](NC(=O)[C@@H]1CCCN1C(=O)[C@@H](NC(=O)[C@@H](NC(O)C(CC1CNCN1)NC(=O)[C@@H]1CCCN1C(=O)[C@H](CC(C)C)NC(=O)[C@H](CC(C)C)NC(O)C(CC1CNCN1)NC(=O)[C@H](CCCC[NH3+])NC(=O)[C@H](C)NC(=O)[C@@H](NC(=O)[C@H](CO)NC(=O)CNC(=O)[C@H](CC(C)C)NC(=O)[C@@H](NC(=O)[C@H](CO)NC(=O)[C@H](Cc1ccccc1)NC(=O)[C@H](CC(C)C)NC(=O)CN)C(C)C)C(C)C)C(C)C)C(C)C)C(C)C)C(=O)N[C@@H](C)C(=O)N[C@@H](CCC(=O)O)C(=O)N[C@@H](CCCC[NH3+])C(=O)N[C@@H](CC(C)C)C(N)=O,0,-5.1789556,0
CC[C@H](C)[C@H](NC(=O)CNC(=O)[C@H](CO)NC(=O)[C@H](CC(C)C)NC(=O)[C@H](C)NC(=O)[C@H](CCCNC(N)=[NH2+])NC(=O)CNC(=O)[C@@H](NC(=O)[C@H](CC(C)C)NC(=O)[C@@H]1CCCN1C(=O)[C@H](CC(C)C)NC(=O)[C@@H](N)Cc1ccccc1)[C@@H](C)CC)C(=O)N[C@@H](CC(C)C)C(N)=O,0,-3.9233196,0
CC(C)C[C@H](NC(=O)[C@H](CCCC[NH3+])NC(=O)[C@H](CCCC[NH3+])NC(=O)[C@H](CC(C)C)NC(=O)[C@H](C)NC(=O)[C@H](CCCC[NH3+])NC(=O)[C@H](CC(C)C)NC(=O)[C@H](C)NC(=O)[C@H](CC(C)C)NC(=O)[C@H](C)NC(=O)[C@@H](N)C(C)C)C(N)=O,0,-6.140826,0
C[C@H](NC(=O)[C@@H]1CCCN1C(=O)[C@H](CC(N)=O)NC(=O)[C@H](CCCNC(N)=[NH2+])NC(=O)[C@H](CS)NC(=O)[C@H](CS)NC(=O)CNC(=O)[C@@H](N)CC(N)=O)C(=O)N[C@@H](CS)C(=O)N[C@@H](CCC(=O)O)C(=O)N[C@@H](CO)C(=O)NC(CC1CNCN1)C(O)N[C@@H](CCCNC(N)=[NH2+])C(=O)N[C@@H](CS)C(N)=O,0,-6.579664,0
C[C@H](NC(=O)[C@H](CS)NC(=O)[C@H](CC(=O)O)NC(=O)[C@@H]1CCCN1C(=O)[C@H](CCCNC(N)=[NH2+])NC(=O)[C@H](CO)NC(=O)[C@H](CS)NC(=O)[C@H](CS)NC(=O)CN)C(=O)N[C@@H](Cc1c[nH]c2ccccc12)C(=O)N[C@@H](CCCNC(N)=[NH2+])C(=O)N[C@@H](CS)C(N)=O,0,-6.510521,0
CC(C)C[C@H]1NC(=O)CNC(=O)[C@H](CC(N)=O)NC(=O)[C@@H](CCCNC(N)=[NH2+])NC(=O)[C@H]([C@@H](C)O)NC(=O)[C@H](CS)NC(=O)[C@H](CCCC[NH3+])NC(=O)[C@@H]2CCCN2C(=O)[C@H](Cc2c[nH]c3ccccc23)NC(=O)[C@H](CO)NC(=O)[C@H](CS)NC(=O)[C@H]([C@@H](C)O)NC(=O)[C@H](CS)NC(=O)CNC(=O)[C@@H]2CCCN2C(=O)[C@H]([C@@H](C)O)NC(=O)[C@H](CC(N)=O)NC(=O)[C@H](CS)NC(=O)[C@H]([C@@H](C)O)NC(=O)CNC(=O)CNC(=O)[C@H](C(C)C)NC(=O)[C@H](CS)NC(=O)[C@H]([C@@H](C)O)NC(=O)[C@H](CCC(=O)O)NC(=O)CNC(=O)[C@H](CS)NC(=O)[C@H](C(C)C)NC(=O)[C@@H]2CCCN2C1=O,0,-6.200212,0
CC(C)C[C@H](NC(=O)[C@H](Cc1ccc(O)cc1)NC(=O)[C@@H]1CCCN1C(=O)[C@@H](N)Cc1c[nH]c2ccccc12)C(=O)N1CCC[C@H]1C(=O)N[C@@H](Cc1c[nH]c2ccccc12)C(=O)N[C@@H](CCCNC(N)=[NH2+])C(=O)N[C@@H](CCCNC(N)=[NH2+])C(N)=O,0,-3.592742,0
CC[C@H](C)[C@H](NC(=O)[C@H](C)NC(=O)[C@H](CO)NC(=O)CNC(=O)[C@@H]1CCCN1C(=O)CN)C(=O)N[C@@H](CS)C(=O)N[C@@H](CC(N)=O)C(=O)N[C@@H](CCSC)C(=O)N[C@@H](C)C(=O)N[C@@H](CS)C(=O)N[C@@H](CCCNC(N)=[NH2+])C(=O)N[C@@H](CC(C)C)C(=O)N[C@@H](CCC(=O)O)C(=O)NC(CC1CNCN1)C(O)NCC(=O)NC(CC1CNCN1)C(O)N[C@@H](CC(C)C)C(=O)N[C@@H](Cc1ccc(O)cc1)C(=O)N1CCC[C@H]1C(=O)N[C@@H](Cc1ccccc1)C(=O)N[C@@H](CS)C(=O)N[C@@H](CC(N)=O)C(=O)N[C@@H](CS)C(=O)N[C@@H](CC(=O)O)C(N)=O,0,-6.570358,0
CC(C)C[C@H](NC(=O)[C@H](C)NC(=O)[C@H](CC(C)C)NC(=O)[C@H](C)NC(=O)[C@H](CCCC[NH3+])NC(=O)[C@H](CCCC[NH3+])NC(=O)[C@H](C)NC(=O)[C@H](CC(C)C)NC(=O)[C@H](CCCC[NH3+])NC(=O)[C@H](C)NC(=O)[C@H](CC(C)C)NC(=O)[C@H](CCCC[NH3+])NC(=O)[C@H](CCCC[NH3+])NC(=O)[C@H](C)NC(=O)[C@@H](N)Cc1ccccc1)C(N)=O,0,-5.395726,0
CC[C@H](C)[C@H](NC(=O)[C@@H](N)Cc1ccccc1)C(=O)N[C@H](C(=O)N[C@H](C(=O)NC(CC1CNCN1)C(N)O)C(C)C)[C@@H](C)O,0,-1.9423541,0
CC[C@H](C)[C@H](NC(=O)[C@H](CC(=O)O)NC(=O)[C@H](Cc1ccccc1)NC(=O)[C@H](CC(C)C)NC(=O)CN)C(=O)N[C@H](C(=O)N[C@@H](CCCC[NH3+])C(=O)N[C@@H](CCCC[NH3+])C(=O)N[C@H](C(=O)N[C@H](C(=O)NCC(=O)N[C@@H](C)C(=O)N[C@@H](CC(C)C)C(=O)NCC(=O)N[C@@H](CO)C(=O)N[C@@H](CC(C)C)C(N)=O)C(C)C)C(C)C)C(C)C,0,-6.501762,0
CC[C@H](C)[C@@H]1NC(=O)[C@H](CC(C)C)NC(=O)[C@H](C)NC(=O)[C@H]([C@@H](C)O)NC(=O)[C@H](C(C)C)NC(=O)[C@H]([C@@H](C)O)NC(=O)[C@H](CS)NC(=O)[C@@H]2CCCN2C(=O)[C@H]([C@@H](C)CC)NC(=O)[C@H](Cc2c[nH]c3ccccc23)NC(=O)[C@H](C(C)C)NC(=O)[C@H](CS)NC(=O)[C@H](CO)NC(=O)[C@H](CCC(=O)O)NC(=O)[C@H](C)NC(=O)[C@H](CS)NC(=O)[C@@H]2CCCN2C(=O)[C@@H]([C@@H](C)CC)NC(=O)CNC(=O)[C@H](CC(N)=O)NC(=O)[C@@H](Cc2ccc(O)cc2)NC(=O)[C@H](CS)NC(=O)[C@H](C(C)C)NC(=O)[C@H](CCCC[NH3+])NC(=O)[C@H](CC(N)=O)NC(=O)[C@H](CO)NC(=O)[C@H](CS)NC(=O)CNC(=O)[C@H](CS)NC(=O)CNC1=O,0,-6.0076327,0
CC(C)C[C@H](NC(=O)[C@H](CCCC[NH3+])NC(=O)[C@H](CCCC[NH3+])NC(=O)[C@H](Cc1c[nH]c2ccccc12)NC(=O)[C@@H](N)CCCC[NH3+])C(=O)N[C@@H](CC(C)C)C(=O)N[C@@H](CCCC[NH3+])C(=O)N[C@@H](CCCC[NH3+])C(=O)N1CCC[C@H]1C(=O)N[C@@H](CC(C)C)C(=O)N[C@@H](CC(C)C)C(=O)N[C@@H](CCCC[NH3+])C(=O)N[C@@H](CCCC[NH3+])C(N)=O,0,-4.080237,0
CC[C@H](C)[C@H](NC(=O)[C@H](CO)NC(=O)[C@H](CCCC[NH3+])NC(=O)[C@H](CC(C)C)NC(=O)[C@H](CCCC[NH3+])NC(=O)[C@@H](N)CC(C)C)C(=O)N[C@H](C(=O)N[C@@H](CO)C(=O)N[C@@H](Cc1c[nH]c2ccccc12)C(=O)N[C@@H](C)C(=O)N[C@@H](CCCC[NH3+])C(=O)N[C@@H](CC(C)C)C(=O)N[C@H](C(=O)N[C@@H](CC(C)C)C(N)=O)C(C)C)C(C)C,0,-5.691265,0
CC[C@H](C)[C@@H]1NC(=O)[C@H](CS)NC(=O)[C@@H]2CCCN2C(=O)[C@H]([C@@H](C)CC)NC(=O)[C@H](Cc2c[nH]c3ccccc23)NC(=O)[C@H](C(C)C)NC(=O)[C@H](CS)NC(=O)[C@H](CO)NC(=O)[C@H](CCC(=O)O)NC(=O)[C@@H](CS)NC(=O)[C@H]2CCCN2C(=O)[C@H](CC(C)C)NC(=O)[C@@H]([C@@H](C)O)NC(=O)CNC(=O)[C@H](CC(N)=O)NC(=O)[C@H](CCCC[NH3+])NC(=O)[C@H](Cc2ccc(O)cc2)NC(=O)[C@H](CS)NC(=O)[C@H](C(C)C)NC(=O)[C@H](CCCC[NH3+])NC(=O)[C@H](CO)NC(=O)[C@H](CCCC[NH3+])NC(=O)[C@H](CS)NC(=O)[C@H](CO)NC(=O)[C@H](CS)NC(=O)CNC(=O)[C@H](C(C)C)NC(=O)[C@H](C(C)C)NC(=O)[C@H](CO)NC(=O)[C@H](CO)NC1=O,0,-6.267459,0
CC(=O)N[C@@H](CCCNC(N)=[NH2+])C(=O)N[C@@H](CCCNC(N)=[NH2+])C(=O)N[C@@H](Cc1c[nH]c2ccccc12)C(=O)N[C@@H](Cc1c[nH]c2ccccc12)C(=O)N[C@@H](CS)C(=O)N[C@@H](CCCNC(N)=[NH2+])C(=O)N[C@H](C(N)=O)C(C)C,0,-2.6854398,0
CCCC(CO)NC(=O)[C@@H]1CCCN1C(=O)[C@@H](NC(=O)[C@@H](NC(=O)[C@H](CC(=O)O)NC(=O)[C@@H](CC(=O)O)NC(C)=O)[C@@H](C)CC)C(C)C,0,-2.4832823,0
CC[C@H](C)[C@H](NC(O)C(C)(C)NC(=O)[C@H](CCCC[NH3+])NC(=O)CNC(=O)[C@H](CC(C)C)NC(O)C(C)(C)NC(=O)[C@H](CCCC[NH3+])NC(=O)[C@H](CCCC[NH3+])NC(=O)[C@H](Cc1c[nH]c2ccccc12)NC(=O)[C@H](CC(N)=O)NC(=O)[C@@H](N)C(C)C)C(=O)N[C@@H](CCCC[NH3+])C(=O)NC(C)(C)C(O)N[C@H](C(=O)N[C@@H](CCCC[NH3+])C(N)=O)C(C)C,0,-6.5567274,0
CC[C@H](C)[C@H](NC(=O)[C@H](CC(C)C)NC(=O)[C@H](CCC(=O)O)NC(=O)[C@@H](CC(=O)O)NC(C)=O)C(=O)NC(CC1CCCCC1)C(O)N[C@@H](CS)C(=O)N1CCC[C@H]1C(=O)NC(CC1CCCCC1)C(O)N[C@@H](CC(=O)O)C(=O)N[C@@H](CC(C)C)C(=O)N1CCC[C@@H]1C(=O)N[C@@H](Cc1ccc(O)cc1)C(=O)N[C@@H](CCCC[NH3+])C(N)=O,0,-4.578042,0
CC(C)C[C@H](NC(=O)[C@H](CCCNC(N)=[NH2+])NC(=O)[C@H](CCCNC(N)=[NH2+])NC(=O)[C@H](Cc1ccc(O)cc1)NC(=O)[C@H](CC(C)C)NC(=O)[C@H](CCCNC(N)=[NH2+])NC(=O)[C@H](CCCNC(N)=[NH2+])NC(=O)[C@H](Cc1ccc(O)cc1)NC(=O)[C@H](CC(C)C)NC(=O)[C@H](CCCNC(N)=[NH2+])NC(=O)[C@H](CCCNC(N)=[NH2+])NC(=O)[C@H](Cc1ccc(O)cc1)NC(=O)[C@H](CC(C)C)NC(=O)[C@@H](N)CCCNC(N)=[NH2+])C(=O)N[C@@H](Cc1ccc(O)cc1)C(=O)N[C@@H](CCCNC(N)=[NH2+])C(=O)N[C@@H](CCCC[NH3+])C(=O)N[C@@H](CCCC[NH3+])C(=O)N[C@@H](CCCC[NH3+])C(N)=O,0,4.8535833,0
CC[C@H](C)[C@H](NC(=O)[C@H](CCCC[NH3+])NC(=O)[C@H](CCCNC(N)=[NH2+])NC(=O)[C@H](CCCC[NH3+])NC(=O)[C@H](CC(C)C)NC(=O)[C@H](CCCNC(N)=[NH2+])NC(=O)[C@H](CCCNC(N)=[NH2+])NC(=O)[C@H](CC(C)C)NC(=O)[C@H](CCCC[NH3+])NC(=O)[C@@H](N)CCCNC(N)=[NH2+])C(=O)N[C@@H](C)C(=O)NC(CC1CNCN1)C(O)N[C@@H](CCCC[NH3+])C(=O)N[C@H](C(=O)N[C@@H](CCCC[NH3+])C(=O)N[C@@H](CCCC[NH3+])C(=O)N[C@@H](Cc1ccc(O)cc1)C(N)=O)C(C)C,0,0.15129167,0
CC[C@H](C)[C@H](NC(=O)[C@@H](NC(=O)[C@H](CO)NC(=O)[C@H](C)NC(=O)[C@@H](NC(=O)[C@H](CCCC[NH3+])NC(=O)[C@H](CCCC[NH3+])NC(=O)[C@@H](NC(=O)[C@@H](NC(=O)[C@H](CC(=O)O)NC(=O)[C@H](Cc1ccccc1)NC(=O)[C@H](CC(C)C)NC(=O)CN)C(C)C)[C@@H](C)CC)C(C)C)C(C)C)C(=O)N[C@@H](CCCC[NH3+])C(=O)N[C@@H](CCCC[NH3+])C(=O)N[C@@H](CC(C)C)C(N)=O,0,-5.720296,0
CC(C)C[C@H](NC(=O)[C@H](CCCNC(N)=[NH2+])NC(=O)[C@@H](N)CCCNC(N)=[NH2+])C(=O)N[C@@H](CO)C(=O)N[C@@H](Cc1ccc(O)cc1)C(=O)N[C@@H](CO)C(=O)N[C@@H](CCCNC(N)=[NH2+])C(=O)N[C@@H](CCCNC(N)=[NH2+])C(=O)N[C@@H](CCCNC(N)=[NH2+])C(=O)N[C@@H](Cc1ccccc1)C(N)=O,0,-0.89822316,0
C[C@H](NC(=O)[C@H](CCC(=O)O)NC(=O)[C@@H]1CCCN1C(O)C(CC1CNCN1)NC(=O)[C@H](CC(=O)O)NC(=O)[C@H](Cc1ccc(O)cc1)NC(=O)[C@H](CC(N)=O)NC(=O)[C@H](CS)NC(=O)[C@H](CCCNC(N)=[NH2+])NC(=O)[C@@H]1CCCN1C(=O)[C@H](CC(=O)O)NC(=O)[C@H](CO)NC(=O)[C@H](CS)NC(=O)[C@H](CS)NC(=O)CN)C(=O)N[C@@H](CS)C(N)=O,0,-6.450835,0
CSCC[C@H](NC(=O)[C@@H](NC(=O)[C@H](CCCC[NH3+])NC(=O)[C@H](CCCNC(N)=[NH2+])NC(=O)[C@H](CS)NC(=O)[C@H](CO)NC(=O)[C@H](C)NC(=O)CNC(=O)[C@H](CCCC[NH3+])NC(=O)CNC(=O)[C@H](CCCC[NH3+])NC(=O)[C@@H](N)CS)[C@@H](C)O)C(=O)N[C@@H](Cc1ccc(O)cc1)C(=O)N[C@@H](CC(=O)O)C(=O)N[C@@H](CS)C(=O)N[C@@H](CS)C(=O)N[C@@H](CCCNC(N)=[NH2+])C(=O)NCC(=O)N[C@@H](CO)C(=O)N[C@@H](CS)C(=O)N[C@@H](CCCNC(N)=[NH2+])C(=O)N[C@@H](CO)C(=O)NCC(=O)N[C@@H](CCCNC(N)=[NH2+])C(=O)N[C@@H](CS)C(N)=O,0,-5.925518,0
CC[C@H](C)[C@H](NC(O)C(CC1CNCN1)NC(=O)[C@H](CCCC[NH3+])NC(=O)[C@H](CC(C)C)NC(=O)[C@H](CC(C)C)NC(=O)[C@H](CO)NC(=O)[C@H](CCCC[NH3+])NC(=O)[C@H](Cc1c[nH]c2ccccc12)NC(=O)[C@H](CCCC[NH3+])NC(=O)CN)C(=O)N[C@@H](CC(C)C)C(=O)N[C@@H](CCCC[NH3+])C(N)=O,0,-6.204454,0
CC[C@H](C)[C@H](N)C(=O)N[C@@H](CC(C)C)C(=O)N1CCC[C@H]1C(=O)N[C@H](C(=O)N[C@@H](CC(C)C)C(=O)NCC(=O)N[C@@H](CC(N)=O)C(=O)N[C@@H](CC(C)C)C(=O)N[C@@H](CC(C)C)C(=O)N[C@@H](CC(N)=O)C(=O)N[C@@H](CO)C(=O)N[C@@H](CC(C)C)C(=O)N[C@@H](CC(C)C)C(N)=O)[C@@H](C)CC,0,-5.8543067,0
CC[C@H](C)[C@@H]1NC(=O)[C@H](CC(C)C)NC(=O)[C@H](Cc2ccccc2)NC(=O)[C@H](Cc2ccccc2)NC(=O)[C@H](C)NC(=O)[C@@H]2CCCN2C(=O)[C@H](C(C)C)NC(=O)[C@H](CC(C)C)NC(=O)[C@H]([C@@H](C)CC)NC1=O,0,-5.9844184,0
CC[C@H](C)[C@H](NC(=O)[C@H](CCCC[NH3+])NC(=O)[C@H](CC(N)=O)NC(=O)[C@H](Cc1c[nH]c2ccccc12)NC(=O)[C@H](CC(C)C)NC(=O)CN)C(=O)N[C@@H](CCCC[NH3+])C(=O)N[C@@H](CCC(=O)O)C(=O)N[C@@H](C)C(=O)N[C@@H](C)C(=O)N[C@@H](CO)C(=O)N[C@@H](CCCC[NH3+])C(=O)N[C@@H](C)C(=O)N[C@@H](C)C(=O)NCC(=O)N[C@@H](CCCC[NH3+])C(=O)N[C@@H](C)C(=O)N[C@@H](C)C(=O)N[C@@H](CC(C)C)C(=O)NCC(=O)N[C@@H](Cc1ccccc1)C(=O)N[C@H](C(=O)N[C@@H](CC(N)=O)C(=O)N[C@@H](CCC(=O)O)C(=O)N[C@@H](CCSC)C(=O)N[C@H](C(N)=O)C(C)C)C(C)C,0,-3.5166113,0
CC[C@H](C)[C@H](NC(=O)[C@H](CCCC[NH3+])NC(=O)[C@@H]1CCCN1C(=O)[C@H](CC(C)C)NC(=O)[C@H](Cc1ccccc1)NC(=O)[C@H](CC(N)=O)NC(=O)[C@H](C)NC(=O)[C@H](C)NC(=O)[C@H](CC(C)C)NC(=O)CNC(=O)[C@H](C)NC(=O)[C@H](CC(C)C)NC(=O)[C@H](CC(C)C)NC(=O)[C@@H]1CCCN1C(=O)[C@H](CC(C)C)NC(=O)[C@@H](N)Cc1ccccc1)C(=O)N[C@@H](Cc1ccccc1)C(=O)N[C@@H](CS)C(=O)N[C@@H](CCCC[NH3+])C(=O)N[C@H](C(=O)N[C@H](C(=O)N[C@@H](CCCNC(N)=[NH2+])C(=O)N[C@@H](CCCC[NH3+])C(=O)N[C@@H](CS)C(N)=O)[C@@H](C)O)[C@@H](C)CC,0,-2.207774,0
C[C@H](NC(O)C(CC1CNCN1)NC(=O)[C@H](Cc1ccc(O)cc1)NC(=O)[C@H](CCC(=O)O)NC(=O)[C@H](Cc1c[nH]c2ccccc12)NC(=O)[C@@H](N)CC(=O)O)C(=O)NC(CC1CNCN1)C(O)N1CCC[C@H]1C(=O)N[C@@H](CCCC[NH3+])C(=O)N1CC(O)CC1C(O)N[C@@H](CC(N)=O)C(=O)N[C@@H](CO)C(=O)N[C@@H](Cc1ccccc1)C(=O)N[C@@H](Cc1c[nH]c2ccccc12)C(=O)N[C@H](C=O)[C@@H](C)O,0,-0.09375746,0
CC[C@H](C)[C@H](NC(=O)CNC(=O)[C@H](CO)NC(=O)[C@@H](NC(=O)[C@H](CC(C)C)NC(=O)[C@H](CCCNC(N)=[NH2+])NC(=O)CNC(=O)[C@@H](NC(=O)[C@@H](NC(=O)[C@@H]1CCCN1C(=O)[C@H](CC(C)C)NC(=O)[C@@H](N)Cc1ccccc1)[C@@H](C)CC)C(C)C)[C@@H](C)CC)C(=O)N[C@@H](CC(C)C)C(N)=O,0,-4.4634085,0
CC[C@H](C)[C@H](NC(=O)[C@H](CC(C)C)NC(=O)[C@H](CC(N)=O)NC(=O)[C@@H](NC(=O)[C@H](CC(C)C)NC(=O)[C@@H](NC(=O)[C@@H]1CCCN1C(=O)[C@H](CC(C)C)NC(=O)[C@@H](N)Cc1ccccc1)[C@@H](C)CC)[C@@H](C)CC)C(=O)NC(CC1CNCN1)C(O)N[C@@H](CCCC[NH3+])C(=O)NCC(=O)N[C@@H](CC(C)C)C(=O)N[C@@H](CC(C)C)C(N)=O,0,-3.2751544,0
CC[C@H](C)[C@@H]1NC(=O)[C@H](Cc2c[nH]c[nH+]2)NC(=O)[C@H](CCC(N)=O)NC(=O)[C@H](CC(N)=O)NC(=O)[C@H](CC(N)=O)NC(=O)CNC(=O)[C@H](C)NC(=O)[C@@H]2CSSC[C@H](NC(=O)C[NH3+])C(=O)N[C@@H](CSSC[C@@H](C(N)=O)NC1=O)C(=O)N[C@@H](CO)C(=O)N[C@@H](Cc1c[nH]c[nH+]1)C(=O)N1CCC[C@H]1C(=O)N[C@@H](C)C(=O)N2,0,-4.3685846,0
CC[C@H](C)[C@H](NC(=O)CN)C(=O)NCC(=O)N[C@@H](CCCC[NH3+])C(=O)N[C@@H](Cc1ccccc1)C(=O)N[C@@H](CC(C)C)C(=O)NC(CC1CNCN1)C(O)N[C@@H](CO)C(=O)N[C@H](C)C(=O)N[C@@H](CCCC[NH3+])C(=O)N[C@@H](CCCC[NH3+])C(=O)N[C@@H](Cc1ccccc1)C(=O)N[C@H](C)C(=O)N[C@@H](CCCC[NH3+])C(=O)N[C@@H](C)C(=O)N[C@@H](Cc1ccccc1)C(=O)N[C@H](C(=O)N[C@H](C)C(=O)N[C@@H](CCC(=O)O)C(=O)N[C@H](C(=O)N[C@@H](CCSC)C(=O)N[C@@H](CC(N)=O)C(=O)N[C@@H](CO)C(N)=O)[C@@H](C)CC)C(C)C,0,-4.936179,0
CC(C)C[C@@H]1NC(=O)[C@H](CC(=O)O)NC(=O)[C@@H]2CCCN2C(=O)[C@H](Cc2c[nH]c[nH+]2)NC(=O)[C@H](CCCC[NH3+])NC(=O)[C@H](CC(N)=O)NC(=O)[C@H](CCCNC(N)=[NH2+])NC(=O)[C@@H]2CSSC[C@H](NC(=O)C[NH3+])C(=O)N[C@@H](CSSC[C@@H](C(N)=O)NC1=O)C(=O)N[C@@H](CO)C(=O)N[C@@H](CC(=O)O)C(=O)N1CCC[C@H]1C(=O)N1CCC[C@H]1C(=O)N2,0,-3.6556876,0
CC[C@H](C)[C@H](NC(=O)CN)C(=O)NCC(=O)NCC(=O)N[C@@H](C)C(=O)N[C@@H](CC(C)C)C(=O)N[C@@H](CC(C)C)C(=O)N[C@@H](CO)C(=O)N[C@@H](C)C(=O)NCC(=O)N[C@@H](CCCC[NH3+])C(=O)N[C@@H](C)C(=O)N[C@@H](C)C(=O)N[C@@H](CC(C)C)C(=O)N[C@@H](CCCC[NH3+])C(=O)NCC(=O)N[C@@H](CC(C)C)C(=O)N[C@@H](C)C(=O)N[C@@H](CCCC[NH3+])C(=O)N[C@H](C(=O)N[C@@H](CC(C)C)C(=O)N[C@H](C(N)=O)C(C)C)C(C)C,0,-2.6400082,0
CC(C)C[C@H](NC(=O)[C@@H](NC(=O)[C@H](C)NC(=O)[C@H](CS)NC(=O)[C@@H]1CCCN1C(=O)[C@@H]1CCCN1C(=O)[C@@H](NC(=O)[C@H](CO)NC(=O)[C@H](CS)NC(=O)[C@H](CS)NC(=O)CN)[C@@H](C)O)C(C)C)C(=O)N[C@@H](C)C(=O)N[C@@H](CS)C(N)=O,0,-5.0024433,0
CC(=O)NCC(=O)N[C@@H](CCCC[NH3+])C(=O)N[C@@H](CCCC[NH3+])C(=O)N[C@@H](CC(C)C)C(=O)N[C@@H](CC(C)C)C(=O)N[C@@H](CCCC[NH3+])C(=O)N[C@@H](CCCC[NH3+])C(=O)N[C@@H](Cc1c[nH]c2ccccc12)C(=O)N[C@@H](CCCC[NH3+])C(=O)N[C@@H](CCCC[NH3+])C(=O)N[C@@H](CC(C)C)C(=O)N[C@@H](Cc1c[nH]c2ccccc12)C(=O)N[C@@H](CCCC[NH3+])C(=O)N[C@@H](CCCC[NH3+])C(=O)N[C@@H](Cc1c[nH]c2ccccc12)C(N)=O,0,-4.8402934,0
CC(C)C[C@H](NC(=O)[C@H](C)NC(=O)[C@H](CCCC[NH3+])NC(=O)[C@H](CCCC[NH3+])NC(=O)[C@H](CC(C)C)NC(=O)[C@H](C)NC(=O)[C@H](CCCC[NH3+])NC(=O)[C@H](CC(C)C)NC(=O)[C@H](C)NC(=O)[C@H](CC(C)C)NC(=O)[C@H](C)NC(=O)[C@@H](N)Cc1ccccc1)C(N)=O,0,-5.8863845,0
CSCC[C@@H]1NC(=O)[C@H](CCCNC(N)=[NH2+])NC(=O)[C@H](C)NC(=O)[C@H](C)NC(=O)[C@H](Cc2c[nH]c3ccccc23)NC(=O)[C@H](CCCNC(N)=[NH2+])NC(=O)[C@H](Cc2ccccc2)NC(=O)[C@H](C)NC(=O)[C@H](CCCC[NH3+])NC(=O)[C@H](CCCNC(N)=[NH2+])NC(=O)[C@H](Cc2c[nH]c3ccccc23)NC(=O)[C@H](C)NC(=O)[C@@H]2CCCN2C(=O)[C@H](C)NC(=O)[C@H](C)NC(=O)[C@H](CCCC[NH3+])NC(=O)[C@H](CCCC[NH3+])NC(=O)[C@H](CC(C)C)NC1=O,0,-2.8221965,0
CC[C@H](C)[C@H](NC(=O)[C@@H](NC(=O)CN)C(C)C)C(=O)N[C@@H](CC(=O)O)C(=O)N[C@@H](C)C(=O)N[C@@H](C)C(=O)N[C@@H](CCCC[NH3+])C(=O)N[C@@H](CCCC[NH3+])C(=O)N[C@H](C(=O)N[C@H](C(=O)N[C@@H](CC(N)=O)C(=O)N[C@H](C(=O)N[C@@H](CC(C)C)C(=O)N[C@@H](CCCC[NH3+])C(=O)N[C@@H](CC(N)=O)C(=O)N[C@@H](CC(C)C)C(=O)N1CCC[C@H]1C(N)=O)C(C)C)C(C)C)C(C)C,0,-5.7718205,0
CC[C@H](C)[C@H](NC(=O)[C@H](C)NC(=O)[C@H](C)NC(=O)[C@H](CCC(=O)O)NC(=O)[C@H](CCCC[NH3+])NC(=O)CNC(=O)[C@@H](NC(=O)[C@H](CC(N)=O)NC(=O)[C@H](CCCC[NH3+])NC(=O)[C@@H](NC(=O)[C@@H](NC(=O)[C@H](CO)NC(=O)[C@H](Cc1c[nH]c2ccccc12)NC(=O)[C@H](CC(C)C)NC(=O)CN)[C@@H](C)O)[C@@H](C)CC)C(C)C)C(=O)N[C@@H](C)C(=O)N[C@@H](C)C(=O)NCC(=O)N[C@@H](CCCC[NH3+])C(=O)N[C@@H](C)C(=O)N[C@H](C(=O)N[C@@H](CC(C)C)C(=O)NCC(=O)N[C@@H](CO)C(=O)N[C@@H](CC(C)C)C(N)=O)C(C)C,0,-4.5663013,0
CC[C@H](C)[C@H](NC(=O)[C@H](CCCC[NH3+])NC(=O)[C@H](CCCC[NH3+])NC(=O)[C@H](CC(C)C)NC(=O)[C@H](CC(=O)O)NC(=O)[C@@H](NC(=O)[C@@H](N)Cc1ccccc1)C(C)C)C(=O)N[C@@H](C)C(=O)N[C@@H](CC(N)=O)C(=O)N[C@H](C(=O)N[C@H](C(=O)N[C@@H](CC(N)=O)C(=O)N[C@@H](CO)C(=O)N[C@H](C(=O)N[C@@H](Cc1ccccc1)C(=O)NCC(=O)N[C@@H](CCCC[NH3+])C(N)=O)[C@@H](C)CC)[C@@H](C)CC)[C@@H](C)CC,0,-5.22328,0
CC[C@H](C)[C@H](N)C(=O)N[C@@H](CC(C)C)C(=O)N1CCC[C@H]1C(=O)N[C@@H](CC(C)C)C(=O)N[C@@H](CCCC[NH3+])C(=O)N[C@@H](Cc1c[nH]c2ccccc12)C(=O)N1CCC[C@H]1C(=O)N[C@@H](Cc1c[nH]c2ccccc12)C(=O)N[C@@H](Cc1c[nH]c2ccccc12)C(=O)N1CCC[C@H]1C(=O)N[C@@H](Cc1c[nH]c2ccccc12)C(=O)N[C@@H](CCCNC(N)=[NH2+])C(=O)N[C@@H](CCCNC(N)=[NH2+])C(N)=O,0,-3.0081928,0
CC[C@H](C)[C@H](NC(=O)[C@H](CO)NC(=O)[C@@H]1CCCN1C(=O)[C@H](CC(C)C)NC(=O)[C@@H](NC(=O)CNC(=O)[C@H](C)NC(=O)[C@H](CC(C)C)NC(=O)[C@@H](NC(=O)[C@H](CCCC[NH3+])NC(=O)[C@H](CC(C)C)NC(=O)[C@H](C)NC(=O)[C@H](CO)NC(=O)CNC(=O)[C@@H](NC(=O)[C@@H](N)Cc1ccccc1)[C@@H](C)CC)C(C)C)C(C)C)C(=O)N[C@H](C(=O)N[C@@H](CO)C(=O)N[C@@H](Cc1c[nH]c2ccccc12)C(=O)N[C@H](C(=O)N[C@@H](CCCC[NH3+])C(=O)N[C@@H](CCC(N)=O)C(N)=O)C(C)C)C(C)C,0,-3.461702,0
CC(C)C[C@H](NC(=O)[C@H](CCC(=O)O)NC(=O)[C@@H]1CCCN1C(=O)[C@H](C)NC(=O)[C@H](CC(N)=O)NC(=O)[C@@H](NC(=O)[C@H](CO)NC(=O)[C@H](CS)NC(=O)[C@H](C)NC(=O)[C@@H]1CCCN1C(O)C(CC1CNCN1)NC(=O)[C@H](CO)NC(=O)[C@H](CS)NC(=O)[C@H](CS)NC(=O)CN)C(C)C)C(=O)N[C@@H](CS)C(N)=O,0,-6.531151,0
CC[C@H](C)[C@H](N)C(=O)N[C@@H](CC(C)C)C(=O)N1CCC[C@H]1C(=O)N[C@H](C(=O)N[C@@H](CC(C)C)C(=O)N[C@@H](C)C(=O)N1CCC[C@H]1C(=O)N[C@@H](CC(C)C)C(=O)N[C@H](C(=O)NCC(=O)NCC(=O)N[C@@H](CC(C)C)C(=O)N[C@@H](CC(C)C)C(N)=O)[C@@H](C)CC)[C@@H](C)CC,0,-4.4003735,0
CC[C@H](C)[C@H](NC(=O)[C@H](C)NC(=O)[C@H](CCCC[NH3+])NC(=O)[C@H](CC(C)C)NC(=O)[C@H](CC(C)C)NC(=O)CNC(O)C(CC1CNCN1)NC(=O)[C@H](CC(C)C)NC(=O)[C@@H](NC(=O)[C@@H](NC(=O)[C@H](CCCC[NH3+])NC(=O)[C@H](CCCC[NH3+])NC(=O)[C@H](C)NC(=O)[C@H](CO)NC(=O)[C@H](CCCC[NH3+])NC(=O)[C@H](Cc1ccccc1)NC(=O)[C@@H](NC(=O)[C@H](CCCC[NH3+])NC(=O)[C@H](CC(C)C)NC(=O)[C@H](Cc1ccccc1)NC(=O)[C@H](CO)NC(=O)[C@H](CCCC[NH3+])NC(=O)[C@H](Cc1c[nH]c2ccccc12)NC(=O)[C@H](CCCC[NH3+])NC(C)=O)[C@@H](C)O)[C@@H](C)O)C(C)C)C(=O)N[C@@H](CO)C(=O)N[C@@H](CO)C(N)=O,0,-5.2589846,0
CC[C@H](C)[C@H](NC(=O)[C@H](CCCC[NH3+])NC(=O)CNC(=O)[C@H](CC(C)C)NC(=O)[C@H](Cc1ccccc1)NC(=O)[C@H](CCCC[NH3+])NC(=O)[C@H](CO)NC(=O)[C@H](Cc1ccccc1)NC(=O)[C@H](Cc1c[nH]c2ccccc12)NC(=O)[C@H](CCC(N)=O)NC(=O)[C@@H](NC(=O)[C@@H](N)Cc1ccccc1)C(C)C)C(=O)N[C@@H](CC(C)C)C(N)=O,0,-3.518221,0
CSCC[C@H](NC(=O)CNC(=O)[C@H](CCCNC(N)=[NH2+])NC(=O)[C@H](CO)NC(=O)[C@H](CS)NC(O)C1CC(O)CN1C(=O)[C@@H](NC(=O)CNC(O)C1CC(O)CN1C(=O)[C@H](CO)NC(=O)[C@H](CCCC[NH3+])NC(=O)[C@@H](N)CS)[C@@H](C)O)C(=O)N[C@@H](CCCNC(N)=[NH2+])C(=O)N[C@@H](CC(=O)O)C(=O)N[C@@H](CS)C(=O)N[C@@H](CS)C(=O)N[C@H](C(=O)N[C@@H](CO)C(=O)N[C@@H](CS)C(=O)N[C@@H](CC(C)C)C(=O)N[C@@H](CC(C)C)C(=O)N[C@@H](Cc1ccc(O)cc1)C(=O)N[C@@H](CO)C(=O)N[C@@H](CC(N)=O)C(=O)N[C@@H](CCCC[NH3+])C(=O)N[C@@H](CS)C(=O)N[C@@H](CCCNC(N)=[NH2+])C(=O)N[C@@H](CCCNC(N)=[NH2+])C(=O)N[C@H](C=O)Cc1ccc(O)cc1)[C@@H](C)O,0,-3.7302177,0
CC(C)C[C@@H]1NC(=O)[C@H](CC(C)C)NC(=O)[C@H](CCC(N)=O)NC(=O)[C@H](CCCNC(=N)N)NC(=O)[C@H](Cc2c[nH]cn2)NC(=O)[C@@H]2CSSC[C@@H](C(=O)N[C@@H](CC(C)C)C(=O)N[C@@H](CCCNC(=N)N)C(=O)N[C@@H](Cc3ccccc3)C(=O)N[C@H](C(N)=O)C(C)C)NC(=O)[C@H](CSSC[C@H](NC(=O)[C@@H](N)CCC(=O)O)C(=O)N2)NC1=O,0,-4.890917,0
CC(=O)N[C@@H](CCCNC(N)=[NH2+])C(=O)N[C@@H](Cc1c[nH]c2ccccc12)C(=O)N[C@@H](Cc1ccc(O)cc1)C(=O)N[C@@H](CS)C(=O)NCC(N)=O,0,-4.350703,0
CC(=O)N[C@@H](CC(C)C)C(=O)N[C@@H](CC(C)C)C(=O)N[C@@H](CCCNC(N)=[NH2+])C(=O)N[C@H](C(=O)N[C@@H](CCCC[NH3+])C(=O)N[C@@H](CCCNC(N)=[NH2+])C(N)=O)C(C)C,0,-4.400502,0
CC(C)[C@H](NC(=O)[C@@H](NC(=O)[C@H](CS)NC(=O)CNC(=O)[C@H](CS)NC(O)C1CC(O)CN1C(O)C(CC1CNCN1)NC(=O)[C@H](CS)NC(=O)[C@H](C)NC(=O)[C@H](C)NC(=O)[C@H](CC(N)=O)NC(O)C1CC(O)CN1C(=O)[C@H](Cc1ccc(O)cc1)NC(=O)[C@H](CCCC[NH3+])NC(=O)CNC(=O)[C@H](CS)NC(=O)[C@H](CS)NC(=O)CN)[C@@H](C)O)C(=O)NCC(=O)N[C@@H](CCCNC(N)=[NH2+])C(=O)N1CC(O)CC1C(O)N1CC(O)CC1C(O)N[C@@H](Cc1ccc(O)cc1)C(=O)N[C@@H](CS)C(=O)N[C@@H](CC(=O)O)C(=O)N[C@@H](CCCNC(N)=[NH2+])C(=O)N1CC(O)CC1C(O)N[C@@H](CO)C(=O)NCC(=O)NCC=O,0,-6.663106,0
CC[C@H](C)[C@H](NC(=O)[C@@H](N)CCC(N)=O)C(=O)N1CCC[C@H]1C(=O)N[C@@H](Cc1c[nH]c2ccccc12)C(=O)N[C@@H](Cc1ccccc1)C(=O)NC(CC1CNCN1)C(O)N[C@@H](CCCNC(N)=[NH2+])C(N)=O,0,-3.6177976,0
CC(C)C[C@H](NC(=O)[C@H](CC(C)C)NC(=O)[C@@H](CCCC[NH3+])NC(=O)[C@H](CC(C)C)NC(=O)[C@H](CC(C)C)NC(=O)[C@H](CCCC[NH3+])NC(=O)[C@@H](CCCC[NH3+])NC(=O)[C@@H](CC(C)C)NC(=O)[C@H](CC(C)C)NC(=O)[C@@H](CCCC[NH3+])NC(=O)[C@H](CCCC[NH3+])NC(=O)[C@H](CC(C)C)NC(=O)[C@@H](CC(C)C)NC(=O)[C@H](CCCC[NH3+])NC(=O)[C@@H](N)CC(C)C)C(N)=O,0,-2.989268,0
CC[C@H](C)[C@H](NC(=O)[C@H](CCCC[NH3+])NC(=O)[C@H](CCCC[NH3+])NC(=O)[C@H](Cc1ccccc1)NC(=O)[C@H](CC(C)C)NC(=O)[C@H](CCCC[NH3+])NC(=O)[C@@H](N)CC(C)C)C(=O)N[C@@H](CC(C)C)C(=O)N[C@@H](CCCC[NH3+])C(=O)N[C@@H](Cc1ccc(O)cc1)C(=O)N[C@@H](CC(C)C)C(N)=O,0,-5.083724,0
CC[C@H](C)[C@H](N)C(=O)N[C@@H](CC(N)=O)C(=O)N[C@@H](Cc1c[nH]c2ccccc12)C(=O)N[C@@H](CC(C)C)C(=O)N[C@@H](CCCC[NH3+])C(=O)N[C@@H](CC(C)C)C(=O)NCC(=O)N[C@@H](CCCC[NH3+])C(=O)N[C@@H](CCCC[NH3+])C(=O)N[C@H](C(=O)N[C@@H](CC(C)C)C(=O)NCC(=O)N[C@@H](C)C(=O)N[C@H](C(N)=O)[C@@H](C)CC)[C@@H](C)CC,0,-2.9353468,0
C[C@H](NC(=O)[C@H](C)NC(=O)[C@H](Cc1ccccc1)NC(=O)[C@H](C)NC(=O)[C@H](C)NC(=O)[C@H](CCCNC(N)=[NH2+])NC(=O)[C@H](CCCNC(N)=[NH2+])NC(=O)[C@@H](N)CCCNC(N)=[NH2+])C(=O)N[C@@H](Cc1c[nH]c2ccccc12)C(=O)N[C@@H](C)C(=O)N[C@@H](C)C(=O)N[C@@H](Cc1ccccc1)C(=O)N[C@@H](C)C(=O)N[C@@H](C)C(=O)N[C@@H](CCCNC(N)=[NH2+])C(=O)N[C@@H](CCCNC(N)=[NH2+])C(=O)N[C@@H](CCCNC(N)=[NH2+])C(N)=O,0,2.21885,0
CC(C)C[C@H](NC(=O)[C@H](CC(N)=O)NC(=O)[C@H](CO)NC(O)C(CC1CNCN1)NC(=O)[C@H](CCC(=O)O)NC(=O)[C@H](C)NC(O)C(CC1CNCN1)NC(=O)[C@H](CS)NC(=O)[C@@H](NC(=O)[C@@H]1CCCN1C(=O)[C@H](CC(N)=O)NC(=O)[C@H](CO)NC(=O)[C@H](CS)NC(=O)[C@H](CS)NC(=O)CN)C(C)C)C(=O)N[C@@H](CS)C(N)=O,0,-6.301605,0
CC[C@H](C)[C@H](NC(=O)[C@@H](N)CCCNC(N)=[NH2+])C(=O)N[C@@H](CC(C)C)C(=O)N[C@@H](CCCNC(N)=[NH2+])C(=O)NCC(N)=O,0,-0.74103403,0
CC[C@H](C)[C@H](NC(=O)CN)C(=O)NCC(=O)NCC(=O)N[C@@H](CCCC[NH3+])C(=O)N[C@H](C(=O)N[C@@H](CC(C)C)C(=O)NCC(=O)NCC(=O)N[C@@H](CC(C)C)C(=O)N[C@@H](CCCC[NH3+])C(=O)N[C@H](C(=O)N[C@@H](C)C(=O)N[C@@H](CC(C)C)C(=O)N[C@@H](CCCC[NH3+])C(=O)NCC(=O)N[C@@H](C)C(=O)N[C@@H](C)C(=O)N[C@@H](CCCC[NH3+])C(=O)N[C@@H](CCC(=O)O)C(=O)N[C@@H](CC(C)C)C(=O)N[C@@H](C)C(=O)N[C@@H](CO)C(=O)N[C@H](C(=O)N[C@@H](Cc1ccc(O)cc1)C(=O)N[C@@H](CC(C)C)C(=O)NC(CC1CNCN1)C(N)O)[C@@H](C)O)[C@@H](C)O)[C@@H](C)CC,0,-4.1909347,0
CC[C@H](C)[C@H](NC(=O)[C@H](CCC(N)=O)NC(=O)[C@@H]1CCCN1C(=O)[C@H](CC(N)=O)NC(O)C(CC1CNCN1)NC(=O)[C@@H](NC(=O)[C@@H](NC(=O)[C@H](CS)NC(=O)[C@@H](NC(=O)[C@@H]1CCCN1C(=O)[C@H](CC(N)=O)NC(=O)[C@H](CO)NC(=O)[C@H](CS)NC(=O)[C@H](CS)NC(=O)[C@@H]1CCCN1C(=O)[C@H](CC(=O)O)NC(O)C(N)CCCNC(N)N(C)C)C(C)C)[C@@H](C)O)C(C)C)C(=O)N[C@@H](CS)C(N)=O,0,-6.0641584,0
CC[C@H](C)[C@H](NC(=O)CN)C(=O)NCC(=O)N[C@@H](CCCC[NH3+])C(=O)N[C@@H](Cc1ccccc1)C(=O)N[C@@H](CC(C)C)C(=O)NC(CC1CNCN1)C(O)N[C@@H](CCCC[NH3+])C(=O)N[C@H](C(=O)NCC(=O)N[C@@H](CO)C(=O)N[C@@H](Cc1ccccc1)C(=O)N[C@H](C(=O)N[C@@H](CCCC[NH3+])C(=O)N[C@@H](CO)C(=O)N[C@@H](Cc1c[nH]c2ccccc12)C(=O)N[C@@H](CCCC[NH3+])C(=O)NCC(=O)N[C@@H](CCC(=O)O)C(=O)N[C@H](C(=O)N[C@@H](CCSC)C(=O)N[C@@H](CC(N)=O)C(=O)N[C@@H](CO)C(N)=O)[C@@H](C)CC)[C@@H](C)CC)C(C)C,0,-5.965213,0
CCCCC(NC(=O)[C@@H](NC(=O)[C@H](CCCC[NH3+])NC(=O)[C@@H]1CCCN1C(=O)[C@H](CC(C)C)NC(=O)[C@H](CO)NC(=O)[C@H](CCCC[NH3+])NC(=O)[C@H](CCCC[NH3+])NC(=O)[C@H](CC(C)C)NC(=O)[C@H](CO)NC(=O)[C@H](CO)NC(=O)[C@H](CC(C)C)NC(=O)[C@H](Cc1ccccc1)NC(=O)CN)C(C)C)C(O)N[C@@H](C)C(=O)NC(CC1CNCN1)C(O)NC(CCCC)C(O)N[C@@H](CCCC[NH3+])C(N)=O,0,-5.2880783,0
CC(C)C[C@@H]1NC(=O)[C@H](CCCC[NH3+])NC(=O)[C@H](C(C)C)NC(=O)[C@@H]2CCCN2C(=O)[C@@H](Cc2ccc(O)cc2)NC(=O)[C@H](CC(C)C)NC(=O)[C@H](CCCC[NH3+])NC(=O)[C@H](C(C)C)NC(=O)[C@H](CCCC[NH3+])NC(=O)[C@H](CC(C)C)NC(=O)[C@H]2CCCN2C(=O)[C@@H](Cc2ccc(O)cc2)NC(=O)[C@H](C(C)C)NC(=O)[C@H](CCCC[NH3+])NC1=O,0,-6.2706223,0
CC[C@H](C)[C@H](NC(=O)[C@H](CCCC[NH3+])NC(=O)[C@H](CCCC[NH3+])NC(=O)[C@H](CCC(N)=O)NC(=O)CN)C(=O)N[C@@H](CCCNC(N)=[NH2+])C(=O)N[C@H](C(=O)N[C@@H](CCCNC(N)=[NH2+])C(=O)N[C@@H](CC(C)C)C(=O)N[C@@H](CO)C(N)=O)C(C)C,0,-3.7318835,0
CC[C@H](C)[C@H](NC(=O)[C@H](CCCC[NH3+])NC(=O)CNC(=O)[C@@H](NC(=O)[C@H](CC(C)C)NC(O)C(CC1CNCN1)NC(=O)[C@H](C)NC(=O)[C@H](CC(C)C)NC(=O)[C@H](CC(C)C)NC(=O)[C@H](CC(=O)O)NC(=O)[C@H](CCCC[NH3+])NC(=O)CNC(=O)[C@H](C)NC(=O)CNC(=O)[C@H](CCCC[NH3+])NC(=O)[C@H](CC(C)C)NC(=O)[C@@H](NC(=O)[C@H](CC(=O)O)NC(=O)[C@@H](NC(=O)[C@@H](NC(=O)CN)C(C)C)C(C)C)[C@@H](C)CC)C(C)C)C(=O)N[C@@H](CO)C(=O)N[C@@H](CCC(=O)O)C(=O)N[C@@H](CCCC[NH3+])C(=O)N[C@H](C(N)=O)C(C)C,0,-2.160531,0
CC[C@H](C)[C@@H]1NC(=O)[C@H](CCCNC(=N)N)NC(=O)CNC(=O)[C@@H]2CSSC[C@@H](C(=O)N3CCC[C@H]3C(=O)N[C@@H](CCC(=O)O)C(=O)N[C@H](C(=O)N[C@H](C(=O)N[C@@H](CS)C(=O)N3CCC[C@H]3C(=O)N[C@@H](CCCCN)C(=O)N[C@@H](CC(N)=O)C(=O)O)C(C)C)C(C)C)NC(=O)[C@H]([C@@H](C)CC)NC(=O)[C@H](CS)NC(=O)[C@H](CCCNC(=N)N)NC(=O)[C@H](CO)NC(=O)[C@H](CSSC[C@H](NC(=O)[C@H](CCC(=O)O)NC(=O)[C@@H](NC(=O)[C@H](Cc3c[nH]c4ccccc34)NC(=O)[C@H](Cc3ccc(O)cc3)NC(=O)[C@H](CCC(N)=O)NC(=O)[C@@H]3CCCN3C(=O)[C@@H](NC(=O)[C@H](CC(C)C)NC(=O)[C@H](CC(=O)O)NC(=O)[C@H](CC(N)=O)NC(=O)[C@@H](N)CC(C)C)C(C)C)[C@@H](C)O)C(=O)N2)NC(=O)[C@H](Cc2c[nH]cn2)NC(=O)[C@@H]2CCCN2C(=O)CNC1=O,0,-3.387881,0
CC(C)C[C@H](NC(=O)[C@H](Cc1ccccc1)NC(=O)[C@H](C)NC(=O)CNC(=O)[C@H](Cc1c[nH]c2ccccc12)NC(=O)[C@H](CC(N)=O)NC(=O)[C@@H](N)CC(C)C)C(=O)N[C@@H](CCCC[NH3+])C(=O)NC(CC1CNCN1)C(O)N[C@@H](Cc1ccccc1)C(=O)N[C@@H](Cc1ccccc1)C(=O)N[C@@H](CCCC[NH3+])C(N)=O,0,-5.285182,0
CC[C@H](C)[C@H](N)C(=O)N[C@@H](CC(N)=O)C(=O)N[C@@H](Cc1c[nH]c2ccccc12)C(=O)N[C@@H](CCCC[NH3+])C(=O)N[C@@H](CCCC[NH3+])C(=O)N[C@H](C(=O)N[C@@H](C)C(=O)N[C@@H](CO)C(=O)N[C@H](C(=O)NCC(=O)N[C@@H](CCCC[NH3+])C(=O)N[C@@H](CCC(=O)O)C(=O)N[C@H](C(=O)N[C@@H](CC(C)C)C(=O)N[C@@H](CCCC[NH3+])C(=O)N[C@@H](C)C(=O)N[C@@H](CC(C)C)C(N)=O)C(C)C)[C@@H](C)CC)[C@@H](C)CC,0,-5.799883,0
CC[C@H](C)[C@H](NC(=O)[C@H](CCC(=O)O)NC(=O)[C@@H]1CCCN1C(O)C(CC1CNCN1)NC(=O)[C@H](CC(=O)O)NC(=O)[C@H](Cc1ccc(O)cc1)NC(=O)[C@H](CC(N)=O)NC(=O)[C@H](CS)NC(=O)[C@H](CCCNC(N)=[NH2+])NC(=O)[C@@H]1CCCN1C(=O)[C@H](CC(=O)O)NC(=O)[C@H](CO)NC(=O)[C@H](CS)NC(=O)[C@H](CS)NC(=O)[C@H](C)N)C(=O)N[C@@H](CS)C(N)=O,0,-5.0395107,0
CC[C@H](C)[C@H](NC(=O)[C@H](CCC(=O)O)NC(=O)[C@@H]1CCCN1C(O)C(CC1CNCN1)NC(=O)[C@H](CC(=O)O)NC(=O)[C@H](Cc1ccc(O)cc1)NC(=O)[C@H](C)NC(=O)[C@H](CS)NC(=O)[C@H](CCCNC(N)=[NH2+])NC(=O)[C@@H]1CCCN1C(=O)[C@H](CC(=O)O)NC(=O)[C@H](CO)NC(=O)[C@H](CS)NC(=O)[C@H](CS)NC(=O)CN)C(=O)N[C@@H](CS)C(N)=O,0,-6.003436,0
CC[C@H](C)[C@H](NC(=O)[C@@H](NC(=O)[C@@H]1CCCN1C(=O)[C@@H](NC(=O)[C@@H](NC(=O)[C@H](CCCNC(N)=[NH2+])NC(=O)[C@@H]1CCCN1C(=O)[C@@H](NC(=O)[C@@H](NC(O)C(CC1CNCN1)NC(=O)[C@H](CCCC[NH3+])NC(=O)[C@H](C)NC(=O)[C@@H](NC(=O)[C@H](CO)NC(=O)CNC(=O)[C@H](CC(C)C)NC(=O)[C@@H](NC(=O)[C@H](CO)NC(=O)[C@H](Cc1ccccc1)NC(=O)[C@H](CC(C)C)NC(=O)CN)C(C)C)C(C)C)C(C)C)C(C)C)C(C)C)C(C)C)C(C)C)C(=O)N[C@@H](C)C(=O)N[C@@H](CCC(=O)O)C(=O)NC(CC1CNCN1)C(O)N[C@@H](CC(C)C)C(N)=O,0,-4.6653714,0
CC(C)[C@H](NC(=O)[C@H](CCCC[NH3+])NC(=O)[C@@H](NC(=O)[C@H](CCCC[NH3+])NC(=O)[C@@H](NC(=O)[C@H](CCCC[NH3+])NC(=O)[C@@H](NC(=O)[C@@H]1CCCN1C(=O)[C@H]1CCCN1C(=O)[C@@H](NC(=O)[C@H](CCCC[NH3+])NC(=O)[C@@H](NC(=O)[C@H](CCCC[NH3+])NC(=O)[C@@H](NC(=O)[C@H](CCCC[NH3+])NC(=O)[C@@H](NC(=O)[C@@H](N)CCCC[NH3+])C(C)C)C(C)C)C(C)C)C(C)C)[C@@H](C)O)C(C)C)C(C)C)C(=O)N[C@@H](CCCC[NH3+])C(N)=O,0,-3.9202185,0
CC(C)C[C@H](NC(=O)[C@H](CC(C)C)NC(=O)[C@H](CCCC[NH3+])NC(=O)CNC(=O)[C@H](CC(C)C)NC(=O)[C@H](CC(C)C)NC(=O)[C@H](CO)NC(=O)[C@H](C)NC(=O)[C@H](Cc1ccccc1)NC(=O)[C@H](Cc1ccccc1)NC(=O)[C@@H]1CCCN1C(=O)[C@H](CC(C)C)NC(=O)[C@@H](N)Cc1ccccc1)C(N)=O,0,-5.8882017,0
C[C@H](NC(=O)[C@H](Cc1ccc(O)cc1)NC(=O)[C@H](CC(N)=O)NC(=O)[C@H](CCCC[NH3+])NC(=O)CNC(=O)[C@H](CS)NC(=O)[C@H](C)NC(=O)[C@@H]1CCCN1C(O)C(CC1CNCN1)NC(=O)[C@H](CS)NC(=O)[C@H](CS)NC(=O)[C@H](CCCNC(N)=[NH2+])NC(=O)CN)C(=O)N[C@@H](CS)C(N)=O,0,-7.6243763,0
CC(C)C[C@H]1NC(=O)[C@@H](C(C)C)NC(=O)[C@@H]2CCCN2C(=O)[C@@H](CC(=O)O)NC(=O)[C@@H](Cc2c[nH]c3ccccc23)NC1=O,0,-5.98308,0
CC[C@H](C)[C@@H]1NC(=O)CNC(=O)[C@H](CCCNC(N)=[NH2+])NC(=O)[C@H](Cc2ccc(O)cc2)NC(=O)[C@@H]2CSSC[C@H](NC1=O)C(=O)N[C@@H](Cc1ccc(O)cc1)C(=O)N[C@@H](CCCNC(N)=[NH2+])C(=O)N[C@@H](CCCNC(N)=[NH2+])C(=O)N[C@H](C(=O)N[C@@H](CCCNC(N)=[NH2+])C(=O)O)CSSC[C@H](NC(=O)[C@H](Cc1c[nH]c3ccccc13)NC(=O)[C@@H]([NH3+])CCCC[NH3+])C(=O)N[C@@H](Cc1ccccc1)C(=O)N[C@@H](CCCNC(N)=[NH2+])C(=O)N[C@@H](C(C)C)C(=O)N2,0,-1.2465633,0
CC[C@H](C)[C@H](NC(=O)[C@H](CO)NC(=O)[C@H](C)NC(=O)[C@@H]1CCCN1C(=O)[C@H](CC(C)C)NC(=O)CN)C(=O)N[C@@H](CO)C(=O)N[C@@H](Cc1c[nH]c2ccccc12)C(=O)N[C@H](C(=O)N[C@@H](CCCC[NH3+])C(=O)N[C@@H](CCCNC(N)=[NH2+])C(=O)N[C@@H](CCCC[NH3+])C(=O)N[C@@H](CCCNC(N)=[NH2+])C(=O)N[C@@H](CCC(N)=O)C(=O)N[C@@H](CCC(N)=O)C(N)=O)[C@@H](C)CC,0,-2.904759,0
CC[C@H](C)[C@H](NC(=O)[C@H](CC(C)C)NC(=O)[C@@H]1CCCN1C(=O)[C@H](CC(C)C)NC(=O)[C@@H](N)C(C)C)C(=O)N[C@@H](CO)C(=O)N[C@@H](CCSC)C(=O)N[C@@H](C)C(=O)N[C@@H](CC(C)C)C(=O)NCC(=O)N[C@@H](CCCC[NH3+])C(=O)N[C@@H](CC(C)C)C(=O)N[C@@H](CC(C)C)C(N)=O,0,-4.822391,0
C[C@H](NC(=O)CNC(=O)[C@H](CS)NC(=O)[C@H](C)NC(=O)[C@@H]1CCCN1C(=O)[C@H](CC(N)=O)NC(=O)[C@H](CS)NC(=O)[C@H](CS)NC(=O)[C@@H](N)CCC(=O)O)C(=O)NC(CC1CNCN1)C(O)N[C@@H](Cc1ccc(O)cc1)C(=O)N[C@@H](CO)C(=O)N[C@@H](CS)C(N)=O,0,-7.6483846,0
CC[C@H](C)[C@H](NC(=O)[C@H](Cc1c[nH]c2ccccc12)NC(=O)[C@H](CS)NC(=O)[C@H](CS)NC(=O)[C@@H](N)CC(C)C)C(=O)NC(CC1CNCN1)C(O)N[C@@H](Cc1c[nH]c2ccccc12)C(=O)N[C@@H](CS)C(=O)NC(CC1CNCN1)C(O)N[C@@H](C)C(=O)N[C@@H](CCCNC(N)=[NH2+])C(=O)N[C@@H](CS)C(=O)N[C@H](C(=O)N[C@@H](CS)C(=O)N[C@@H](CS)C(N)=O)[C@@H](C)O,0,-6.2490606,0
CC(C)C[C@@H]1NC(O)C(CCC[NH3+])NC(=O)[C@H](C(C)C)NC(=O)[C@@H]2CCCN2C(O)C(CC2CCCC3CCCCC32)NC(=O)[C@H](CC(C)C)NC(O)C(CCC[NH3+])NC(=O)[C@H](C(C)C)NC(=O)[C@@H]2CCCN2C(O)C(CC2CCCC3CCCCC32)NC1=O,0,-4.9366455,0
NC(=O)[C@H](Cc1c[nH]c2ccccc12)NC(O)C(CC1CNCN1)NC(=O)[C@H](CS)NC(=O)[C@H](CS)NC(=O)[C@H](CCC(=O)O)NC(=O)[C@H](Cc1ccccc1)NC=O,0,-5.808268,0
CC(C)C[C@H](NC(=O)[C@H](C)NC(=O)[C@H](CCCC[NH3+])NC(=O)[C@H](CCCC[NH3+])NC(=O)[C@H](C)NC(=O)CNC(=O)[C@H](CCCC[NH3+])NC(=O)[C@H](CC(C)C)NC(=O)[C@H](CC(C)C)NC(=O)[C@H](CC(=O)O)NC(=O)[C@H](CCCC[NH3+])NC(=O)[C@H](Cc1ccccc1)NC(=O)CN)C(=O)N[C@H](C(=O)N[C@@H](CCCC[NH3+])C(=O)N[C@H](C(=O)N[C@H](C(=O)N[C@@H](CC(C)C)C(=O)N[C@@H](Cc1ccccc1)C(N)=O)C(C)C)[C@@H](C)O)C(C)C,0,-6.147975,0
CC[C@H](C)[C@H](NC(=O)[C@H](CC(C)C)NC(O)C(CC1CNCN1)NC(=O)CNC(=O)[C@H](CC(C)C)NC(=O)[C@@H](NC(=O)[C@H](CCCC[NH3+])NC(=O)[C@H](CO)NC(=O)[C@H](Cc1c[nH]c2ccccc12)NC(=O)[C@H](CCSC)NC(=O)CN)[C@@H](C)CC)C(=O)N[C@@H](CCCC[NH3+])C(N)=O,0,-5.565017,0
CC[C@H](C)[C@H](NC(=O)[C@H](CCCNC(N)=[NH2+])NC(=O)[C@H](CS)NC(=O)[C@H](Cc1c[nH]c2ccccc12)NC(=O)[C@H](Cc1c[nH]c2ccccc12)NC(=O)[C@H](CCCNC(N)=[NH2+])NC(=O)[C@H](CCCNC(N)=[NH2+])NC(C)=O)C(N)=O,0,-4.3592663,0
CSCC[C@@H]1NC(=O)[C@H](CCCNC(N)=[NH2+])NC(=O)[C@H](Cc2c[nH]c3ccccc23)NC(=O)[C@H](C)NC(=O)[C@H](C)NC(=O)[C@H](CCCNC(N)=[NH2+])NC(=O)[C@H](Cc2ccccc2)NC(=O)[C@H](C)NC(=O)[C@H](CCCC[NH3+])NC(=O)[C@H](CCCNC(N)=[NH2+])NC(=O)[C@H](Cc2c[nH]c3ccccc23)NC(=O)[C@H](C)NC(=O)[C@H]2CCCN2C(=O)[C@@H](C)NC(=O)[C@H](C)NC(=O)[C@H](CCCC[NH3+])NC(=O)[C@H](CCCC[NH3+])NC(=O)[C@H](CC(C)C)NC1=O,0,-2.9393804,0
CC[C@H](C)[C@H]([NH3+])C(=O)N[C@H](C(=O)NCC(=O)N1CCC[C@H]1C(=O)N[C@H](C(=O)N[C@@H](CC(C)C)C(=O)NCC(=O)N[C@@H](CC(C)C)C(=O)N[C@H](C(=O)NCC(=O)N[C@@H](CO)C(=O)N[C@@H](C)C(=O)N[C@@H](CC(C)C)C(=O)NCC(=O)NCC(=O)N[C@@H](CC(C)C)C(=O)N[C@@H](CC(C)C)C(=O)N[C@@H](CCCC[NH3+])C(=O)N[C@@H](CCCC[NH3+])C(=O)N[C@H](C(=O)O)[C@@H](C)CC)C(C)C)C(C)C)[C@@H](C)CC,0,-3.704735,0
CC[C@H](C)[C@H](NC(=O)[C@H](CCCC[NH3+])NC(=O)[C@H](Cc1ccc(O)cc1)NC(=O)CNC(O)C(CC1CNCN1)NC(O)C(CC1CNCN1)NC(=O)[C@H](CCCNC(N)=[NH2+])NC(=O)[C@H](CCCC[NH3+])NC(=O)[C@H](C)NC(O)C(CC1CNCN1)NC(=O)[C@H](CO)NC(=O)[C@@H](N)CC(=O)O)C(=O)N[C@@H](CCCC[NH3+])C(=O)N[C@@H](Cc1ccccc1)C(=O)NC(CC1CNCN1)C(O)N[C@@H](CCC(=O)O)C(=O)N[C@@H](CC(N)=O)C(=O)NC(CC1CNCN1)C(O)NC(CC1CNCN1)C(O)N[C@@H](CO)C(=O)NC(CC1CNCN1)C(O)N[C@@H](CCCNC(N)=[NH2+])C(=O)NCC(=O)N[C@@H](Cc1ccc(O)cc1)C(N)=O,0,-1.7754961,0
CC[C@@H](C)[C@H]1NC(=O)[C@H]2CCCN2C(=O)[C@H](Cc2c[nH]c3ccccc23)NC(=O)[C@H](CO)NC(=O)[C@@H](CS)NC(=O)[C@H]([C@@H](C)O)NC(=O)[C@@H](CS)NC(=O)CNC(=O)[C@H](CCC(N)=O)NC(=O)[C@H]([C@@H](C)O)NC(=O)[C@H](Cc2ccc(O)cc2)NC(=O)[C@H](CS)NC(=O)[C@H]([C@@H](C)O)NC(=O)CNC(=O)[C@H](CC(C)C)NC(=O)[C@H]([C@@H](C)O)NC(=O)[C@H](CS)NC(=O)[C@H]([C@@H](C)O)NC(=O)[C@H](CCC(=O)O)NC(=O)CNC(=O)[C@H](CS)NC(=O)[C@H](C(C)C)NC(=O)[C@@H]2CCCN2C(=O)[C@H](CC(C)C)NC(=O)CNC(=O)[C@H](CC(N)=O)NC(=O)[C@H](CCCNC(N)=[NH2+])NC(=O)[C@H](CCCC[NH3+])NC(=O)[C@H](CS)NC1=O,0,-5.828834,0
CC(C)C[C@H](NC(=O)[C@H](CCC(=O)O)NC(O)C1CC(O)CN1C(O)C(CC1CNCN1)NC(=O)[C@H](CC(N)=O)NC(=O)[C@@H](NC(=O)[C@H](CO)NC(=O)[C@H](CS)NC(=O)[C@H](C)NC(=O)[C@@H]1CCCN1C(O)C(CC1CNCN1)NC(=O)[C@H](CO)NC(=O)[C@H](CS)NC(=O)[C@H](CS)NC(=O)CN)C(C)C)C(=O)N[C@H](C=O)CS,0,-2.8167126,0
CC(C)C[C@H](NC(=O)[C@H](CCCC[NH3+])NC(=O)[C@H](CCCNC(N)=[NH2+])NC(=O)[C@H](Cc1ccccc1)NC(=O)[C@H](Cc1ccccc1)NC(=O)[C@H](CCCC[NH3+])NC(=O)[C@H](CCCC[NH3+])NC(=O)[C@H](Cc1ccccc1)NC(=O)[C@H](CCCNC(N)=[NH2+])NC(=O)[C@H](CCCC[NH3+])NC(=O)[C@@H](N)C(C)C)C(=O)N[C@@H](CCCC[NH3+])C(=O)N[C@@H](CCCC[NH3+])C(=O)N[C@@H](CCCC[NH3+])C(=O)N[C@H](C(N)=O)C(C)C,1,1.2075571,1
NC(=[NH2+])NCCC[C@H](NC(=O)[C@H](CCCNC(N)=[NH2+])NC(=O)[C@H](CCCNC(N)=[NH2+])NC(=O)[C@H](CCC(N)=O)NC(=O)[C@H](CCCNC(N)=[NH2+])NC(=O)[C@H](CCCNC(N)=[NH2+])NC(=O)[C@H](CCCC[NH3+])NC(=O)[C@H](CCCC[NH3+])NC(=O)[C@@H](N)CCCNC(N)=[NH2+])C(=O)NCC(=O)NCC(=O)NCC(N)=O,1,5.892616,1
CNCCC[C@H](NC(=O)[C@H](CCCNC)NC(=O)[C@H](CCCNC)NC(=O)[C@H](CCCNC)NC(=O)[C@H](CCCNC)NC(=O)[C@H](CCCNC)NC(=O)[C@H](CCCNC)NC(O)C(C)CN)C(N)=O,1,-2.5158248,1
CC(C)C[C@H](NC(=O)[C@H](CC(C)C)NC(=O)[C@H](C)NC(=O)[C@H](C)NC(=O)[C@H](C)NC(=O)[C@H](CC(C)C)NC(=O)[C@H](CCCC[NH3+])NC(=O)[C@H](CCCC[NH3+])NC(=O)[C@H](Cc1c[nH]c2ccccc12)NC(=O)[C@H](CCCC[NH3+])NC(=O)[C@H](CCCC[NH3+])NC(=O)[C@H](CC(C)C)NC(=O)[C@H](CC(C)C)NC(=O)[C@H](C)NC(=O)[C@H](C)NC(=O)[C@H](C)NC(=O)[C@H](CC(C)C)NC(=O)[C@@H](N)CCCC[NH3+])C(N)=O,1,0.43999356,1
CC[C@H](C)[C@H](NC(=O)[C@H](CC(C)C)NC(=O)[C@@H](NC(=O)[C@H](CCCNC(N)=[NH2+])NC(=O)[C@H](Cc1ccccc1)NC(=O)[C@@H](NC(=O)[C@@H](NC(=O)[C@@H](N)CC(C)C)[C@@H](C)CC)[C@@H](C)CC)[C@@H](C)CC)C(=O)N[C@@H](CO)C(=O)NC(CC1CNCN1)C(O)NC(CC1CNCN1)C(O)NC(CO)CC1CNCN1,1,2.4265478,1
CC[C@H](C)[C@H](NC(=O)[C@H](CCCNC(N)=[NH2+])NC(=O)[C@H](CCCNC(N)=[NH2+])NC(=O)[C@H](CCCNC(N)=[NH2+])NC(=O)[C@H](CC(C)C)NC(=O)[C@@H](NC(=O)[C@@H](NC(=O)[C@H](CC(C)C)NC(=O)[C@H](C)N)[C@@H](C)CC)[C@@H](C)CC)C(=O)N[C@@H](CCCNC(N)=[NH2+])C(=O)N[C@@H](CCCC[NH3+])C(=O)N[C@@H](CCC(N)=O)C(=O)N[C@@H](C)C(=O)NC(CC1CNCN1)C(O)N[C@@H](C)C(=O)NC(CC1CNCN1)C(O)N[C@@H](CO)C(=O)N[C@H](C=O)CCCC[NH3+],1,8.094155,1
CC[C@H](C)[C@H](NC(=O)[C@H](CCCC[NH3+])NC(=O)[C@H](CCCC[NH3+])NC(=O)[C@H](C)NC(=O)[C@H](CC(C)C)NC(=O)[C@H](C)NC(=O)[C@H](C)NC(=O)[C@H](CC(C)C)NC(=O)[C@H](C)NC(=O)[C@H](CCCC[NH3+])NC(=O)[C@H](CC(C)C)NC(=O)[C@H](CC(N)=O)NC(=O)[C@@H](NC(=O)[C@H](CCCC[NH3+])NC(=O)CNC(=O)[C@H](CC(C)C)NC(=O)[C@H](CC(C)C)NC(=O)[C@H](Cc1ccc(O)cc1)NC(=O)CNC(=O)[C@H](C)N)[C@@H](C)CC)C(=O)N[C@H](C=O)CC(C)C,1,6.860139,1
C[C@H](N)C(=O)N[C@@H](CS)C(=O)N[C@@H](CCCNC(N)=[NH2+])C(=O)NCC(=O)N[C@@H](CCCNC(N)=[NH2+])C(=O)NCC(=O)N[C@@H](CCCNC(N)=[NH2+])C(=O)NCC(=O)N[C@@H](CS)C(=O)NCC(=O)N[C@@H](CO)C(=O)NCC(=O)N[C@@H](CO)C(=O)N[C@@H](CCCNC(N)=[NH2+])C(=O)N[C@@H](CO)C(=O)N[C@@H](CS)C(=O)NCC=O,1,2.3919592,1
CC[C@H](C)[C@H](NC(=O)[C@H](C)NC(=O)[C@@H](NC(=O)[C@H](CCC(N)=O)NC(=O)[C@@H](N)CCCNC(N)=[NH2+])[C@@H](C)CC)C(=O)N[C@@H](Cc1c[nH]c2ccccc12)C(=O)N[C@@H](Cc1ccccc1)C(=O)N[C@@H](CCC(N)=O)C(=O)N[C@@H](CC(N)=O)C(=O)N[C@@H](CCCNC(N)=[NH2+])C(=O)N[C@@H](CCCNC(N)=[NH2+])C(=O)N[C@@H](CCSC)C(=O)N[C@@H](CCCC[NH3+])C(=O)N[C@@H](Cc1c[nH]c2ccccc12)C(=O)N[C@@H](CCCC[NH3+])C(=O)N[C@H](C=O)CCCC[NH3+],1,7.7103763,1
NCC(=O)N[C@@H](CCCNC(N)=[NH2+])C(=O)N[C@@H](CCCC[NH3+])C(=O)N[C@@H](CCCC[NH3+])C(=O)N[C@@H](CCCNC(N)=[NH2+])C(=O)N[C@@H](CCCNC(N)=[NH2+])C(=O)N[C@@H](CCC(N)=O)C(=O)N[C@@H](CCCNC(N)=[NH2+])C(=O)N[C@@H](CCCNC(N)=[NH2+])C(=O)N[C@@H](CCCNC(N)=[NH2+])C(=O)N1CCC[C@H]1C(=O)N1CCC[C@H]1C(=O)N[C@@H](CCC(N)=O)C(=O)N[C@H](C=O)Cc1ccc(O)cc1,1,7.553814,1
CC(=O)N[C@@H](CCCNC(N)=[NH2+])C(=O)N[C@@H](CCCNC(N)=[NH2+])C(=O)N[C@@H](CCCNC(N)=[NH2+])C(=O)N[C@@H](CCCNC(N)=[NH2+])C(=O)N[C@@H](CCCNC(N)=[NH2+])C(=O)N[C@@H](CCCNC(N)=[NH2+])C(=O)N[C@@H](CCCNC(N)=[NH2+])C(=O)N[C@@H](CCCNC(N)=[NH2+])C(N)=O,1,2.5243907,1
NC(=[NH2+])NCCC[C@@H](N)C(=O)N[C@H](CCCNC(N)=[NH2+])C(=O)N[C@H](CCCNC(N)=[NH2+])C(=O)N[C@H](CCCNC(N)=[NH2+])C(=O)N[C@H](CCCNC(N)=[NH2+])C(=O)N[C@@H](C=O)CCCNC(N)=[NH2+],1,7.71436,1
NC(=[NH2+])NCCC[C@@H](C=O)NC(=O)[C@H](CCCNC(N)=[NH2+])NC(=O)[C@H](CCCNC(N)=[NH2+])NC(=O)[C@H](CCCNC(N)=[NH2+])NC(=O)[C@H](CCCNC(N)=[NH2+])NC(=O)[C@@H](N)CCCNC(N)=[NH2+],1,7.4498634,1
CC[C@H](C)[C@H](NC(=O)[C@@H](NC(=O)[C@@H](N)Cc1c[nH]c2ccccc12)[C@@H](C)CC)C(=O)N[C@@H](Cc1ccccc1)C(=O)N[C@@H](CCCNC(N)=[NH2+])C(=O)N[C@@H](C)C(=O)N[C@@H](C)C(=O)N[C@@H](C)C(=O)N[C@@H](CO)C(=O)NC(CC1CNCN1)C(O)N[C@@H](CCCC[NH3+])C(=O)N[C@H](C=O)CCCC[NH3+],1,6.958453,1
CC(C)C[C@H](NC(=O)[C@H](CCCNC(N)=[NH2+])NC(=O)[C@H](CCC(=O)O)NC(=O)[C@H](CC(=O)O)NC(=O)[C@H](C)NC(=O)[C@@H]1CCCN1C(=O)[C@H](CS)NC(=O)[C@H](CC(N)=O)NC(=O)[C@H](CCCNC(N)=[NH2+])NC(=O)[C@H](Cc1ccccc1)NC(=O)[C@H](CCCNC(N)=[NH2+])NC(=O)[C@H](CC(=O)O)NC(=O)[C@H](CCCNC(N)=[NH2+])NC(=O)[C@H](CS)NC(=O)[C@H](C)N)C(=O)N[C@@H](CS)C(=O)NCC=O,1,0.86097133,1
CC(C)C[C@H](NC(=O)[C@H](C)NC(=O)[C@H](CCCC[NH3+])NC(=O)[C@H](CC(C)C)NC(=O)[C@H](C)NC(=O)[C@H](CC(C)C)NC(=O)[C@H](CCCC[NH3+])NC(=O)[C@H](CC(C)C)NC(=O)[C@H](C)NC(=O)[C@H](CC(C)C)NC(=O)[C@@H](N)CCCC[NH3+])C(=O)N[C@@H](CCCC[NH3+])C(=O)N[C@@H](C)C(=O)N[C@@H](C)C(=O)N[C@@H](CC(C)C)C(=O)N[C@@H](CCCC[NH3+])C(=O)N[C@@H](CC(C)C)C(=O)N[C@@H](C)C(=O)NCC(=O)N[C@H](C=O)CS,1,6.875761,1
NC(=[NH2+])NCCC[C@H](NC(=O)[C@H](CCCNC(N)=[NH2+])NC(=O)[C@H](CCCNC(N)=[NH2+])NC(=O)[C@H](CCCNC(N)=[NH2+])NC(=O)[C@H](CCCNC(N)=[NH2+])NC(=O)[C@H](CCCNC(N)=[NH2+])NC(=O)[C@H](CCCNC(N)=[NH2+])NC(=O)[C@@H](N)CCCNC(N)=[NH2+])C(=O)NCC(=O)N[C@@H](CS)C(N)=O,1,4.304805,1
CC[C@H](C)[C@H](NC(=O)[C@H](CCCC[NH3+])NC(=O)[C@H](CCCC[NH3+])NC(=O)[C@H](C)NC(=O)[C@H](CC(C)C)NC(=O)[C@H](C)NC(=O)[C@H](C)NC(=O)[C@H](CC(C)C)NC(=O)[C@H](C)NC(=O)[C@H](CCCC[NH3+])NC(=O)[C@H](CC(C)C)NC(=O)[C@H](CC(N)=O)NC(=O)[C@@H](NC(=O)[C@H](CCCC[NH3+])NC(=O)CNC(=O)[C@H](CC(C)C)NC(=O)[C@H](CC(C)C)NC(=O)[C@H](Cc1ccc(O)cc1)NC(=O)CNC(=O)[C@H](C)NC(=O)[C@H](CO)NC(=O)[C@H](CC(N)=O)NC(=O)[C@@H](N)CC(C)C)[C@@H](C)CC)C(=O)N[C@H](C=O)CC(C)C,1,5.5457497,1
CC(=O)N[C@@H](CS)C(=O)N[C@@H](Cc1c[nH]c2ccccc12)C(=O)N[C@@H](CCCC[NH3+])C(=O)N[C@@H](CCCC[NH3+])C(=O)N[C@@H](CCCC[NH3+])C(=O)N[C@@H](CCCC[NH3+])C(=O)N[C@@H](CCCC[NH3+])C(=O)N[C@@H](CCCC[NH3+])C(=O)N[C@@H](CCCC[NH3+])C(=O)N[C@@H](CCCC[NH3+])C(=O)N[C@@H](CCCC[NH3+])C(=O)N[C@@H](CCCC[NH3+])C(=O)N[C@@H](CCCC[NH3+])C(=O)N[C@@H](CCCC[NH3+])C(=O)N[C@@H](CCCC[NH3+])C(=O)N[C@@H](CCCC[NH3+])C(=O)N[C@@H](CCCC[NH3+])C(=O)N[C@@H](CCCC[NH3+])C(=O)N[C@@H](CCCC[NH3+])C(=O)N[C@H](C=O)CCCC[NH3+],1,5.223161,1
CC[C@H](C)[C@H](NC(=O)[C@H](CCCC[NH3+])NC(=O)[C@@H](NC(=O)[C@H](CCC(N)=O)NC(=O)[C@@H]([NH3+])CCCNC(N)=[NH2+])[C@@H](C)CC)C(=O)N[C@@H](Cc1c[nH]c2ccccc12)C(=O)N[C@@H](Cc1ccccc1)C(=O)N[C@@H](CCC(N)=O)C(=O)N[C@@H](CC(N)=O)C(=O)N[C@@H](CCCNC(N)=[NH2+])C(=O)N[C@@H](CCCNC(N)=[NH2+])C(=O)N[C@@H](CCSC)C(=O)N[C@@H](CCCC[NH3+])C(=O)N[C@@H](Cc1c[nH]c2ccccc12)C(=O)N[C@@H](CCCC[NH3+])C(=O)N[C@@H](CCCC[NH3+])C(=O)O,1,3.2271616,1
C[C@H](N)C(=O)N[C@@H](CS)C(=O)N[C@@H](CCCNC(N)=[NH2+])C(=O)N[C@@H](CCCNC(N)=[NH2+])C(=O)N[C@@H](CO)C(=O)N[C@@H](CCCNC(N)=[NH2+])C(=O)N[C@@H](CCCNC(N)=[NH2+])C(=O)NCC(=O)N[C@@H](CS)C(=O)NCC(=O)N[C@@H](CCCNC(N)=[NH2+])C(=O)N[C@@H](CCCNC(N)=[NH2+])C(=O)N[C@@H](CO)C(=O)N[C@@H](CCCNC(N)=[NH2+])C(=O)N[C@@H](CCCNC(N)=[NH2+])C(=O)N[C@@H](CS)C(=O)NCC=O,1,5.3054295,1
CC(=O)N[C@@H](CCCNC(N)=[NH2+])C(=O)N[C@@H](CC(C)C)C(=O)N[C@@H](CC(C)C)C(=O)N[C@@H](CCCNC(N)=[NH2+])C(=O)N[C@@H](CC(C)C)C(=O)N[C@@H](CC(C)C)C(=O)N[C@@H](CC(C)C)C(=O)N[C@@H](CCCNC(N)=[NH2+])C(=O)N[C@@H](CC(C)C)C(=O)N[C@@H](Cc1c[nH]c2ccccc12)C(=O)N[C@@H](CCCNC(N)=[NH2+])C(=O)N[C@@H](CCCNC(N)=[NH2+])C(=O)N[C@@H](CC(C)C)C(=O)N[C@@H](CC(C)C)C(=O)N[C@@H](CCCNC(N)=[NH2+])C(=O)N[C@@H](CC(C)C)C(=O)N[C@@H](CC(C)C)C(=O)N[C@@H](CCCNC(N)=[NH2+])C(N)=O,1,5.6219344,1
C[C@H](NC(=O)[C@H](CCCC[NH3+])NC(=O)[C@H](CO)NC(=O)[C@H](CCCNC(N)=[NH2+])NC(=O)[C@H](C)NC(O)C(CC1CNCN1)NC(O)C(CC1CNCN1)NC(=O)[C@H](CCCNC(N)=[NH2+])NC(=O)[C@H](CCCNC(N)=[NH2+])NC(=O)[C@@H](N)CO)C(=O)N[C@@H](CCCC[NH3+])C(=O)N[C@@H](CCCNC(N)=[NH2+])C(=O)N[C@@H](CO)C(=O)N[C@@H](CCCNC(N)=[NH2+])C(=O)NC(CC1CNCN1)C(O)NC(CO)CC1CNCN1,1,4.6826057,1
NC(=[NH2+])NCCC[C@@H](C=O)NC(=O)[C@H](CCCNC(N)=[NH2+])NC(=O)[C@H](CCCNC(N)=[NH2+])NC(=O)[C@H](CCCNC(N)=[NH2+])NC(=O)[C@H](CCCNC(N)=[NH2+])NC(=O)[C@H](CCCNC(N)=[NH2+])NC(=O)[C@H](CCCNC(N)=[NH2+])NC(=O)[C@H](CCCNC(N)=[NH2+])NC(=O)[C@H](CCCNC(N)=[NH2+])NC(=O)[C@H](CCCNC(N)=[NH2+])NC(=O)[C@@H](N)CCCNC(N)=[NH2+],1,7.770278,1
C[C@H](NC(=O)[C@H](CCC(N)=O)NC(=O)[C@@H](N)CCCNC(N)=[NH2+])C(=O)N[C@@H](CCCNC(N)=[NH2+])C(=O)N[C@@H](CCCNC(N)=[NH2+])C(=O)N[C@@H](CC(N)=O)C(=O)N[C@@H](CCCNC(N)=[NH2+])C(=O)N[C@@H](CCCNC(N)=[NH2+])C(=O)N[C@@H](CCCNC(N)=[NH2+])C(=O)N[C@H](C=O)CS,1,7.120226,1
CC[C@H](C)[C@H](NC(=O)[C@H](CCCC[NH3+])NC(=O)[C@@H](NC(=O)[C@H](CCC(N)=O)NC(=O)[C@@H]([NH3+])CCCNC(N)=[NH2+])[C@@H](C)CC)C(=O)N[C@@H](Cc1c[nH]c2ccccc12)C(=O)N[C@@H](Cc1ccccc1)C(=O)N[C@@H](CCC(N)=O)C(=O)N[C@@H](CC(N)=O)C(=O)N[C@@H](CCCNC(N)=[NH2+])C(=O)N[C@@H](CCCNC(N)=[NH2+])C(=O)N[C@@H](CCSC)C(=O)N[C@@H](CCCC[NH3+])C(=O)N[C@@H](Cc1c[nH]c2ccccc12)C(=O)N[C@@H](CCCC[NH3+])C(=O)N[C@@H](CCCC[NH3+])C(=O)O,1,3.2271616,1
NC(=[NH2+])NCCC[C@@H](NC(=O)[C@H](N)CS)C(=O)N[C@H](Cc1c[nH]c2ccccc12)C(=O)N[C@H](CCCNC(N)=[NH2+])C(=O)N[C@H](Cc1c[nH]c2ccccc12)C(=O)N[C@H](CCCC[NH3+])C(=O)N[C@H](CS)C(=O)N[C@H](CS)C(=O)N[C@H](CCCC[NH3+])C(=O)N[C@@H](C=O)CCCC[NH3+],1,5.2903824,1
NC(=[NH2+])NCCC[C@H](NC(=O)[C@H](Cc1c[nH]c2ccccc12)NC(=O)[C@@H](CCCNC(N)=[NH2+])NC(=O)[C@@H](N)CS)C(=O)N[C@@H](Cc1c[nH]c2ccccc12)C(=O)N[C@@H](CCCC[NH3+])C(=O)N[C@@H](CS)C(=O)N[C@@H](CS)C(=O)N[C@@H](CCCC[NH3+])C(=O)N[C@H](C=O)CCCC[NH3+],1,4.8226013,1
CC[C@H](C)[C@H](NC(=O)[C@H](CC(C)C)NC(=O)[C@@H](N)CCCC[NH3+])C(=O)N[C@@H](CCCC[NH3+])C(=O)NCC(=O)N[C@@H](CCCNC(N)=[NH2+])C(=O)N[C@H](C(=O)N1CCC[C@H]1C(=O)N[C@H](C(=O)N[C@@H](CCCC[NH3+])C(=O)N[C@@H](Cc1ccccc1)C(=O)NCC(=O)N[C@@H](CCCC[NH3+])C(=O)N[C@@H](C)C(=O)N[C@@H](CC(=O)O)C(=O)N[C@@H](CS)C(=O)N[C@@H](CC(=O)O)C(=O)N[C@@H](CCCNC(N)=[NH2+])C(=O)N1CCC[C@H]1C(=O)N1CCC[C@H]1C(=O)N[C@@H](CCCC[NH3+])C(=O)NC(CC1CNCN1)C(O)N[C@@H](CO)C(=O)NCC(=O)N[C@H](C=O)CCCC[NH3+])[C@@H](C)CC)[C@@H](C)O,1,3.1852667,1
CC[C@H](C)[C@H](NC(=O)[C@H](CCCC[NH3+])NC(=O)[C@@H](NC(=O)[C@H](CCC(N)=O)NC(=O)[C@@H]([NH3+])CCCNC(N)=[NH2+])[C@@H](C)CC)C(=O)N[C@@H](Cc1c[nH]c2ccccc12)C(=O)N[C@@H](Cc1ccccc1)C(=O)N[C@@H](CCC(N)=O)C(=O)N[C@@H](CC(N)=O)C(=O)N[C@@H](CCCNC(N)=[NH2+])C(=O)N[C@@H](CCCNC(N)=[NH2+])C(=O)N[C@@H](CCSC)C(=O)N[C@@H](CCCC[NH3+])C(=O)N[C@@H](Cc1c[nH]c2ccccc12)C(=O)N[C@@H](CCCC[NH3+])C(=O)N[C@@H](CCCC[NH3+])C(=O)O,1,3.2271616,1
C[C@H](NC(=O)[C@H](CCCNC(N)=[NH2+])NC(=O)[C@H](CCCNC(N)=[NH2+])NC(=O)[C@H](CCC(=O)O)NC(=O)[C@H](CCCNC(N)=[NH2+])NC(=O)[C@H](CCCNC(N)=[NH2+])NC(=O)[C@@H](N)CCCNC(N)=[NH2+])C(=O)N[C@@H](CCC(=O)O)C(=O)N[C@H](C=O)CCCC[NH3+],1,8.298395,1
NCC(=O)N[C@@H](CCCNC(N)=[NH2+])C(=O)N[C@@H](CCCC[NH3+])C(=O)N[C@@H](CCCC[NH3+])C(=O)N[C@@H](CCCNC(N)=[NH2+])C(=O)N[C@@H](CCCNC(N)=[NH2+])C(=O)N[C@@H](CCC(N)=O)C(=O)N[C@@H](CCCNC(N)=[NH2+])C(=O)N[C@@H](CCCNC(N)=[NH2+])C(=O)N[C@@H](CCCNC(N)=[NH2+])C(=O)N1CCC[C@H]1C(=O)N1CCC[C@H]1C(=O)N[C@H](C=O)CCC(N)=O,1,7.7769403,1
NC(=[NH2+])NCCC[C@@H](C=O)NC(=O)[C@H](CCCNC(N)=[NH2+])NC(=O)[C@H](CCCNC(N)=[NH2+])NC(=O)[C@H](CCCNC(N)=[NH2+])NC(=O)[C@H](CCCNC(N)=[NH2+])NC(=O)[C@H](CCCNC(N)=[NH2+])NC(=O)[C@H](CCCNC(N)=[NH2+])NC(=O)[C@H](CCCNC(N)=[NH2+])NC(=O)[C@H](Cc1c[nH]c2ccccc12)NC(=O)[C@H](Cc1c[nH]c2ccccc12)NC(=O)[C@H](Cc1c[nH]c2ccccc12)NC(=O)[C@@H](N)Cc1c[nH]c2ccccc12,1,4.517307,1
CC[C@H](C)[C@H](NC(=O)[C@H](CCCNC(N)=[NH2+])NC(=O)[C@@H](NC(=O)[C@H](CCC(N)=O)NC(=O)[C@@H](N)CCCNC(N)=[NH2+])[C@@H](C)CC)C(=O)N[C@@H](Cc1c[nH]c2ccccc12)C(=O)N[C@@H](Cc1ccccc1)C(=O)N[C@@H](CCC(N)=O)C(=O)N[C@@H](CC(N)=O)C(=O)N[C@@H](CCCNC(N)=[NH2+])C(=O)N[C@@H](CCCNC(N)=[NH2+])C(=O)N[C@@H](CCSC)C(=O)N[C@@H](CCCNC(N)=[NH2+])C(=O)N[C@@H](Cc1c[nH]c2ccccc12)C(=O)N[C@@H](CCCNC(N)=[NH2+])C(=O)N[C@H](C=O)CCCNC(N)=[NH2+],1,7.639745,1
CC(C)C[C@H](NC(=O)[C@H](CO)NC(=O)[C@H](CO)NC(=O)[C@H](Cc1c[nH]c2ccccc12)NC(=O)[C@H](CC(C)C)NC(=O)[C@H](CO)NC(=O)[C@@H]1CCCN1C(=O)[C@H](Cc1c[nH]c2ccccc12)NC(=O)[C@H](C)NC(=O)[C@H](CO)NC(=O)[C@H](Cc1c[nH]c2ccccc12)NC(=O)[C@H](CC(C)C)NC(=O)[C@@H](N)CCCC[NH3+])C(=O)N[C@@H](Cc1c[nH]c2ccccc12)C(=O)N[C@@H](CCCC[NH3+])C(=O)N1CCC[C@H]1C(N)=O,1,-3.2507758,1
CC[C@H](C)[C@@H]1NC(=O)[C@@H]2CCCN2C(=O)[C@@H]2CCCN2C(=O)[C@H]([C@@H](C)CC)NC(=O)[C@H](CO)NC(=O)[C@H](CCCC[NH3+])NC(=O)[C@H]([C@@H](C)O)NC(=O)[C@@H]2CSSC[C@H](NC1=O)C(=O)N[C@@H](Cc1ccccc1)C(=O)N1CCC[C@H]1C(=O)N[C@@H](CC(=O)O)C(=O)NCC(=O)N[C@@H](CCCNC(N)=[NH2+])C(=O)N2,1,-3.0588436,1
CC(C)C[C@H](NC(=O)[C@@H](NC(=O)[C@H](CCCCN)NC(=O)[C@H](Cc1ccc(O)cc1)NC(=O)[C@@H](NC(=O)[C@H](Cc1ccc(O)cc1)NC(=O)[C@@H](NC(=O)[C@H](CO)NC(=O)[C@H](Cc1ccc(O)cc1)NC(=O)[C@H](CO)NC(=O)[C@H](CCC(=O)O)NC(=O)[C@H](CCCCN)NC(=O)[C@H](CCCNC(=N)N)NC(=O)[C@H](CO)NC(=O)[C@H](CCCNC(=N)N)NC1=[O+]C(CN)CC[C@@H]1NC(=O)[C@H](CCCNC(=N)N)NC(=O)[C@H](CCCCN)NC(=O)[C@H](CCCCN)NC(=O)CNC(=O)[C@H](CC(=O)O)NC(=O)[C@H](CCCCN)NC(=O)[C@H](CCCCN)NC(=O)[C@H](CCC(N)=O)NC(=O)[C@H](C)NC(=O)[C@H](CCCCN)NC(=O)[C@@H](NC(=O)[C@@H](NC(=O)[C@H](C)NC(=O)[C@H](CCCCN)NC(=O)[C@H](CCCCN)NC(=O)[C@H](CO)NC(=O)CNC(=O)[C@@H](N)CCCCN)C(C)C)[C@@H](C)O)C(C)C)C(C)C)C(C)C)C(=O)N[C@@H](CCCCN)C(=O)N[C@H](C=O)CCC(N)=O,1,4.6872597,1
C[C@@H](O)[C@@H](C=O)NC(=O)[C@H](CCCNC(N)=[NH2+])NC(=O)[C@H](CCCC[NH3+])NC(=O)[C@H](CCCC[NH3+])NC(=O)[C@H](CCCNC(N)=[NH2+])NC(=O)[C@H](CCCC[NH3+])NC(=O)[C@H](CCCNC(N)=[NH2+])NC(=O)CN,1,4.1736717,1
C[C@H](NC(=O)[C@H](CCCNC(N)=[NH2+])NC(=O)[C@H](CCCNC(N)=[NH2+])NC(=O)[C@H](CCCNC(N)=[NH2+])NC(=O)[C@H](CCCNC(N)=[NH2+])NC(=O)CN)C(=O)N[C@H](C(=O)N[C@@H](C)C(=O)N[C@@H](CCCC[NH3+])C(=O)N[C@@H](Cc1ccc(O)cc1)C(=O)N[C@@H](CCCNC(N)=[NH2+])C(=O)N[C@H](C(=O)N[C@@H](C)C(=O)NC(CO)CC1CNCN1)[C@@H](C)O)[C@@H](C)O,1,1.9080361,1
CC[C@H](C)[C@H](NC(=O)[C@H](CCCC[NH3+])NC(=O)[C@H](C)NC(=O)[C@H](CCC(N)=O)NC(=O)[C@@H](N)CCCNC(N)=[NH2+])C(=O)N[C@@H](Cc1c[nH]c2ccccc12)C(=O)N[C@@H](Cc1ccccc1)C(=O)N[C@@H](CCC(N)=O)C(=O)N[C@@H](CC(N)=O)C(=O)N[C@@H](CCCNC(N)=[NH2+])C(=O)N[C@@H](CCCNC(N)=[NH2+])C(=O)N[C@@H](CCSC)C(=O)N[C@@H](CCCC[NH3+])C(=O)N[C@@H](Cc1c[nH]c2ccccc12)C(=O)N[C@@H](CCCC[NH3+])C(=O)N[C@H](C=O)CCCC[NH3+],1,7.596237,1
CC[C@H](C)[C@H](NC(=O)[C@H](CCCC[NH3+])NC(=O)[C@@H](NC(=O)[C@H](CCC(N)=O)NC(=O)[C@@H](N)CCCNC(N)=[NH2+])[C@@H](C)CC)C(=O)N[C@@H](Cc1c[nH]c2ccccc12)C(=O)N[C@@H](Cc1ccccc1)C(=O)N[C@@H](CCC(N)=O)C(=O)N[C@@H](CC(N)=O)C(=O)N[C@@H](CCCNC(N)=[NH2+])C(=O)N[C@@H](CCCNC(N)=[NH2+])C(=O)N[C@H](C=O)CCSC,1,7.258827,1
CC[C@H](C)[C@H](NC(=O)[C@@H](NC(=O)[C@@H]1CCCN1C(=O)[C@H](CCCC[NH3+])NC(=O)[C@H](CCCC[NH3+])NC(=O)[C@@H](NC(=O)[C@@H]1CCCN1C(=O)[C@H](CCCC[NH3+])NC(=O)[C@@H](NC(=O)[C@@H](NC(=O)[C@@H](NC(=O)[C@H](CCCC[NH3+])NC(=O)[C@H](CCCC[NH3+])NC(=O)CNC(=O)[C@@H]1CCCN1C(=O)[C@H](CCCC[NH3+])NC(=O)[C@H](CCCC[NH3+])NC(=O)[C@H](CC(N)=O)NC(=O)[C@@H]1CCCN1C(=O)[C@@H](NC(=O)[C@H](CCCNC(N)=[NH2+])NC(=O)[C@@H](N)CCCC[NH3+])[C@@H](C)CC)[C@@H](C)O)[C@@H](C)O)[C@@H](C)O)[C@@H](C)O)[C@@H](C)O)C(=O)N[C@@H](CCCC[NH3+])C(=O)N[C@H](C(=O)N[C@H](C(=O)N[C@@H](CCCC[NH3+])C(=O)N[C@H](C=O)CCCC[NH3+])[C@@H](C)O)[C@@H](C)O,1,4.2093415,1
NC(=[NH2+])NCCC[C@@H](N)C(=O)N[C@H](CCCNC(N)=[NH2+])C(=O)N[C@H](CCCNC(N)=[NH2+])C(=O)N[C@H](CCCNC(N)=[NH2+])C(=O)N[C@H](CCCNC(N)=[NH2+])C(=O)N[C@H](CCCNC(N)=[NH2+])C(=O)N[C@H](CCCNC(N)=[NH2+])C(=O)N[C@H](CCCNC(N)=[NH2+])C(=O)N[C@H](CCCNC(N)=[NH2+])C(=O)N[C@H](CCCNC(N)=[NH2+])C(=O)N[C@H](CCCNC(N)=[NH2+])C(=O)N[C@H](CCCNC(N)=[NH2+])C(N)=O,1,5.999607,1
C[C@@H](O)[C@H](NC(=O)[C@H](CCCNC(N)=[NH2+])NC(=O)[C@H](CCCC[NH3+])NC(=O)[C@H](CC(N)=O)NC(=O)CNC(=O)[C@@H](N)CS)C(=O)N[C@@H](CCCNC(N)=[NH2+])C(=O)NCC(=O)N[C@H](C=O)CS,1,3.0826907,1
CC(C)C[C@H](NC(=O)CN)C(=O)N[C@@H](CCCC[NH3+])C(=O)N[C@@H](CCCC[NH3+])C(=O)N[C@@H](CC(C)C)C(=O)N[C@@H](C)C(=O)N[C@@H](CCC(=O)O)C(=O)N[C@@H](CC(C)C)C(=O)N[C@@H](C)C(=O)NC(CC1CNCN1)C(O)N[C@@H](CCCC[NH3+])C(=O)N[C@@H](CC(C)C)C(=O)N[C@@H](CC(C)C)C(=O)N[C@@H](CCCC[NH3+])C(=O)N[C@@H](CC(C)C)C(=O)NCC(=O)N[C@@H](CS)C(N)=O,1,-1.3561413,1
CC[C@H](C)[C@H](NC(=O)[C@H](CCCNC(N)=[NH2+])NC(=O)[C@@H](N)CCCC[NH3+])C(=O)N1CCC[C@H]1C(=O)N[C@@H](CC(N)=O)C(=O)N[C@@H](CCCC[NH3+])C(=O)N[C@@H](CCCC[NH3+])C(=O)N1CCC[C@H]1C(=O)N[C@@H](CCCC[NH3+])C(=O)N[C@H](C=O)CCCC[NH3+],1,7.4822903,1
CCC[C@@H](C=O)NC(=O)[C@H](C)NC(=O)[C@H](C)NC(=O)[C@H](Cc1c[nH]c2ccccc12)NC(=O)[C@H](CCC(=O)O)NC(=O)CNC(=O)[C@@H](NC(=O)[C@H](CC(C)C)NC(=O)[C@H](CCCNC(=N)N)NC(=O)[C@H](CCC)NC(=O)[C@@H](NC(=O)[C@H](Cc1c[nH]cn1)NC(=O)[C@@H](NC(=O)[C@@H](NC(=O)[C@H](Cc1ccccc1)NC(=O)[C@@H](NC(=O)[C@H](CCCNC(=N)N)NC(=O)[C@@H](NC(=O)[C@H](CCCNC(=N)N)NC(=O)[C@H](CCC)NC(=O)[C@H](CCC)NC(=O)CNC(=O)[C@H](CS)NC(=O)[C@H](C)NC(=O)[C@H](CCCNC(=N)N)NC(=O)[C@H](CCCNC(=N)N)NC(=O)[C@@H](NC(=O)[C@H](CCCNC(=N)N)NC(=O)[C@H](CC(C)C)NC(=O)[C@@H](NC(=O)[C@@H](NC(=O)[C@H](CC(C)C)NC(=O)[C@H](Cc1ccccc1)NC(=O)[C@H](CCCNC(=N)N)NC(=O)[C@H](CCCNC(=N)N)NC(=O)[C@@H](NC(=O)[C@@H](N)CCSC)C(C)C)C(C)C)[C@@H](C)O)[C@@H](C)CC)C(C)C)C(C)C)C(C)C)C(C)C)[C@@H](C)CC)[C@@H](C)O,1,-0.20370714,1
CC(C)C[C@H](NC(=O)[C@H](CCCC[NH3+])NC(=O)[C@H](CCCNC(N)=[NH2+])NC(=O)[C@H](Cc1ccccc1)NC(=O)[C@H](Cc1ccccc1)NC(=O)[C@H](CCCC[NH3+])NC(=O)[C@H](CCCC[NH3+])NC(=O)[C@H](Cc1ccccc1)NC(=O)[C@H](CCCNC(N)=[NH2+])NC(=O)[C@H](CCCC[NH3+])NC(=O)[C@@H](N)C(C)C)C(=O)N[C@@H](CCCC[NH3+])C(=O)N[C@@H](CCCC[NH3+])C(=O)N[C@@H](CC(C)C)C(=O)N[C@H](C(N)=O)C(C)C,1,1.0537007,1
CC[C@H](C)[C@H](NC(=O)[C@H](CC(C)C)NC(=O)[C@@H](NC(=O)[C@H](CCCNC(N)=[NH2+])NC(=O)[C@H](Cc1ccccc1)NC(=O)[C@@H](NC(=O)[C@@H](NC(=O)[C@@H](N)CC(C)C)[C@@H](C)CC)[C@@H](C)CC)[C@@H](C)CC)C(=O)N[C@@H](CO)C(=O)NC(CC1CNCN1)C(O)N[C@@H](CCCNC(N)=[NH2+])C(=O)N[C@H](C=O)CCCNC(N)=[NH2+],1,7.753073,1
CC[C@H](C)[C@H](NC(=O)[C@H](C)NC(=O)[C@@H](NC(=O)[C@@H](N)Cc1ccc(O)cc1)[C@@H](C)O)C(=O)N[C@@H](C)C(=O)N[C@@H](Cc1c[nH]c2ccccc12)C(=O)N[C@H](C(=O)N[C@@H](CCCC[NH3+])C(=O)N[C@@H](C)C(=O)N[C@@H](Cc1ccccc1)C(=O)N[C@H](C(=O)N[C@@H](CCCNC(N)=[NH2+])C(=O)N[C@@H](CCCC[NH3+])C(=O)N[C@@H](CC(C)C)C(=O)N[C@@H](CCCNC(N)=[NH2+])C(=O)N[C@H](C=O)CCCC[NH3+])[C@@H](C)CC)C(C)C,1,4.99387,1
CCC(NC(=O)[C@H](CC(=O)O)NC(=O)CN)C(O)N[C@@H](CC(C)C)C(=O)N1CCC[C@H]1C(=O)NC(CC1CNCN1)C(O)N[C@@H](CC(C)C)C(=O)N[C@@H](CCCCN)C(=O)N[C@@H](CC(C)C)C(=O)N[C@@H](CS)C(=O)O,1,-3.025179,1
CC[C@H](C)[C@H](NC(=O)[C@H](CS)NC(=O)[C@H](CO)NC(=O)[C@@H](NC(=O)[C@@H]1CCCN1C(=O)[C@@H]1CCCN1C(=O)CNC(=O)[C@H](CCCNC(N)=[NH2+])NC(=O)[C@@H](NC(=O)[C@H](CCCC[NH3+])NC(=O)[C@H](CCCNC(N)=[NH2+])NC(=O)[C@H](CCSC)NC(=O)[C@H](CC(N)=O)NC(=O)[C@H](CCCNC(N)=[NH2+])NC(=O)[C@H](CCC(N)=O)NC(=O)[C@H](Cc1c[nH]c2ccccc12)NC(=O)[C@@H](N)CCC(N)=O)C(C)C)C(C)C)C(=O)N[C@@H](CCCC[NH3+])C(=O)N[C@H](C=O)CCCNC(N)=[NH2+],1,5.0969515,1
C[C@H](N)C(=O)N[C@@H](CS)C(=O)N[C@@H](CCCNC(N)=[NH2+])C(=O)NCC(=O)N[C@@H](CCCNC(N)=[NH2+])C(=O)NCC(=O)N[C@@H](CCCNC(N)=[NH2+])C(=O)NCC(=O)N[C@@H](CS)C(=O)N[C@@H](CCCNC(N)=[NH2+])C(=O)NCC(=O)N[C@@H](CCCNC(N)=[NH2+])C(=O)NCC(=O)N[C@@H](CCCNC(N)=[NH2+])C(=O)NCC(=O)N[C@@H](CS)C(=O)NCC=O,1,2.681607,1
CC[C@H](C)[C@H](NC(=O)[C@H](CCCC[NH3+])NC(=O)[C@H](Cc1ccccc1)NC(=O)[C@@H](NC(=O)[C@@H](NC(=O)[C@@H](N)CCSC)[C@@H](C)CC)[C@@H](C)CC)C(=O)N[C@@H](C)C(=O)N[C@@H](C)C(=O)N[C@@H](CO)C(=O)NC(CC1CNCN1)C(O)N[C@@H](CCCC[NH3+])C(=O)N[C@H](C=O)CCCC[NH3+],1,7.9837995,1
CC[C@H](C)[C@H](NC(=O)[C@H](CCCNC(N)=[NH2+])NC(=O)[C@H](CCCNC(N)=[NH2+])NC(=O)[C@H](CCCNC(N)=[NH2+])NC(=O)[C@H](CC(C)C)NC(=O)[C@@H](NC(=O)[C@@H](NC(=O)[C@H](CC(C)C)NC(=O)[C@@H](N)CC(C)C)[C@@H](C)CC)[C@@H](C)CC)C(=O)N[C@@H](CCCNC(N)=[NH2+])C(=O)N[C@@H](CCCC[NH3+])C(=O)N[C@@H](CCC(N)=O)C(=O)N[C@@H](C)C(=O)NC(CC1CNCN1)C(O)N[C@H](C)C(=O)NC(CC1CNCN1)C(O)N[C@@H](CO)C(=O)N[C@H](C=O)CCCC[NH3+],1,8.133703,1
CC[C@H](C)[C@H](NC(=O)[C@H](CC(C)C)NC(=O)[C@H](CC(=O)O)NC(=O)[C@H](CCCNC(N)=[NH2+])NC(=O)[C@H](C)NC(=O)[C@@H](NC(=O)[C@@H](NC(=O)[C@@H](N)CCSC)[C@@H](C)CC)[C@@H](C)CC)C(=O)N[C@H](C=O)CO,1,8.36196,1
CC[C@H](C)[C@H](NC(=O)[C@H](CCCC[NH3+])NC(=O)[C@H](CCCC[NH3+])NC(=O)[C@H](C)NC(=O)[C@H](CC(C)C)NC(=O)[C@H](C)NC(=O)[C@H](C)NC(=O)[C@H](CC(C)C)NC(=O)[C@H](C)NC(=O)[C@H](CCCC[NH3+])NC(=O)[C@H](CC(C)C)NC(=O)[C@H](CC(N)=O)NC(=O)[C@@H](NC(=O)[C@H](CCCC[NH3+])NC(=O)CNC(=O)[C@H](CC(C)C)NC(=O)[C@H](CC(C)C)NC(=O)[C@H](Cc1ccc(O)cc1)NC(=O)CNC(=O)[C@H](C)NC(=O)[C@H](CO)NC(=O)[C@H](CC(N)=O)NC(=O)[C@H](CC(C)C)NC(=O)[C@@H](NC(=O)[C@H](Cc1c[nH]c2ccccc12)NC(=O)CN)[C@@H](C)O)[C@@H](C)CC)C(=O)N[C@H](C=O)CC(C)C,1,4.011198,1
CC[C@H](C)[C@H](NC(=O)CNC(=O)[C@H](CC(=O)O)NC(=O)[C@H](CO)NC(=O)[C@@H]([NH3+])Cc1c[nH]cn1)C(=O)N[C@@H](Cc1ccccc1)C(=O)N[C@H](C(=O)N[C@@H](CC(=O)O)C(=O)N[C@@H](CO)C(=O)N[C@@H](Cc1ccc(O)cc1)C(=O)N[C@@H](CO)C(=O)N[C@@H](CCCNC(N)=[NH2+])C(=O)N[C@@H](Cc1ccc(O)cc1)C(=O)N[C@@H](CCCNC(N)=[NH2+])C(=O)N[C@@H](CCCC[NH3+])C(=O)N[C@@H](CCC(N)=O)C(=O)N[C@@H](CCSC)C(=O)N[C@@H](C)C(=O)N[C@H](C(=O)N[C@@H](CCCC[NH3+])C(=O)N[C@@H](CCCC[NH3+])C(=O)N[C@@H](Cc1ccc(O)cc1)C(=O)N[C@@H](CC(C)C)C(=O)N[C@@H](C)C(=O)N[C@@H](C)C(=O)N[C@H](C(=O)N[C@@H](CC(C)C)C(=O)NCC(=O)N[C@@H](CCCC[NH3+])C(=O)N[C@@H](CCCNC(N)=[NH2+])C(=O)N[C@@H](Cc1ccc(O)cc1)C(=O)N[C@@H](CCCC[NH3+])C(=O)N[C@@H](CCC(N)=O)C(=O)N[C@@H](CCCNC(N)=[NH2+])C(=O)N[C@H](C(=O)N[C@@H](CCCC[NH3+])C(=O)N[C@@H](CC(N)=O)C(=O)N[C@@H](CCCC[NH3+])C(N)=O)C(C)C)C(C)C)C(C)C)[C@@H](C)O,1,-1.4656935,1
CC[C@H](C)[C@H](NC(=O)[C@H](CC(N)=O)NC(=O)[C@H](C)NC(=O)[C@H](CC(C)C)NC(=O)[C@H](CC(C)C)NC(=O)[C@H](CC(N)=O)NC(=O)[C@H](CO)NC(O)C(CC1CNCN1)NC(O)C(CC1CNCN1)NC(=O)[C@H](CCCNC(N)=[NH2+])NC(=O)[C@H](CC(C)C)NC(O)C(CC1CNCN1)NC(=O)[C@H](CCCNC(N)=[NH2+])NC(=O)[C@H](CC(C)C)NC(=O)[C@H](CC(C)C)NC(=O)[C@H](CC(C)C)NC(=O)CNC(=O)[C@H](CC(C)C)NC(C)=O)C(N)=O,1,0.43676108,1
NC(=[NH2+])NCCC[C@@H](N)C(=O)N[C@H](CCCNC(N)=[NH2+])C(=O)N[C@H](CCCNC(N)=[NH2+])C(=O)N[C@H](CCCNC(N)=[NH2+])C(=O)N[C@H](CCCNC(N)=[NH2+])C(=O)N[C@H](CCCNC(N)=[NH2+])C(=O)N[C@H](CCCNC(N)=[NH2+])C(=O)N[C@H](CCCNC(N)=[NH2+])C(=O)N[C@H](CCCNC(N)=[NH2+])C(=O)N[C@H](CCCNC(N)=[NH2+])C(=O)N[C@H](CCCNC(N)=[NH2+])C(=O)N[C@H](CCCNC(N)=[NH2+])C(=O)NCC(=O)N[C@@H](CS)C(N)=O,1,6.615111,1
CC(C)[C@H](NC(=O)[C@H](CCCNC(N)=[NH2+])NC(=O)[C@H](CCCNC(N)=[NH2+])NC(=O)[C@H](CCCNC(N)=[NH2+])NC(=O)[C@H](CC(N)=O)NC(=O)[C@H](CCCNC(N)=[NH2+])NC(=O)[C@H](CCCNC(N)=[NH2+])NC(=O)[C@@H](NC(=O)[C@@H](N)CCCNC(N)=[NH2+])[C@@H](C)O)C(=O)N[C@H](C=O)CCCNC(N)=[NH2+],1,8.300944,1
CC[C@H](C)[C@H](NC(=O)[C@H](CO)NC(=O)[C@H](CCCCN)NC(=O)[C@@H](NC(=O)[C@H](CCCNC(=N)N)NC(=O)[C@H](CCC(=O)O)NC(=O)[C@H](Cc1c[nH]c2ccccc12)NC(=O)[C@H](CCSC)NC(=O)[C@H](CO)NC(=O)[C@H](C)N)C(C)C)C(=O)N[C@H](C(=O)N[C@@H](CCCCN)C(=O)N[C@@H](CO)C(=O)N[C@@H](CO)C(=O)N[C@@H](CC(C)C)C(=O)N[C@@H](C)C(=O)N[C@@H](C)C(=O)N[C@@H](C)C(=O)N[C@@H](CO)C(=O)N[C@@H](CC(N)=O)C(=O)N[C@H](C=O)[C@@H](C)CC)[C@@H](C)CC,1,1.3543415,1
C[C@H](NC(=O)[C@H](CCC(N)=O)NC(=O)[C@H](CCCC[NH3+])NC(=O)[C@H](CCC(=O)O)NC(=O)[C@H](C)NC(=O)[C@H](CCCNC(N)=[NH2+])NC(=O)[C@H](CCCNC(N)=[NH2+])NC(=O)[C@H](CCC(=O)O)NC(=O)[C@H](CCCNC(N)=[NH2+])NC(=O)[C@H](CCCNC(N)=[NH2+])NC(=O)[C@H](CCCNC(N)=[NH2+])NC(=O)[C@@H](NC(=O)[C@@H](N)CCC(N)=O)[C@@H](C)O)C(=O)N[C@@H](CCC(N)=O)C(=O)N[C@H](C=O)Cc1c[nH]c2ccccc12,1,8.503466,1
CC[C@H](C)[C@H](NC(=O)[C@H](C)NC(=O)[C@H](CC(C)C)NC(=O)[C@H](CCCC[NH3+])NC(=O)[C@H](CC(C)C)NC(=O)[C@@H](NC(=O)[C@@H](NC(=O)[C@@H](N)CCCC[NH3+])[C@@H](C)CC)[C@@H](C)O)C(=O)N[C@@H](CCCC[NH3+])C(=O)N[C@@H](C)C(=O)N[C@@H](Cc1c[nH]c2ccccc12)C(=O)N[C@@H](CCCC[NH3+])C(=O)N[C@@H](CC(C)C)C(=O)N[C@@H](C)C(=O)N[C@@H](CC(C)C)C(=O)N[C@@H](CCCC[NH3+])C(=O)N[C@@H](C)C(=O)N[C@@H](C)C(N)=O,1,2.94274,1
NCC(=O)N[C@@H](CCCNC(N)=[NH2+])C(=O)NCC(=O)N[C@@H](CC(=O)O)C(=O)N[C@@H](CO)C(=O)N1CCC[C@H]1C(=O)N[C@@H](CCCNC(N)=[NH2+])C(=O)N[C@@H](CCCNC(N)=[NH2+])C(=O)N[C@@H](CO)C(=O)N1CCC[C@H]1C(=O)N[C@@H](CCCNC(N)=[NH2+])C(=O)N[C@H](C=O)CCCNC(N)=[NH2+],1,7.1553698,1
CC[C@H](C)[C@H](NC(=O)[C@H](CC(C)C)NC(=O)[C@@H](N)CCCC[NH3+])C(=O)N[C@@H](CCCC[NH3+])C(=O)NCC(=O)N[C@@H](CCCNC(N)=[NH2+])C(=O)N[C@H](C(=O)N1CCC[C@H]1C(=O)N[C@H](C(=O)N[C@@H](CCCC[NH3+])C(=O)N[C@@H](Cc1ccccc1)C(=O)NCC(=O)N[C@@H](CCCC[NH3+])C(=O)N[C@@H](C)C(=O)N[C@@H](CCCNC(N)=[NH2+])C(=O)N[C@@H](CS)C(=O)N[C@@H](CCCNC(N)=[NH2+])C(=O)N[C@@H](CCCNC(N)=[NH2+])C(=O)N1CCC[C@H]1C(=O)N1CCC[C@H]1C(=O)N[C@@H](CCCC[NH3+])C(=O)NC(CC1CNCN1)C(O)N[C@@H](CO)C(=O)NCC(=O)N[C@H](C=O)CCCC[NH3+])[C@@H](C)CC)[C@@H](C)O,1,4.598157,1
CC[C@H](C)[C@H](NC(=O)[C@H](CCCNC(N)=[NH2+])NC(=O)[C@H](CC(C)C)NC(=O)[C@H](CCC(N)=O)NC(=O)[C@@H](N)CCCNC(N)=[NH2+])C(=O)N[C@@H](C)C(=O)NCC(=O)N[C@@H](CCCNC(N)=[NH2+])C(=O)N[C@@H](CCCNC(N)=[NH2+])C(=O)N[C@@H](CC(C)C)C(=O)N[C@@H](CCCNC(N)=[NH2+])C(=O)NCC(=O)N[C@@H](CCCNC(N)=[NH2+])C(=O)N[C@@H](CO)C(=O)N[C@H](C=O)CCCNC(N)=[NH2+],1,8.499056,1
NC(=[NH2+])NCCC[C@H](NC(=O)[C@H](CCCNC(N)=[NH2+])NC(=O)[C@H](CCCNC(N)=[NH2+])NC(=O)[C@H](CCCNC(N)=[NH2+])NC(=O)[C@H](CCCNC(N)=[NH2+])NC(=O)[C@H](CCCNC(N)=[NH2+])NC(=O)[C@H](CCCNC(N)=[NH2+])NC(=O)[C@H](CCCNC(N)=[NH2+])NC(=O)[C@@H](N)CCCNC(N)=[NH2+])C(N)=O,1,4.264206,1
CC(C)C[C@H](NC(=O)CN)C(=O)N[C@@H](Cc1c[nH]c2ccccc12)C(=O)N[C@@H](CCCNC(N)=[NH2+])C(=O)N[C@@H](C)C(=O)N[C@@H](CC(C)C)C(=O)N[C@@H](Cc1c[nH]c2ccccc12)C(=O)N[C@@H](CCCNC(N)=[NH2+])C(=O)N[C@@H](CC(C)C)C(=O)N[C@@H](CC(C)C)C(=O)N[C@@H](CCCNC(N)=[NH2+])C(=O)N[C@@H](CO)C(=O)N[C@@H](CC(C)C)C(=O)N[C@@H](Cc1c[nH]c2ccccc12)C(=O)N[C@@H](CCCNC(N)=[NH2+])C(=O)N[C@@H](CC(C)C)C(=O)N[C@@H](CC(C)C)C(=O)N[C@@H](Cc1c[nH]c2ccccc12)C(=O)N[C@@H](CCCNC(N)=[NH2+])C(=O)N[C@@H](C)C=O,1,5.372084,1
CC(C)C[C@H](NC(=O)CN)C(=O)N[C@@H](CCCC[NH3+])C(=O)N[C@@H](CCCC[NH3+])C(=O)N[C@@H](CC(C)C)C(=O)N[C@@H](C)C(=O)N[C@@H](CCC(=O)O)C(=O)N[C@@H](CC(C)C)C(=O)N[C@@H](Cc1ccccc1)C(=O)NC(CC1CNCN1)C(O)N[C@@H](CCCC[NH3+])C(=O)N[C@@H](CC(C)C)C(=O)N[C@@H](CC(C)C)C(=O)N[C@@H](CCCC[NH3+])C(=O)N[C@@H](CC(C)C)C(=O)NCC(=O)N[C@@H](CS)C(N)=O,1,-1.8021015,1
CSCC[C@H](NC(=O)[C@@H](NC(=O)[C@H](CO)NC(=O)CNC(=O)[C@H](C)NC(=O)[C@H](C)NC(=O)CNC(=O)[C@H](CC(C)C)NC(=O)[C@H](Cc1ccccc1)NC(=O)CNC(=O)[C@H](CC(C)C)NC(=O)[C@H](Cc1ccccc1)NC(=O)[C@H](CC(C)C)NC(=O)[C@H](C)NC(=O)CN)[C@@H](C)O)C(=O)NCC(=O)N[C@@H](C)C(=O)N[C@@H](Cc1c[nH]c2ccccc12)C(=O)N[C@@H](CO)C(=O)N[C@@H](CCC(N)=O)C(=O)N1CCC[C@H]1C(=O)N[C@@H](CCCC[NH3+])C(=O)N[C@@H](CO)C(=O)N[C@@H](CCCC[NH3+])C(=O)N[C@@H](CCCNC(N)=[NH2+])C(=O)N[C@@H](CCCC[NH3+])C(=O)N[C@H](C=O)C(C)C,1,3.10204,1
CC[C@H](C)[C@H](NC(=O)[C@H](C)NC(=O)[C@H](C)NC(=O)[C@@H]1CCCN1C(=O)[C@H](CCCNC(N)=[NH2+])NC(=O)[C@@H](N)CCCC[NH3+])C(=O)N[C@@H](CCCC[NH3+])C(=O)N[C@@H](CCCC[NH3+])C(=O)N[C@@H](C)C(=O)NCC(=O)N[C@@H](CCC(N)=O)C(=O)N[C@@H](C)C(=O)N[C@@H](CCCC[NH3+])C(=O)N[C@@H](CCCC[NH3+])C(=O)N[C@@H](CCCC[NH3+])C(=O)N[C@H](C=O)CCCC[NH3+],1,8.704569,1
C[C@H](NC(=O)[C@H](CCCC[NH3+])NC(=O)[C@H](CO)NC(=O)[C@H](CCCNC(N)=[NH2+])NC(=O)[C@H](CS)NC(O)C(CC1CNCN1)NC(O)C(CC1CNCN1)NC(=O)[C@H](CCCNC(N)=[NH2+])NC(=O)[C@H](CCCNC(N)=[NH2+])NC(=O)CN)C(=O)N[C@@H](CCCC[NH3+])C(=O)N[C@@H](CCCNC(N)=[NH2+])C(=O)N[C@@H](CO)C(=O)N[C@@H](CCCNC(N)=[NH2+])C(=O)NC(CC1CNCN1)C(O)NC(CO)CC1CNCN1,1,2.659429,1
C[C@H](N)C(=O)N[C@@H](CS)C(=O)N[C@@H](CO)C(=O)NCC(=O)N[C@@H](CO)C(=O)NCC(=O)N[C@@H](CO)C(=O)NCC(=O)N[C@@H](CS)C(=O)NCC(=O)N[C@@H](CO)C(=O)NCC(=O)N[C@@H](CO)C(=O)NCC(=O)N[C@@H](CO)C(=O)N[C@@H](CS)C(=O)NCC=O,1,-2.368407,1
NC(=[NH2+])NCCC[C@@H](C=O)NC(=O)[C@H](CCCNC(N)=[NH2+])NC(=O)[C@H](CCCNC(N)=[NH2+])NC(=O)[C@H](CCCNC(N)=[NH2+])NC(=O)[C@H](CCCNC(N)=[NH2+])NC(=O)[C@H](CCCNC(N)=[NH2+])NC(=O)[C@H](CCCNC(N)=[NH2+])NC(=O)[C@@H](N)CCCNC(N)=[NH2+],1,7.5915003,1
NCC(=O)N[C@@H](CCCC[NH3+])C(=O)NC(CC1CNCN1)C(O)N[C@@H](CCCNC(N)=[NH2+])C(=O)NC(CC1CNCN1)C(O)N[C@@H](CCC(=O)O)C(=O)N[C@@H](CCCNC(N)=[NH2+])C(=O)NCC(=O)NC(CC1CNCN1)C(O)NC(CC1CNCN1)C(O)N[C@@H](CCCNC(N)=[NH2+])C(=O)N[C@@H](CC(=O)O)C(=O)N[C@@H](CCCNC(N)=[NH2+])C(=O)N[C@@H](CCCNC(N)=[NH2+])C(=O)N[C@@H](CCC(=O)O)C(=O)N[C@H](C=O)CCCNC(N)=[NH2+],1,5.3108606,1
NC(=[NH2+])NCCC[C@@H](C=O)NC(=O)[C@H](CCCNC(N)=[NH2+])NC(=O)[C@H](CCCNC(N)=[NH2+])NC(=O)[C@H](CCCNC(N)=[NH2+])NC(=O)[C@H](CCCNC(N)=[NH2+])NC(=O)[C@H](CCCNC(N)=[NH2+])NC(=O)[C@H](CCCNC(N)=[NH2+])NC(=O)[C@H](CCCNC(N)=[NH2+])NC(=O)[C@@H](N)Cc1c[nH]c2ccccc12,1,6.1619735,1
CC[C@H](C)[C@H](NC(=O)[C@H](CCCC[NH3+])NC(=O)[C@H](CC(C)C)NC(=O)[C@@H](NC(=O)[C@H](CO)NC(=O)[C@H](CCCC[NH3+])NC(=O)[C@H](Cc1c[nH]c2ccccc12)NC(=O)[C@@H](NC(=O)[C@H](CCCC[NH3+])NC(=O)[C@H](C)NC(=O)[C@@H](NC(=O)[C@H](CO)NC(=O)[C@H](CCCC[NH3+])NC(=O)[C@H](C)NC(=O)[C@H](C)NC(=O)[C@@H](NC(=O)[C@@H](N)CCCC[NH3+])[C@@H](C)CC)[C@@H](C)CC)[C@@H](C)CC)[C@@H](C)CC)C(=O)N[C@@H](C)C(N)=O,1,-1.050123,1
CC[C@H](C)[C@H](NC(=O)[C@H](CCCC[NH3+])NC(=O)[C@@H](NC(=O)[C@H](CCC(N)=O)NC(=O)[C@@H]([NH3+])CCCNC(N)=[NH2+])[C@@H](C)CC)C(=O)N[C@@H](Cc1c[nH]c2ccccc12)C(=O)N[C@@H](Cc1ccccc1)C(=O)N[C@@H](CCC(N)=O)C(=O)N[C@@H](CC(N)=O)C(=O)N[C@@H](CCCNC(N)=[NH2+])C(=O)N[C@@H](CCCNC(N)=[NH2+])C(=O)N[C@@H](CCSC)C(=O)N[C@@H](CCCC[NH3+])C(=O)N[C@@H](Cc1c[nH]c2ccccc12)C(=O)N[C@@H](CCCC[NH3+])C(=O)N[C@@H](CCCC[NH3+])C(=O)O,1,3.2271616,1
CC(C)[C@@H](N)C(=O)N[C@H](CS)C(=O)N[C@@H](C(=O)N[C@@H](C=O)CCCNC(N)=[NH2+])C(C)C,1,3.7651706,1
CC(C)C[C@@H](C=O)NC(=O)[C@H](CCC(=O)O)NC(=O)[C@@H](NC(=O)[C@H](CC(C)C)NC(=O)[C@@H](NC(=O)[C@H](CCCC[NH3+])NC(=O)[C@@H](NC(=O)[C@H](CC(C)C)NC(=O)[C@H](CCC(=O)O)NC(=O)[C@H](CCCC[NH3+])NC(=O)[C@H](CC(C)C)NC(=O)[C@@H](NC(=O)[C@H](CCC(=O)O)NC(=O)[C@@H](NC(=O)[C@H](CC(C)C)NC(=O)[C@@H](NC(=O)[C@H](CCCC[NH3+])NC(=O)[C@@H](N)CC(C)C)[C@@H](C)O)[C@@H](C)O)[C@@H](C)O)[C@@H](C)O)[C@@H](C)O)[C@@H](C)O,1,2.524848,1
CC(C)C[C@H](NC(=O)CNC(=O)[C@H](C)NC(=O)[C@H](CCCNC(=N)N)NC(=O)[C@H](CO)NC(=O)[C@H](CO)NC(=O)[C@H](CCCNC(=N)N)NC(=O)[C@@H](NC(=O)[C@H](CCCCN)NC(=O)[C@H](C)NC(=O)[C@H](CCCCN)NC(=O)[C@H](C)NC(=O)[C@H](CCCNC(=N)N)NC(=O)[C@H](C)NC(=O)[C@H](CCCCN)NC(=O)CNC(=O)CNC(=O)[C@H](CCC(N)=O)NC(=O)[C@H](CCCCN)NC(=O)CNC(=O)[C@H](CCCNC(=N)N)NC(=O)CNC(=O)[C@@H](N)CO)[C@@H](C)O)C(=O)N[C@@H](CCC(N)=O)C(=O)N[C@@H](Cc1ccccc1)C(=O)N1CCC[C@H]1C(=O)N[C@H](C(=O)NCC(=O)N[C@@H](CCCNC(=N)N)C(=O)N[C@H](C(=O)N[C@@H](Cc1c[nH]cn1)C(=O)N[C@@H](CCCNC(=N)N)C(=O)N[C@@H](CC(C)C)C(=O)N[C@@H](CC(C)C)C(=O)N[C@@H](CCCNC(=N)N)C(=O)N[C@@H](CCCCN)C(=O)NCC=O)C(C)C)C(C)C,1,4.451565,1
CC[C@H](C)[C@H](NC(=O)[C@H](CCCC[NH3+])NC(=O)[C@@H](NC(=O)[C@H](CCC(N)=O)NC(=O)[C@@H]([NH3+])CCCNC(N)=[NH2+])[C@@H](C)CC)C(=O)N[C@@H](Cc1c[nH]c2ccccc12)C(=O)N[C@@H](Cc1ccccc1)C(=O)N[C@@H](CCC(N)=O)C(=O)N[C@@H](CC(N)=O)C(=O)N[C@@H](CCCNC(N)=[NH2+])C(=O)N[C@@H](CCCNC(N)=[NH2+])C(=O)N[C@@H](CCSC)C(=O)N[C@@H](CCCC[NH3+])C(=O)N[C@@H](Cc1c[nH]c2ccccc12)C(=O)N[C@@H](CCCC[NH3+])C(=O)N[C@@H](CCCC[NH3+])C(=O)O,1,3.2271616,1
NC(=[NH2+])NCCC[C@@H](N)C(=O)N[C@@H](CCCNC(N)=[NH2+])C(=O)N[C@H](CCCNC(N)=[NH2+])C(=O)NCC(=O)N[C@H](CCCNC(N)=[NH2+])C(=O)N[C@@H](CCCC[NH3+])C(=O)N[C@H](CCCC[NH3+])C(=O)N[C@@H](CCCNC(N)=[NH2+])C(=O)N[C@@H](C=O)CCCNC(N)=[NH2+],1,7.8742013,1
CC[C@H](C)[C@H](NC(=O)[C@H](CCCC[NH3+])NC(=O)[C@@H](NC(=O)[C@H](CCC(N)=O)NC(=O)[C@@H](N)CCCNC(N)=[NH2+])[C@@H](C)CC)C(=O)N[C@@H](Cc1c[nH]c2ccccc12)C(=O)N[C@@H](Cc1ccccc1)C(=O)N[C@@H](CCC(N)=O)C(=O)N[C@H](C=O)CC(N)=O,1,6.3171034,1
C[C@H](NC(=O)[C@H](C)NC(=O)[C@H](CO)NC(=O)[C@H](CCCNC(N)=[NH2+])NC(=O)[C@H](CS)NC(O)C(CC1CNCN1)NC(O)C(CC1CNCN1)NC(=O)[C@H](CCCNC(N)=[NH2+])NC(=O)[C@H](CCCNC(N)=[NH2+])NC(=O)[C@@H](N)CO)C(=O)N[C@@H](CCCC[NH3+])C(=O)N[C@@H](CCCNC(N)=[NH2+])C(=O)N[C@@H](CO)C(=O)N[C@@H](CCCNC(N)=[NH2+])C(=O)NC(CC1CNCN1)C(O)NC(CO)CC1CNCN1,1,4.023284,1
NC(=[NH2+])NCCC[C@H](NC(=O)[C@H](Cc1ccccc1)NC(=O)[C@H](CCCC[NH3+])NC(=O)[C@H](CCCC[NH3+])NC(=O)[C@@H](N)Cc1ccccc1)C(=O)N[C@@H](CCCC[NH3+])C(=O)N[C@H](C=O)Cc1ccccc1,1,5.4215975,1
CCC[C@@H]1NC(=O)[C@@H]2CS34SC[C@H](NC(=O)[C@H]([C@@H](C)CC)NC(=O)[C@H](CS)NC(=O)[C@H](C)NC(=O)CNC1=O)C(=O)N[C@@H](CCCNC(=N)N)C(=O)NCC(=O)N[C@@H](CC(N)=O)C(=O)NCC(=O)N[C@@H](Cc1ccc(O)cc1)C(=O)N[C@H](C(=O)NCC(=O)N[C@@H](CO)C(=O)NCC(=O)N[C@@H](CO)C(=O)N[C@H](C=O)CC(=O)O)C[SH]3[SH]4C[C@H](NC(=O)[C@H](CCCCN)NC(=O)[C@H](CCCCN)NC(=O)[C@H](CC(C)C)NC(=O)[C@@H](NC(=O)[C@H](C)NC(=O)[C@H](CCC)NC(=O)[C@H](CS)NC(=O)[C@@H](NC(=O)CNC(=O)CN)C(C)C)[C@@H](C)CC)C(=O)N[C@@H](CCCNC(=N)N)C(=O)N[C@@H](CCCNC(=N)N)C(=O)N[C@@H](CC(=O)O)C(=O)N[C@@H](CO)C(=O)N[C@@H](CC(=O)O)C(=O)N2,1,0.2441475,1
C[C@H](N)C(=O)N[C@@H](CS)C(=O)N[C@@H](CO)C(=O)NCC(=O)N[C@@H](CCCNC(N)=[NH2+])C(=O)NCC(=O)N[C@@H](CCCNC(N)=[NH2+])C(=O)NCC(=O)N[C@@H](CS)C(=O)NCC(=O)N[C@@H](CO)C(=O)NCC(=O)N[C@@H](CO)C(=O)NCC(=O)N[C@@H](CO)C(=O)N[C@@H](CS)C(=O)NCC=O,1,0.029897012,1
CC[C@H](C)[C@H](NC(=O)[C@H](CC(C)C)NC(=O)[C@H](C)NC(=O)[C@H](CCCNC(N)=[NH2+])NC(=O)[C@H](Cc1ccccc1)NC(=O)[C@@H](NC(=O)[C@@H](NC(=O)[C@@H](N)CCSC)[C@@H](C)CC)[C@@H](C)CC)C(=O)N[C@@H](CO)C(=O)NC(CC1CNCN1)C(O)N[C@@H](CCCC[NH3+])C(=O)N[C@H](C=O)CCCC[NH3+],1,8.291073,1
CC(C)C[C@H](NC(=O)[C@H](CCCNC(N)=[NH2+])NC(=O)[C@H](CCCNC(N)=[NH2+])NC(=O)[C@H](CC(C)C)NC(=O)[C@H](CC(C)C)NC(=O)[C@H](CCCNC(N)=[NH2+])NC(=O)[C@@H](N)CCCNC(N)=[NH2+])C(=O)N[C@@H](CCCNC(N)=[NH2+])C(=O)N[C@H](C=O)CCCNC(N)=[NH2+],1,7.538071,1
CC[C@H](C)[C@H](NC(=O)[C@H](CCCNC(N)=[NH2+])NC(=O)[C@@H](N)CCCC[NH3+])C(=O)N1CCC[C@H]1C(=O)N[C@@H](CC(N)=O)C(=O)N[C@@H](CCCC[NH3+])C(=O)N[C@@H](CCCC[NH3+])C(=O)N1CCC[C@H]1C(=O)NCC(=O)N[C@@H](CCCC[NH3+])C(=O)N[C@H](C=O)CCCC[NH3+],1,7.3545766,1
CC[C@H](C)[C@H](NC(=O)[C@H](CCCC[NH3+])NC(=O)[C@@H](NC(=O)[C@H](CCC(N)=O)NC(=O)[C@@H](N)CCCNC(N)=[NH2+])[C@@H](C)CC)C(=O)N[C@@H](Cc1c[nH]c2ccccc12)C(=O)N[C@@H](Cc1ccccc1)C(=O)N1CCC[C@H]1C(=O)N[C@@H](CC(N)=O)C(=O)N[C@@H](CCCNC(N)=[NH2+])C(=O)N[C@@H](CCCNC(N)=[NH2+])C(=O)N[C@@H](CCSC)C(=O)N[C@@H](CCCC[NH3+])C(=O)N[C@@H](Cc1c[nH]c2ccccc12)C(=O)N[C@@H](CCCC[NH3+])C(=O)N[C@H](C=O)CCCC[NH3+],1,7.446602,1
CC[C@H](C)[C@H](NC(=O)[C@H](CCCNC(N)=[NH2+])NC(=O)[C@@H](NC(=O)[C@@H](N)CCCNC(N)=[NH2+])C(C)C)C(=O)N[C@@H](CC(C)C)C(=O)N[C@@H](C)C(=O)N[C@@H](CCCNC(N)=[NH2+])C(=O)N[C@@H](Cc1ccccc1)C(=O)N[C@@H](CC(C)C)C(=O)N[C@@H](CCCNC(N)=[NH2+])C(=O)N[C@H](C(=O)N[C@@H](CCCNC(N)=[NH2+])C(=O)N[C@H](C=O)C(C)C)[C@@H](C)O,1,6.9915886,1
CC[C@H](C)[C@H](NC(=O)[C@H](CCCCN)NC(=O)[C@H](CCCCN)NC(=O)[C@H](C)NC(=O)[C@H](CC(C)C)NC(=O)[C@H](C)NC(=O)[C@H](C)NC(=O)[C@H](CC(C)C)NC(=O)[C@H](C)NC(=O)[C@H](CCCCN)NC(=O)[C@H](CC(C)C)NC(=O)[C@H](CC(N)=O)NC(=O)[C@@H](NC(=O)[C@H](CCCCN)NC(=O)CNC(=O)[C@H](CC(C)C)NC(=O)[C@H](CC(C)C)NC(=O)[C@H](Cc1ccc(O)cc1)NC(=O)CNC(=O)[C@H](C)N)[C@@H](C)O)C(=O)N[C@H](C=O)CC(C)C,1,7.868705,1
NC(=[NH2+])NCCC[C@H](NC(=O)CNC(=O)[C@H](CCCNC(N)=[NH2+])NC(=O)[C@@H](N)CCCNC(N)=[NH2+])C(=O)N[C@@H](CCCNC(N)=[NH2+])C(=O)NCC=O,1,4.0779314,1
CC[C@H](C)[C@H](NC(=O)[C@H](CCCNC(N)=[NH2+])NC(=O)[C@H](CC(C)C)NC(=O)[C@@H](NC(=O)[C@@H](NC(=O)[C@H](CC(C)C)NC(=O)[C@H](Cc1ccccc1)NC(=O)[C@H](CCCNC(N)=[NH2+])NC(=O)[C@H](CCCNC(N)=[NH2+])NC(=O)[C@@H](N)C(C)C)C(C)C)[C@@H](C)O)C(=O)N[C@@H](CCCNC(N)=[NH2+])C(=O)N[C@@H](CCCNC(N)=[NH2+])C(=O)N[C@@H](C)C=O,1,3.9402177,1
CCC[C@H](NC(=O)[C@@H](NC(=O)[C@H](CC(C)C)NC(=O)[C@H](CC(N)=O)NC(=O)[C@H](CCCNC(=N)N)NC(=O)[C@H](CC(C)C)NC(=O)[C@H](Cc1ccccc1)NC(=O)[C@H](CC(=O)O)NC(=O)[C@H](CCCCN)NC(=O)[C@@H](NC(=O)[C@H](CCCNC(=N)N)NC(=O)[C@H](CCC(N)=O)NC(=O)[C@@H](NC(=O)[C@@H](NC(=O)[C@H](CCCNC(=N)N)NC(=O)[C@H](CCCCN)NC(=O)[C@H](Cc1ccccc1)NC(=O)[C@H](CCC(=O)O)NC(=O)[C@H](CCCCN)NC(=O)CNC(=O)[C@@H](NC(=O)[C@H](CCCCN)NC(=O)[C@H](CCC(=O)O)NC(=O)[C@H](CCCCN)NC(=O)[C@H](CO)NC(=O)[C@H](CCCCN)NC(=O)[C@H](CCCNC(=N)N)NC(=O)[C@H](Cc1ccccc1)NC(=O)[C@H](Cc1ccccc1)NC(=O)[C@H](CC(=O)O)NC(=O)CNC(=O)[C@H](CC(C)C)NC(=O)[C@@H](N)CC(C)C)[C@@H](C)CC)[C@@H](C)CC)C(C)C)[C@@H](C)CC)C(C)C)C(=O)N[C@@H](CCCNC(=N)N)C(=O)N[C@H](C(=O)N[C@@H](CCC(=O)O)C(=O)N[C@@H](CO)C(=O)N[C@H](C=O)CS)[C@@H](C)O,1,0.08857478,1
CC[C@H](C)[C@H](NC(=O)[C@H](C)NC(=O)[C@@H](NC(=O)[C@H](CCC(N)=O)NC(=O)[C@@H]1CCCN1C(=O)[C@H](Cc1ccccc1)NC(=O)[C@@H](NC(O)C(CC1CNCN1)NC(=O)[C@H](Cc1ccccc1)NC(=O)[C@H](CCCC[NH3+])NC(=O)[C@H](CC(N)=O)NC(=O)[C@H](Cc1ccccc1)NC(=O)[C@H](CC(=O)O)NC(=O)[C@H](CCC(N)=O)NC(=O)[C@@H](NC(=O)[C@H](Cc1ccc(O)cc1)NC(=O)[C@@H](NC(=O)CNC(=O)[C@@H](N)CC(C)C)[C@@H](C)O)[C@@H](C)O)[C@@H](C)O)[C@@H](C)O)C(=O)NCC(=O)N[C@H](C(=O)NCC(=O)N[C@@H](C)C(=O)N1CCC[C@H]1C=O)C(C)C,1,-1.6134843,1
CSCC[C@H](NC(=O)[C@H](CC(N)=O)NC(=O)[C@H](CCCNC(N)=[NH2+])NC(=O)[C@H](CCC(N)=O)NC(=O)[C@H](Cc1c[nH]c2ccccc12)NC(=O)[C@H](CCC(N)=O)NC(=O)[C@@H](N)Cc1ccccc1)C(=O)N[C@@H](CCCNC(N)=[NH2+])C(=O)N[C@@H](CCCC[NH3+])C(=O)N[C@H](C(=O)N[C@@H](CCCNC(N)=[NH2+])C(=O)NCC(=O)N1CCC[C@H]1C(=O)N1CCC[C@H]1C(=O)N[C@H](C(=O)N[C@H](C=O)CO)C(C)C)C(C)C,1,4.481274,1
C[C@H](N)C(=O)N[C@@H](CS)C(=O)N[C@@H](CCCNC(N)=[NH2+])C(=O)NCC(=O)N[C@@H](CO)C(=O)NCC(=O)N[C@@H](CCCNC(N)=[NH2+])C(=O)NCC(=O)N[C@@H](CS)C(=O)NCC(=O)N[C@@H](CCCNC(N)=[NH2+])C(=O)NCC(=O)N[C@@H](CO)C(=O)NCC(=O)N[C@@H](CCCNC(N)=[NH2+])C(=O)N[C@@H](CS)C(=O)NCC=O,1,1.6868184,1
CC[C@H](C)[C@H](NC(=O)[C@H](CCCCN)NC(=O)[C@H](CCCCN)NC(=O)[C@H](C)NC(=O)[C@H](CC(C)C)NC(=O)[C@H](CCCCN)NC(=O)[C@H](C)NC(=O)[C@H](CC(C)C)NC(=O)[C@H](CCCCN)NC(=O)[C@H](C)NC(=O)[C@H](CC(C)C)NC(=O)[C@H](CCCCN)NC(=O)[C@H](C)NC(=O)[C@H](CC(C)C)NC(=O)[C@H](CCCCN)NC(=O)[C@H](C)NC(=O)[C@H](CC(C)C)NC(=O)[C@H](CCCCN)NC(=O)[C@H](C)NC(=O)[C@H](CC(C)C)NC(=O)[C@H](C)NC(=O)[C@H](CC(C)C)NC(=O)[C@H](C)NC(=O)[C@H](CC(C)C)NC(=O)[C@H](C)NC(=O)[C@H](CC(C)C)NC(=O)[C@H](C)NC(=O)[C@H](CC(C)C)NC(=O)[C@H](C)NC(=O)[C@H](CC(C)C)NC(=O)[C@H](C)NC(=O)[C@H](CC(C)C)NC(=O)[C@H](C)NC(=O)[C@@H](N)CC(C)C)C(=O)N[C@H](C=O)CCCCN,1,8.40419,1
CC(C)C[C@H](NC(=O)[C@H](C)NC(=O)[C@H](CC(C)C)NC(=O)[C@H](CC(C)C)NC(=O)[C@@H](NC(=O)[C@H](C)NC(=O)[C@@H]1CCCN1C(=O)[C@H](CC(C)C)NC(=O)[C@H](CC(C)C)NC(=O)[C@H](C)NC(=O)[C@@H](NC(=O)[C@H](C)NC(=O)[C@H](C)NC(=O)[C@H](CCCC[NH3+])NC(=O)[C@H](Cc1ccccc1)NC(=O)[C@H](CCCNC(N)=[NH2+])NC(=O)[C@@H](N)Cc1c[nH]c2ccccc12)C(C)C)C(C)C)C(=O)N[C@@H](CC(C)C)C(=O)N[C@@H](C)C(=O)N1CCC[C@H]1C=O,1,0.085175015,1
CC(C)C[C@H](NC(=O)[C@H](C)NC(=O)[C@H](CC(C)C)NC(=O)[C@H](CCCC[NH3+])NC(=O)[C@H](CC(C)C)NC(=O)[C@H](CCCC[NH3+])NC(=O)[C@H](CC(C)C)NC(=O)[C@H](C)NC(=O)[C@@H](N)CCCC[NH3+])C(=O)N[C@@H](C)C(=O)N[C@@H](CC(C)C)C(=O)N[C@@H](CC(C)C)C(=O)N[C@@H](C)C(=O)N[C@@H](CCCC[NH3+])C(=O)N[C@@H](CC(C)C)C(=O)N[C@@H](CCCC[NH3+])C(=O)N[C@@H](CC(C)C)C(=O)N[C@@H](C)C=O,1,5.610181,1
CC[C@H](C)[C@H](NC(=O)[C@H](CC(C)C)NC(=O)[C@H](CC(=O)O)NC(=O)[C@H](CCCNC(N)=[NH2+])NC(=O)[C@H](Cc1ccc(O)cc1)NC(=O)[C@H](C)NC(=O)[C@@H](NC(=O)[C@@H](N)CCSC)[C@@H](C)CC)C(=O)N[C@H](C=O)CO,1,7.232878,1
CC(C)C[C@@H](NC(=O)[C@H](NC(=O)[C@H]1CCCN1C(=O)[C@H](N)C(C)C)[C@@H](C)O)C(=O)N[C@@H](C=O)CCCC[NH3+],1,6.8844695,1
CC(C)C[C@H](NC(=O)[C@H](C)NC(=O)[C@H](CCCC[NH3+])NC(=O)[C@H](CC(C)C)NC(=O)[C@H](C)NC(=O)[C@H](CC(C)C)NC(=O)[C@H](CCCC[NH3+])NC(=O)[C@H](CC(C)C)NC(=O)[C@H](C)NC(=O)[C@H](CC(C)C)NC(=O)[C@@H](N)CCCC[NH3+])C(=O)N[C@@H](CCC(N)=O)C(=O)N[C@@H](C)C(=O)N[C@@H](C)C(=O)N[C@@H](CC(C)C)C(=O)N[C@@H](CCC(N)=O)C(=O)N[C@@H](CC(C)C)C(=O)N[C@@H](C)C=O,1,5.886797,1
CC[C@H](C)[C@H](NC(=O)[C@H](CCCC[NH3+])NC(=O)[C@@H](NC(=O)[C@H](CCC(N)=O)NC(=O)[C@@H](N)CCCNC(N)=[NH2+])[C@@H](C)CC)C(=O)N[C@@H](Cc1c[nH]c2ccccc12)C(=O)N[C@@H](Cc1ccccc1)C(=O)N[C@@H](CCC(N)=O)C(=O)N[C@@H](CC(N)=O)C(=O)N[C@@H](CCCNC(N)=[NH2+])C(=O)N[C@@H](CCCNC(N)=[NH2+])C(=O)N[C@@H](C)C(=O)N[C@@H](CCCC[NH3+])C(=O)N[C@@H](Cc1c[nH]c2ccccc12)C(=O)N[C@@H](CCCC[NH3+])C(=O)N[C@H](C=O)CCCC[NH3+],1,7.8342247,1
NC(=[NH2+])NCCC[C@@H](C=O)NC(=O)[C@H](CCCNC(N)=[NH2+])NC(=O)[C@H](CCCNC(N)=[NH2+])NC(=O)[C@H](CCC(N)=O)NC(=O)[C@H](CCCNC(N)=[NH2+])NC(=O)[C@H](CCCNC(N)=[NH2+])NC(=O)[C@H](CCCC[NH3+])NC(=O)[C@H](CCCC[NH3+])NC(=O)[C@H](CCCNC(N)=[NH2+])NC(=O)CNC(=O)[C@H](Cc1ccc(O)cc1)NC(=O)[C@H](CCCC[NH3+])NC(=O)[C@@H](N)CS,1,6.056716,1
CC(C)C[C@H](NC(=O)CNC(=O)[C@H](CO)NC(=O)[C@H](C)NC(=O)CNC(=O)[C@H](CO)NC(=O)[C@@H]1CCCN1C(=O)[C@H](C)NC(=O)[C@H](CC(C)C)NC(=O)[C@H](CC(C)C)NC(=O)[C@H](C)NC(=O)[C@H](CC(C)C)NC(=O)[C@H](CC(C)C)NC(=O)[C@@H](NC(=O)[C@H](C)NC(=O)[C@@H]1CCCN1C(=O)[C@H](CC(C)C)NC(=O)[C@H](CC(C)C)NC(=O)[C@H](C)NC(=O)[C@@H](NC(=O)[C@H](C)NC(=O)[C@H](C)N)C(C)C)C(C)C)C(=O)N[C@@H](CC(=O)O)C(=O)N[C@@H](CCCC[NH3+])C(=O)N[C@@H](CCCNC(N)=[NH2+])C(=O)N[C@@H](CC(=O)O)C(=O)N[C@@H](Cc1ccc(O)cc1)C(=O)N[C@H](C(N)=O)C(C)C,1,0.76737916,1
CC[C@H](C)[C@H](NC(=O)[C@H](CCCNC(N)=[NH2+])NC(=O)[C@H](Cc1ccccc1)NC(=O)[C@@H](NC(=O)[C@@H](NC(=O)[C@@H](N)CCSC)[C@@H](C)CC)[C@@H](C)CC)C(=O)N[C@@H](C)C(=O)N[C@@H](C)C(=O)N[C@@H](CO)C(=O)NC(CC1CNCN1)C(O)N[C@@H](CCCC[NH3+])C(=O)N[C@H](C=O)CCCC[NH3+],1,8.376615,1
CC(=O)NC(CC1CNCN1)C(O)NC(CC1CNCN1)C(O)NC(CC1CNCN1)C(O)NC(CC1CNCN1)C(O)NC(CC1CNCN1)C(O)NC(CC1CNCN1)C(O)NC(CC1CNCN1)C(O)NC(CC1CNCN1)C(O)N[C@@H](CCCNC(N)=[NH2+])C(=O)N[C@@H](CCCNC(N)=[NH2+])C(=O)N[C@@H](CCCNC(N)=[NH2+])C(=O)N[C@@H](CCCNC(N)=[NH2+])C(=O)N[C@@H](CCCNC(N)=[NH2+])C(=O)N[C@@H](CCCNC(N)=[NH2+])C(=O)N[C@@H](CCCNC(N)=[NH2+])C(=O)N[C@@H](CCCNC(N)=[NH2+])C(=O)N[C@@H](CCCNC(N)=[NH2+])C(=O)N[C@@H](CCCNC(N)=[NH2+])C(=O)N[C@@H](CCCNC(N)=[NH2+])C(=O)N[C@@H](CCCNC(N)=[NH2+])C(=O)N[C@@H](CCCNC(N)=[NH2+])C(=O)N[C@@H](CCCNC(N)=[NH2+])C(=O)N[C@@H](CCCNC(N)=[NH2+])C(N)=O,1,4.580742,1
CC[C@H](C)[C@H](NC(=O)[C@H](CCCC[NH3+])NC(=O)[C@@H](NC(=O)[C@H](CCC(N)=O)NC(=O)[C@@H]([NH3+])CCCNC(N)=[NH2+])[C@@H](C)CC)C(=O)N[C@@H](Cc1c[nH]c2ccccc12)C(=O)N[C@@H](Cc1ccccc1)C(=O)N[C@@H](CCC(N)=O)C(=O)N[C@@H](CC(N)=O)C(=O)N[C@@H](CCCNC(N)=[NH2+])C(=O)N[C@@H](CCCNC(N)=[NH2+])C(=O)N[C@@H](CCSC)C(=O)N[C@@H](CCCC[NH3+])C(=O)N[C@@H](Cc1c[nH]c2ccccc12)C(=O)N[C@@H](CCCC[NH3+])C(=O)N[C@@H](CCCC[NH3+])C(=O)O,1,3.2271616,1
NC(=[NH2+])NCCC[C@H](NC(=O)[C@H](Cc1c[nH]c2ccccc12)NC(=O)[C@H](CCCNC(N)=[NH2+])NC(=O)[C@@H](N)CS)C(=O)N[C@H](Cc1c[nH]c2ccccc12)C(=O)N[C@@H](CCCC[NH3+])C(=O)N[C@@H](CS)C(=O)N[C@@H](CS)C(=O)N[C@@H](CCCC[NH3+])C(=O)N[C@H](C=O)CCCC[NH3+],1,4.901904,1
CC[C@H](C)[C@H](NC(=O)[C@H](CCCC[NH3+])NC(=O)[C@@H](NC(=O)[C@H](CCC(N)=O)NC(=O)[C@@H](N)CCCNC(N)=[NH2+])[C@@H](C)CC)C(=O)N[C@@H](Cc1ccccc1)C(=O)N[C@@H](Cc1ccccc1)C(=O)N[C@@H](CCC(N)=O)C(=O)N[C@@H](CC(N)=O)C(=O)N[C@@H](CCCNC(N)=[NH2+])C(=O)N[C@@H](CCCNC(N)=[NH2+])C(=O)N[C@@H](CCSC)C(=O)N[C@@H](CCCC[NH3+])C(=O)N[C@@H](Cc1c[nH]c2ccccc12)C(=O)N[C@@H](CCCC[NH3+])C(=O)N[C@H](C=O)CCCC[NH3+],1,7.8978443,1
CC[C@H](C)[C@H](NC(=O)[C@H](CCCC[NH3+])NC(=O)[C@@H](NC(=O)[C@H](CCC(N)=O)NC(=O)[C@@H](N)CCCNC(N)=[NH2+])[C@@H](C)CC)C(=O)N[C@H](C=O)Cc1c[nH]c2ccccc12,1,6.678213,1
NC(=[NH2+])NCCC[C@H](NC(=O)[C@@H](N)CS)C(=O)N[C@H](Cc1c[nH]c2ccccc12)C(=O)N[C@@H](CCCNC(N)=[NH2+])C(=O)N[C@@H](Cc1c[nH]c2ccccc12)C(=O)N[C@@H](CCCC[NH3+])C(=O)N[C@@H](CS)C(=O)N[C@@H](CS)C(=O)N[C@@H](CCCC[NH3+])C(=O)N[C@H](C=O)CCCC[NH3+],1,5.051337,1
CC[C@H](C)[C@H](NC(=O)[C@H](CCCC[NH3+])NC(=O)[C@@H](NC(=O)[C@H](CCC(N)=O)NC(=O)[C@@H]([NH3+])CCCNC(N)=[NH2+])[C@@H](C)CC)C(=O)N[C@@H](Cc1c[nH]c2ccccc12)C(=O)N[C@@H](Cc1ccccc1)C(=O)N[C@@H](CCC(N)=O)C(=O)N[C@@H](CC(N)=O)C(=O)N[C@@H](CCCNC(N)=[NH2+])C(=O)N[C@@H](CCCNC(N)=[NH2+])C(=O)N[C@@H](CCSC)C(=O)N[C@@H](CCCC[NH3+])C(=O)N[C@@H](Cc1c[nH]c2ccccc12)C(=O)N[C@@H](CCCC[NH3+])C(=O)N[C@@H](CCCC[NH3+])C(=O)O,1,3.2271616,1
CC(C)C[C@@H](C=O)NC(=O)[C@@H](NC(=O)[C@@H](NC(=O)[C@H](CC(C)C)NC(=O)[C@@H](NC(=O)[C@H](CCCC[NH3+])NC(=O)[C@H](C)NC(=O)[C@H](CC(C)C)NC(=O)[C@H](CCCC[NH3+])NC(=O)[C@@H](NC(=O)[C@H](CC(C)C)NC(=O)[C@H](C)NC(=O)[C@@H](NC(=O)[C@H](C)NC(=O)[C@H](CC(C)C)NC(=O)[C@@H](NC(=O)[C@H](CCCC[NH3+])NC(=O)[C@@H](N)CC(C)C)[C@@H](C)O)[C@@H](C)O)[C@@H](C)O)[C@@H](C)O)[C@@H](C)O)[C@@H](C)O,1,3.1616836,1
CC(=O)NCC(=O)N[C@@H](CCCNC(N)=[NH2+])C(=O)NCC(=O)N[C@@H](CC(=O)O)C(=O)NCC(=O)N1CCC[C@H]1C(=O)N[C@@H](CCCNC(N)=[NH2+])C(=O)N[C@@H](CCCNC(N)=[NH2+])C(=O)N[C@@H](CCCC[NH3+])C(=O)N[C@@H](CCCC[NH3+])C(=O)N[C@@H](CCCC[NH3+])C(=O)N[C@@H](CCCC[NH3+])C(=O)NCC(=O)N1CCC[C@H]1C(=O)N[C@@H](CCCNC(N)=[NH2+])C(=O)N[C@@H](CCCNC(N)=[NH2+])C(=O)N[C@@H](CCCC[NH3+])C(=O)N[C@@H](CCCC[NH3+])C(=O)N[C@@H](CCCC[NH3+])C(=O)N[C@@H](CCCC[NH3+])C(=O)NCC(=O)N1CCC[C@H]1C(=O)N[C@@H](CCCNC(N)=[NH2+])C(=O)N[C@H](C=O)CCCNC(N)=[NH2+],1,6.9613795,1
N=C(N)NCCC[C@@H](C=O)NC(=O)[C@H](CCCNC(=N)N)NC(=O)[C@H](CCCNC(=N)N)NC(=O)[C@H](CCCNC(=N)N)NC(=O)[C@H](CCCNC(=N)N)NC(=O)[C@H](CCCNC(=N)N)NC(=O)[C@H](CCCNC(=N)N)NC(=O)[C@H](CCCNC(=N)N)NC(=O)[C@H](CCCNC(=N)N)NC(=O)[C@H](CCCNC(=N)N)NC(=O)[C@H](CCCNC(=N)N)NC(=O)[C@H](CCCNC(=N)N)NC(=O)[C@H](CCCNC(=N)N)NC(=O)[C@H](CCCNC(=N)N)NC(=O)[C@H](CCCNC(=N)N)NC(=O)[C@H](Cc1c[nH]cn1)NC(=O)[C@H](Cc1c[nH]cn1)NC(=O)[C@H](Cc1c[nH]cn1)NC(=O)[C@H](Cc1c[nH]cn1)NC(=O)[C@H](Cc1c[nH]cn1)NC(=O)[C@H](Cc1c[nH]cn1)NC(=O)[C@H](Cc1c[nH]cn1)NC(=O)[C@H](Cc1c[nH]cn1)NC(=O)[C@H](Cc1c[nH]cn1)NC(=O)[C@H](Cc1c[nH]cn1)NC(=O)[C@H](Cc1c[nH]cn1)NC(=O)[C@H](Cc1c[nH]cn1)NC(=O)[C@H](Cc1c[nH]cn1)NC(=O)[C@H](Cc1c[nH]cn1)NC(=O)[C@H](Cc1c[nH]cn1)NC(=O)[C@H](Cc1c[nH]cn1)NC(=O)[C@H](Cc1c[nH]cn1)NC(=O)[C@H](Cc1c[nH]cn1)NC(=O)[C@H](Cc1c[nH]cn1)NC(=O)[C@@H](N)Cc1c[nH]cn1,1,6.5541744,1
CC(C)C[C@H](NC(=O)[C@H](C)NC(=O)[C@@H](NC(=O)[C@@H](NC(=O)[C@H](CCCC[NH3+])NC(=O)[C@H](CC(C)C)NC(=O)[C@@H](N)CC(C)C)[C@@H](C)O)[C@@H](C)O)C(=O)N[C@@H](CC(C)C)C(=O)N[C@@H](CCCC[NH3+])C(=O)N[C@H](C(=O)N[C@H](C(=O)N[C@@H](C)C(=O)N[C@@H](CC(C)C)C(=O)N[C@@H](CC(C)C)C(=O)N[C@@H](CCCC[NH3+])C(=O)N[C@H](C(=O)N[C@H](C(=O)N[C@@H](C)C=O)[C@@H](C)O)[C@@H](C)O)[C@@H](C)O)[C@@H](C)O,1,3.1413412,1
NC(=[NH2+])NCCC[C@H](NC(=O)CNC(=O)[C@@H](N)CCCC[NH3+])C(=O)N[C@@H](CCCC[NH3+])C(=O)N[C@@H](CCCC[NH3+])C(=O)N[C@@H](CCCNC(N)=[NH2+])C(=O)N[C@@H](CCCNC(N)=[NH2+])C(=O)N[C@@H](CCC(N)=O)C(=O)N[C@@H](CCCNC(N)=[NH2+])C(=O)N[C@@H](CCCNC(N)=[NH2+])C(=O)N[C@@H](CCCNC(N)=[NH2+])C(=O)N1CCC[C@H]1C(=O)N1CCC[C@H]1C(=O)N[C@H](C=O)CCC(N)=O,1,8.043825,1
NCC(=O)N[C@@H](CCCNC(N)=[NH2+])C(=O)N[C@@H](CCCC[NH3+])C(=O)N[C@@H](CCCC[NH3+])C(=O)N[C@@H](CCCNC(N)=[NH2+])C(=O)N[C@@H](CCCNC(N)=[NH2+])C(=O)N[C@@H](CCC(N)=O)C(=O)N[C@@H](CCCNC(N)=[NH2+])C(=O)N[C@@H](CCCNC(N)=[NH2+])C(=O)N[C@@H](CCCNC(N)=[NH2+])C(=O)N1CCC[C@H]1C(=O)N[C@@H](Cc1c[nH]c2ccccc12)C(=O)N[C@H](C=O)CCC(N)=O,1,6.891968,1
CC[C@H](C)[C@@H](C=O)NC(=O)[C@H](CC(C)C)NC(=O)[C@H](Cc1ccc(O)cc1)NC(=O)[C@@H](NC(=O)[C@H](Cc1ccccc1)NC(=O)[C@@H]1CCCN1)C(C)C,1,-0.35269588,1
N[C@@H](CCCC[NH3+])C(=O)N[C@@H](CCCC[NH3+])C(=O)N[C@@H](CCCC[NH3+])C(=O)N[C@@H](CCCC[NH3+])C(=O)N[C@@H](CCCC[NH3+])C(=O)N[C@@H](CCCC[NH3+])C(=O)N[C@@H](CCCC[NH3+])C(=O)N[C@@H](CCCC[NH3+])C(=O)N[C@H](C=O)CCCC[NH3+],1,6.8808813,1
CC(=O)N[C@@H](CCCC[NH3+])C(=O)N[C@@H](CCC(=O)O)C(=O)N[C@H](C(=O)N[C@@H](Cc1c[nH]c2ccccc12)C(=O)N[C@@H](Cc1c[nH]c2ccccc12)C(=O)N[C@@H](CCC(=O)O)C(=O)N[C@H](C(=O)N[C@@H](Cc1c[nH]c2ccccc12)C(=O)N[C@@H](Cc1c[nH]c2ccccc12)C(=O)N[C@H](C(=O)N[C@@H](CCC(=O)O)C(=O)N[C@@H](Cc1c[nH]c2ccccc12)C(=O)N[C@@H](CO)C(=O)N[C@@H](CCC(N)=O)C(=O)N1CCC[C@H]1C(=O)N[C@@H](CCCC[NH3+])C(=O)N[C@@H](CCCC[NH3+])C(=O)N[C@@H](CCCC[NH3+])C(=O)N[C@@H](CCCNC(N)=[NH2+])C(=O)N[C@@H](CCCC[NH3+])C(=O)N[C@H](C(N)=O)C(C)C)[C@@H](C)O)[C@@H](C)O)[C@@H](C)O,1,-1.0839163,1
NC(=[NH2+])NCCC[C@@H](C=O)NC(=O)[C@H](CCCNC(N)=[NH2+])NC(=O)[C@H](CCCNC(N)=[NH2+])NC(=O)[C@H](CCCNC(N)=[NH2+])NC(=O)[C@H](CCCNC(N)=[NH2+])NC(=O)[C@H](CCCNC(N)=[NH2+])NC(=O)[C@H](CCCNC(N)=[NH2+])NC(=O)[C@H](CCCNC(N)=[NH2+])NC(=O)[C@@H](N)CCCNC(N)=[NH2+],1,7.608817,1
CC[C@H](C)[C@H](NC(=O)[C@H](CCCC[NH3+])NC(=O)[C@@H](NC(=O)[C@H](CCC(N)=O)NC(=O)[C@H](CCCNC(N)=[NH2+])NC(=O)[C@@H](N)CS)[C@@H](C)CC)C(=O)N[C@@H](Cc1c[nH]c2ccccc12)C(=O)N[C@@H](Cc1ccccc1)C(=O)N1CCC[C@H]1C(=O)N[C@@H](CC(N)=O)C(=O)N[C@@H](CCCNC(N)=[NH2+])C(=O)N[C@@H](CCCNC(N)=[NH2+])C(=O)N[C@@H](CCSC)C(=O)N[C@@H](CCCC[NH3+])C(=O)N[C@@H](Cc1c[nH]c2ccccc12)C(=O)N[C@@H](CCCC[NH3+])C(=O)N[C@@H](CCCC[NH3+])C(=O)N[C@H](C=O)CS,1,5.722271,1
NCC(=O)N[C@@H](CCCNC(N)=[NH2+])C(=O)N[C@@H](CCCC[NH3+])C(=O)N[C@@H](CCCC[NH3+])C(=O)N[C@@H](CCCNC(N)=[NH2+])C(=O)N[C@@H](CCCNC(N)=[NH2+])C(=O)N[C@@H](CCC(N)=O)C(=O)N[C@@H](CCCNC(N)=[NH2+])C(=O)N[C@@H](CCCNC(N)=[NH2+])C(=O)N[C@@H](CCCNC(N)=[NH2+])C(=O)N1CCC[C@H]1C(=O)N1CCC[C@H]1C(=O)N[C@H](C=O)CCC(N)=O,1,7.7769403,1
CC(C)C[C@H](NC(=O)CN)C(=O)N[C@@H](Cc1c[nH]c2ccccc12)C(=O)N[C@@H](CCCNC(N)=[NH2+])C(=O)N[C@@H](C)C(=O)N[C@@H](CC(C)C)C(=O)N[C@@H](Cc1c[nH]c2ccccc12)C(=O)N[C@@H](CCCNC(N)=[NH2+])C(=O)N[C@@H](C)C(=O)N[C@@H](CC(C)C)C(=O)N[C@@H](Cc1c[nH]c2ccccc12)C(=O)N[C@@H](CCCNC(N)=[NH2+])C(=O)N[C@@H](CO)C(=O)N[C@@H](CC(C)C)C(=O)N[C@@H](Cc1c[nH]c2ccccc12)C(=O)N[C@@H](CCCC[NH3+])C(=O)N[C@@H](CCCC[NH3+])C(=O)N[C@@H](CCCC[NH3+])C(=O)N[C@@H](CCCNC(N)=[NH2+])C(=O)N[C@@H](CCCC[NH3+])C(=O)N[C@H](C=O)C(C)C,1,6.458088,1
NC(=[NH2+])NCCC[C@H](NC(=O)[C@H](CCCNC(N)=[NH2+])NC(=O)[C@H](CCCNC(N)=[NH2+])NC(=O)[C@H](CCCNC(N)=[NH2+])NC(=O)[C@H](CCCNC(N)=[NH2+])NC(=O)[C@H](CCCNC(N)=[NH2+])NC(=O)[C@@H](N)CCCNC(N)=[NH2+])C(=O)N[C@H](C=O)Cc1c[nH]c2ccccc12,1,6.682444,1
CC[C@H](C)[C@H](NC(=O)[C@H](CCCNC(N)=[NH2+])NC(=O)[C@H](CCCNC(N)=[NH2+])NC(=O)[C@H](CCCNC(N)=[NH2+])NC(=O)[C@H](CC(C)C)NC(=O)[C@@H](NC(=O)[C@@H](NC(=O)[C@H](CC(C)C)NC(=O)[C@@H](N)CC(C)C)[C@@H](C)CC)[C@@H](C)CC)C(=O)N[C@@H](CCCNC(N)=[NH2+])C(=O)N[C@@H](CCCC[NH3+])C(=O)N[C@@H](CCC(N)=O)C(=O)N[C@@H](C)C(=O)NC(CC1CNCN1)C(O)N[C@@H](C)C(=O)NC(CC1CNCN1)C(O)N[C@@H](CO)C(=O)N[C@@H](C)C=O,1,6.312527,1
CC(C)[C@@H](C=O)NC(=O)[C@H](CCCC[NH3+])NC(=O)[C@H](CCCNC(N)=[NH2+])NC(=O)[C@H](CCCC[NH3+])NC(=O)[C@H](CO)NC(=O)[C@H](CCCC[NH3+])NC(=O)[C@H](CCCC[NH3+])NC(=O)[C@H](Cc1ccccc1)NC(=O)[C@H](CCCNC(N)=[NH2+])NC(=O)[C@@H](N)Cc1c[nH]c2ccccc12,1,3.0852609,1
CC(C)C[C@H](NC(=O)[C@H](C)NC(=O)[C@H](CC(C)C)NC(=O)[C@H](CCCC[NH3+])NC(=O)[C@H](CC(C)C)NC(=O)[C@H](CCCC[NH3+])NC(=O)[C@H](CC(C)C)NC(=O)[C@H](C)NC(=O)[C@@H](N)CCCC[NH3+])C(=O)N[C@@H](C)C(=O)N[C@@H](CC(C)C)C(=O)N[C@@H](CC(C)C)C(=O)N[C@@H](C)C(=O)N[C@@H](CCCC[NH3+])C(=O)N[C@@H](CC(C)C)C(=O)N[C@@H](CCCC[NH3+])C(=O)N[C@@H](CC(C)C)C(=O)N[C@@H](C)C(N)=O,1,4.2265635,1
CC[C@H](C)[C@H](NC(=O)[C@H](CCCC[NH3+])NC(=O)[C@@H](NC(=O)[C@H](CCC(N)=O)NC(=O)[C@@H](N)CCCNC(N)=[NH2+])[C@@H](C)CC)C(=O)N[C@@H](C)C(=O)N[C@@H](Cc1ccccc1)C(=O)N[C@@H](CCC(N)=O)C(=O)N[C@@H](CC(N)=O)C(=O)N[C@@H](CCCNC(N)=[NH2+])C(=O)N[C@@H](CCCNC(N)=[NH2+])C(=O)N[C@@H](CCSC)C(=O)N[C@@H](CCCC[NH3+])C(=O)N[C@@H](Cc1c[nH]c2ccccc12)C(=O)N[C@@H](CCCC[NH3+])C(=O)N[C@H](C=O)CCCC[NH3+],1,8.186615,1
CC(C)C[C@H](NC(=O)CNC(=O)[C@H](CCCC[NH3+])NC(=O)[C@H](CC(C)C)NC(=O)CNC(=O)[C@H](CC(C)C)NC(=O)[C@H](CCCC[NH3+])NC(=O)[C@H](CC(C)C)NC(=O)CNC(=O)[C@H](CC(C)C)NC(=O)[C@@H](N)CCCC[NH3+])C(=O)N[C@@H](CCCC[NH3+])C(=O)NCC(=O)NCC(=O)N[C@@H](CC(C)C)C(=O)N[C@@H](CCCC[NH3+])C(=O)N[C@@H](CC(C)C)C(=O)NCC=O,1,1.2123939,1
C[C@H](N)C(=O)N[C@@H](CS)C(=O)N[C@@H](CO)C(=O)NCC(=O)N[C@@H](CO)C(=O)NCC(=O)N[C@@H](CO)C(=O)NCC(=O)N[C@@H](CS)C(=O)NCC(=O)N[C@@H](CO)C(=O)NCC(=O)N[C@@H](CO)C(=O)NCC(=O)N[C@@H](CO)C(=O)N[C@@H](CS)C(=O)NCC(=O)N[C@@H](CCCNC(N)=[NH2+])C(=O)N[C@@H](CCCNC(N)=[NH2+])C(=O)N[C@@H](CCCNC(N)=[NH2+])C(=O)N[C@@H](CCCNC(N)=[NH2+])C(=O)N[C@@H](CCCNC(N)=[NH2+])C(=O)N[C@@H](CCCNC(N)=[NH2+])C(=O)N[C@@H](CCCNC(N)=[NH2+])C(=O)N[C@H](C=O)CCCNC(N)=[NH2+],1,5.9625893,1
CC[C@H](C)[C@H](NC(=O)[C@H](CCCNC(N)=[NH2+])NC(=O)[C@H](C)NC(O)C(N)CC1CNCN1)C(=O)N[C@@H](CCCC[NH3+])C(=O)N1CCC[C@H]1C(=O)N[C@H](C(=O)N[C@@H](Cc1ccccc1)C(=O)N[C@@H](CCCNC(N)=[NH2+])C(=O)N[C@@H](CCCNC(N)=[NH2+])C(=O)N[C@@H](CC(C)C)C(=O)N[C@@H](CCCC[NH3+])C(=O)N[C@@H](Cc1c[nH]c2ccccc12)C(=O)N[C@@H](CCCC[NH3+])C(=O)N[C@@H](Cc1ccc(O)cc1)C(=O)N[C@@H](CCCC[NH3+])C(=O)NCC(=O)N[C@@H](CCCC[NH3+])C(=O)N[C@@H](Cc1ccccc1)C(=O)N[C@H](C=O)Cc1c[nH]c2ccccc12)[C@@H](C)O,1,4.41905,1
CC(C)[C@@H](C=O)NC(=O)[C@H](CCCC[NH3+])NC(=O)[C@H](CCCNC(N)=[NH2+])NC(=O)[C@H](CCCC[NH3+])NC(=O)[C@H](CCCC[NH3+])NC(=O)[C@H](CCCC[NH3+])NC(=O)[C@@H]1CCCN1C(=O)[C@H](CCC(N)=O)NC(=O)[C@H](CO)NC(=O)[C@H](Cc1c[nH]c2ccccc12)NC(=O)[C@H](CCC(=O)O)NC(=O)[C@@H](NC(=O)[C@H](Cc1c[nH]c2ccccc12)NC(=O)[C@H](Cc1c[nH]c2ccccc12)NC(=O)[C@@H](NC(=O)[C@H](CCC(=O)O)NC(=O)[C@H](Cc1c[nH]c2ccccc12)NC(=O)[C@H](Cc1c[nH]c2ccccc12)NC(=O)[C@@H](NC(=O)[C@H](CCC(=O)O)NC(=O)[C@@H](N)CCCC[NH3+])[C@@H](C)O)[C@@H](C)O)[C@@H](C)O,1,2.1244311,1
CC(C)C[C@H](NC(=O)[C@H](C)NC(=O)[C@H](CCCC[NH3+])NC(=O)[C@H](CC(C)C)NC(=O)[C@H](C)NC(=O)[C@H](CC(C)C)NC(=O)[C@@H](N)CCCC[NH3+])C(=O)N[C@@H](CCCC[NH3+])C(=O)N[C@@H](C)C(=O)N[C@@H](C)C(=O)N[C@@H](CC(C)C)C(=O)N[C@@H](CCCC[NH3+])C(=O)N[C@@H](CC(C)C)C(=O)N[C@@H](C)C=O,1,4.7156057,1
CSCC[C@H](NC(=O)[C@H](CC(C)C)NC(=O)CNC(=O)[C@H](Cc1ccccc1)NC(=O)[C@H](Cc1ccccc1)NC(=O)[C@H](CCC(N)=O)NC(=O)[C@H](CCC(N)=O)NC(=O)[C@H](CC(C)C)NC(=O)[C@H](CC(C)C)NC(=O)[C@H](CCCC[NH3+])NC(=O)[C@H](Cc1c[nH]c2ccccc12)NC(=O)[C@@H](NC(=O)[C@H](CCCC[NH3+])NC(=O)[C@H](CCCNC(N)=[NH2+])NC(=O)[C@H](CCCC[NH3+])NC(=O)[C@H](CCCC[NH3+])NC(=O)[C@H](CCCC[NH3+])NC(=O)[C@@H]1CCCN1)C(C)C)C(N)=O,1,-2.191195,1
CC[C@H](C)[C@H](NC(=O)[C@H](C)NC(=O)[C@H](Cc1ccccc1)NC(=O)[C@@H](NC(=O)[C@@H](NC(=O)[C@@H](N)CCSC)[C@@H](C)CC)[C@@H](C)CC)C(=O)N[C@@H](C)C(=O)N[C@@H](C)C(=O)N[C@@H](CO)C(=O)NC(CC1CNCN1)C(O)N[C@@H](CCCC[NH3+])C(=O)N[C@H](C=O)CCCC[NH3+],1,8.003112,1
CC[C@H](C)[C@H](NC(=O)[C@H](CCCNC(N)=[NH2+])NC(=O)[C@H](Cc1ccc(O)cc1)NC(O)C(N)CC1CNCN1)C(=O)N[C@@H](CCCC[NH3+])C(=O)N1CCC[C@H]1C(=O)N[C@H](C(=O)N[C@@H](Cc1ccccc1)C(=O)N[C@@H](CCCNC(N)=[NH2+])C(=O)N[C@@H](CCCNC(N)=[NH2+])C(=O)N[C@@H](CC(C)C)C(=O)N[C@@H](CCCC[NH3+])C(=O)N[C@@H](Cc1c[nH]c2ccccc12)C(=O)N[C@@H](CCCC[NH3+])C(=O)N[C@@H](Cc1ccc(O)cc1)C(=O)N[C@@H](CCCC[NH3+])C(=O)NCC(=O)N[C@@H](CCCC[NH3+])C(=O)N[C@@H](Cc1ccccc1)C(=O)N[C@@H](C)C=O)[C@@H](C)O,1,1.7329929,1
NC(=[NH2+])NCCC[C@H](NC(=O)[C@H](CCCNC(N)=[NH2+])NC(=O)[C@H](CCCNC(N)=[NH2+])NC(=O)[C@H](CCC(N)=O)NC(=O)[C@H](CCCNC(N)=[NH2+])NC(=O)[C@H](CCCNC(N)=[NH2+])NC(=O)[C@H](CCCC[NH3+])NC(=O)[C@H](CCCC[NH3+])NC(=O)[C@H](CCCNC(N)=[NH2+])NC(=O)CNC(=O)[C@@H](N)Cc1ccc(O)cc1)C(N)=O,1,2.755396,1
CCC[C@H](NC(=O)[C@H](CS)NC(=O)[C@@H](NC(=O)CNC(=O)CN)C(C)C)C(=O)N[C@@H](CCCCN)C(=O)N[C@H](C(=O)N[C@@H](CC(C)C)C(=O)N[C@@H](C)C(=O)N[C@@H](CCCCN)C(=O)N[C@H]1C[SH]2[SH]3C[C@@H](C(=O)NCC(=O)N[C@@H](CO)C(=O)NCC(=O)N[C@@H](CO)C(=O)N[C@H](C=O)CC(=O)O)NC(=O)[C@H](Cc4ccc(O)cc4)NC(=O)CNC(=O)[C@H](CC(N)=O)NC(=O)CNC(=O)[C@H](CCCNC(=N)N)NC(=O)[C@@H]4CSS32C[C@H](NC(=O)[C@H](CC(=O)O)NC(=O)[C@H](CO)NC(=O)[C@H](CC(=O)O)NC(=O)[C@H](CCCNC(=N)N)NC(=O)[C@H](CCCNC(=N)N)NC1=O)C(=O)N1CCC[C@H]1C(=O)NCC(=O)N[C@@H](C)C(=O)N[C@@H](CS)C(=O)N[C@@H]([C@@H](C)CC)C(=O)N4)[C@@H](C)CC,1,0.30619508,1
CC[C@H](C)[C@H](NC(=O)[C@H](CCCC[NH3+])NC(=O)[C@@H](NC(=O)[C@H](CCC(N)=O)NC(=O)[C@@H]([NH3+])CCCNC(N)=[NH2+])[C@@H](C)CC)C(=O)N[C@@H](Cc1c[nH]c2ccccc12)C(=O)N[C@@H](Cc1ccccc1)C(=O)N[C@@H](CCC(N)=O)C(=O)N[C@@H](CC(N)=O)C(=O)N[C@@H](CCCNC(N)=[NH2+])C(=O)N[C@@H](CCCNC(N)=[NH2+])C(=O)N[C@@H](CCSC)C(=O)N[C@@H](CCCC[NH3+])C(=O)N[C@@H](Cc1c[nH]c2ccccc12)C(=O)N[C@@H](CCCC[NH3+])C(=O)N[C@@H](CCCC[NH3+])C(=O)O,1,3.2271616,1
CC[C@H](C)[C@H](NC(=O)[C@H](CCCC[NH3+])NC(=O)[C@@H](NC(=O)[C@H](CCC(N)=O)NC(=O)[C@@H]([NH3+])CCCNC(N)=[NH2+])[C@@H](C)CC)C(=O)N[C@@H](Cc1c[nH]c2ccccc12)C(=O)N[C@@H](Cc1ccccc1)C(=O)N[C@@H](CCC(N)=O)C(=O)N[C@@H](CC(N)=O)C(=O)N[C@@H](CCCNC(N)=[NH2+])C(=O)N[C@@H](CCCNC(N)=[NH2+])C(=O)N[C@@H](CCSC)C(=O)N[C@@H](CCCC[NH3+])C(=O)N[C@@H](Cc1c[nH]c2ccccc12)C(=O)N[C@@H](CCCC[NH3+])C(=O)N[C@@H](CCCC[NH3+])C(=O)O,1,3.2271616,1
NC(=[NH2+])NCCC[C@@H](C=O)NC(=O)[C@H](CCCNC(N)=[NH2+])NC(=O)[C@H](CCCNC(N)=[NH2+])NC(=O)[C@H](CCC(N)=O)NC(=O)[C@H](CCCNC(N)=[NH2+])NC(=O)[C@H](CCCNC(N)=[NH2+])NC(=O)[C@H](CCCC[NH3+])NC(=O)[C@H](CCCC[NH3+])NC(=O)[C@H](CCCNC(N)=[NH2+])NC(=O)CNC(=O)[C@@H](N)Cc1ccc(O)cc1,1,6.61905,1
NC(=[NH2+])NCCC[C@@H](N)C(=O)N[C@H](CCCNC(N)=[NH2+])C(=O)N[C@H](CCCNC(N)=[NH2+])C(=O)N[C@H](CCCNC(N)=[NH2+])C(=O)N[C@H](CCCNC(N)=[NH2+])C(=O)N[C@H](CCCNC(N)=[NH2+])C(=O)N[C@H](CCCNC(N)=[NH2+])C(=O)N[C@@H](C=O)CCCNC(N)=[NH2+],1,7.916624,1
CC[C@H](C)[C@H](NC(=O)[C@@H](NC(=O)[C@H](CO)NC(=O)[C@H](C)NC(=O)[C@@H](NC(=O)[C@H](CCCC[NH3+])NC(=O)[C@H](CCCC[NH3+])NC(=O)[C@@H](NC(=O)[C@@H](NC(=O)[C@H](CCCC[NH3+])NC(=O)[C@H](Cc1ccccc1)NC(=O)[C@H](CC(C)C)NC(=O)CN)C(C)C)[C@@H](C)CC)C(C)C)C(C)C)C(=O)NCC(=O)NCC(=O)N[C@@H](CC(C)C)C(N)=O,0,-4.638864,1
CC(C)[C@H](NC(=O)[C@H](CCCNC(N)=[NH2+])NC(=O)[C@H](CS)NC(=O)[C@H](C)NC(=O)[C@@H]1CCCN1C(O)C(CC1CNCN1)NC(=O)[C@H](CO)NC(=O)[C@H](CS)NC(=O)[C@H](CS)NC(=O)CN)C(=O)NC(CC1CNCN1)C(O)N[C@@H](Cc1ccc(O)cc1)C(=O)N1CCC[C@H]1C(=O)NC(CC1CNCN1)C(O)N[C@H](C(=O)N[C@@H](CS)C(=O)N[C@@H](Cc1ccc(O)cc1)C(N)=O)C(C)C,0,-4.725479,1
CSCC[C@H](NC(=O)[C@H](C)NC(C)=O)C(=O)N[C@H](C(=O)N[C@@H](CO)C(=O)N[C@H](C=O)CO)C(C)C,0,1.8453239,1
CSCC[C@H](NC(=O)CNC(=O)[C@H](Cc1ccccc1)NC(=O)CN)C(=O)N[C@@H](C)C(=O)N[C@@H](CC(C)C)C(=O)NC(CCC[NH3+])C(O)N[C@@H](CC(C)C)C(=O)N[C@@H](CC(C)C)C(=O)NC(CCC[NH3+])C(O)NC(CCC[NH3+])C(O)N[C@H](C(=O)N[C@@H](CC(C)C)C(N)=O)C(C)C,0,-3.9876888,1
CC[C@H](C)[C@H](NC(=O)CNC(=O)[C@H](CCCC[NH3+])NC(=O)[C@@H](NC(=O)[C@H](CC(C)C)NC(=O)[C@H](CO)NC(=O)CNC(=O)[C@H](CC(C)C)NC(=O)CNC(=O)[C@H](C)NC(=O)[C@H](CCCC[NH3+])NC(=O)[C@H](Cc1ccccc1)NC(=O)[C@@H](NC(=O)[C@H](CC(=O)O)NC(=O)[C@H](CCCC[NH3+])NC(=O)[C@H](CC(C)C)NC(=O)CN)[C@@H](C)CC)C(C)C)C(=O)N[C@@H](C)C(=O)N[C@@H](C)C(=O)NC(CC1CNCN1)C(O)N[C@H](C(=O)N[C@@H](C)C(=O)N[C@@H](CC(N)=O)C(N)=O)C(C)C,0,-3.6804614,1
CC(C)[C@H](N)C(=O)NCC(=O)N[C@@H](CCC(=O)O)C(=O)N[C@@H](C)C(=O)N[C@@H](CS)C(=O)N[C@@H](CS)C(=O)N[C@@H](CCCC[NH3+])C(=O)N[C@@H](CC(N)=O)C(=O)NCC(=O)N[C@@H](CCCC[NH3+])C(=O)N[C@@H](CCCNC(N)=[NH2+])C(=O)NCC(=O)N[C@@H](CS)C(=O)NCC(=O)N[C@@H](CCCNC(N)=[NH2+])C(=O)N[C@@H](Cc1c[nH]c2ccccc12)C(=O)N[C@@H](CS)C(=O)N[C@@H](CCCNC(N)=[NH2+])C(=O)N[C@@H](CC(=O)O)C(=O)NC(CC1CNCN1)C(O)N[C@@H](CO)C(=O)N[C@@H](CCCNC(N)=[NH2+])C(=O)N[C@@H](CS)C(=O)N[C@@H](CS)C(N)=O,0,-3.123909,1
CC[C@H](C)[C@H](NC(=O)[C@H](Cc1ccccc1)NC(=O)[C@H](CO)NC(=O)[C@H](CCCC[NH3+])NC(=O)[C@H](Cc1c[nH]c2ccccc12)NC(=O)[C@@H](N)CCCC[NH3+])C(=O)N[C@@H](CCCC[NH3+])C(=O)N[C@@H](CCCC[NH3+])C(=O)N[C@@H](CC(C)C)C(=O)N[C@H](C(=O)N[C@@H](CO)C(=O)N[C@@H](CCCC[NH3+])C(=O)N[C@@H](Cc1ccccc1)C(=O)N[C@@H](CC(C)C)C(=O)NC(CC1CNCN1)C(O)N[C@@H](CO)C(=O)N[C@@H](C)C(=O)N[C@@H](CC(=O)O)C(=O)N[C@@H](CCCC[NH3+])C(=O)N[C@@H](Cc1ccccc1)C(N)=O)[C@@H](C)O,0,-3.322425,1
CC[C@H](C)[C@H](NC(=O)[C@H](CC(C)C)NC(=O)[C@H](CCCC[NH3+])NC(=O)CNC(=O)[C@H](CC(C)C)NC(=O)[C@@H](NC(=O)[C@H](CCCC[NH3+])NC(=O)[C@H](CCCC[NH3+])NC(=O)[C@H](Cc1c[nH]c2ccccc12)NC(=O)[C@H](CCCC[NH3+])NC(=O)CN)[C@@H](C)CC)C(=O)N[C@@H](CCCNC(N)=[NH2+])C(N)=O,0,-4.3723536,1
CC[C@H](C)[C@H](NC(=O)[C@H](CO)NC(=O)[C@H](C)NC(=O)[C@@H](NC(=O)[C@H](CCCC[NH3+])NC(=O)[C@H](CCCC[NH3+])NC(=O)[C@H](Cc1c[nH]c2ccccc12)NC(=O)[C@@H](NC(=O)[C@@H](N)CC(N)=O)[C@@H](C)CC)[C@@H](C)CC)C(=O)N[C@@H](C)C(=O)N[C@@H](CCCC[NH3+])C(=O)N[C@@H](CCC(=O)O)C(=O)N[C@H](C(=O)N[C@@H](CC(C)C)C(=O)N[C@@H](CCCC[NH3+])C(=O)N[C@@H](C)C(=O)N[C@@H](CC(C)C)C(N)=O)C(C)C,0,-1.6998886,1
CC[C@H](C)[C@H](NC(=O)[C@H](CCCC[NH3+])NC(=O)CNC(=O)[C@H](CC(C)C)NC(=O)[C@H](CO)NC(=O)[C@H](CCCC[NH3+])NC(=O)[C@H](CCCC[NH3+])NC(=O)[C@H](Cc1c[nH]c2ccccc12)NC(=O)[C@H](CO)NC(=O)[C@@H](N)C(C)C)C(=O)N[C@H](C(=O)N[C@@H](CCCC[NH3+])C(=O)N[C@H](C(=O)N[C@H](C(=O)N[C@@H](CCCC[NH3+])C(N)=O)C(C)C)C(C)C)[C@@H](C)CC,0,-4.377498,1
CSCC[C@H](N)C(=O)N[C@@H](CS)C(=O)N1CCC[C@H]1C(=O)N1CCC[C@H]1C(=O)N[C@@H](CC(C)C)C(=O)N[C@@H](CS)C(=O)N[C@@H](C)C(=O)N1CCC[C@H]1C(=O)N[C@@H](CO)C(=O)N[C@@H](CS)C(=O)N[C@H](C(=O)N[C@@H](CC(N)=O)C(=O)N[C@@H](CS)C(N)=O)[C@@H](C)O,0,-4.6022196,1
CC[C@H](C)[C@H](N)C(=O)N[C@@H](CC(C)C)C(=O)N1CCC[C@H]1C(=O)N[C@@H](Cc1c[nH]c2ccccc12)C(=O)N[C@@H](CCCC[NH3+])C(=O)N[C@@H](C)C(=O)N1CCC[C@H]1C(=O)N[C@@H](C)C(=O)N[C@@H](C)C(=O)N1CCC[C@H]1C(=O)N[C@@H](C)C(=O)N[C@@H](CCCNC(N)=[NH2+])C(=O)N[C@@H](CCCNC(N)=[NH2+])C(N)=O,0,-0.46647626,1
CC[C@H](C)[C@H](NC(=O)[C@H](CO)NC(=O)[C@@H](NC(=O)[C@H](CS)NC(=O)[C@H](CCCC[NH3+])NC(=O)CNC(=O)[C@H](CCCNC(N)=[NH2+])NC(=O)[C@H](CO)NC(=O)[C@H](CS)NC(=O)[C@H](CCSC)NC(=O)[C@H](CC(C)C)NC(=O)CNC(=O)[C@H](CCSC)NC(=O)[C@H](CS)NC(=O)[C@H](CS)NC(=O)[C@@H](NC(O)C1CC(O)CN1C(O)C1CC(O)CN1C(=O)[C@H](CS)NC(=O)[C@H](CCCNC(N)=[NH2+])NC(=O)[C@H](CO)NC(=O)[C@H](CC(=O)O)NC(=O)[C@H](CCCNC(N)=[NH2+])NC(=O)CNC(=O)[C@H](CO)NC(=O)[C@H](CS)NC(=O)[C@@H](N)CO)C(C)C)C(C)C)C(=O)N[C@@H](Cc1ccc(O)cc1)C(=O)NCC(=O)N[C@H](C=O)CCC(=O)O,0,-2.8835201,1
CC[C@H](C)[C@H](NC(=O)CN)C(=O)NCC(=O)N[C@@H](CO)C(=O)N[C@@H](C)C(=O)N[C@H](C(=O)N[C@@H](CC(C)C)C(=O)N[C@@H](CO)C(=O)N[C@@H](C)C(=O)NCC(=O)N[C@@H](CCCC[NH3+])C(=O)N[C@@H](CO)C(=O)N[C@@H](C)C(=O)N[C@@H](CC(C)C)C(=O)N[C@@H](CCCC[NH3+])C(=O)NCC(=O)N[C@@H](CC(C)C)C(=O)N[C@@H](C)C(=O)N[C@@H](CCCC[NH3+])C(=O)NCC(=O)N[C@@H](CC(C)C)C(=O)N[C@@H](C)C(=O)N[C@@H](CCC(=O)O)C(=O)NC(CC1CNCN1)C(O)N[C@@H](Cc1ccccc1)C(=O)N[C@@H](C)C(=O)N[C@@H](CC(N)=O)C(N)=O)[C@@H](C)CC,0,-2.8858142,1
CC[C@H](C)[C@H](N)C(=O)N[C@@H](CC(C)C)C(=O)NCC(=O)N[C@@H](CCCC[NH3+])C(=O)N[C@@H](CC(C)C)C(=O)N[C@@H](CC(C)C)C(=O)N[C@@H](CCCC[NH3+])C(=O)N[C@H](C(=O)N[C@@H](C)C(=O)N[C@@H](C)C(=O)N[C@@H](CCCC[NH3+])C(=O)N[C@@H](CC(C)C)C(=O)N[C@@H](CC(C)C)C(=O)N[C@@H](CO)C(=O)N[C@@H](CC(N)=O)C(=O)N[C@@H](CC(C)C)C(N)=O)[C@@H](C)O,0,-2.5727377,1
C[C@H](NC(=O)[C@@H]1CCCN1C(O)C(CC1CNCN1)NC(=O)[C@H](CS)NC(=O)[C@H](CS)NC(=O)[C@@H](N)CCC(=O)O)C(=O)N[C@@H](CS)C(=O)NCC(=O)N[C@@H](CCCC[NH3+])C(=O)NC(CC1CNCN1)C(O)N[C@@H](Cc1ccccc1)C(=O)N[C@@H](CO)C(=O)N[C@@H](CS)C(N)=O,0,-5.233865,1
C[C@H](NC(=O)[C@H](C)NC(=O)[C@H](CCCC[NH3+])NC(=O)[C@H](C)NC(=O)[C@H](Cc1ccccc1)NC(=O)[C@H](Cc1c[nH]c2ccccc12)NC(=O)[C@H](CCCC[NH3+])NC(=O)[C@H](Cc1ccccc1)NC(=O)[C@H](CCCC[NH3+])NC(=O)[C@H](CCCC[NH3+])NC(=O)[C@H](C)NC(=O)[C@H](Cc1ccccc1)NC(=O)[C@@H](N)CCCC[NH3+])C(=O)N[C@@H](Cc1ccccc1)C(=O)N[C@@H](CCCC[NH3+])C(=O)N[C@@H](Cc1ccccc1)C(=O)N[C@@H](Cc1ccccc1)C(=O)N[C@@H](CCCC[NH3+])C(=O)N[C@@H](CCCC[NH3+])C(N)=O,0,-0.50218606,1
CC(C)C[C@H](NC(=O)[C@H](CCCC[NH3+])NC(=O)[C@@H](N)CCCC[NH3+])C(=O)N[C@@H](Cc1ccccc1)C(=O)N[C@@H](CCCC[NH3+])C(=O)N[C@@H](CCCC[NH3+])C(=O)N[C@H](CC(C)C)C(=O)N[C@H](CC(C)C)C(=O)N[C@H](CCCC[NH3+])C(=O)N[C@H](Cc1ccc(O)cc1)C(=O)N[C@H](CC(C)C)C(N)=O,0,-2.4418383,1
CC[C@H](C)[C@H](NC(=O)[C@H](Cc1ccccc1)NC(=O)[C@H](CCCC[NH3+])NC(=O)[C@H](C)NC(=O)[C@@H](NC(=O)[C@H](CO)NC(=O)[C@H](CCCC[NH3+])NC(=O)[C@H](CCSC)NC(=O)[C@H](C)NC(=O)[C@H](CCCC[NH3+])NC(=O)[C@H](Cc1ccccc1)NC(=O)[C@H](Cc1c[nH]c2ccccc12)NC(=O)CNC(=O)[C@H](CCCC[NH3+])NC(=O)[C@@H](N)CCCNC(N)=[NH2+])[C@@H](C)CC)C(=O)N[C@@H](C)C(=O)N[C@@H](CCCC[NH3+])C(=O)N[C@@H](CCC(=O)O)C(=O)N[C@@H](CCCC[NH3+])C(=O)N[C@@H](CC(C)C)C(=O)N[C@@H](CCCC[NH3+])C(=O)N[C@@H](CCC(=O)O)C(=O)NC(CC1CNCN1)C(O)N[C@@H](CC(C)C)C(N)=O,0,-0.93362147,1
C[C@H](NC(=O)[C@H](C)NC(=O)[C@H](Cc1ccccc1)NC(=O)[C@H](C)NC(=O)[C@H](C)NC(=O)[C@H](Cc1c[nH]c2ccccc12)NC(=O)[C@H](C)NC(=O)[C@H](C)NC(=O)[C@H](Cc1ccccc1)NC(=O)[C@H](C)NC(=O)[C@H](C)NC(=O)[C@H](CCCC[NH3+])NC(=O)[C@H](CCCC[NH3+])NC(=O)[C@H](CCCC[NH3+])NC(=O)[C@H](CCCC[NH3+])NC(=O)[C@H](CCCC[NH3+])NC(=O)[C@@H](N)CCCC[NH3+])C(N)=O,0,-1.3391134,1
CC(C)C[C@@H](NC(=O)[C@@H](C)NC(=O)[C@H]1CCCN1C(=O)[C@@H](CC(C)C)NC(=O)[C@@H](Cc1c[nH]c2ccccc12)NC(O)C(CC1CNCN1)NC(=O)[C@@H](CCCC[NH3+])NC(=O)[C@@H](CC(C)C)NC(=O)[C@@H](C)NC(=O)[C@@H](CCCC[NH3+])NC(=O)[C@@H](C)NC(=O)[C@@H](CC(C)C)NC(=O)[C@@H](C)NC(=O)[C@@H](CCCC[NH3+])NC(=O)[C@H](N)CCCC[NH3+])C(=O)NC(CC1CNCN1)C(O)N[C@H](CCCC[NH3+])C(=O)N[C@H](CC(C)C)C(=O)N[C@H](C)C(=O)N[C@H](CCCC[NH3+])C(=O)N[C@H](C)C(=O)N[C@H](CC(C)C)C(=O)N[C@H](C)C(=O)N[C@H](CCCC[NH3+])C(=O)N[C@H](CCCC[NH3+])C(N)=O,0,2.254826,1
CC[C@H](C)[C@H](NC(=O)CN)C(=O)NCC(=O)N[C@@H](C)C(=O)N[C@H](C(=O)N[C@@H](CC(C)C)C(=O)N[C@@H](CCCC[NH3+])C(=O)N[C@H](C(=O)N[C@@H](CC(C)C)C(=O)N[C@@H](C)C(=O)N[C@@H](CC(C)C)C(=O)N[C@H](C(=O)N[C@@H](CO)C(=O)N[C@@H](Cc1c[nH]c2ccccc12)C(=O)N[C@H](C(=O)N[C@@H](CCCC[NH3+])C(=O)N[C@@H](CCCNC(N)=[NH2+])C(=O)N[C@@H](CCCC[NH3+])C(=O)N[C@@H](CCCNC(N)=[NH2+])C(N)=O)[C@@H](C)CC)[C@@H](C)CC)C(C)C)C(C)C,0,-2.6540313,1
CC[C@H](C)[C@H](NC(=O)[C@H](CCCC[NH3+])NC(=O)[C@H](CCCC[NH3+])NC(=O)[C@H](C)NC(=O)[C@@H](NC(=O)CNC(=O)[C@H](CCCNC(N)=[NH2+])NC(=O)[C@H](CC(C)C)NC(=O)[C@@H](NC(=O)[C@@H](N)CCCC[NH3+])[C@@H](C)CC)C(C)C)C(=O)N[C@@H](CCSC)C(=O)N[C@@H](CCCNC(N)=[NH2+])C(=O)N[C@H](C(=O)N[C@@H](Cc1ccccc1)C(=O)N[C@@H](CC(C)C)C(=O)N[C@@H](CCCNC(N)=[NH2+])C(=O)N[C@@H](CCCNC(N)=[NH2+])C(=O)N[C@H](C(=O)N[C@@H](CO)C(=O)N[C@@H](CCCC[NH3+])C(=O)N[C@@H](CC(=O)O)C(=O)N[C@H](C(=O)N[C@@H](CC(C)C)C(=O)N[C@H](C(=O)NCC(=O)N[C@@H](CCCC[NH3+])C(=O)N[C@@H](CCCC[NH3+])C(N)=O)[C@@H](C)O)[C@@H](C)CC)[C@@H](C)CC)[C@@H](C)O,0,-0.72547483,1
CC[C@H](C)[C@H](NC(=O)[C@H](C)NC(O)C(CC1CNCN1)NC(=O)[C@@H]1CCCN1C(=O)[C@@H](NC(=O)[C@H](CC(C)C)NC(=O)[C@H](CO)NC(=O)[C@H](CC(C)C)NC(=O)[C@@H](N)Cc1ccccc1)[C@@H](C)CC)C(=O)N[C@@H](CC(N)=O)C(=O)N[C@@H](C)C(=O)N[C@H](C(=O)N[C@@H](CO)C(=O)N[C@H](C(=O)N[C@@H](CC(C)C)C(=O)N[C@H](C(=O)NC(CC1CNCN1)C(O)NC(CC1CNCN1)C(O)N[C@@H](CO)C(N)=O)C(C)C)[C@@H](C)O)C(C)C,0,-4.205084,1
CC(C)C[C@H](NC(=O)[C@H](CCCC[NH3+])NC(=O)[C@H](Cc1ccc(O)cc1)NC(=O)CNC(=O)[C@H](CS)NC(=O)[C@H](CS)NC(=O)[C@@H](NC(=O)CNC(=O)[C@@H](N)CC(N)=O)C(C)C)C(=O)N[C@@H](CS)C(=O)NC(CC1CNCN1)C(O)N1CC(O)CC1C(O)N[C@H](C=O)CS,0,-1.4089931,1
CC[C@H](C)[C@H](N)C(=O)N[C@@H](Cc1c[nH]c2ccccc12)C(=O)N[C@@H](CC(C)C)C(=O)N[C@H](C(=O)N[C@@H](C)C(=O)N[C@@H](CC(C)C)C(=O)N[C@@H](CCCC[NH3+])C(=O)N[C@@H](Cc1ccccc1)C(=O)N[C@@H](CC(C)C)C(=O)NCC(=O)N[C@@H](CCCC[NH3+])C(=O)NC(CC1CNCN1)C(O)N[C@@H](C)C(=O)N[C@@H](C)C(=O)N[C@@H](CCCC[NH3+])C(=O)NC(CC1CNCN1)C(O)N[C@@H](CC(C)C)C(=O)N[C@@H](C)C(=O)N[C@@H](CCCC[NH3+])C(=O)N[C@@H](CCC(N)=O)C(=O)N[C@@H](CCC(N)=O)C(=O)N[C@@H](CC(C)C)C(=O)N[C@@H](CO)C(=O)N[C@@H](CCCC[NH3+])C(=O)N[C@@H](CC(C)C)C(N)=O)[C@@H](C)O,0,0.45643514,1
CCCC(CO)NC(=O)[C@@H]1CCCN1C(=O)[C@@H](NC(=O)[C@@H](NC(=O)[C@H](CC(=O)O)NC(C)=O)[C@@H](C)CC)C(C)C,0,-1.3631138,1
CC(C)C[C@H](NC(=O)[C@H](CC(C)C)NC(=O)[C@H](CCCC[NH3+])NC(=O)[C@H](CCCC[NH3+])NC(=O)[C@H](CC(C)C)NC(=O)[C@H](CC(C)C)NC(=O)[C@H](CCCC[NH3+])NC(=O)[C@H](CC(C)C)NC(=O)[C@@H]1CCCN1C(=O)[C@H](CCCC[NH3+])NC(=O)[C@H](CCCC[NH3+])NC(=O)[C@H](CC(C)C)NC(=O)[C@H](CC(C)C)NC(=O)[C@H](CCCC[NH3+])NC(=O)[C@H](CCCC[NH3+])NC(=O)[C@H](Cc1c[nH]c2ccccc12)NC(=O)[C@@H](N)CCCC[NH3+])C(N)=O,0,-2.5102644,1
N=C(N)NCCC[C@H](NC(=O)[C@@H]1CCCN1C(=O)[C@@H]1CSSC[C@H](N)C(=O)N[C@@H](Cc2ccc(O)cc2)C(=O)N[C@@H](Cc2ccccc2)C(=O)N[C@@H](CCC(N)=O)C(=O)N[C@@H](CC(N)=O)C(=O)N1)C(=O)NCC(N)=O,0,-4.296056,1
CC[C@H](C)[C@@H](NC(=O)[C@@H](C)NC(=O)[C@@H](CCCC[NH3+])NC(=O)[C@@H](CC(C)C)NC(=O)[C@@H](CC(C)C)NC(=O)[C@H](NC(O)C(CC1CNCN1)NC(=O)[C@@H](CC(C)C)NC(=O)[C@H](NC(=O)[C@H](NC(=O)[C@@H](CCCC[NH3+])NC(=O)[C@@H](CCCC[NH3+])NC(=O)[C@@H](CC(C)C)NC(=O)[C@@H](CO)NC(=O)[C@@H](CCCC[NH3+])NC(=O)[C@@H](Cc1ccccc1)NC(=O)[C@H](NC(=O)[C@@H](CCCC[NH3+])NC(=O)[C@@H](CC(C)C)NC(=O)[C@@H](Cc1ccccc1)NC(=O)[C@@H](CO)NC(=O)[C@@H](CCCC[NH3+])NC(=O)[C@@H](Cc1c[nH]c2ccccc12)NC(=O)[C@@H](CCCC[NH3+])NC(C)=O)[C@@H](C)O)[C@@H](C)O)C(C)C)[C@@H](C)O)C(=O)N[C@H](CO)C(=O)N[C@@H](CO)C(N)=O,0,-4.3195586,1
C[C@@H]1NC(=O)[C@@H]2CSSC[C@H](NC(=O)C[NH3+])C(=O)N[C@@H](CSSC[C@@H](C(N)=O)NC(=O)[C@H](CCCNC(N)=[NH2+])NC(=O)[C@H](Cc3c[nH]c4ccccc34)NC1=O)C(=O)N[C@@H](CO)C(=O)N[C@@H](CC(=O)O)C(=O)N1CCC[C@H]1C(=O)N[C@@H](CCCNC(N)=[NH2+])C(=O)N2,0,-3.2842474,1
CC(C)C[C@@H]1NC(=O)[C@@H](Cc2c[nH]c3ccccc23)NC(=O)[C@H](CCCC[NH3+])NC(O)C(CO)N(C)C(=O)[C@H](CC(N)=O)NC(=O)[C@@H](CCC(=O)O)NC(=O)[C@H](CO)NC(O)C(CC2CNC3CCCCC23)N(C)C1=O,0,-5.1028976,1
CC[C@H](C)[C@H](NC(O)C(CC1CNCN1)NC(=O)[C@H](CCCC[NH3+])NC(=O)[C@H](CC(C)C)NC(=O)[C@H](CC(C)C)NC(=O)[C@H](CO)NC(=O)[C@H](CCSC)NC(=O)[C@H](Cc1c[nH]c2ccccc12)NC(=O)[C@H](CCCC[NH3+])NC(=O)CN)C(=O)N[C@@H](CC(C)C)C(=O)N[C@@H](CCCC[NH3+])C(N)=O,0,-4.919423,1
CSCC[C@H](NC(=O)[C@H](CCC(=O)O)NC(=O)[C@H](CC(=O)O)NC(C)=O)C(=O)N[C@@H](CCC(=O)O)C(=O)NC(CC1CCC2CCCCC2C1)C(O)N[C@H](C=O)CS,0,0.1805433,1
CC(C)C[C@H]1NC(=O)CNC(=O)[C@@H](CC(N)=O)NC(=O)[C@H](CCCNC(N)=[NH2+])NC(=O)[C@H]([C@@H](C)O)NC(=O)[C@H](CS)NC(=O)[C@H](C(C)C)NC(=O)[C@@H]2CCCN2C(=O)[C@H](Cc2c[nH]c3ccccc23)NC(=O)[C@H](CO)NC(=O)[C@H](CS)NC(=O)[C@H](CO)NC(=O)[C@H](CS)NC(=O)CNC(=O)[C@@H]2CCCN2C(=O)[C@H]([C@@H](C)O)NC(=O)[C@H](Cc2ccc(O)cc2)NC(=O)[C@H](CS)NC(=O)[C@H](CO)NC(=O)CNC(=O)[C@H](Cc2ccccc2)NC(=O)[C@H](C)NC(=O)[C@H](CS)NC(=O)[C@H]([C@@H](C)O)NC(=O)[C@H](CCC(=O)O)NC(=O)CNC(=O)[C@H](CS)NC(=O)[C@H](C(C)C)NC(=O)[C@@H]2CCCN2C1=O,0,-4.1662245,1
CC(C)[C@@H]1NC(=O)[C@H](CCCC[NH3+])NC(=O)[C@H](C)NC(=O)[C@@H]2CCCN2C(=O)[C@@H](Cc2ccc(O)cc2)NC(=O)[C@H](C(C)C)NC(=O)[C@@H](CCCC[NH3+])NC(=O)[C@H](C)NC(=O)[C@H](CCCC[NH3+])NC(=O)[C@H](C(C)C)NC(=O)[C@H]2CCCN2C(=O)[C@@H](Cc2ccc(O)cc2)NC(=O)[C@H](C)NC(=O)[C@H](CCCC[NH3+])NC1=O,0,-4.334624,1
CC[C@H](C)[C@H](NC(=O)CNC(=O)[C@H](C)NC(=O)[C@H](CS)NC(=O)[C@H](C)NC(=O)[C@H](C)NC(=O)[C@H](CCCNC(N)=[NH2+])NC(=O)[C@H](CO)NC(=O)[C@H](CS)NC(=O)[C@H](CS)NC(=O)CN)C(=O)NC(CC1CNCN1)C(O)N[C@@H](CCC(N)=O)C(=O)N[C@@H](CCC(=O)O)C(=O)N[C@@H](CC(C)C)C(=O)N[C@@H](CS)C(N)=O,0,-4.385513,1
CC(C)C[C@H](NC(=O)[C@H](CCCNC(N)=[NH2+])NC(=O)[C@H](CCCC[NH3+])NC(=O)[C@H](CCCC[NH3+])NC(=O)[C@H](CC(C)C)NC(=O)[C@H](CC(N)=O)NC(=O)[C@H](C)NC(=O)[C@H](Cc1ccccc1)NC(=O)[C@H](CCCNC(N)=[NH2+])NC(=O)[C@H](CCCNC(N)=[NH2+])NC(=O)[C@H](CCCC[NH3+])NC(=O)[C@H](Cc1ccccc1)NC(=O)[C@H](CO)NC(=O)[C@H](C)NC(=O)CNC(=O)[C@H](Cc1ccccc1)NC(=O)[C@H](CCCC[NH3+])NC(=O)[C@H](CCCC[NH3+])NC(=O)[C@H](Cc1ccccc1)NC(=O)[C@H](Cc1ccc(O)cc1)NC(=O)[C@H](CCC(=O)O)NC(=O)[C@H](CCCC[NH3+])NC(=O)[C@H](CCCNC(N)=[NH2+])NC(=O)[C@H](CCCC[NH3+])NC(=O)CNC(=O)[C@H](Cc1ccccc1)NC(=O)[C@H](Cc1ccccc1)NC(=O)CN)C(N)=O,0,0.102070235,1
CC[C@H](C)[C@H](NC(=O)[C@@H](N)CCCC[NH3+])C(=O)N[C@@H](CCCC[NH3+])C(=O)N[C@H](C(=O)N1CCC[C@H]1C(=O)N[C@@H](Cc1c[nH]c2ccccc12)C(=O)NCC(=O)N[C@@H](CCCC[NH3+])C(=O)N[C@H](C(=O)N[C@@H](CCCC[NH3+])C(=O)N[C@@H](CC(=O)O)C(=O)N[C@@H](Cc1ccccc1)C(=O)N[C@@H](CC(C)C)C(=O)N[C@H](C(=O)NCC(=O)NCC(=O)N[C@@H](CCSC)C(=O)N[C@@H](CCCC[NH3+])C(=O)N[C@@H](C)C(=O)N[C@H](C(N)=O)C(C)C)C(C)C)C(C)C)[C@@H](C)CC,0,-3.308005,1
CC[C@H](C)[C@H](NC(=O)[C@H](Cc1ccccc1)NC(=O)[C@@H]1CCCN1C(=O)[C@H](C)NC(=O)[C@@H](NC(=O)[C@@H](N)CC(C)C)[C@@H](C)CC)C(=O)N[C@@H](CCCNC(N)=[NH2+])C(=O)N[C@@H](CC(=O)O)C(=O)N[C@@H](Cc1ccc(O)cc1)C(=O)N[C@@H](CS)C(=O)N[C@@H](CS)C(=O)N1CCC[C@H]1C(=O)N[C@@H](CCCNC(N)=[NH2+])C(=O)NCC(=O)N1CCC[C@H]1C(=O)N[C@@H](CS)C(=O)N[C@@H](CCSC)C(=O)N[C@H](C(=O)N[C@@H](Cc1c[nH]c2ccccc12)C(=O)N[C@@H](CS)C(N)=O)C(C)C,0,-3.8989062,1
C[C@H](NC(=O)[C@H](C)NC(=O)[C@H](C)NC(=O)[C@H](Cc1ccccc1)NC(=O)[C@H](C)NC(=O)[C@H](C)NC(=O)[C@H](Cc1c[nH]c2ccccc12)NC(=O)[C@H](C)NC(=O)[C@H](C)NC(=O)[C@H](Cc1ccccc1)NC(=O)[C@H](C)NC(=O)[C@H](C)NC(=O)[C@H](C)NC(=O)[C@H](C)NC(=O)[C@H](C)NC(=O)[C@H](Cc1ccccc1)NC(=O)[C@H](C)NC(=O)[C@H](C)NC(=O)[C@H](C)NC(=O)[C@H](CCCC[NH3+])NC(=O)[C@H](CCCC[NH3+])NC(=O)[C@H](CCCC[NH3+])NC(=O)[C@H](CCCC[NH3+])NC(=O)[C@H](CCCC[NH3+])NC(=O)[C@@H](N)CCCC[NH3+])C(N)=O,0,1.9563547,1
CC(C)C[C@H](NC(=O)[C@H](C)NC(=O)[C@H](CC(C)C)NC(=O)[C@H](C)NC(=O)[C@@H](N)Cc1c[nH]c2ccccc12)C(N)=O,0,-4.8520865,1
CC[C@H](C)[C@H](NC(=O)[C@H](CC(C)C)NC(=O)[C@H](CO)NC(=O)[C@@H](NC(=O)[C@@H](NC(=O)[C@H](CC(C)C)NC(=O)CN)C(C)C)[C@@H](C)O)C(=O)N[C@@H](CCCC[NH3+])C(=O)NCC(=O)N[C@@H](C)C(=O)NCC(=O)N[C@@H](CCCC[NH3+])C(=O)N[C@@H](CC(C)C)C(=O)N[C@@H](CC(C)C)C(=O)NCC(=O)NCC(=O)N[C@@H](CC(C)C)C(=O)N[C@@H](Cc1ccccc1)C(=O)NCC(=O)N[C@@H](CO)C(=O)N[C@H](C(=O)N[C@H](C(=O)NCC(N)=O)[C@@H](C)O)C(C)C,0,-1.021321,1
CC[C@H](C)[C@H](NC(=O)[C@@H](NC(=O)[C@@H]1CCCN1C(=O)[C@H](CC(C)C)NC(=O)[C@@H](N)Cc1ccccc1)[C@@H](C)CC)C(=O)N[C@H](C(=O)N[C@@H](CC(N)=O)C(=O)N[C@@H](CC(C)C)C(=O)N[C@@H](CC(C)C)C(=O)NCC(=O)N[C@@H](CCCC[NH3+])C(=O)N[C@@H](CC(C)C)C(=O)N[C@@H](CC(C)C)C(N)=O)[C@@H](C)O,0,-3.5803509,1
CC[C@H](C)[C@H](NC(=O)[C@@H]1CCCN1C(=O)[C@H](CC(C)C)NC(=O)[C@@H](N)Cc1ccccc1)C(=O)N[C@H](C(=O)NCC(=O)N[C@@H](CCCC[NH3+])C(=O)N[C@@H](CC(C)C)C(=O)N[C@@H](CC(C)C)C(=O)N[C@@H](CO)C(=O)NCC(=O)N[C@@H](CC(C)C)C(=O)N[C@@H](CC(C)C)C(N)=O)C(C)C,0,-4.611384,1
C[C@H](NC(O)C(CC1CNCN1)NC(=O)[C@H](Cc1ccc(O)cc1)NC(=O)[C@H](CCC(=O)O)NC(=O)[C@H](Cc1c[nH]c2ccccc12)NC(=O)[C@@H](N)CC(=O)O)C(=O)NC(CC1CNCN1)C(O)N1CCC[C@H]1C(=O)N[C@@H](CCCC[NH3+])C(=O)N1CC(O)CC1C(O)N[C@@H](CC(N)=O)C(=O)N[C@@H](CO)C(=O)N[C@H](Cc1ccccc1)C(=O)N[C@@H](Cc1c[nH]c2ccccc12)C(=O)N[C@H](C=O)[C@@H](C)O,0,1.2559404,1
CC[C@H](C)[C@H](NC(=O)[C@H](CC(=O)O)NC(=O)[C@H](CCSC)NC(=O)[C@@H](NC(=O)[C@@H](NC(=O)[C@H](CCC(=O)O)NC(=O)[C@H](Cc1ccc(O)cc1)NC(=O)[C@H](Cc1ccccc1)NC(=O)[C@H](CCCCN)NC(=O)[C@H](CCC(N)=O)NC(=O)[C@H](CCC(N)=O)NC(=O)[C@H](CC(C)C)NC(=O)[C@H](CC(=O)O)NC(=O)[C@H](CCCCN)NC(=O)[C@@H](NC(=O)[C@H](CCC(N)=O)NC(=O)[C@H](CC(N)=O)NC(=O)[C@H](Cc1ccc(O)cc1)NC(=O)[C@H](Cc1c[nH]c2ccccc12)NC(=O)[C@H](CCC(=O)O)NC(=O)CNC(=O)[C@H](CC(C)C)NC(=O)[C@@H](NC(=O)[C@@H](NC(=O)[C@H](CC(N)=O)NC(=O)CNC(=O)[C@H](Cc1c[nH]cn1)NC(=O)[C@H](CC(N)=O)NC(=O)[C@@H](N)Cc1c[nH]c2ccccc12)[C@@H](C)CC)[C@@H](C)O)[C@@H](C)O)[C@@H](C)CC)[C@@H](C)CC)C(=O)N[C@@H](CCC(=O)O)C(=O)N[C@@H](CCC(N)=O)C(=O)N[C@@H](CC(N)=O)C(=O)N[C@@H](CC(N)=O)C(=O)N[C@H](C(=O)N[C@@H](CCC(N)=O)C(=O)O)C(C)C,0,-0.9973861,1
CC[C@H](C)[C@@H]1NC(=O)[C@H](C)NC(=O)[C@H](CO)NC(=O)[C@H](CO)NC(=O)[C@H]([C@@H](C)CC)NC(=O)[C@H](CS)NC(=O)[C@@H]2CCCN2C(=O)[C@H]([C@@H](C)CC)NC(=O)[C@H](Cc2c[nH]c3ccccc23)NC(=O)[C@H](C(C)C)NC(=O)[C@H](CS)NC(=O)[C@H](CO)NC(=O)[C@H](CCC(=O)O)NC(=O)CNC(=O)[C@H](CS)NC(=O)[C@H]2CCCN2C(=O)[C@H]([C@@H](C)CC)NC(=O)CNC(=O)[C@H](CC(N)=O)NC(=O)[C@H](CCCNC(N)=[NH2+])NC(=O)[C@H](Cc2ccc(O)cc2)NC(=O)[C@H](CS)NC(=O)[C@H](C(C)C)NC(=O)[C@H](CCCC[NH3+])NC(=O)[C@H](CO)NC(=O)[C@H](CCCC[NH3+])NC(=O)[C@H](CS)NC(=O)[C@H](CO)NC(=O)[C@H](CS)NC(=O)CNC1=O,0,-4.4170866,1
CSCC[C@@H](C=O)NC(=O)[C@H](CC(C)C)NC(=O)CNC(=O)[C@@H](NC(=O)[C@H](Cc1ccccc1)NC(=O)[C@H](CCC(N)=O)NC(=O)[C@H](CC(=O)O)NC(=O)[C@H](CO)NC(=O)[C@H](CCCCN)NC(=O)[C@@H]1CCCN1C(=O)[C@@H](NC(=O)[C@@H](N)CC(=O)O)C(C)C)C(C)C,0,1.259319,1
CC[C@H](C)[C@H](NC(=O)[C@H](CCC(N)=O)NC(=O)[C@@H]1CCCN1C(=O)[C@H](CC(N)=O)NC(O)C(CC1CNCN1)NC(=O)[C@@H](NC(=O)[C@@H](NC(=O)[C@H](CS)NC(=O)[C@@H](NC(=O)[C@@H]1CCCN1C(=O)[C@H](CC(N)=O)NC(=O)[C@H](CO)NC(=O)[C@H](CS)NC(=O)[C@@H](N)CS)C(C)C)[C@@H](C)O)C(C)C)C(=O)N[C@@H](CS)C(N)=O,0,-5.076617,1
CC(=O)N[C@@H](CC(=O)O)C(=O)N[C@@H](CCC(=O)O)C(=O)N[C@@H](Cc1ccccc1)C(=O)N[C@@H](CCC(=O)O)C(=O)NC(CC1CCCCC1)C(O)N[C@H](C=O)CS,0,0.5078292,1
CC(C)C[C@H](NC(=O)[C@H](CCCC[NH3+])NC(=O)[C@H](CC(C)C)NC(=O)[C@H](CCCC[NH3+])NC(=O)[C@H](CC(C)C)NC(=O)[C@H](C)NC(=O)[C@H](CCCC[NH3+])NC(=O)[C@H](C)NC(=O)[C@H](CC(C)C)NC(=O)[C@H](CC(C)C)NC(=O)[C@H](CCCC[NH3+])NC(=O)[C@H](C)NC(=O)[C@@H](N)Cc1ccccc1)C(N)=O,0,-3.9539564,1
CC(C)C[C@H](NC(=O)[C@H](CC(N)=O)NC(=O)[C@H](CO)NC(O)C(CC1CNCN1)NC(=O)[C@H](CCC(=O)O)NC(=O)[C@H](CC(C)C)NC(O)C(CC1CNCN1)NC(=O)[C@H](CS)NC(=O)[C@@H](NC(=O)[C@@H]1CCCN1C(=O)[C@H](CC(N)=O)NC(=O)[C@H](CO)NC(=O)[C@H](CS)NC(=O)[C@H](CS)NC(=O)CNC(=O)[C@@H]1CCCN1C(=O)[C@H](CC(=O)O)NC(=O)[C@@H](N)CCCNC(N)=[NH2+])C(C)C)C(=O)N[C@@H](CS)C(N)=O,0,-4.518044,1
C[C@H](NC(=O)[C@H](CS)NC(=O)[C@H](CCCNC(N)=[NH2+])NC(=O)[C@@H]1CCCN1C(=O)[C@H](CC(=O)O)NC(=O)[C@H](CO)NC(=O)[C@H](CS)NC(=O)[C@H](CS)NC(=O)CN)C(=O)N[C@H](C(=O)N[C@@H](CCCNC(N)=[NH2+])C(=O)N[C@@H](CS)C(N)=O)[C@@H](C)O,0,-4.6435337,1
CC(C)C[C@@H](NC(=O)[C@@H](C)NC(=O)[C@@H](CC(C)C)NC(=O)[C@@H](CCCC[NH3+])NC(=O)[C@@H](CCCC[NH3+])NC(=O)[C@@H](CC(C)C)NC(=O)[C@@H](C)NC(=O)[C@H]1CCCN1C(=O)[C@@H](CC(C)C)NC(=O)[C@@H](Cc1c[nH]c2ccccc12)NC(=O)[C@@H](CCCC[NH3+])NC(=O)[C@@H](CCCC[NH3+])NC(=O)[C@@H](CC(C)C)NC(=O)[C@@H](C)NC(=O)[C@@H](CC(C)C)NC(=O)[C@@H](CC(C)C)NC(=O)[C@@H](C)NC(=O)[C@@H](CC(C)C)NC(=O)[C@@H](CCCC[NH3+])NC(=O)[C@H](N)CCCC[NH3+])C(=O)N[C@H](CC(C)C)C(=O)N[C@H](C)C(=O)N[C@H](CC(C)C)C(=O)N[C@H](CCCC[NH3+])C(=O)N[C@H](CCCC[NH3+])C(N)=O,0,4.3376656,1
C[C@@H]1NC(=O)[C@@H]2CSSC[C@H](NC(=O)[C@@H](NC(=O)CN)CSSC[C@@H](C(=O)O)NC(=O)[C@H](CCCNC(N)=[NH2+])NC(=O)[C@H](Cc3c[nH]c4ccccc34)NC1=O)C(=O)N[C@@H](CO)C(=O)N[C@@H](CC(=O)O)C(=O)N[C@@H](CCCCN)C(=O)N[C@@H](CCCNC(N)=[NH2+])C(=O)N2,0,-2.9767885,1
CC[C@H](C)[C@H](NC(=O)[C@@H](NC(=O)[C@@H]1CCCN1C(=O)[C@@H](NC(=O)[C@@H](NC(O)C(CC1CNCN1)NC(=O)[C@@H]1CCCN1C(=O)[C@H](CC(C)C)NC(=O)[C@H](CC(C)C)NC(O)C(CC1CNCN1)NC(=O)[C@H](CCCC[NH3+])NC(=O)[C@H](C)NC(=O)[C@@H](NC(=O)[C@H](CO)NC(=O)CNC(=O)[C@H](CC(C)C)NC(=O)[C@@H](NC(=O)[C@H](CO)NC(=O)[C@H](Cc1ccccc1)NC(=O)[C@H](CC(C)C)NC(=O)CN)C(C)C)C(C)C)C(C)C)C(C)C)C(C)C)C(=O)N[C@@H](C)C(=O)N[C@@H](CCC(=O)O)C(=O)N[C@@H](CCCC[NH3+])C(=O)N[C@@H](CC(C)C)C(N)=O,0,-3.5314565,1
CC[C@H](C)[C@H](NC(=O)CNC(=O)[C@H](CO)NC(=O)[C@H](CC(C)C)NC(=O)[C@H](C)NC(=O)[C@H](CCCNC(N)=[NH2+])NC(=O)CNC(=O)[C@@H](NC(=O)[C@H](CC(C)C)NC(=O)[C@@H]1CCCN1C(=O)[C@H](CC(C)C)NC(=O)[C@@H](N)Cc1ccccc1)[C@@H](C)CC)C(=O)N[C@@H](CC(C)C)C(N)=O,0,-2.9746876,1
CC(C)C[C@H](NC(=O)[C@H](CCCC[NH3+])NC(=O)[C@H](CCCC[NH3+])NC(=O)[C@H](CC(C)C)NC(=O)[C@H](C)NC(=O)[C@H](CCCC[NH3+])NC(=O)[C@H](CC(C)C)NC(=O)[C@H](C)NC(=O)[C@H](CC(C)C)NC(=O)[C@H](C)NC(=O)[C@@H](N)C(C)C)C(N)=O,0,-4.1745486,1
C[C@H](NC(=O)[C@@H]1CCCN1C(=O)[C@H](CC(N)=O)NC(=O)[C@H](CCCNC(N)=[NH2+])NC(=O)[C@H](CS)NC(=O)[C@H](CS)NC(=O)CNC(=O)[C@@H](N)CC(N)=O)C(=O)N[C@@H](CS)C(=O)N[C@@H](CCC(=O)O)C(=O)N[C@@H](CO)C(=O)NC(CC1CNCN1)C(O)N[C@@H](CCCNC(N)=[NH2+])C(=O)N[C@@H](CS)C(N)=O,0,-4.216857,1
C[C@H](NC(=O)[C@H](CS)NC(=O)[C@H](CC(=O)O)NC(=O)[C@@H]1CCCN1C(=O)[C@H](CCCNC(N)=[NH2+])NC(=O)[C@H](CO)NC(=O)[C@H](CS)NC(=O)[C@H](CS)NC(=O)CN)C(=O)N[C@@H](Cc1c[nH]c2ccccc12)C(=O)N[C@@H](CCCNC(N)=[NH2+])C(=O)N[C@@H](CS)C(N)=O,0,-5.2673087,1
CC(C)C[C@H]1NC(=O)CNC(=O)[C@H](CC(N)=O)NC(=O)[C@@H](CCCNC(N)=[NH2+])NC(=O)[C@H]([C@@H](C)O)NC(=O)[C@H](CS)NC(=O)[C@H](CCCC[NH3+])NC(=O)[C@@H]2CCCN2C(=O)[C@H](Cc2c[nH]c3ccccc23)NC(=O)[C@H](CO)NC(=O)[C@H](CS)NC(=O)[C@H]([C@@H](C)O)NC(=O)[C@H](CS)NC(=O)CNC(=O)[C@@H]2CCCN2C(=O)[C@H]([C@@H](C)O)NC(=O)[C@H](CC(N)=O)NC(=O)[C@H](CS)NC(=O)[C@H]([C@@H](C)O)NC(=O)CNC(=O)CNC(=O)[C@H](C(C)C)NC(=O)[C@H](CS)NC(=O)[C@H]([C@@H](C)O)NC(=O)[C@H](CCC(=O)O)NC(=O)CNC(=O)[C@H](CS)NC(=O)[C@H](C(C)C)NC(=O)[C@@H]2CCCN2C1=O,0,-4.178035,1
CC(C)C[C@H](NC(=O)[C@H](Cc1ccc(O)cc1)NC(=O)[C@@H]1CCCN1C(=O)[C@@H](N)Cc1c[nH]c2ccccc12)C(=O)N1CCC[C@H]1C(=O)N[C@@H](Cc1c[nH]c2ccccc12)C(=O)N[C@@H](CCCNC(N)=[NH2+])C(=O)N[C@@H](CCCNC(N)=[NH2+])C(N)=O,0,-3.272574,1
CC[C@H](C)[C@H](NC(=O)[C@H](C)NC(=O)[C@H](CO)NC(=O)CNC(=O)[C@@H]1CCCN1C(=O)CN)C(=O)N[C@@H](CS)C(=O)N[C@@H](CC(N)=O)C(=O)N[C@@H](CCSC)C(=O)N[C@@H](C)C(=O)N[C@@H](CS)C(=O)N[C@@H](CCCNC(N)=[NH2+])C(=O)N[C@@H](CC(C)C)C(=O)N[C@@H](CCC(=O)O)C(=O)NC(CC1CNCN1)C(O)NCC(=O)NC(CC1CNCN1)C(O)N[C@@H](CC(C)C)C(=O)N[C@@H](Cc1ccc(O)cc1)C(=O)N1CCC[C@H]1C(=O)N[C@@H](Cc1ccccc1)C(=O)N[C@@H](CS)C(=O)N[C@@H](CC(N)=O)C(=O)N[C@@H](CS)C(=O)N[C@@H](CC(=O)O)C(N)=O,0,-4.771736,1
CC(C)C[C@H](NC(=O)[C@H](C)NC(=O)[C@H](CC(C)C)NC(=O)[C@H](C)NC(=O)[C@H](CCCC[NH3+])NC(=O)[C@H](CCCC[NH3+])NC(=O)[C@H](C)NC(=O)[C@H](CC(C)C)NC(=O)[C@H](CCCC[NH3+])NC(=O)[C@H](C)NC(=O)[C@H](CC(C)C)NC(=O)[C@H](CCCC[NH3+])NC(=O)[C@H](CCCC[NH3+])NC(=O)[C@H](C)NC(=O)[C@@H](N)Cc1ccccc1)C(N)=O,0,-3.0433452,1
CC[C@H](C)[C@H](NC(=O)[C@@H](N)Cc1ccccc1)C(=O)N[C@H](C(=O)N[C@H](C(=O)NC(CC1CNCN1)C(N)O)C(C)C)[C@@H](C)O,0,-1.319142,1
CC[C@H](C)[C@H](NC(=O)[C@H](CC(=O)O)NC(=O)[C@H](Cc1ccccc1)NC(=O)[C@H](CC(C)C)NC(=O)CN)C(=O)N[C@H](C(=O)N[C@@H](CCCC[NH3+])C(=O)N[C@@H](CCCC[NH3+])C(=O)N[C@H](C(=O)N[C@H](C(=O)NCC(=O)N[C@@H](C)C(=O)N[C@@H](CC(C)C)C(=O)NCC(=O)N[C@@H](CO)C(=O)N[C@@H](CC(C)C)C(N)=O)C(C)C)C(C)C)C(C)C,0,-5.309175,1
CC[C@H](C)[C@@H]1NC(=O)[C@H](CC(C)C)NC(=O)[C@H](C)NC(=O)[C@H]([C@@H](C)O)NC(=O)[C@H](C(C)C)NC(=O)[C@H]([C@@H](C)O)NC(=O)[C@H](CS)NC(=O)[C@@H]2CCCN2C(=O)[C@H]([C@@H](C)CC)NC(=O)[C@H](Cc2c[nH]c3ccccc23)NC(=O)[C@H](C(C)C)NC(=O)[C@H](CS)NC(=O)[C@H](CO)NC(=O)[C@H](CCC(=O)O)NC(=O)[C@H](C)NC(=O)[C@H](CS)NC(=O)[C@@H]2CCCN2C(=O)[C@@H]([C@@H](C)CC)NC(=O)CNC(=O)[C@H](CC(N)=O)NC(=O)[C@@H](Cc2ccc(O)cc2)NC(=O)[C@H](CS)NC(=O)[C@H](C(C)C)NC(=O)[C@H](CCCC[NH3+])NC(=O)[C@H](CC(N)=O)NC(=O)[C@H](CO)NC(=O)[C@H](CS)NC(=O)CNC(=O)[C@H](CS)NC(=O)CNC1=O,0,-4.236959,1
CC(C)C[C@H](NC(=O)[C@H](CCCC[NH3+])NC(=O)[C@H](CCCC[NH3+])NC(=O)[C@H](Cc1c[nH]c2ccccc12)NC(=O)[C@@H](N)CCCC[NH3+])C(=O)N[C@@H](CC(C)C)C(=O)N[C@@H](CCCC[NH3+])C(=O)N[C@@H](CCCC[NH3+])C(=O)N1CCC[C@H]1C(=O)N[C@@H](CC(C)C)C(=O)N[C@@H](CC(C)C)C(=O)N[C@@H](CCCC[NH3+])C(=O)N[C@@H](CCCC[NH3+])C(N)=O,0,-2.4948003,1
CC[C@H](C)[C@H](NC(=O)[C@H](CO)NC(=O)[C@H](CCCC[NH3+])NC(=O)[C@H](CC(C)C)NC(=O)[C@H](CCCC[NH3+])NC(=O)[C@@H](N)CC(C)C)C(=O)N[C@H](C(=O)N[C@@H](CO)C(=O)N[C@@H](Cc1c[nH]c2ccccc12)C(=O)N[C@@H](C)C(=O)N[C@@H](CCCC[NH3+])C(=O)N[C@@H](CC(C)C)C(=O)N[C@H](C(=O)N[C@@H](CC(C)C)C(N)=O)C(C)C)C(C)C,0,-4.4372964,1
CC[C@H](C)[C@@H]1NC(=O)[C@H](CS)NC(=O)[C@@H]2CCCN2C(=O)[C@H]([C@@H](C)CC)NC(=O)[C@H](Cc2c[nH]c3ccccc23)NC(=O)[C@H](C(C)C)NC(=O)[C@H](CS)NC(=O)[C@H](CO)NC(=O)[C@H](CCC(=O)O)NC(=O)[C@@H](CS)NC(=O)[C@H]2CCCN2C(=O)[C@H](CC(C)C)NC(=O)[C@@H]([C@@H](C)O)NC(=O)CNC(=O)[C@H](CC(N)=O)NC(=O)[C@H](CCCC[NH3+])NC(=O)[C@H](Cc2ccc(O)cc2)NC(=O)[C@H](CS)NC(=O)[C@H](C(C)C)NC(=O)[C@H](CCCC[NH3+])NC(=O)[C@H](CO)NC(=O)[C@H](CCCC[NH3+])NC(=O)[C@H](CS)NC(=O)[C@H](CO)NC(=O)[C@H](CS)NC(=O)CNC(=O)[C@H](C(C)C)NC(=O)[C@H](C(C)C)NC(=O)[C@H](CO)NC(=O)[C@H](CO)NC1=O,0,-4.5308523,1
CC(=O)N[C@@H](CCCNC(N)=[NH2+])C(=O)N[C@@H](CCCNC(N)=[NH2+])C(=O)N[C@@H](Cc1c[nH]c2ccccc12)C(=O)N[C@@H](Cc1c[nH]c2ccccc12)C(=O)N[C@@H](CS)C(=O)N[C@@H](CCCNC(N)=[NH2+])C(=O)N[C@H](C(N)=O)C(C)C,0,-2.3779683,1
CCCC(CO)NC(=O)[C@@H]1CCCN1C(=O)[C@@H](NC(=O)[C@@H](NC(=O)[C@H](CC(=O)O)NC(=O)[C@@H](CC(=O)O)NC(C)=O)[C@@H](C)CC)C(C)C,0,-2.4602506,1
CC[C@H](C)[C@H](NC(O)C(C)(C)NC(=O)[C@H](CCCC[NH3+])NC(=O)CNC(=O)[C@H](CC(C)C)NC(O)C(C)(C)NC(=O)[C@H](CCCC[NH3+])NC(=O)[C@H](CCCC[NH3+])NC(=O)[C@H](Cc1c[nH]c2ccccc12)NC(=O)[C@H](CC(N)=O)NC(=O)[C@@H](N)C(C)C)C(=O)N[C@@H](CCCC[NH3+])C(=O)NC(C)(C)C(O)N[C@H](C(=O)N[C@@H](CCCC[NH3+])C(N)=O)C(C)C,0,-4.2913294,1
CC[C@H](C)[C@H](NC(=O)[C@H](CC(C)C)NC(=O)[C@H](CCC(=O)O)NC(=O)[C@@H](CC(=O)O)NC(C)=O)C(=O)NC(CC1CCCCC1)C(O)N[C@@H](CS)C(=O)N1CCC[C@H]1C(=O)NC(CC1CCCCC1)C(O)N[C@@H](CC(=O)O)C(=O)N[C@@H](CC(C)C)C(=O)N1CCC[C@@H]1C(=O)N[C@@H](Cc1ccc(O)cc1)C(=O)N[C@@H](CCCC[NH3+])C(N)=O,0,-3.7569256,1
CC(C)C[C@H](NC(=O)[C@H](CCCNC(N)=[NH2+])NC(=O)[C@H](CCCNC(N)=[NH2+])NC(=O)[C@H](Cc1ccc(O)cc1)NC(=O)[C@H](CC(C)C)NC(=O)[C@H](CCCNC(N)=[NH2+])NC(=O)[C@H](CCCNC(N)=[NH2+])NC(=O)[C@H](Cc1ccc(O)cc1)NC(=O)[C@H](CC(C)C)NC(=O)[C@H](CCCNC(N)=[NH2+])NC(=O)[C@H](CCCNC(N)=[NH2+])NC(=O)[C@H](Cc1ccc(O)cc1)NC(=O)[C@H](CC(C)C)NC(=O)[C@@H](N)CCCNC(N)=[NH2+])C(=O)N[C@@H](Cc1ccc(O)cc1)C(=O)N[C@@H](CCCNC(N)=[NH2+])C(=O)N[C@@H](CCCC[NH3+])C(=O)N[C@@H](CCCC[NH3+])C(=O)N[C@@H](CCCC[NH3+])C(N)=O,0,5.931417,1
CC[C@H](C)[C@H](NC(=O)[C@H](CCCC[NH3+])NC(=O)[C@H](CCCNC(N)=[NH2+])NC(=O)[C@H](CCCC[NH3+])NC(=O)[C@H](CC(C)C)NC(=O)[C@H](CCCNC(N)=[NH2+])NC(=O)[C@H](CCCNC(N)=[NH2+])NC(=O)[C@H](CC(C)C)NC(=O)[C@H](CCCC[NH3+])NC(=O)[C@@H](N)CCCNC(N)=[NH2+])C(=O)N[C@@H](C)C(=O)NC(CC1CNCN1)C(O)N[C@@H](CCCC[NH3+])C(=O)N[C@H](C(=O)N[C@@H](CCCC[NH3+])C(=O)N[C@@H](CCCC[NH3+])C(=O)N[C@@H](Cc1ccc(O)cc1)C(N)=O)C(C)C,0,0.94890374,1
CC[C@H](C)[C@H](NC(=O)[C@@H](NC(=O)[C@H](CO)NC(=O)[C@H](C)NC(=O)[C@@H](NC(=O)[C@H](CCCC[NH3+])NC(=O)[C@H](CCCC[NH3+])NC(=O)[C@@H](NC(=O)[C@@H](NC(=O)[C@H](CC(=O)O)NC(=O)[C@H](Cc1ccccc1)NC(=O)[C@H](CC(C)C)NC(=O)CN)C(C)C)[C@@H](C)CC)C(C)C)C(C)C)C(=O)N[C@@H](CCCC[NH3+])C(=O)N[C@@H](CCCC[NH3+])C(=O)N[C@@H](CC(C)C)C(N)=O,0,-4.3936605,1
CC(C)C[C@H](NC(=O)[C@H](CCCNC(N)=[NH2+])NC(=O)[C@@H](N)CCCNC(N)=[NH2+])C(=O)N[C@@H](CO)C(=O)N[C@@H](Cc1ccc(O)cc1)C(=O)N[C@@H](CO)C(=O)N[C@@H](CCCNC(N)=[NH2+])C(=O)N[C@@H](CCCNC(N)=[NH2+])C(=O)N[C@@H](CCCNC(N)=[NH2+])C(=O)N[C@@H](Cc1ccccc1)C(N)=O,0,0.9347061,1
C[C@H](NC(=O)[C@H](CCC(=O)O)NC(=O)[C@@H]1CCCN1C(O)C(CC1CNCN1)NC(=O)[C@H](CC(=O)O)NC(=O)[C@H](Cc1ccc(O)cc1)NC(=O)[C@H](CC(N)=O)NC(=O)[C@H](CS)NC(=O)[C@H](CCCNC(N)=[NH2+])NC(=O)[C@@H]1CCCN1C(=O)[C@H](CC(=O)O)NC(=O)[C@H](CO)NC(=O)[C@H](CS)NC(=O)[C@H](CS)NC(=O)CN)C(=O)N[C@@H](CS)C(N)=O,0,-5.397736,1
CSCC[C@H](NC(=O)[C@@H](NC(=O)[C@H](CCCC[NH3+])NC(=O)[C@H](CCCNC(N)=[NH2+])NC(=O)[C@H](CS)NC(=O)[C@H](CO)NC(=O)[C@H](C)NC(=O)CNC(=O)[C@H](CCCC[NH3+])NC(=O)CNC(=O)[C@H](CCCC[NH3+])NC(=O)[C@@H](N)CS)[C@@H](C)O)C(=O)N[C@@H](Cc1ccc(O)cc1)C(=O)N[C@@H](CC(=O)O)C(=O)N[C@@H](CS)C(=O)N[C@@H](CS)C(=O)N[C@@H](CCCNC(N)=[NH2+])C(=O)NCC(=O)N[C@@H](CO)C(=O)N[C@@H](CS)C(=O)N[C@@H](CCCNC(N)=[NH2+])C(=O)N[C@@H](CO)C(=O)NCC(=O)N[C@@H](CCCNC(N)=[NH2+])C(=O)N[C@@H](CS)C(N)=O,0,-3.414178,1
CC[C@H](C)[C@H](NC(O)C(CC1CNCN1)NC(=O)[C@H](CCCC[NH3+])NC(=O)[C@H](CC(C)C)NC(=O)[C@H](CC(C)C)NC(=O)[C@H](CO)NC(=O)[C@H](CCCC[NH3+])NC(=O)[C@H](Cc1c[nH]c2ccccc12)NC(=O)[C@H](CCCC[NH3+])NC(=O)CN)C(=O)N[C@@H](CC(C)C)C(=O)N[C@@H](CCCC[NH3+])C(N)=O,0,-4.613941,1
CC[C@H](C)[C@H](N)C(=O)N[C@@H](CC(C)C)C(=O)N1CCC[C@H]1C(=O)N[C@H](C(=O)N[C@@H](CC(C)C)C(=O)NCC(=O)N[C@@H](CC(N)=O)C(=O)N[C@@H](CC(C)C)C(=O)N[C@@H](CC(C)C)C(=O)N[C@@H](CC(N)=O)C(=O)N[C@@H](CO)C(=O)N[C@@H](CC(C)C)C(=O)N[C@@H](CC(C)C)C(N)=O)[C@@H](C)CC,0,-4.6370153,1
CC[C@H](C)[C@@H]1NC(=O)[C@H](CC(C)C)NC(=O)[C@H](Cc2ccccc2)NC(=O)[C@H](Cc2ccccc2)NC(=O)[C@H](C)NC(=O)[C@@H]2CCCN2C(=O)[C@H](C(C)C)NC(=O)[C@H](CC(C)C)NC(=O)[C@H]([C@@H](C)CC)NC1=O,0,-4.9080467,1
CC[C@H](C)[C@H](NC(=O)[C@H](CCCC[NH3+])NC(=O)[C@H](CC(N)=O)NC(=O)[C@H](Cc1c[nH]c2ccccc12)NC(=O)[C@H](CC(C)C)NC(=O)CN)C(=O)N[C@@H](CCCC[NH3+])C(=O)N[C@@H](CCC(=O)O)C(=O)N[C@@H](C)C(=O)N[C@@H](C)C(=O)N[C@@H](CO)C(=O)N[C@@H](CCCC[NH3+])C(=O)N[C@@H](C)C(=O)N[C@@H](C)C(=O)NCC(=O)N[C@@H](CCCC[NH3+])C(=O)N[C@@H](C)C(=O)N[C@@H](C)C(=O)N[C@@H](CC(C)C)C(=O)NCC(=O)N[C@@H](Cc1ccccc1)C(=O)N[C@H](C(=O)N[C@@H](CC(N)=O)C(=O)N[C@@H](CCC(=O)O)C(=O)N[C@@H](CCSC)C(=O)N[C@H](C(N)=O)C(C)C)C(C)C,0,-0.8602406,1
CC[C@H](C)[C@H](NC(=O)[C@H](CCCC[NH3+])NC(=O)[C@@H]1CCCN1C(=O)[C@H](CC(C)C)NC(=O)[C@H](Cc1ccccc1)NC(=O)[C@H](CC(N)=O)NC(=O)[C@H](C)NC(=O)[C@H](C)NC(=O)[C@H](CC(C)C)NC(=O)CNC(=O)[C@H](C)NC(=O)[C@H](CC(C)C)NC(=O)[C@H](CC(C)C)NC(=O)[C@@H]1CCCN1C(=O)[C@H](CC(C)C)NC(=O)[C@@H](N)Cc1ccccc1)C(=O)N[C@@H](Cc1ccccc1)C(=O)N[C@@H](CS)C(=O)N[C@@H](CCCC[NH3+])C(=O)N[C@H](C(=O)N[C@H](C(=O)N[C@@H](CCCNC(N)=[NH2+])C(=O)N[C@@H](CCCC[NH3+])C(=O)N[C@@H](CS)C(N)=O)[C@@H](C)O)[C@@H](C)CC,0,-0.7336829,1
C[C@H](NC(O)C(CC1CNCN1)NC(=O)[C@H](Cc1ccc(O)cc1)NC(=O)[C@H](CCC(=O)O)NC(=O)[C@H](Cc1c[nH]c2ccccc12)NC(=O)[C@@H](N)CC(=O)O)C(=O)NC(CC1CNCN1)C(O)N1CCC[C@H]1C(=O)N[C@@H](CCCC[NH3+])C(=O)N1CC(O)CC1C(O)N[C@@H](CC(N)=O)C(=O)N[C@@H](CO)C(=O)N[C@@H](Cc1ccccc1)C(=O)N[C@@H](Cc1c[nH]c2ccccc12)C(=O)N[C@H](C=O)[C@@H](C)O,0,1.2594559,1
CC[C@H](C)[C@H](NC(=O)CNC(=O)[C@H](CO)NC(=O)[C@@H](NC(=O)[C@H](CC(C)C)NC(=O)[C@H](CCCNC(N)=[NH2+])NC(=O)CNC(=O)[C@@H](NC(=O)[C@@H](NC(=O)[C@@H]1CCCN1C(=O)[C@H](CC(C)C)NC(=O)[C@@H](N)Cc1ccccc1)[C@@H](C)CC)C(C)C)[C@@H](C)CC)C(=O)N[C@@H](CC(C)C)C(N)=O,0,-3.4721584,1
CC[C@H](C)[C@H](NC(=O)[C@H](CC(C)C)NC(=O)[C@H](CC(N)=O)NC(=O)[C@@H](NC(=O)[C@H](CC(C)C)NC(=O)[C@@H](NC(=O)[C@@H]1CCCN1C(=O)[C@H](CC(C)C)NC(=O)[C@@H](N)Cc1ccccc1)[C@@H](C)CC)[C@@H](C)CC)C(=O)NC(CC1CNCN1)C(O)N[C@@H](CCCC[NH3+])C(=O)NCC(=O)N[C@@H](CC(C)C)C(=O)N[C@@H](CC(C)C)C(N)=O,0,-2.0952594,1
CC[C@H](C)[C@@H]1NC(=O)[C@H](Cc2c[nH]c[nH+]2)NC(=O)[C@H](CCC(N)=O)NC(=O)[C@H](CC(N)=O)NC(=O)[C@H](CC(N)=O)NC(=O)CNC(=O)[C@H](C)NC(=O)[C@@H]2CSSC[C@H](NC(=O)C[NH3+])C(=O)N[C@@H](CSSC[C@@H](C(N)=O)NC1=O)C(=O)N[C@@H](CO)C(=O)N[C@@H](Cc1c[nH]c[nH+]1)C(=O)N1CCC[C@H]1C(=O)N[C@@H](C)C(=O)N2,0,-3.5179071,1
CC[C@H](C)[C@H](NC(=O)CN)C(=O)NCC(=O)N[C@@H](CCCC[NH3+])C(=O)N[C@@H](Cc1ccccc1)C(=O)N[C@@H](CC(C)C)C(=O)NC(CC1CNCN1)C(O)N[C@@H](CO)C(=O)N[C@H](C)C(=O)N[C@@H](CCCC[NH3+])C(=O)N[C@@H](CCCC[NH3+])C(=O)N[C@@H](Cc1ccccc1)C(=O)N[C@H](C)C(=O)N[C@@H](CCCC[NH3+])C(=O)N[C@@H](C)C(=O)N[C@@H](Cc1ccccc1)C(=O)N[C@H](C(=O)N[C@H](C)C(=O)N[C@@H](CCC(=O)O)C(=O)N[C@H](C(=O)N[C@@H](CCSC)C(=O)N[C@@H](CC(N)=O)C(=O)N[C@@H](CO)C(N)=O)[C@@H](C)CC)C(C)C,0,-2.6000805,1
CC(C)C[C@@H]1NC(=O)[C@H](CC(=O)O)NC(=O)[C@@H]2CCCN2C(=O)[C@H](Cc2c[nH]c[nH+]2)NC(=O)[C@H](CCCC[NH3+])NC(=O)[C@H](CC(N)=O)NC(=O)[C@H](CCCNC(N)=[NH2+])NC(=O)[C@@H]2CSSC[C@H](NC(=O)C[NH3+])C(=O)N[C@@H](CSSC[C@@H](C(N)=O)NC1=O)C(=O)N[C@@H](CO)C(=O)N[C@@H](CC(=O)O)C(=O)N1CCC[C@H]1C(=O)N1CCC[C@H]1C(=O)N2,0,-3.2173014,1
CC[C@H](C)[C@H](NC(=O)CN)C(=O)NCC(=O)NCC(=O)N[C@@H](C)C(=O)N[C@@H](CC(C)C)C(=O)N[C@@H](CC(C)C)C(=O)N[C@@H](CO)C(=O)N[C@@H](C)C(=O)NCC(=O)N[C@@H](CCCC[NH3+])C(=O)N[C@@H](C)C(=O)N[C@@H](C)C(=O)N[C@@H](CC(C)C)C(=O)N[C@@H](CCCC[NH3+])C(=O)NCC(=O)N[C@@H](CC(C)C)C(=O)N[C@@H](C)C(=O)N[C@@H](CCCC[NH3+])C(=O)N[C@H](C(=O)N[C@@H](CC(C)C)C(=O)N[C@H](C(N)=O)C(C)C)C(C)C,0,-0.19571409,1
CC(C)C[C@H](NC(=O)[C@@H](NC(=O)[C@H](C)NC(=O)[C@H](CS)NC(=O)[C@@H]1CCCN1C(=O)[C@@H]1CCCN1C(=O)[C@@H](NC(=O)[C@H](CO)NC(=O)[C@H](CS)NC(=O)[C@H](CS)NC(=O)CN)[C@@H](C)O)C(C)C)C(=O)N[C@@H](C)C(=O)N[C@@H](CS)C(N)=O,0,-4.8524966,1
CC(=O)NCC(=O)N[C@@H](CCCC[NH3+])C(=O)N[C@@H](CCCC[NH3+])C(=O)N[C@@H](CC(C)C)C(=O)N[C@@H](CC(C)C)C(=O)N[C@@H](CCCC[NH3+])C(=O)N[C@@H](CCCC[NH3+])C(=O)N[C@@H](Cc1c[nH]c2ccccc12)C(=O)N[C@@H](CCCC[NH3+])C(=O)N[C@@H](CCCC[NH3+])C(=O)N[C@@H](CC(C)C)C(=O)N[C@@H](Cc1c[nH]c2ccccc12)C(=O)N[C@@H](CCCC[NH3+])C(=O)N[C@@H](CCCC[NH3+])C(=O)N[C@@H](Cc1c[nH]c2ccccc12)C(N)=O,0,-2.9966908,1
CC(C)C[C@H](NC(=O)[C@H](C)NC(=O)[C@H](CCCC[NH3+])NC(=O)[C@H](CCCC[NH3+])NC(=O)[C@H](CC(C)C)NC(=O)[C@H](C)NC(=O)[C@H](CCCC[NH3+])NC(=O)[C@H](CC(C)C)NC(=O)[C@H](C)NC(=O)[C@H](CC(C)C)NC(=O)[C@H](C)NC(=O)[C@@H](N)Cc1ccccc1)C(N)=O,0,-4.0710387,1
CSCC[C@@H]1NC(=O)[C@H](CCCNC(N)=[NH2+])NC(=O)[C@H](C)NC(=O)[C@H](C)NC(=O)[C@H](Cc2c[nH]c3ccccc23)NC(=O)[C@H](CCCNC(N)=[NH2+])NC(=O)[C@H](Cc2ccccc2)NC(=O)[C@H](C)NC(=O)[C@H](CCCC[NH3+])NC(=O)[C@H](CCCNC(N)=[NH2+])NC(=O)[C@H](Cc2c[nH]c3ccccc23)NC(=O)[C@H](C)NC(=O)[C@@H]2CCCN2C(=O)[C@H](C)NC(=O)[C@H](C)NC(=O)[C@H](CCCC[NH3+])NC(=O)[C@H](CCCC[NH3+])NC(=O)[C@H](CC(C)C)NC1=O,0,-2.0544717,1
CC[C@H](C)[C@H](NC(=O)[C@@H](NC(=O)CN)C(C)C)C(=O)N[C@@H](CC(=O)O)C(=O)N[C@@H](C)C(=O)N[C@@H](C)C(=O)N[C@@H](CCCC[NH3+])C(=O)N[C@@H](CCCC[NH3+])C(=O)N[C@H](C(=O)N[C@H](C(=O)N[C@@H](CC(N)=O)C(=O)N[C@H](C(=O)N[C@@H](CC(C)C)C(=O)N[C@@H](CCCC[NH3+])C(=O)N[C@@H](CC(N)=O)C(=O)N[C@@H](CC(C)C)C(=O)N1CCC[C@H]1C(N)=O)C(C)C)C(C)C)C(C)C,0,-4.607085,1
CC[C@H](C)[C@H](NC(=O)[C@H](C)NC(=O)[C@H](C)NC(=O)[C@H](CCC(=O)O)NC(=O)[C@H](CCCC[NH3+])NC(=O)CNC(=O)[C@@H](NC(=O)[C@H](CC(N)=O)NC(=O)[C@H](CCCC[NH3+])NC(=O)[C@@H](NC(=O)[C@@H](NC(=O)[C@H](CO)NC(=O)[C@H](Cc1c[nH]c2ccccc12)NC(=O)[C@H](CC(C)C)NC(=O)CN)[C@@H](C)O)[C@@H](C)CC)C(C)C)C(=O)N[C@@H](C)C(=O)N[C@@H](C)C(=O)NCC(=O)N[C@@H](CCCC[NH3+])C(=O)N[C@@H](C)C(=O)N[C@H](C(=O)N[C@@H](CC(C)C)C(=O)NCC(=O)N[C@@H](CO)C(=O)N[C@@H](CC(C)C)C(N)=O)C(C)C,0,-2.626354,1
CC[C@H](C)[C@H](NC(=O)[C@H](CCCC[NH3+])NC(=O)[C@H](CCCC[NH3+])NC(=O)[C@H](CC(C)C)NC(=O)[C@H](CC(=O)O)NC(=O)[C@@H](NC(=O)[C@@H](N)Cc1ccccc1)C(C)C)C(=O)N[C@@H](C)C(=O)N[C@@H](CC(N)=O)C(=O)N[C@H](C(=O)N[C@H](C(=O)N[C@@H](CC(N)=O)C(=O)N[C@@H](CO)C(=O)N[C@H](C(=O)N[C@@H](Cc1ccccc1)C(=O)NCC(=O)N[C@@H](CCCC[NH3+])C(N)=O)[C@@H](C)CC)[C@@H](C)CC)[C@@H](C)CC,0,-3.8789752,1
CC[C@H](C)[C@H](N)C(=O)N[C@@H](CC(C)C)C(=O)N1CCC[C@H]1C(=O)N[C@@H](CC(C)C)C(=O)N[C@@H](CCCC[NH3+])C(=O)N[C@@H](Cc1c[nH]c2ccccc12)C(=O)N1CCC[C@H]1C(=O)N[C@@H](Cc1c[nH]c2ccccc12)C(=O)N[C@@H](Cc1c[nH]c2ccccc12)C(=O)N1CCC[C@H]1C(=O)N[C@@H](Cc1c[nH]c2ccccc12)C(=O)N[C@@H](CCCNC(N)=[NH2+])C(=O)N[C@@H](CCCNC(N)=[NH2+])C(N)=O,0,-2.5245633,1
CC[C@H](C)[C@H](NC(=O)[C@H](CO)NC(=O)[C@@H]1CCCN1C(=O)[C@H](CC(C)C)NC(=O)[C@@H](NC(=O)CNC(=O)[C@H](C)NC(=O)[C@H](CC(C)C)NC(=O)[C@@H](NC(=O)[C@H](CCCC[NH3+])NC(=O)[C@H](CC(C)C)NC(=O)[C@H](C)NC(=O)[C@H](CO)NC(=O)CNC(=O)[C@@H](NC(=O)[C@@H](N)Cc1ccccc1)[C@@H](C)CC)C(C)C)C(C)C)C(=O)N[C@H](C(=O)N[C@@H](CO)C(=O)N[C@@H](Cc1c[nH]c2ccccc12)C(=O)N[C@H](C(=O)N[C@@H](CCCC[NH3+])C(=O)N[C@@H](CCC(N)=O)C(N)=O)C(C)C)C(C)C,0,-2.3226094,1
CC(C)C[C@H](NC(=O)[C@H](CCC(=O)O)NC(=O)[C@@H]1CCCN1C(=O)[C@H](C)NC(=O)[C@H](CC(N)=O)NC(=O)[C@@H](NC(=O)[C@H](CO)NC(=O)[C@H](CS)NC(=O)[C@H](C)NC(=O)[C@@H]1CCCN1C(O)C(CC1CNCN1)NC(=O)[C@H](CO)NC(=O)[C@H](CS)NC(=O)[C@H](CS)NC(=O)CN)C(C)C)C(=O)N[C@@H](CS)C(N)=O,0,-5.8911,1
CC[C@H](C)[C@H](N)C(=O)N[C@@H](CC(C)C)C(=O)N1CCC[C@H]1C(=O)N[C@H](C(=O)N[C@@H](CC(C)C)C(=O)N[C@@H](C)C(=O)N1CCC[C@H]1C(=O)N[C@@H](CC(C)C)C(=O)N[C@H](C(=O)NCC(=O)NCC(=O)N[C@@H](CC(C)C)C(=O)N[C@@H](CC(C)C)C(N)=O)[C@@H](C)CC)[C@@H](C)CC,0,-3.5892777,1
CC[C@H](C)[C@H](NC(=O)[C@H](C)NC(=O)[C@H](CCCC[NH3+])NC(=O)[C@H](CC(C)C)NC(=O)[C@H](CC(C)C)NC(=O)CNC(O)C(CC1CNCN1)NC(=O)[C@H](CC(C)C)NC(=O)[C@@H](NC(=O)[C@@H](NC(=O)[C@H](CCCC[NH3+])NC(=O)[C@H](CCCC[NH3+])NC(=O)[C@H](C)NC(=O)[C@H](CO)NC(=O)[C@H](CCCC[NH3+])NC(=O)[C@H](Cc1ccccc1)NC(=O)[C@@H](NC(=O)[C@H](CCCC[NH3+])NC(=O)[C@H](CC(C)C)NC(=O)[C@H](Cc1ccccc1)NC(=O)[C@H](CO)NC(=O)[C@H](CCCC[NH3+])NC(=O)[C@H](Cc1c[nH]c2ccccc12)NC(=O)[C@H](CCCC[NH3+])NC(C)=O)[C@@H](C)O)[C@@H](C)O)C(C)C)C(=O)N[C@@H](CO)C(=O)N[C@@H](CO)C(N)=O,0,-3.4868999,1
CC[C@H](C)[C@H](NC(=O)[C@H](CCCC[NH3+])NC(=O)CNC(=O)[C@H](CC(C)C)NC(=O)[C@H](Cc1ccccc1)NC(=O)[C@H](CCCC[NH3+])NC(=O)[C@H](CO)NC(=O)[C@H](Cc1ccccc1)NC(=O)[C@H](Cc1c[nH]c2ccccc12)NC(=O)[C@H](CCC(N)=O)NC(=O)[C@@H](NC(=O)[C@@H](N)Cc1ccccc1)C(C)C)C(=O)N[C@@H](CC(C)C)C(N)=O,0,-3.556186,1
CSCC[C@H](NC(=O)CNC(=O)[C@H](CCCNC(N)=[NH2+])NC(=O)[C@H](CO)NC(=O)[C@H](CS)NC(O)C1CC(O)CN1C(=O)[C@@H](NC(=O)CNC(O)C1CC(O)CN1C(=O)[C@H](CO)NC(=O)[C@H](CCCC[NH3+])NC(=O)[C@@H](N)CS)[C@@H](C)O)C(=O)N[C@@H](CCCNC(N)=[NH2+])C(=O)N[C@@H](CC(=O)O)C(=O)N[C@@H](CS)C(=O)N[C@@H](CS)C(=O)N[C@H](C(=O)N[C@@H](CO)C(=O)N[C@@H](CS)C(=O)N[C@@H](CC(C)C)C(=O)N[C@@H](CC(C)C)C(=O)N[C@@H](Cc1ccc(O)cc1)C(=O)N[C@@H](CO)C(=O)N[C@@H](CC(N)=O)C(=O)N[C@@H](CCCC[NH3+])C(=O)N[C@@H](CS)C(=O)N[C@@H](CCCNC(N)=[NH2+])C(=O)N[C@@H](CCCNC(N)=[NH2+])C(=O)N[C@H](C=O)Cc1ccc(O)cc1)[C@@H](C)O,0,-1.8257941,1
CC(C)C[C@@H]1NC(=O)[C@H](CC(C)C)NC(=O)[C@H](CCC(N)=O)NC(=O)[C@H](CCCNC(=N)N)NC(=O)[C@H](Cc2c[nH]cn2)NC(=O)[C@@H]2CSSC[C@@H](C(=O)N[C@@H](CC(C)C)C(=O)N[C@@H](CCCNC(=N)N)C(=O)N[C@@H](Cc3ccccc3)C(=O)N[C@H](C(N)=O)C(C)C)NC(=O)[C@H](CSSC[C@H](NC(=O)[C@@H](N)CCC(=O)O)C(=O)N2)NC1=O,0,-3.964983,1
CC(=O)N[C@@H](CCCNC(N)=[NH2+])C(=O)N[C@@H](Cc1c[nH]c2ccccc12)C(=O)N[C@@H](Cc1ccc(O)cc1)C(=O)N[C@@H](CS)C(=O)NCC(N)=O,0,-3.8652563,1
CC(=O)N[C@@H](CC(C)C)C(=O)N[C@@H](CC(C)C)C(=O)N[C@@H](CCCNC(N)=[NH2+])C(=O)N[C@H](C(=O)N[C@@H](CCCC[NH3+])C(=O)N[C@@H](CCCNC(N)=[NH2+])C(N)=O)C(C)C,0,-3.2946877,1
CC(C)[C@H](NC(=O)[C@@H](NC(=O)[C@H](CS)NC(=O)CNC(=O)[C@H](CS)NC(O)C1CC(O)CN1C(O)C(CC1CNCN1)NC(=O)[C@H](CS)NC(=O)[C@H](C)NC(=O)[C@H](C)NC(=O)[C@H](CC(N)=O)NC(O)C1CC(O)CN1C(=O)[C@H](Cc1ccc(O)cc1)NC(=O)[C@H](CCCC[NH3+])NC(=O)CNC(=O)[C@H](CS)NC(=O)[C@H](CS)NC(=O)CN)[C@@H](C)O)C(=O)NCC(=O)N[C@@H](CCCNC(N)=[NH2+])C(=O)N1CC(O)CC1C(O)N1CC(O)CC1C(O)N[C@@H](Cc1ccc(O)cc1)C(=O)N[C@@H](CS)C(=O)N[C@@H](CC(=O)O)C(=O)N[C@@H](CCCNC(N)=[NH2+])C(=O)N1CC(O)CC1C(O)N[C@@H](CO)C(=O)NCC(=O)NCC=O,0,-4.47341,1
CC[C@H](C)[C@H](NC(=O)[C@@H](N)CCC(N)=O)C(=O)N1CCC[C@H]1C(=O)N[C@@H](Cc1c[nH]c2ccccc12)C(=O)N[C@@H](Cc1ccccc1)C(=O)NC(CC1CNCN1)C(O)N[C@@H](CCCNC(N)=[NH2+])C(N)=O,0,-2.6975389,1
CC(C)C[C@H](NC(=O)[C@H](CC(C)C)NC(=O)[C@@H](CCCC[NH3+])NC(=O)[C@H](CC(C)C)NC(=O)[C@H](CC(C)C)NC(=O)[C@H](CCCC[NH3+])NC(=O)[C@@H](CCCC[NH3+])NC(=O)[C@@H](CC(C)C)NC(=O)[C@H](CC(C)C)NC(=O)[C@@H](CCCC[NH3+])NC(=O)[C@H](CCCC[NH3+])NC(=O)[C@H](CC(C)C)NC(=O)[C@@H](CC(C)C)NC(=O)[C@H](CCCC[NH3+])NC(=O)[C@@H](N)CC(C)C)C(N)=O,0,-0.6539694,1
CC[C@H](C)[C@H](NC(=O)[C@H](CCCC[NH3+])NC(=O)[C@H](CCCC[NH3+])NC(=O)[C@H](Cc1ccccc1)NC(=O)[C@H](CC(C)C)NC(=O)[C@H](CCCC[NH3+])NC(=O)[C@@H](N)CC(C)C)C(=O)N[C@@H](CC(C)C)C(=O)N[C@@H](CCCC[NH3+])C(=O)N[C@@H](Cc1ccc(O)cc1)C(=O)N[C@@H](CC(C)C)C(N)=O,0,-3.9626918,1
CC[C@H](C)[C@H](N)C(=O)N[C@@H](CC(N)=O)C(=O)N[C@@H](Cc1c[nH]c2ccccc12)C(=O)N[C@@H](CC(C)C)C(=O)N[C@@H](CCCC[NH3+])C(=O)N[C@@H](CC(C)C)C(=O)NCC(=O)N[C@@H](CCCC[NH3+])C(=O)N[C@@H](CCCC[NH3+])C(=O)N[C@H](C(=O)N[C@@H](CC(C)C)C(=O)NCC(=O)N[C@@H](C)C(=O)N[C@H](C(N)=O)[C@@H](C)CC)[C@@H](C)CC,0,-1.6228305,1
C[C@H](NC(=O)[C@H](C)NC(=O)[C@H](Cc1ccccc1)NC(=O)[C@H](C)NC(=O)[C@H](C)NC(=O)[C@H](CCCNC(N)=[NH2+])NC(=O)[C@H](CCCNC(N)=[NH2+])NC(=O)[C@@H](N)CCCNC(N)=[NH2+])C(=O)N[C@@H](Cc1c[nH]c2ccccc12)C(=O)N[C@@H](C)C(=O)N[C@@H](C)C(=O)N[C@@H](Cc1ccccc1)C(=O)N[C@@H](C)C(=O)N[C@@H](C)C(=O)N[C@@H](CCCNC(N)=[NH2+])C(=O)N[C@@H](CCCNC(N)=[NH2+])C(=O)N[C@@H](CCCNC(N)=[NH2+])C(N)=O,0,3.7996545,1
CC(C)C[C@H](NC(=O)[C@H](CC(N)=O)NC(=O)[C@H](CO)NC(O)C(CC1CNCN1)NC(=O)[C@H](CCC(=O)O)NC(=O)[C@H](C)NC(O)C(CC1CNCN1)NC(=O)[C@H](CS)NC(=O)[C@@H](NC(=O)[C@@H]1CCCN1C(=O)[C@H](CC(N)=O)NC(=O)[C@H](CO)NC(=O)[C@H](CS)NC(=O)[C@H](CS)NC(=O)CN)C(C)C)C(=O)N[C@@H](CS)C(N)=O,0,-5.283693,1
CC[C@H](C)[C@H](NC(=O)[C@@H](N)CCCNC(N)=[NH2+])C(=O)N[C@@H](CC(C)C)C(=O)N[C@@H](CCCNC(N)=[NH2+])C(=O)NCC(N)=O,0,1.1674349,1
CC[C@H](C)[C@H](NC(=O)CN)C(=O)NCC(=O)NCC(=O)N[C@@H](CCCC[NH3+])C(=O)N[C@H](C(=O)N[C@@H](CC(C)C)C(=O)NCC(=O)NCC(=O)N[C@@H](CC(C)C)C(=O)N[C@@H](CCCC[NH3+])C(=O)N[C@H](C(=O)N[C@@H](C)C(=O)N[C@@H](CC(C)C)C(=O)N[C@@H](CCCC[NH3+])C(=O)NCC(=O)N[C@@H](C)C(=O)N[C@@H](C)C(=O)N[C@@H](CCCC[NH3+])C(=O)N[C@@H](CCC(=O)O)C(=O)N[C@@H](CC(C)C)C(=O)N[C@@H](C)C(=O)N[C@@H](CO)C(=O)N[C@H](C(=O)N[C@@H](Cc1ccc(O)cc1)C(=O)N[C@@H](CC(C)C)C(=O)NC(CC1CNCN1)C(N)O)[C@@H](C)O)[C@@H](C)O)[C@@H](C)CC,0,-2.696735,1
CC[C@H](C)[C@H](NC(=O)[C@H](CCC(N)=O)NC(=O)[C@@H]1CCCN1C(=O)[C@H](CC(N)=O)NC(O)C(CC1CNCN1)NC(=O)[C@@H](NC(=O)[C@@H](NC(=O)[C@H](CS)NC(=O)[C@@H](NC(=O)[C@@H]1CCCN1C(=O)[C@H](CC(N)=O)NC(=O)[C@H](CO)NC(=O)[C@H](CS)NC(=O)[C@H](CS)NC(=O)[C@@H]1CCCN1C(=O)[C@H](CC(=O)O)NC(O)C(N)CCCNC(N)N(C)C)C(C)C)[C@@H](C)O)C(C)C)C(=O)N[C@@H](CS)C(N)=O,0,-5.2511234,1
CC[C@H](C)[C@H](NC(=O)CN)C(=O)NCC(=O)N[C@@H](CCCC[NH3+])C(=O)N[C@@H](Cc1ccccc1)C(=O)N[C@@H](CC(C)C)C(=O)NC(CC1CNCN1)C(O)N[C@@H](CCCC[NH3+])C(=O)N[C@H](C(=O)NCC(=O)N[C@@H](CO)C(=O)N[C@@H](Cc1ccccc1)C(=O)N[C@H](C(=O)N[C@@H](CCCC[NH3+])C(=O)N[C@@H](CO)C(=O)N[C@@H](Cc1c[nH]c2ccccc12)C(=O)N[C@@H](CCCC[NH3+])C(=O)NCC(=O)N[C@@H](CCC(=O)O)C(=O)N[C@H](C(=O)N[C@@H](CCSC)C(=O)N[C@@H](CC(N)=O)C(=O)N[C@@H](CO)C(N)=O)[C@@H](C)CC)[C@@H](C)CC)C(C)C,0,-4.5081334,1
CCCCC(NC(=O)[C@@H](NC(=O)[C@H](CCCC[NH3+])NC(=O)[C@@H]1CCCN1C(=O)[C@H](CC(C)C)NC(=O)[C@H](CO)NC(=O)[C@H](CCCC[NH3+])NC(=O)[C@H](CCCC[NH3+])NC(=O)[C@H](CC(C)C)NC(=O)[C@H](CO)NC(=O)[C@H](CO)NC(=O)[C@H](CC(C)C)NC(=O)[C@H](Cc1ccccc1)NC(=O)CN)C(C)C)C(O)N[C@@H](C)C(=O)NC(CC1CNCN1)C(O)NC(CCCC)C(O)N[C@@H](CCCC[NH3+])C(N)=O,0,-4.032052,1
CC(C)C[C@@H]1NC(=O)[C@H](CCCC[NH3+])NC(=O)[C@H](C(C)C)NC(=O)[C@@H]2CCCN2C(=O)[C@@H](Cc2ccc(O)cc2)NC(=O)[C@H](CC(C)C)NC(=O)[C@H](CCCC[NH3+])NC(=O)[C@H](C(C)C)NC(=O)[C@H](CCCC[NH3+])NC(=O)[C@H](CC(C)C)NC(=O)[C@H]2CCCN2C(=O)[C@@H](Cc2ccc(O)cc2)NC(=O)[C@H](C(C)C)NC(=O)[C@H](CCCC[NH3+])NC1=O,0,-4.99952,1
CC[C@H](C)[C@H](NC(=O)[C@H](CCCC[NH3+])NC(=O)[C@H](CCCC[NH3+])NC(=O)[C@H](CCC(N)=O)NC(=O)CN)C(=O)N[C@@H](CCCNC(N)=[NH2+])C(=O)N[C@H](C(=O)N[C@@H](CCCNC(N)=[NH2+])C(=O)N[C@@H](CC(C)C)C(=O)N[C@@H](CO)C(N)=O)C(C)C,0,-2.6302395,1
CC[C@H](C)[C@H](NC(=O)[C@H](CCCC[NH3+])NC(=O)CNC(=O)[C@@H](NC(=O)[C@H](CC(C)C)NC(O)C(CC1CNCN1)NC(=O)[C@H](C)NC(=O)[C@H](CC(C)C)NC(=O)[C@H](CC(C)C)NC(=O)[C@H](CC(=O)O)NC(=O)[C@H](CCCC[NH3+])NC(=O)CNC(=O)[C@H](C)NC(=O)CNC(=O)[C@H](CCCC[NH3+])NC(=O)[C@H](CC(C)C)NC(=O)[C@@H](NC(=O)[C@H](CC(=O)O)NC(=O)[C@@H](NC(=O)[C@@H](NC(=O)CN)C(C)C)C(C)C)[C@@H](C)CC)C(C)C)C(=O)N[C@@H](CO)C(=O)N[C@@H](CCC(=O)O)C(=O)N[C@@H](CCCC[NH3+])C(=O)N[C@H](C(N)=O)C(C)C,0,-1.1070461,1
CC[C@H](C)[C@@H]1NC(=O)[C@H](CCCNC(=N)N)NC(=O)CNC(=O)[C@@H]2CSSC[C@@H](C(=O)N3CCC[C@H]3C(=O)N[C@@H](CCC(=O)O)C(=O)N[C@H](C(=O)N[C@H](C(=O)N[C@@H](CS)C(=O)N3CCC[C@H]3C(=O)N[C@@H](CCCCN)C(=O)N[C@@H](CC(N)=O)C(=O)O)C(C)C)C(C)C)NC(=O)[C@H]([C@@H](C)CC)NC(=O)[C@H](CS)NC(=O)[C@H](CCCNC(=N)N)NC(=O)[C@H](CO)NC(=O)[C@H](CSSC[C@H](NC(=O)[C@H](CCC(=O)O)NC(=O)[C@@H](NC(=O)[C@H](Cc3c[nH]c4ccccc34)NC(=O)[C@H](Cc3ccc(O)cc3)NC(=O)[C@H](CCC(N)=O)NC(=O)[C@@H]3CCCN3C(=O)[C@@H](NC(=O)[C@H](CC(C)C)NC(=O)[C@H](CC(=O)O)NC(=O)[C@H](CC(N)=O)NC(=O)[C@@H](N)CC(C)C)C(C)C)[C@@H](C)O)C(=O)N2)NC(=O)[C@H](Cc2c[nH]cn2)NC(=O)[C@@H]2CCCN2C(=O)CNC1=O,0,-3.3473427,1
CC(C)C[C@H](NC(=O)[C@H](Cc1ccccc1)NC(=O)[C@H](C)NC(=O)CNC(=O)[C@H](Cc1c[nH]c2ccccc12)NC(=O)[C@H](CC(N)=O)NC(=O)[C@@H](N)CC(C)C)C(=O)N[C@@H](CCCC[NH3+])C(=O)NC(CC1CNCN1)C(O)N[C@@H](Cc1ccccc1)C(=O)N[C@@H](Cc1ccccc1)C(=O)N[C@@H](CCCC[NH3+])C(N)=O,0,-4.296611,1
CC[C@H](C)[C@H](N)C(=O)N[C@@H](CC(N)=O)C(=O)N[C@@H](Cc1c[nH]c2ccccc12)C(=O)N[C@@H](CCCC[NH3+])C(=O)N[C@@H](CCCC[NH3+])C(=O)N[C@H](C(=O)N[C@@H](C)C(=O)N[C@@H](CO)C(=O)N[C@H](C(=O)NCC(=O)N[C@@H](CCCC[NH3+])C(=O)N[C@@H](CCC(=O)O)C(=O)N[C@H](C(=O)N[C@@H](CC(C)C)C(=O)N[C@@H](CCCC[NH3+])C(=O)N[C@@H](C)C(=O)N[C@@H](CC(C)C)C(N)=O)C(C)C)[C@@H](C)CC)[C@@H](C)CC,0,-4.0127316,1
CC[C@H](C)[C@H](NC(=O)[C@H](CCC(=O)O)NC(=O)[C@@H]1CCCN1C(O)C(CC1CNCN1)NC(=O)[C@H](CC(=O)O)NC(=O)[C@H](Cc1ccc(O)cc1)NC(=O)[C@H](CC(N)=O)NC(=O)[C@H](CS)NC(=O)[C@H](CCCNC(N)=[NH2+])NC(=O)[C@@H]1CCCN1C(=O)[C@H](CC(=O)O)NC(=O)[C@H](CO)NC(=O)[C@H](CS)NC(=O)[C@H](CS)NC(=O)[C@H](C)N)C(=O)N[C@@H](CS)C(N)=O,0,-4.8438797,1
CC[C@H](C)[C@H](NC(=O)[C@H](CCC(=O)O)NC(=O)[C@@H]1CCCN1C(O)C(CC1CNCN1)NC(=O)[C@H](CC(=O)O)NC(=O)[C@H](Cc1ccc(O)cc1)NC(=O)[C@H](C)NC(=O)[C@H](CS)NC(=O)[C@H](CCCNC(N)=[NH2+])NC(=O)[C@@H]1CCCN1C(=O)[C@H](CC(=O)O)NC(=O)[C@H](CO)NC(=O)[C@H](CS)NC(=O)[C@H](CS)NC(=O)CN)C(=O)N[C@@H](CS)C(N)=O,0,-5.1273866,1
CC[C@H](C)[C@H](NC(=O)[C@@H](NC(=O)[C@@H]1CCCN1C(=O)[C@@H](NC(=O)[C@@H](NC(=O)[C@H](CCCNC(N)=[NH2+])NC(=O)[C@@H]1CCCN1C(=O)[C@@H](NC(=O)[C@@H](NC(O)C(CC1CNCN1)NC(=O)[C@H](CCCC[NH3+])NC(=O)[C@H](C)NC(=O)[C@@H](NC(=O)[C@H](CO)NC(=O)CNC(=O)[C@H](CC(C)C)NC(=O)[C@@H](NC(=O)[C@H](CO)NC(=O)[C@H](Cc1ccccc1)NC(=O)[C@H](CC(C)C)NC(=O)CN)C(C)C)C(C)C)C(C)C)C(C)C)C(C)C)C(C)C)C(C)C)C(=O)N[C@@H](C)C(=O)N[C@@H](CCC(=O)O)C(=O)NC(CC1CNCN1)C(O)N[C@@H](CC(C)C)C(N)=O,0,-3.6350446,1
CC(C)[C@H](NC(=O)[C@H](CCCC[NH3+])NC(=O)[C@@H](NC(=O)[C@H](CCCC[NH3+])NC(=O)[C@@H](NC(=O)[C@H](CCCC[NH3+])NC(=O)[C@@H](NC(=O)[C@@H]1CCCN1C(=O)[C@H]1CCCN1C(=O)[C@@H](NC(=O)[C@H](CCCC[NH3+])NC(=O)[C@@H](NC(=O)[C@H](CCCC[NH3+])NC(=O)[C@@H](NC(=O)[C@H](CCCC[NH3+])NC(=O)[C@@H](NC(=O)[C@@H](N)CCCC[NH3+])C(C)C)C(C)C)C(C)C)C(C)C)[C@@H](C)O)C(C)C)C(C)C)C(=O)N[C@@H](CCCC[NH3+])C(N)=O,0,-3.3798857,1
CC(C)C[C@H](NC(=O)[C@H](CC(C)C)NC(=O)[C@H](CCCC[NH3+])NC(=O)CNC(=O)[C@H](CC(C)C)NC(=O)[C@H](CC(C)C)NC(=O)[C@H](CO)NC(=O)[C@H](C)NC(=O)[C@H](Cc1ccccc1)NC(=O)[C@H](Cc1ccccc1)NC(=O)[C@@H]1CCCN1C(=O)[C@H](CC(C)C)NC(=O)[C@@H](N)Cc1ccccc1)C(N)=O,0,-4.95455,1
C[C@H](NC(=O)[C@H](Cc1ccc(O)cc1)NC(=O)[C@H](CC(N)=O)NC(=O)[C@H](CCCC[NH3+])NC(=O)CNC(=O)[C@H](CS)NC(=O)[C@H](C)NC(=O)[C@@H]1CCCN1C(O)C(CC1CNCN1)NC(=O)[C@H](CS)NC(=O)[C@H](CS)NC(=O)[C@H](CCCNC(N)=[NH2+])NC(=O)CN)C(=O)N[C@@H](CS)C(N)=O,0,-5.54978,1
CC(C)C[C@H]1NC(=O)[C@@H](C(C)C)NC(=O)[C@@H]2CCCN2C(=O)[C@@H](CC(=O)O)NC(=O)[C@@H](Cc2c[nH]c3ccccc23)NC1=O,0,-5.301105,1
CC[C@H](C)[C@@H]1NC(=O)CNC(=O)[C@H](CCCNC(N)=[NH2+])NC(=O)[C@H](Cc2ccc(O)cc2)NC(=O)[C@@H]2CSSC[C@H](NC1=O)C(=O)N[C@@H](Cc1ccc(O)cc1)C(=O)N[C@@H](CCCNC(N)=[NH2+])C(=O)N[C@@H](CCCNC(N)=[NH2+])C(=O)N[C@H](C(=O)N[C@@H](CCCNC(N)=[NH2+])C(=O)O)CSSC[C@H](NC(=O)[C@H](Cc1c[nH]c3ccccc13)NC(=O)[C@@H]([NH3+])CCCC[NH3+])C(=O)N[C@@H](Cc1ccccc1)C(=O)N[C@@H](CCCNC(N)=[NH2+])C(=O)N[C@@H](C(C)C)C(=O)N2,0,-0.5202582,1
CC[C@H](C)[C@H](NC(=O)[C@H](CO)NC(=O)[C@H](C)NC(=O)[C@@H]1CCCN1C(=O)[C@H](CC(C)C)NC(=O)CN)C(=O)N[C@@H](CO)C(=O)N[C@@H](Cc1c[nH]c2ccccc12)C(=O)N[C@H](C(=O)N[C@@H](CCCC[NH3+])C(=O)N[C@@H](CCCNC(N)=[NH2+])C(=O)N[C@@H](CCCC[NH3+])C(=O)N[C@@H](CCCNC(N)=[NH2+])C(=O)N[C@@H](CCC(N)=O)C(=O)N[C@@H](CCC(N)=O)C(N)=O)[C@@H](C)CC,0,-1.6893021,1
CC[C@H](C)[C@H](NC(=O)[C@H](CC(C)C)NC(=O)[C@@H]1CCCN1C(=O)[C@H](CC(C)C)NC(=O)[C@@H](N)C(C)C)C(=O)N[C@@H](CO)C(=O)N[C@@H](CCSC)C(=O)N[C@@H](C)C(=O)N[C@@H](CC(C)C)C(=O)NCC(=O)N[C@@H](CCCC[NH3+])C(=O)N[C@@H](CC(C)C)C(=O)N[C@@H](CC(C)C)C(N)=O,0,-3.487171,1
C[C@H](NC(=O)CNC(=O)[C@H](CS)NC(=O)[C@H](C)NC(=O)[C@@H]1CCCN1C(=O)[C@H](CC(N)=O)NC(=O)[C@H](CS)NC(=O)[C@H](CS)NC(=O)[C@@H](N)CCC(=O)O)C(=O)NC(CC1CNCN1)C(O)N[C@@H](Cc1ccc(O)cc1)C(=O)N[C@@H](CO)C(=O)N[C@@H](CS)C(N)=O,0,-5.9041524,1
CC[C@H](C)[C@H](NC(=O)[C@H](Cc1c[nH]c2ccccc12)NC(=O)[C@H](CS)NC(=O)[C@H](CS)NC(=O)[C@@H](N)CC(C)C)C(=O)NC(CC1CNCN1)C(O)N[C@@H](Cc1c[nH]c2ccccc12)C(=O)N[C@@H](CS)C(=O)NC(CC1CNCN1)C(O)N[C@@H](C)C(=O)N[C@@H](CCCNC(N)=[NH2+])C(=O)N[C@@H](CS)C(=O)N[C@H](C(=O)N[C@@H](CS)C(=O)N[C@@H](CS)C(N)=O)[C@@H](C)O,0,-4.269494,1
CC(C)C[C@@H]1NC(O)C(CCC[NH3+])NC(=O)[C@H](C(C)C)NC(=O)[C@@H]2CCCN2C(O)C(CC2CCCC3CCCCC32)NC(=O)[C@H](CC(C)C)NC(O)C(CCC[NH3+])NC(=O)[C@H](C(C)C)NC(=O)[C@@H]2CCCN2C(O)C(CC2CCCC3CCCCC32)NC1=O,0,-3.4956994,1
NC(=O)[C@H](Cc1c[nH]c2ccccc12)NC(O)C(CC1CNCN1)NC(=O)[C@H](CS)NC(=O)[C@H](CS)NC(=O)[C@H](CCC(=O)O)NC(=O)[C@H](Cc1ccccc1)NC=O,0,-5.1940475,1
CC(C)C[C@H](NC(=O)[C@H](C)NC(=O)[C@H](CCCC[NH3+])NC(=O)[C@H](CCCC[NH3+])NC(=O)[C@H](C)NC(=O)CNC(=O)[C@H](CCCC[NH3+])NC(=O)[C@H](CC(C)C)NC(=O)[C@H](CC(C)C)NC(=O)[C@H](CC(=O)O)NC(=O)[C@H](CCCC[NH3+])NC(=O)[C@H](Cc1ccccc1)NC(=O)CN)C(=O)N[C@H](C(=O)N[C@@H](CCCC[NH3+])C(=O)N[C@H](C(=O)N[C@H](C(=O)N[C@@H](CC(C)C)C(=O)N[C@@H](Cc1ccccc1)C(N)=O)C(C)C)[C@@H](C)O)C(C)C,0,-4.2891836,1
CC[C@H](C)[C@H](NC(=O)[C@H](CC(C)C)NC(O)C(CC1CNCN1)NC(=O)CNC(=O)[C@H](CC(C)C)NC(=O)[C@@H](NC(=O)[C@H](CCCC[NH3+])NC(=O)[C@H](CO)NC(=O)[C@H](Cc1c[nH]c2ccccc12)NC(=O)[C@H](CCSC)NC(=O)CN)[C@@H](C)CC)C(=O)N[C@@H](CCCC[NH3+])C(N)=O,0,-4.2486053,1
CC[C@H](C)[C@H](NC(=O)[C@H](CCCNC(N)=[NH2+])NC(=O)[C@H](CS)NC(=O)[C@H](Cc1c[nH]c2ccccc12)NC(=O)[C@H](Cc1c[nH]c2ccccc12)NC(=O)[C@H](CCCNC(N)=[NH2+])NC(=O)[C@H](CCCNC(N)=[NH2+])NC(C)=O)C(N)=O,0,-3.810949,1
CSCC[C@@H]1NC(=O)[C@H](CCCNC(N)=[NH2+])NC(=O)[C@H](Cc2c[nH]c3ccccc23)NC(=O)[C@H](C)NC(=O)[C@H](C)NC(=O)[C@H](CCCNC(N)=[NH2+])NC(=O)[C@H](Cc2ccccc2)NC(=O)[C@H](C)NC(=O)[C@H](CCCC[NH3+])NC(=O)[C@H](CCCNC(N)=[NH2+])NC(=O)[C@H](Cc2c[nH]c3ccccc23)NC(=O)[C@H](C)NC(=O)[C@H]2CCCN2C(=O)[C@@H](C)NC(=O)[C@H](C)NC(=O)[C@H](CCCC[NH3+])NC(=O)[C@H](CCCC[NH3+])NC(=O)[C@H](CC(C)C)NC1=O,0,-2.114924,1
CC[C@H](C)[C@H]([NH3+])C(=O)N[C@H](C(=O)NCC(=O)N1CCC[C@H]1C(=O)N[C@H](C(=O)N[C@@H](CC(C)C)C(=O)NCC(=O)N[C@@H](CC(C)C)C(=O)N[C@H](C(=O)NCC(=O)N[C@@H](CO)C(=O)N[C@@H](C)C(=O)N[C@@H](CC(C)C)C(=O)NCC(=O)NCC(=O)N[C@@H](CC(C)C)C(=O)N[C@@H](CC(C)C)C(=O)N[C@@H](CCCC[NH3+])C(=O)N[C@@H](CCCC[NH3+])C(=O)N[C@H](C(=O)O)[C@@H](C)CC)C(C)C)C(C)C)[C@@H](C)CC,0,-2.9717484,1
CC[C@H](C)[C@H](NC(=O)[C@H](CCCC[NH3+])NC(=O)[C@H](Cc1ccc(O)cc1)NC(=O)CNC(O)C(CC1CNCN1)NC(O)C(CC1CNCN1)NC(=O)[C@H](CCCNC(N)=[NH2+])NC(=O)[C@H](CCCC[NH3+])NC(=O)[C@H](C)NC(O)C(CC1CNCN1)NC(=O)[C@H](CO)NC(=O)[C@@H](N)CC(=O)O)C(=O)N[C@@H](CCCC[NH3+])C(=O)N[C@@H](Cc1ccccc1)C(=O)NC(CC1CNCN1)C(O)N[C@@H](CCC(=O)O)C(=O)N[C@@H](CC(N)=O)C(=O)NC(CC1CNCN1)C(O)NC(CC1CNCN1)C(O)N[C@@H](CO)C(=O)NC(CC1CNCN1)C(O)N[C@@H](CCCNC(N)=[NH2+])C(=O)NCC(=O)N[C@@H](Cc1ccc(O)cc1)C(N)=O,0,-1.2656192,1
CC[C@@H](C)[C@H]1NC(=O)[C@H]2CCCN2C(=O)[C@H](Cc2c[nH]c3ccccc23)NC(=O)[C@H](CO)NC(=O)[C@@H](CS)NC(=O)[C@H]([C@@H](C)O)NC(=O)[C@@H](CS)NC(=O)CNC(=O)[C@H](CCC(N)=O)NC(=O)[C@H]([C@@H](C)O)NC(=O)[C@H](Cc2ccc(O)cc2)NC(=O)[C@H](CS)NC(=O)[C@H]([C@@H](C)O)NC(=O)CNC(=O)[C@H](CC(C)C)NC(=O)[C@H]([C@@H](C)O)NC(=O)[C@H](CS)NC(=O)[C@H]([C@@H](C)O)NC(=O)[C@H](CCC(=O)O)NC(=O)CNC(=O)[C@H](CS)NC(=O)[C@H](C(C)C)NC(=O)[C@@H]2CCCN2C(=O)[C@H](CC(C)C)NC(=O)CNC(=O)[C@H](CC(N)=O)NC(=O)[C@H](CCCNC(N)=[NH2+])NC(=O)[C@H](CCCC[NH3+])NC(=O)[C@H](CS)NC1=O,0,-4.166256,1
CC(C)C[C@H](NC(=O)[C@H](CCC(=O)O)NC(O)C1CC(O)CN1C(O)C(CC1CNCN1)NC(=O)[C@H](CC(N)=O)NC(=O)[C@@H](NC(=O)[C@H](CO)NC(=O)[C@H](CS)NC(=O)[C@H](C)NC(=O)[C@@H]1CCCN1C(O)C(CC1CNCN1)NC(=O)[C@H](CO)NC(=O)[C@H](CS)NC(=O)[C@H](CS)NC(=O)CN)C(C)C)C(=O)N[C@H](C=O)CS,0,-1.5659541,1
CC(C)C[C@H](NC(=O)[C@H](CCCC[NH3+])NC(=O)[C@H](CCCNC(N)=[NH2+])NC(=O)[C@H](Cc1ccccc1)NC(=O)[C@H](Cc1ccccc1)NC(=O)[C@H](CCCC[NH3+])NC(=O)[C@H](CCCC[NH3+])NC(=O)[C@H](Cc1ccccc1)NC(=O)[C@H](CCCNC(N)=[NH2+])NC(=O)[C@H](CCCC[NH3+])NC(=O)[C@@H](N)C(C)C)C(=O)N[C@@H](CCCC[NH3+])C(=O)N[C@@H](CCCC[NH3+])C(=O)N[C@@H](CCCC[NH3+])C(=O)N[C@H](C(N)=O)C(C)C,1,-1.5437484,2
NC(=[NH2+])NCCC[C@H](NC(=O)[C@H](CCCNC(N)=[NH2+])NC(=O)[C@H](CCCNC(N)=[NH2+])NC(=O)[C@H](CCC(N)=O)NC(=O)[C@H](CCCNC(N)=[NH2+])NC(=O)[C@H](CCCNC(N)=[NH2+])NC(=O)[C@H](CCCC[NH3+])NC(=O)[C@H](CCCC[NH3+])NC(=O)[C@@H](N)CCCNC(N)=[NH2+])C(=O)NCC(=O)NCC(=O)NCC(N)=O,1,5.624695,2
CNCCC[C@H](NC(=O)[C@H](CCCNC)NC(=O)[C@H](CCCNC)NC(=O)[C@H](CCCNC)NC(=O)[C@H](CCCNC)NC(=O)[C@H](CCCNC)NC(=O)[C@H](CCCNC)NC(O)C(C)CN)C(N)=O,1,-1.8149167,2
CC(C)C[C@H](NC(=O)[C@H](CC(C)C)NC(=O)[C@H](C)NC(=O)[C@H](C)NC(=O)[C@H](C)NC(=O)[C@H](CC(C)C)NC(=O)[C@H](CCCC[NH3+])NC(=O)[C@H](CCCC[NH3+])NC(=O)[C@H](Cc1c[nH]c2ccccc12)NC(=O)[C@H](CCCC[NH3+])NC(=O)[C@H](CCCC[NH3+])NC(=O)[C@H](CC(C)C)NC(=O)[C@H](CC(C)C)NC(=O)[C@H](C)NC(=O)[C@H](C)NC(=O)[C@H](C)NC(=O)[C@H](CC(C)C)NC(=O)[C@@H](N)CCCC[NH3+])C(N)=O,1,-1.7346867,2
CC[C@H](C)[C@H](NC(=O)[C@H](CC(C)C)NC(=O)[C@@H](NC(=O)[C@H](CCCNC(N)=[NH2+])NC(=O)[C@H](Cc1ccccc1)NC(=O)[C@@H](NC(=O)[C@@H](NC(=O)[C@@H](N)CC(C)C)[C@@H](C)CC)[C@@H](C)CC)[C@@H](C)CC)C(=O)N[C@@H](CO)C(=O)NC(CC1CNCN1)C(O)NC(CC1CNCN1)C(O)NC(CO)CC1CNCN1,1,2.8971858,2
CC[C@H](C)[C@H](NC(=O)[C@H](CCCNC(N)=[NH2+])NC(=O)[C@H](CCCNC(N)=[NH2+])NC(=O)[C@H](CCCNC(N)=[NH2+])NC(=O)[C@H](CC(C)C)NC(=O)[C@@H](NC(=O)[C@@H](NC(=O)[C@H](CC(C)C)NC(=O)[C@H](C)N)[C@@H](C)CC)[C@@H](C)CC)C(=O)N[C@@H](CCCNC(N)=[NH2+])C(=O)N[C@@H](CCCC[NH3+])C(=O)N[C@@H](CCC(N)=O)C(=O)N[C@@H](C)C(=O)NC(CC1CNCN1)C(O)N[C@@H](C)C(=O)NC(CC1CNCN1)C(O)N[C@@H](CO)C(=O)N[C@H](C=O)CCCC[NH3+],1,7.9709682,2
CC[C@H](C)[C@H](NC(=O)[C@H](CCCC[NH3+])NC(=O)[C@H](CCCC[NH3+])NC(=O)[C@H](C)NC(=O)[C@H](CC(C)C)NC(=O)[C@H](C)NC(=O)[C@H](C)NC(=O)[C@H](CC(C)C)NC(=O)[C@H](C)NC(=O)[C@H](CCCC[NH3+])NC(=O)[C@H](CC(C)C)NC(=O)[C@H](CC(N)=O)NC(=O)[C@@H](NC(=O)[C@H](CCCC[NH3+])NC(=O)CNC(=O)[C@H](CC(C)C)NC(=O)[C@H](CC(C)C)NC(=O)[C@H](Cc1ccc(O)cc1)NC(=O)CNC(=O)[C@H](C)N)[C@@H](C)CC)C(=O)N[C@H](C=O)CC(C)C,1,7.1254177,2
C[C@H](N)C(=O)N[C@@H](CS)C(=O)N[C@@H](CCCNC(N)=[NH2+])C(=O)NCC(=O)N[C@@H](CCCNC(N)=[NH2+])C(=O)NCC(=O)N[C@@H](CCCNC(N)=[NH2+])C(=O)NCC(=O)N[C@@H](CS)C(=O)NCC(=O)N[C@@H](CO)C(=O)NCC(=O)N[C@@H](CO)C(=O)N[C@@H](CCCNC(N)=[NH2+])C(=O)N[C@@H](CO)C(=O)N[C@@H](CS)C(=O)NCC=O,1,5.046627,2
CC[C@H](C)[C@H](NC(=O)[C@H](C)NC(=O)[C@@H](NC(=O)[C@H](CCC(N)=O)NC(=O)[C@@H](N)CCCNC(N)=[NH2+])[C@@H](C)CC)C(=O)N[C@@H](Cc1c[nH]c2ccccc12)C(=O)N[C@@H](Cc1ccccc1)C(=O)N[C@@H](CCC(N)=O)C(=O)N[C@@H](CC(N)=O)C(=O)N[C@@H](CCCNC(N)=[NH2+])C(=O)N[C@@H](CCCNC(N)=[NH2+])C(=O)N[C@@H](CCSC)C(=O)N[C@@H](CCCC[NH3+])C(=O)N[C@@H](Cc1c[nH]c2ccccc12)C(=O)N[C@@H](CCCC[NH3+])C(=O)N[C@H](C=O)CCCC[NH3+],1,8.129622,2
NCC(=O)N[C@@H](CCCNC(N)=[NH2+])C(=O)N[C@@H](CCCC[NH3+])C(=O)N[C@@H](CCCC[NH3+])C(=O)N[C@@H](CCCNC(N)=[NH2+])C(=O)N[C@@H](CCCNC(N)=[NH2+])C(=O)N[C@@H](CCC(N)=O)C(=O)N[C@@H](CCCNC(N)=[NH2+])C(=O)N[C@@H](CCCNC(N)=[NH2+])C(=O)N[C@@H](CCCNC(N)=[NH2+])C(=O)N1CCC[C@H]1C(=O)N1CCC[C@H]1C(=O)N[C@@H](CCC(N)=O)C(=O)N[C@H](C=O)Cc1ccc(O)cc1,1,7.984971,2
CC(=O)N[C@@H](CCCNC(N)=[NH2+])C(=O)N[C@@H](CCCNC(N)=[NH2+])C(=O)N[C@@H](CCCNC(N)=[NH2+])C(=O)N[C@@H](CCCNC(N)=[NH2+])C(=O)N[C@@H](CCCNC(N)=[NH2+])C(=O)N[C@@H](CCCNC(N)=[NH2+])C(=O)N[C@@H](CCCNC(N)=[NH2+])C(=O)N[C@@H](CCCNC(N)=[NH2+])C(N)=O,1,2.0250716,2
NC(=[NH2+])NCCC[C@@H](N)C(=O)N[C@H](CCCNC(N)=[NH2+])C(=O)N[C@H](CCCNC(N)=[NH2+])C(=O)N[C@H](CCCNC(N)=[NH2+])C(=O)N[C@H](CCCNC(N)=[NH2+])C(=O)N[C@@H](C=O)CCCNC(N)=[NH2+],1,8.055675,2
NC(=[NH2+])NCCC[C@@H](C=O)NC(=O)[C@H](CCCNC(N)=[NH2+])NC(=O)[C@H](CCCNC(N)=[NH2+])NC(=O)[C@H](CCCNC(N)=[NH2+])NC(=O)[C@H](CCCNC(N)=[NH2+])NC(=O)[C@@H](N)CCCNC(N)=[NH2+],1,7.672912,2
CC[C@H](C)[C@H](NC(=O)[C@@H](NC(=O)[C@@H](N)Cc1c[nH]c2ccccc12)[C@@H](C)CC)C(=O)N[C@@H](Cc1ccccc1)C(=O)N[C@@H](CCCNC(N)=[NH2+])C(=O)N[C@@H](C)C(=O)N[C@@H](C)C(=O)N[C@@H](C)C(=O)N[C@@H](CO)C(=O)NC(CC1CNCN1)C(O)N[C@@H](CCCC[NH3+])C(=O)N[C@H](C=O)CCCC[NH3+],1,7.125532,2
CC(C)C[C@H](NC(=O)[C@H](CCCNC(N)=[NH2+])NC(=O)[C@H](CCC(=O)O)NC(=O)[C@H](CC(=O)O)NC(=O)[C@H](C)NC(=O)[C@@H]1CCCN1C(=O)[C@H](CS)NC(=O)[C@H](CC(N)=O)NC(=O)[C@H](CCCNC(N)=[NH2+])NC(=O)[C@H](Cc1ccccc1)NC(=O)[C@H](CCCNC(N)=[NH2+])NC(=O)[C@H](CC(=O)O)NC(=O)[C@H](CCCNC(N)=[NH2+])NC(=O)[C@H](CS)NC(=O)[C@H](C)N)C(=O)N[C@@H](CS)C(=O)NCC=O,1,2.823803,2
CC(C)C[C@H](NC(=O)[C@H](C)NC(=O)[C@H](CCCC[NH3+])NC(=O)[C@H](CC(C)C)NC(=O)[C@H](C)NC(=O)[C@H](CC(C)C)NC(=O)[C@H](CCCC[NH3+])NC(=O)[C@H](CC(C)C)NC(=O)[C@H](C)NC(=O)[C@H](CC(C)C)NC(=O)[C@@H](N)CCCC[NH3+])C(=O)N[C@@H](CCCC[NH3+])C(=O)N[C@@H](C)C(=O)N[C@@H](C)C(=O)N[C@@H](CC(C)C)C(=O)N[C@@H](CCCC[NH3+])C(=O)N[C@@H](CC(C)C)C(=O)N[C@@H](C)C(=O)NCC(=O)N[C@H](C=O)CS,1,6.946103,2
NC(=[NH2+])NCCC[C@H](NC(=O)[C@H](CCCNC(N)=[NH2+])NC(=O)[C@H](CCCNC(N)=[NH2+])NC(=O)[C@H](CCCNC(N)=[NH2+])NC(=O)[C@H](CCCNC(N)=[NH2+])NC(=O)[C@H](CCCNC(N)=[NH2+])NC(=O)[C@H](CCCNC(N)=[NH2+])NC(=O)[C@@H](N)CCCNC(N)=[NH2+])C(=O)NCC(=O)N[C@@H](CS)C(N)=O,1,4.179183,2
CC[C@H](C)[C@H](NC(=O)[C@H](CCCC[NH3+])NC(=O)[C@H](CCCC[NH3+])NC(=O)[C@H](C)NC(=O)[C@H](CC(C)C)NC(=O)[C@H](C)NC(=O)[C@H](C)NC(=O)[C@H](CC(C)C)NC(=O)[C@H](C)NC(=O)[C@H](CCCC[NH3+])NC(=O)[C@H](CC(C)C)NC(=O)[C@H](CC(N)=O)NC(=O)[C@@H](NC(=O)[C@H](CCCC[NH3+])NC(=O)CNC(=O)[C@H](CC(C)C)NC(=O)[C@H](CC(C)C)NC(=O)[C@H](Cc1ccc(O)cc1)NC(=O)CNC(=O)[C@H](C)NC(=O)[C@H](CO)NC(=O)[C@H](CC(N)=O)NC(=O)[C@@H](N)CC(C)C)[C@@H](C)CC)C(=O)N[C@H](C=O)CC(C)C,1,6.1998053,2
CC(=O)N[C@@H](CS)C(=O)N[C@@H](Cc1c[nH]c2ccccc12)C(=O)N[C@@H](CCCC[NH3+])C(=O)N[C@@H](CCCC[NH3+])C(=O)N[C@@H](CCCC[NH3+])C(=O)N[C@@H](CCCC[NH3+])C(=O)N[C@@H](CCCC[NH3+])C(=O)N[C@@H](CCCC[NH3+])C(=O)N[C@@H](CCCC[NH3+])C(=O)N[C@@H](CCCC[NH3+])C(=O)N[C@@H](CCCC[NH3+])C(=O)N[C@@H](CCCC[NH3+])C(=O)N[C@@H](CCCC[NH3+])C(=O)N[C@@H](CCCC[NH3+])C(=O)N[C@@H](CCCC[NH3+])C(=O)N[C@@H](CCCC[NH3+])C(=O)N[C@@H](CCCC[NH3+])C(=O)N[C@@H](CCCC[NH3+])C(=O)N[C@@H](CCCC[NH3+])C(=O)N[C@H](C=O)CCCC[NH3+],1,5.8208647,2
CC[C@H](C)[C@H](NC(=O)[C@H](CCCC[NH3+])NC(=O)[C@@H](NC(=O)[C@H](CCC(N)=O)NC(=O)[C@@H]([NH3+])CCCNC(N)=[NH2+])[C@@H](C)CC)C(=O)N[C@@H](Cc1c[nH]c2ccccc12)C(=O)N[C@@H](Cc1ccccc1)C(=O)N[C@@H](CCC(N)=O)C(=O)N[C@@H](CC(N)=O)C(=O)N[C@@H](CCCNC(N)=[NH2+])C(=O)N[C@@H](CCCNC(N)=[NH2+])C(=O)N[C@@H](CCSC)C(=O)N[C@@H](CCCC[NH3+])C(=O)N[C@@H](Cc1c[nH]c2ccccc12)C(=O)N[C@@H](CCCC[NH3+])C(=O)N[C@@H](CCCC[NH3+])C(=O)O,1,2.8245351,2
C[C@H](N)C(=O)N[C@@H](CS)C(=O)N[C@@H](CCCNC(N)=[NH2+])C(=O)N[C@@H](CCCNC(N)=[NH2+])C(=O)N[C@@H](CO)C(=O)N[C@@H](CCCNC(N)=[NH2+])C(=O)N[C@@H](CCCNC(N)=[NH2+])C(=O)NCC(=O)N[C@@H](CS)C(=O)NCC(=O)N[C@@H](CCCNC(N)=[NH2+])C(=O)N[C@@H](CCCNC(N)=[NH2+])C(=O)N[C@@H](CO)C(=O)N[C@@H](CCCNC(N)=[NH2+])C(=O)N[C@@H](CCCNC(N)=[NH2+])C(=O)N[C@@H](CS)C(=O)NCC=O,1,6.1026835,2
CC(=O)N[C@@H](CCCNC(N)=[NH2+])C(=O)N[C@@H](CC(C)C)C(=O)N[C@@H](CC(C)C)C(=O)N[C@@H](CCCNC(N)=[NH2+])C(=O)N[C@@H](CC(C)C)C(=O)N[C@@H](CC(C)C)C(=O)N[C@@H](CC(C)C)C(=O)N[C@@H](CCCNC(N)=[NH2+])C(=O)N[C@@H](CC(C)C)C(=O)N[C@@H](Cc1c[nH]c2ccccc12)C(=O)N[C@@H](CCCNC(N)=[NH2+])C(=O)N[C@@H](CCCNC(N)=[NH2+])C(=O)N[C@@H](CC(C)C)C(=O)N[C@@H](CC(C)C)C(=O)N[C@@H](CCCNC(N)=[NH2+])C(=O)N[C@@H](CC(C)C)C(=O)N[C@@H](CC(C)C)C(=O)N[C@@H](CCCNC(N)=[NH2+])C(N)=O,1,5.318777,2
C[C@H](NC(=O)[C@H](CCCC[NH3+])NC(=O)[C@H](CO)NC(=O)[C@H](CCCNC(N)=[NH2+])NC(=O)[C@H](C)NC(O)C(CC1CNCN1)NC(O)C(CC1CNCN1)NC(=O)[C@H](CCCNC(N)=[NH2+])NC(=O)[C@H](CCCNC(N)=[NH2+])NC(=O)[C@@H](N)CO)C(=O)N[C@@H](CCCC[NH3+])C(=O)N[C@@H](CCCNC(N)=[NH2+])C(=O)N[C@@H](CO)C(=O)N[C@@H](CCCNC(N)=[NH2+])C(=O)NC(CC1CNCN1)C(O)NC(CO)CC1CNCN1,1,3.8417797,2
NC(=[NH2+])NCCC[C@@H](C=O)NC(=O)[C@H](CCCNC(N)=[NH2+])NC(=O)[C@H](CCCNC(N)=[NH2+])NC(=O)[C@H](CCCNC(N)=[NH2+])NC(=O)[C@H](CCCNC(N)=[NH2+])NC(=O)[C@H](CCCNC(N)=[NH2+])NC(=O)[C@H](CCCNC(N)=[NH2+])NC(=O)[C@H](CCCNC(N)=[NH2+])NC(=O)[C@H](CCCNC(N)=[NH2+])NC(=O)[C@H](CCCNC(N)=[NH2+])NC(=O)[C@@H](N)CCCNC(N)=[NH2+],1,7.4399567,2
C[C@H](NC(=O)[C@H](CCC(N)=O)NC(=O)[C@@H](N)CCCNC(N)=[NH2+])C(=O)N[C@@H](CCCNC(N)=[NH2+])C(=O)N[C@@H](CCCNC(N)=[NH2+])C(=O)N[C@@H](CC(N)=O)C(=O)N[C@@H](CCCNC(N)=[NH2+])C(=O)N[C@@H](CCCNC(N)=[NH2+])C(=O)N[C@@H](CCCNC(N)=[NH2+])C(=O)N[C@H](C=O)CS,1,7.10189,2
CC[C@H](C)[C@H](NC(=O)[C@H](CCCC[NH3+])NC(=O)[C@@H](NC(=O)[C@H](CCC(N)=O)NC(=O)[C@@H]([NH3+])CCCNC(N)=[NH2+])[C@@H](C)CC)C(=O)N[C@@H](Cc1c[nH]c2ccccc12)C(=O)N[C@@H](Cc1ccccc1)C(=O)N[C@@H](CCC(N)=O)C(=O)N[C@@H](CC(N)=O)C(=O)N[C@@H](CCCNC(N)=[NH2+])C(=O)N[C@@H](CCCNC(N)=[NH2+])C(=O)N[C@@H](CCSC)C(=O)N[C@@H](CCCC[NH3+])C(=O)N[C@@H](Cc1c[nH]c2ccccc12)C(=O)N[C@@H](CCCC[NH3+])C(=O)N[C@@H](CCCC[NH3+])C(=O)O,1,2.8245351,2
NC(=[NH2+])NCCC[C@@H](NC(=O)[C@H](N)CS)C(=O)N[C@H](Cc1c[nH]c2ccccc12)C(=O)N[C@H](CCCNC(N)=[NH2+])C(=O)N[C@H](Cc1c[nH]c2ccccc12)C(=O)N[C@H](CCCC[NH3+])C(=O)N[C@H](CS)C(=O)N[C@H](CS)C(=O)N[C@H](CCCC[NH3+])C(=O)N[C@@H](C=O)CCCC[NH3+],1,4.8131857,2
NC(=[NH2+])NCCC[C@H](NC(=O)[C@H](Cc1c[nH]c2ccccc12)NC(=O)[C@@H](CCCNC(N)=[NH2+])NC(=O)[C@@H](N)CS)C(=O)N[C@@H](Cc1c[nH]c2ccccc12)C(=O)N[C@@H](CCCC[NH3+])C(=O)N[C@@H](CS)C(=O)N[C@@H](CS)C(=O)N[C@@H](CCCC[NH3+])C(=O)N[C@H](C=O)CCCC[NH3+],1,4.651555,2
CC[C@H](C)[C@H](NC(=O)[C@H](CC(C)C)NC(=O)[C@@H](N)CCCC[NH3+])C(=O)N[C@@H](CCCC[NH3+])C(=O)NCC(=O)N[C@@H](CCCNC(N)=[NH2+])C(=O)N[C@H](C(=O)N1CCC[C@H]1C(=O)N[C@H](C(=O)N[C@@H](CCCC[NH3+])C(=O)N[C@@H](Cc1ccccc1)C(=O)NCC(=O)N[C@@H](CCCC[NH3+])C(=O)N[C@@H](C)C(=O)N[C@@H](CC(=O)O)C(=O)N[C@@H](CS)C(=O)N[C@@H](CC(=O)O)C(=O)N[C@@H](CCCNC(N)=[NH2+])C(=O)N1CCC[C@H]1C(=O)N1CCC[C@H]1C(=O)N[C@@H](CCCC[NH3+])C(=O)NC(CC1CNCN1)C(O)N[C@@H](CO)C(=O)NCC(=O)N[C@H](C=O)CCCC[NH3+])[C@@H](C)CC)[C@@H](C)O,1,3.8558078,2
CC[C@H](C)[C@H](NC(=O)[C@H](CCCC[NH3+])NC(=O)[C@@H](NC(=O)[C@H](CCC(N)=O)NC(=O)[C@@H]([NH3+])CCCNC(N)=[NH2+])[C@@H](C)CC)C(=O)N[C@@H](Cc1c[nH]c2ccccc12)C(=O)N[C@@H](Cc1ccccc1)C(=O)N[C@@H](CCC(N)=O)C(=O)N[C@@H](CC(N)=O)C(=O)N[C@@H](CCCNC(N)=[NH2+])C(=O)N[C@@H](CCCNC(N)=[NH2+])C(=O)N[C@@H](CCSC)C(=O)N[C@@H](CCCC[NH3+])C(=O)N[C@@H](Cc1c[nH]c2ccccc12)C(=O)N[C@@H](CCCC[NH3+])C(=O)N[C@@H](CCCC[NH3+])C(=O)O,1,2.8245351,2
C[C@H](NC(=O)[C@H](CCCNC(N)=[NH2+])NC(=O)[C@H](CCCNC(N)=[NH2+])NC(=O)[C@H](CCC(=O)O)NC(=O)[C@H](CCCNC(N)=[NH2+])NC(=O)[C@H](CCCNC(N)=[NH2+])NC(=O)[C@@H](N)CCCNC(N)=[NH2+])C(=O)N[C@@H](CCC(=O)O)C(=O)N[C@H](C=O)CCCC[NH3+],1,8.007007,2
NCC(=O)N[C@@H](CCCNC(N)=[NH2+])C(=O)N[C@@H](CCCC[NH3+])C(=O)N[C@@H](CCCC[NH3+])C(=O)N[C@@H](CCCNC(N)=[NH2+])C(=O)N[C@@H](CCCNC(N)=[NH2+])C(=O)N[C@@H](CCC(N)=O)C(=O)N[C@@H](CCCNC(N)=[NH2+])C(=O)N[C@@H](CCCNC(N)=[NH2+])C(=O)N[C@@H](CCCNC(N)=[NH2+])C(=O)N1CCC[C@H]1C(=O)N1CCC[C@H]1C(=O)N[C@H](C=O)CCC(N)=O,1,8.144337,2
NC(=[NH2+])NCCC[C@@H](C=O)NC(=O)[C@H](CCCNC(N)=[NH2+])NC(=O)[C@H](CCCNC(N)=[NH2+])NC(=O)[C@H](CCCNC(N)=[NH2+])NC(=O)[C@H](CCCNC(N)=[NH2+])NC(=O)[C@H](CCCNC(N)=[NH2+])NC(=O)[C@H](CCCNC(N)=[NH2+])NC(=O)[C@H](CCCNC(N)=[NH2+])NC(=O)[C@H](Cc1c[nH]c2ccccc12)NC(=O)[C@H](Cc1c[nH]c2ccccc12)NC(=O)[C@H](Cc1c[nH]c2ccccc12)NC(=O)[C@@H](N)Cc1c[nH]c2ccccc12,1,3.8046937,2
CC[C@H](C)[C@H](NC(=O)[C@H](CCCNC(N)=[NH2+])NC(=O)[C@@H](NC(=O)[C@H](CCC(N)=O)NC(=O)[C@@H](N)CCCNC(N)=[NH2+])[C@@H](C)CC)C(=O)N[C@@H](Cc1c[nH]c2ccccc12)C(=O)N[C@@H](Cc1ccccc1)C(=O)N[C@@H](CCC(N)=O)C(=O)N[C@@H](CC(N)=O)C(=O)N[C@@H](CCCNC(N)=[NH2+])C(=O)N[C@@H](CCCNC(N)=[NH2+])C(=O)N[C@@H](CCSC)C(=O)N[C@@H](CCCNC(N)=[NH2+])C(=O)N[C@@H](Cc1c[nH]c2ccccc12)C(=O)N[C@@H](CCCNC(N)=[NH2+])C(=O)N[C@H](C=O)CCCNC(N)=[NH2+],1,8.204136,2
CC(C)C[C@H](NC(=O)[C@H](CO)NC(=O)[C@H](CO)NC(=O)[C@H](Cc1c[nH]c2ccccc12)NC(=O)[C@H](CC(C)C)NC(=O)[C@H](CO)NC(=O)[C@@H]1CCCN1C(=O)[C@H](Cc1c[nH]c2ccccc12)NC(=O)[C@H](C)NC(=O)[C@H](CO)NC(=O)[C@H](Cc1c[nH]c2ccccc12)NC(=O)[C@H](CC(C)C)NC(=O)[C@@H](N)CCCC[NH3+])C(=O)N[C@@H](Cc1c[nH]c2ccccc12)C(=O)N[C@@H](CCCC[NH3+])C(=O)N1CCC[C@H]1C(N)=O,1,-4.673048,2
CC[C@H](C)[C@@H]1NC(=O)[C@@H]2CCCN2C(=O)[C@@H]2CCCN2C(=O)[C@H]([C@@H](C)CC)NC(=O)[C@H](CO)NC(=O)[C@H](CCCC[NH3+])NC(=O)[C@H]([C@@H](C)O)NC(=O)[C@@H]2CSSC[C@H](NC1=O)C(=O)N[C@@H](Cc1ccccc1)C(=O)N1CCC[C@H]1C(=O)N[C@@H](CC(=O)O)C(=O)NCC(=O)N[C@@H](CCCNC(N)=[NH2+])C(=O)N2,1,-3.730741,2
CC(C)C[C@H](NC(=O)[C@@H](NC(=O)[C@H](CCCCN)NC(=O)[C@H](Cc1ccc(O)cc1)NC(=O)[C@@H](NC(=O)[C@H](Cc1ccc(O)cc1)NC(=O)[C@@H](NC(=O)[C@H](CO)NC(=O)[C@H](Cc1ccc(O)cc1)NC(=O)[C@H](CO)NC(=O)[C@H](CCC(=O)O)NC(=O)[C@H](CCCCN)NC(=O)[C@H](CCCNC(=N)N)NC(=O)[C@H](CO)NC(=O)[C@H](CCCNC(=N)N)NC1=[O+]C(CN)CC[C@@H]1NC(=O)[C@H](CCCNC(=N)N)NC(=O)[C@H](CCCCN)NC(=O)[C@H](CCCCN)NC(=O)CNC(=O)[C@H](CC(=O)O)NC(=O)[C@H](CCCCN)NC(=O)[C@H](CCCCN)NC(=O)[C@H](CCC(N)=O)NC(=O)[C@H](C)NC(=O)[C@H](CCCCN)NC(=O)[C@@H](NC(=O)[C@@H](NC(=O)[C@H](C)NC(=O)[C@H](CCCCN)NC(=O)[C@H](CCCCN)NC(=O)[C@H](CO)NC(=O)CNC(=O)[C@@H](N)CCCCN)C(C)C)[C@@H](C)O)C(C)C)C(C)C)C(C)C)C(=O)N[C@@H](CCCCN)C(=O)N[C@H](C=O)CCC(N)=O,1,6.298216,2
C[C@@H](O)[C@@H](C=O)NC(=O)[C@H](CCCNC(N)=[NH2+])NC(=O)[C@H](CCCC[NH3+])NC(=O)[C@H](CCCC[NH3+])NC(=O)[C@H](CCCNC(N)=[NH2+])NC(=O)[C@H](CCCC[NH3+])NC(=O)[C@H](CCCNC(N)=[NH2+])NC(=O)CN,1,3.9747605,2
C[C@H](NC(=O)[C@H](CCCNC(N)=[NH2+])NC(=O)[C@H](CCCNC(N)=[NH2+])NC(=O)[C@H](CCCNC(N)=[NH2+])NC(=O)[C@H](CCCNC(N)=[NH2+])NC(=O)CN)C(=O)N[C@H](C(=O)N[C@@H](C)C(=O)N[C@@H](CCCC[NH3+])C(=O)N[C@@H](Cc1ccc(O)cc1)C(=O)N[C@@H](CCCNC(N)=[NH2+])C(=O)N[C@H](C(=O)N[C@@H](C)C(=O)NC(CO)CC1CNCN1)[C@@H](C)O)[C@@H](C)O,1,2.5271356,2
CC[C@H](C)[C@H](NC(=O)[C@H](CCCC[NH3+])NC(=O)[C@H](C)NC(=O)[C@H](CCC(N)=O)NC(=O)[C@@H](N)CCCNC(N)=[NH2+])C(=O)N[C@@H](Cc1c[nH]c2ccccc12)C(=O)N[C@@H](Cc1ccccc1)C(=O)N[C@@H](CCC(N)=O)C(=O)N[C@@H](CC(N)=O)C(=O)N[C@@H](CCCNC(N)=[NH2+])C(=O)N[C@@H](CCCNC(N)=[NH2+])C(=O)N[C@@H](CCSC)C(=O)N[C@@H](CCCC[NH3+])C(=O)N[C@@H](Cc1c[nH]c2ccccc12)C(=O)N[C@@H](CCCC[NH3+])C(=O)N[C@H](C=O)CCCC[NH3+],1,7.9606276,2
CC[C@H](C)[C@H](NC(=O)[C@H](CCCC[NH3+])NC(=O)[C@@H](NC(=O)[C@H](CCC(N)=O)NC(=O)[C@@H](N)CCCNC(N)=[NH2+])[C@@H](C)CC)C(=O)N[C@@H](Cc1c[nH]c2ccccc12)C(=O)N[C@@H](Cc1ccccc1)C(=O)N[C@@H](CCC(N)=O)C(=O)N[C@@H](CC(N)=O)C(=O)N[C@@H](CCCNC(N)=[NH2+])C(=O)N[C@@H](CCCNC(N)=[NH2+])C(=O)N[C@H](C=O)CCSC,1,7.514908,2
CC[C@H](C)[C@H](NC(=O)[C@@H](NC(=O)[C@@H]1CCCN1C(=O)[C@H](CCCC[NH3+])NC(=O)[C@H](CCCC[NH3+])NC(=O)[C@@H](NC(=O)[C@@H]1CCCN1C(=O)[C@H](CCCC[NH3+])NC(=O)[C@@H](NC(=O)[C@@H](NC(=O)[C@@H](NC(=O)[C@H](CCCC[NH3+])NC(=O)[C@H](CCCC[NH3+])NC(=O)CNC(=O)[C@@H]1CCCN1C(=O)[C@H](CCCC[NH3+])NC(=O)[C@H](CCCC[NH3+])NC(=O)[C@H](CC(N)=O)NC(=O)[C@@H]1CCCN1C(=O)[C@@H](NC(=O)[C@H](CCCNC(N)=[NH2+])NC(=O)[C@@H](N)CCCC[NH3+])[C@@H](C)CC)[C@@H](C)O)[C@@H](C)O)[C@@H](C)O)[C@@H](C)O)[C@@H](C)O)C(=O)N[C@@H](CCCC[NH3+])C(=O)N[C@H](C(=O)N[C@H](C(=O)N[C@@H](CCCC[NH3+])C(=O)N[C@H](C=O)CCCC[NH3+])[C@@H](C)O)[C@@H](C)O,1,4.4666243,2
NC(=[NH2+])NCCC[C@@H](N)C(=O)N[C@H](CCCNC(N)=[NH2+])C(=O)N[C@H](CCCNC(N)=[NH2+])C(=O)N[C@H](CCCNC(N)=[NH2+])C(=O)N[C@H](CCCNC(N)=[NH2+])C(=O)N[C@H](CCCNC(N)=[NH2+])C(=O)N[C@H](CCCNC(N)=[NH2+])C(=O)N[C@H](CCCNC(N)=[NH2+])C(=O)N[C@H](CCCNC(N)=[NH2+])C(=O)N[C@H](CCCNC(N)=[NH2+])C(=O)N[C@H](CCCNC(N)=[NH2+])C(=O)N[C@H](CCCNC(N)=[NH2+])C(N)=O,1,4.716316,2
C[C@@H](O)[C@H](NC(=O)[C@H](CCCNC(N)=[NH2+])NC(=O)[C@H](CCCC[NH3+])NC(=O)[C@H](CC(N)=O)NC(=O)CNC(=O)[C@@H](N)CS)C(=O)N[C@@H](CCCNC(N)=[NH2+])C(=O)NCC(=O)N[C@H](C=O)CS,1,2.4354718,2
CC(C)C[C@H](NC(=O)CN)C(=O)N[C@@H](CCCC[NH3+])C(=O)N[C@@H](CCCC[NH3+])C(=O)N[C@@H](CC(C)C)C(=O)N[C@@H](C)C(=O)N[C@@H](CCC(=O)O)C(=O)N[C@@H](CC(C)C)C(=O)N[C@@H](C)C(=O)NC(CC1CNCN1)C(O)N[C@@H](CCCC[NH3+])C(=O)N[C@@H](CC(C)C)C(=O)N[C@@H](CC(C)C)C(=O)N[C@@H](CCCC[NH3+])C(=O)N[C@@H](CC(C)C)C(=O)NCC(=O)N[C@@H](CS)C(N)=O,1,-1.3135607,2
CC[C@H](C)[C@H](NC(=O)[C@H](CCCNC(N)=[NH2+])NC(=O)[C@@H](N)CCCC[NH3+])C(=O)N1CCC[C@H]1C(=O)N[C@@H](CC(N)=O)C(=O)N[C@@H](CCCC[NH3+])C(=O)N[C@@H](CCCC[NH3+])C(=O)N1CCC[C@H]1C(=O)N[C@@H](CCCC[NH3+])C(=O)N[C@H](C=O)CCCC[NH3+],1,7.9273396,2
CCC[C@@H](C=O)NC(=O)[C@H](C)NC(=O)[C@H](C)NC(=O)[C@H](Cc1c[nH]c2ccccc12)NC(=O)[C@H](CCC(=O)O)NC(=O)CNC(=O)[C@@H](NC(=O)[C@H](CC(C)C)NC(=O)[C@H](CCCNC(=N)N)NC(=O)[C@H](CCC)NC(=O)[C@@H](NC(=O)[C@H](Cc1c[nH]cn1)NC(=O)[C@@H](NC(=O)[C@@H](NC(=O)[C@H](Cc1ccccc1)NC(=O)[C@@H](NC(=O)[C@H](CCCNC(=N)N)NC(=O)[C@@H](NC(=O)[C@H](CCCNC(=N)N)NC(=O)[C@H](CCC)NC(=O)[C@H](CCC)NC(=O)CNC(=O)[C@H](CS)NC(=O)[C@H](C)NC(=O)[C@H](CCCNC(=N)N)NC(=O)[C@H](CCCNC(=N)N)NC(=O)[C@@H](NC(=O)[C@H](CCCNC(=N)N)NC(=O)[C@H](CC(C)C)NC(=O)[C@@H](NC(=O)[C@@H](NC(=O)[C@H](CC(C)C)NC(=O)[C@H](Cc1ccccc1)NC(=O)[C@H](CCCNC(=N)N)NC(=O)[C@H](CCCNC(=N)N)NC(=O)[C@@H](NC(=O)[C@@H](N)CCSC)C(C)C)C(C)C)[C@@H](C)O)[C@@H](C)CC)C(C)C)C(C)C)C(C)C)C(C)C)[C@@H](C)CC)[C@@H](C)O,1,-0.7748109,2
CC(C)C[C@H](NC(=O)[C@H](CCCC[NH3+])NC(=O)[C@H](CCCNC(N)=[NH2+])NC(=O)[C@H](Cc1ccccc1)NC(=O)[C@H](Cc1ccccc1)NC(=O)[C@H](CCCC[NH3+])NC(=O)[C@H](CCCC[NH3+])NC(=O)[C@H](Cc1ccccc1)NC(=O)[C@H](CCCNC(N)=[NH2+])NC(=O)[C@H](CCCC[NH3+])NC(=O)[C@@H](N)C(C)C)C(=O)N[C@@H](CCCC[NH3+])C(=O)N[C@@H](CCCC[NH3+])C(=O)N[C@@H](CC(C)C)C(=O)N[C@H](C(N)=O)C(C)C,1,-1.5714272,2
CC[C@H](C)[C@H](NC(=O)[C@H](CC(C)C)NC(=O)[C@@H](NC(=O)[C@H](CCCNC(N)=[NH2+])NC(=O)[C@H](Cc1ccccc1)NC(=O)[C@@H](NC(=O)[C@@H](NC(=O)[C@@H](N)CC(C)C)[C@@H](C)CC)[C@@H](C)CC)[C@@H](C)CC)C(=O)N[C@@H](CO)C(=O)NC(CC1CNCN1)C(O)N[C@@H](CCCNC(N)=[NH2+])C(=O)N[C@H](C=O)CCCNC(N)=[NH2+],1,8.152318,2
CC[C@H](C)[C@H](NC(=O)[C@H](C)NC(=O)[C@@H](NC(=O)[C@@H](N)Cc1ccc(O)cc1)[C@@H](C)O)C(=O)N[C@@H](C)C(=O)N[C@@H](Cc1c[nH]c2ccccc12)C(=O)N[C@H](C(=O)N[C@@H](CCCC[NH3+])C(=O)N[C@@H](C)C(=O)N[C@@H](Cc1ccccc1)C(=O)N[C@H](C(=O)N[C@@H](CCCNC(N)=[NH2+])C(=O)N[C@@H](CCCC[NH3+])C(=O)N[C@@H](CC(C)C)C(=O)N[C@@H](CCCNC(N)=[NH2+])C(=O)N[C@H](C=O)CCCC[NH3+])[C@@H](C)CC)C(C)C,1,4.6618767,2
CCC(NC(=O)[C@H](CC(=O)O)NC(=O)CN)C(O)N[C@@H](CC(C)C)C(=O)N1CCC[C@H]1C(=O)NC(CC1CNCN1)C(O)N[C@@H](CC(C)C)C(=O)N[C@@H](CCCCN)C(=O)N[C@@H](CC(C)C)C(=O)N[C@@H](CS)C(=O)O,1,-3.4978771,2
CC[C@H](C)[C@H](NC(=O)[C@H](CS)NC(=O)[C@H](CO)NC(=O)[C@@H](NC(=O)[C@@H]1CCCN1C(=O)[C@@H]1CCCN1C(=O)CNC(=O)[C@H](CCCNC(N)=[NH2+])NC(=O)[C@@H](NC(=O)[C@H](CCCC[NH3+])NC(=O)[C@H](CCCNC(N)=[NH2+])NC(=O)[C@H](CCSC)NC(=O)[C@H](CC(N)=O)NC(=O)[C@H](CCCNC(N)=[NH2+])NC(=O)[C@H](CCC(N)=O)NC(=O)[C@H](Cc1c[nH]c2ccccc12)NC(=O)[C@@H](N)CCC(N)=O)C(C)C)C(C)C)C(=O)N[C@@H](CCCC[NH3+])C(=O)N[C@H](C=O)CCCNC(N)=[NH2+],1,6.1181793,2
C[C@H](N)C(=O)N[C@@H](CS)C(=O)N[C@@H](CCCNC(N)=[NH2+])C(=O)NCC(=O)N[C@@H](CCCNC(N)=[NH2+])C(=O)NCC(=O)N[C@@H](CCCNC(N)=[NH2+])C(=O)NCC(=O)N[C@@H](CS)C(=O)N[C@@H](CCCNC(N)=[NH2+])C(=O)NCC(=O)N[C@@H](CCCNC(N)=[NH2+])C(=O)NCC(=O)N[C@@H](CCCNC(N)=[NH2+])C(=O)NCC(=O)N[C@@H](CS)C(=O)NCC=O,1,3.946995,2
CC[C@H](C)[C@H](NC(=O)[C@H](CCCC[NH3+])NC(=O)[C@H](Cc1ccccc1)NC(=O)[C@@H](NC(=O)[C@@H](NC(=O)[C@@H](N)CCSC)[C@@H](C)CC)[C@@H](C)CC)C(=O)N[C@@H](C)C(=O)N[C@@H](C)C(=O)N[C@@H](CO)C(=O)NC(CC1CNCN1)C(O)N[C@@H](CCCC[NH3+])C(=O)N[C@H](C=O)CCCC[NH3+],1,8.192439,2
CC[C@H](C)[C@H](NC(=O)[C@H](CCCNC(N)=[NH2+])NC(=O)[C@H](CCCNC(N)=[NH2+])NC(=O)[C@H](CCCNC(N)=[NH2+])NC(=O)[C@H](CC(C)C)NC(=O)[C@@H](NC(=O)[C@@H](NC(=O)[C@H](CC(C)C)NC(=O)[C@@H](N)CC(C)C)[C@@H](C)CC)[C@@H](C)CC)C(=O)N[C@@H](CCCNC(N)=[NH2+])C(=O)N[C@@H](CCCC[NH3+])C(=O)N[C@@H](CCC(N)=O)C(=O)N[C@@H](C)C(=O)NC(CC1CNCN1)C(O)N[C@H](C)C(=O)NC(CC1CNCN1)C(O)N[C@@H](CO)C(=O)N[C@H](C=O)CCCC[NH3+],1,7.9591675,2
CC[C@H](C)[C@H](NC(=O)[C@H](CC(C)C)NC(=O)[C@H](CC(=O)O)NC(=O)[C@H](CCCNC(N)=[NH2+])NC(=O)[C@H](C)NC(=O)[C@@H](NC(=O)[C@@H](NC(=O)[C@@H](N)CCSC)[C@@H](C)CC)[C@@H](C)CC)C(=O)N[C@H](C=O)CO,1,8.616149,2
CC[C@H](C)[C@H](NC(=O)[C@H](CCCC[NH3+])NC(=O)[C@H](CCCC[NH3+])NC(=O)[C@H](C)NC(=O)[C@H](CC(C)C)NC(=O)[C@H](C)NC(=O)[C@H](C)NC(=O)[C@H](CC(C)C)NC(=O)[C@H](C)NC(=O)[C@H](CCCC[NH3+])NC(=O)[C@H](CC(C)C)NC(=O)[C@H](CC(N)=O)NC(=O)[C@@H](NC(=O)[C@H](CCCC[NH3+])NC(=O)CNC(=O)[C@H](CC(C)C)NC(=O)[C@H](CC(C)C)NC(=O)[C@H](Cc1ccc(O)cc1)NC(=O)CNC(=O)[C@H](C)NC(=O)[C@H](CO)NC(=O)[C@H](CC(N)=O)NC(=O)[C@H](CC(C)C)NC(=O)[C@@H](NC(=O)[C@H](Cc1c[nH]c2ccccc12)NC(=O)CN)[C@@H](C)O)[C@@H](C)CC)C(=O)N[C@H](C=O)CC(C)C,1,4.9810405,2
CC[C@H](C)[C@H](NC(=O)CNC(=O)[C@H](CC(=O)O)NC(=O)[C@H](CO)NC(=O)[C@@H]([NH3+])Cc1c[nH]cn1)C(=O)N[C@@H](Cc1ccccc1)C(=O)N[C@H](C(=O)N[C@@H](CC(=O)O)C(=O)N[C@@H](CO)C(=O)N[C@@H](Cc1ccc(O)cc1)C(=O)N[C@@H](CO)C(=O)N[C@@H](CCCNC(N)=[NH2+])C(=O)N[C@@H](Cc1ccc(O)cc1)C(=O)N[C@@H](CCCNC(N)=[NH2+])C(=O)N[C@@H](CCCC[NH3+])C(=O)N[C@@H](CCC(N)=O)C(=O)N[C@@H](CCSC)C(=O)N[C@@H](C)C(=O)N[C@H](C(=O)N[C@@H](CCCC[NH3+])C(=O)N[C@@H](CCCC[NH3+])C(=O)N[C@@H](Cc1ccc(O)cc1)C(=O)N[C@@H](CC(C)C)C(=O)N[C@@H](C)C(=O)N[C@@H](C)C(=O)N[C@H](C(=O)N[C@@H](CC(C)C)C(=O)NCC(=O)N[C@@H](CCCC[NH3+])C(=O)N[C@@H](CCCNC(N)=[NH2+])C(=O)N[C@@H](Cc1ccc(O)cc1)C(=O)N[C@@H](CCCC[NH3+])C(=O)N[C@@H](CCC(N)=O)C(=O)N[C@@H](CCCNC(N)=[NH2+])C(=O)N[C@H](C(=O)N[C@@H](CCCC[NH3+])C(=O)N[C@@H](CC(N)=O)C(=O)N[C@@H](CCCC[NH3+])C(N)=O)C(C)C)C(C)C)C(C)C)[C@@H](C)O,1,-2.0415893,2
CC[C@H](C)[C@H](NC(=O)[C@H](CC(N)=O)NC(=O)[C@H](C)NC(=O)[C@H](CC(C)C)NC(=O)[C@H](CC(C)C)NC(=O)[C@H](CC(N)=O)NC(=O)[C@H](CO)NC(O)C(CC1CNCN1)NC(O)C(CC1CNCN1)NC(=O)[C@H](CCCNC(N)=[NH2+])NC(=O)[C@H](CC(C)C)NC(O)C(CC1CNCN1)NC(=O)[C@H](CCCNC(N)=[NH2+])NC(=O)[C@H](CC(C)C)NC(=O)[C@H](CC(C)C)NC(=O)[C@H](CC(C)C)NC(=O)CNC(=O)[C@H](CC(C)C)NC(C)=O)C(N)=O,1,-2.6061063,2
NC(=[NH2+])NCCC[C@@H](N)C(=O)N[C@H](CCCNC(N)=[NH2+])C(=O)N[C@H](CCCNC(N)=[NH2+])C(=O)N[C@H](CCCNC(N)=[NH2+])C(=O)N[C@H](CCCNC(N)=[NH2+])C(=O)N[C@H](CCCNC(N)=[NH2+])C(=O)N[C@H](CCCNC(N)=[NH2+])C(=O)N[C@H](CCCNC(N)=[NH2+])C(=O)N[C@H](CCCNC(N)=[NH2+])C(=O)N[C@H](CCCNC(N)=[NH2+])C(=O)N[C@H](CCCNC(N)=[NH2+])C(=O)N[C@H](CCCNC(N)=[NH2+])C(=O)NCC(=O)N[C@@H](CS)C(N)=O,1,6.5102825,2
CC(C)[C@H](NC(=O)[C@H](CCCNC(N)=[NH2+])NC(=O)[C@H](CCCNC(N)=[NH2+])NC(=O)[C@H](CCCNC(N)=[NH2+])NC(=O)[C@H](CC(N)=O)NC(=O)[C@H](CCCNC(N)=[NH2+])NC(=O)[C@H](CCCNC(N)=[NH2+])NC(=O)[C@@H](NC(=O)[C@@H](N)CCCNC(N)=[NH2+])[C@@H](C)O)C(=O)N[C@H](C=O)CCCNC(N)=[NH2+],1,8.554469,2
CC[C@H](C)[C@H](NC(=O)[C@H](CO)NC(=O)[C@H](CCCCN)NC(=O)[C@@H](NC(=O)[C@H](CCCNC(=N)N)NC(=O)[C@H](CCC(=O)O)NC(=O)[C@H](Cc1c[nH]c2ccccc12)NC(=O)[C@H](CCSC)NC(=O)[C@H](CO)NC(=O)[C@H](C)N)C(C)C)C(=O)N[C@H](C(=O)N[C@@H](CCCCN)C(=O)N[C@@H](CO)C(=O)N[C@@H](CO)C(=O)N[C@@H](CC(C)C)C(=O)N[C@@H](C)C(=O)N[C@@H](C)C(=O)N[C@@H](C)C(=O)N[C@@H](CO)C(=O)N[C@@H](CC(N)=O)C(=O)N[C@H](C=O)[C@@H](C)CC)[C@@H](C)CC,1,1.2718469,2
C[C@H](NC(=O)[C@H](CCC(N)=O)NC(=O)[C@H](CCCC[NH3+])NC(=O)[C@H](CCC(=O)O)NC(=O)[C@H](C)NC(=O)[C@H](CCCNC(N)=[NH2+])NC(=O)[C@H](CCCNC(N)=[NH2+])NC(=O)[C@H](CCC(=O)O)NC(=O)[C@H](CCCNC(N)=[NH2+])NC(=O)[C@H](CCCNC(N)=[NH2+])NC(=O)[C@H](CCCNC(N)=[NH2+])NC(=O)[C@@H](NC(=O)[C@@H](N)CCC(N)=O)[C@@H](C)O)C(=O)N[C@@H](CCC(N)=O)C(=O)N[C@H](C=O)Cc1c[nH]c2ccccc12,1,8.014156,2
CC[C@H](C)[C@H](NC(=O)[C@H](C)NC(=O)[C@H](CC(C)C)NC(=O)[C@H](CCCC[NH3+])NC(=O)[C@H](CC(C)C)NC(=O)[C@@H](NC(=O)[C@@H](NC(=O)[C@@H](N)CCCC[NH3+])[C@@H](C)CC)[C@@H](C)O)C(=O)N[C@@H](CCCC[NH3+])C(=O)N[C@@H](C)C(=O)N[C@@H](Cc1c[nH]c2ccccc12)C(=O)N[C@@H](CCCC[NH3+])C(=O)N[C@@H](CC(C)C)C(=O)N[C@@H](C)C(=O)N[C@@H](CC(C)C)C(=O)N[C@@H](CCCC[NH3+])C(=O)N[C@@H](C)C(=O)N[C@@H](C)C(N)=O,1,1.8923271,2
NCC(=O)N[C@@H](CCCNC(N)=[NH2+])C(=O)NCC(=O)N[C@@H](CC(=O)O)C(=O)N[C@@H](CO)C(=O)N1CCC[C@H]1C(=O)N[C@@H](CCCNC(N)=[NH2+])C(=O)N[C@@H](CCCNC(N)=[NH2+])C(=O)N[C@@H](CO)C(=O)N1CCC[C@H]1C(=O)N[C@@H](CCCNC(N)=[NH2+])C(=O)N[C@H](C=O)CCCNC(N)=[NH2+],1,7.6675525,2
CC[C@H](C)[C@H](NC(=O)[C@H](CC(C)C)NC(=O)[C@@H](N)CCCC[NH3+])C(=O)N[C@@H](CCCC[NH3+])C(=O)NCC(=O)N[C@@H](CCCNC(N)=[NH2+])C(=O)N[C@H](C(=O)N1CCC[C@H]1C(=O)N[C@H](C(=O)N[C@@H](CCCC[NH3+])C(=O)N[C@@H](Cc1ccccc1)C(=O)NCC(=O)N[C@@H](CCCC[NH3+])C(=O)N[C@@H](C)C(=O)N[C@@H](CCCNC(N)=[NH2+])C(=O)N[C@@H](CS)C(=O)N[C@@H](CCCNC(N)=[NH2+])C(=O)N[C@@H](CCCNC(N)=[NH2+])C(=O)N1CCC[C@H]1C(=O)N1CCC[C@H]1C(=O)N[C@@H](CCCC[NH3+])C(=O)NC(CC1CNCN1)C(O)N[C@@H](CO)C(=O)NCC(=O)N[C@H](C=O)CCCC[NH3+])[C@@H](C)CC)[C@@H](C)O,1,5.234705,2
CC[C@H](C)[C@H](NC(=O)[C@H](CCCNC(N)=[NH2+])NC(=O)[C@H](CC(C)C)NC(=O)[C@H](CCC(N)=O)NC(=O)[C@@H](N)CCCNC(N)=[NH2+])C(=O)N[C@@H](C)C(=O)NCC(=O)N[C@@H](CCCNC(N)=[NH2+])C(=O)N[C@@H](CCCNC(N)=[NH2+])C(=O)N[C@@H](CC(C)C)C(=O)N[C@@H](CCCNC(N)=[NH2+])C(=O)NCC(=O)N[C@@H](CCCNC(N)=[NH2+])C(=O)N[C@@H](CO)C(=O)N[C@H](C=O)CCCNC(N)=[NH2+],1,9.17188,2
NC(=[NH2+])NCCC[C@H](NC(=O)[C@H](CCCNC(N)=[NH2+])NC(=O)[C@H](CCCNC(N)=[NH2+])NC(=O)[C@H](CCCNC(N)=[NH2+])NC(=O)[C@H](CCCNC(N)=[NH2+])NC(=O)[C@H](CCCNC(N)=[NH2+])NC(=O)[C@H](CCCNC(N)=[NH2+])NC(=O)[C@H](CCCNC(N)=[NH2+])NC(=O)[C@@H](N)CCCNC(N)=[NH2+])C(N)=O,1,2.3753424,2
CC(C)C[C@H](NC(=O)CN)C(=O)N[C@@H](Cc1c[nH]c2ccccc12)C(=O)N[C@@H](CCCNC(N)=[NH2+])C(=O)N[C@@H](C)C(=O)N[C@@H](CC(C)C)C(=O)N[C@@H](Cc1c[nH]c2ccccc12)C(=O)N[C@@H](CCCNC(N)=[NH2+])C(=O)N[C@@H](CC(C)C)C(=O)N[C@@H](CC(C)C)C(=O)N[C@@H](CCCNC(N)=[NH2+])C(=O)N[C@@H](CO)C(=O)N[C@@H](CC(C)C)C(=O)N[C@@H](Cc1c[nH]c2ccccc12)C(=O)N[C@@H](CCCNC(N)=[NH2+])C(=O)N[C@@H](CC(C)C)C(=O)N[C@@H](CC(C)C)C(=O)N[C@@H](Cc1c[nH]c2ccccc12)C(=O)N[C@@H](CCCNC(N)=[NH2+])C(=O)N[C@@H](C)C=O,1,5.7267303,2
CC(C)C[C@H](NC(=O)CN)C(=O)N[C@@H](CCCC[NH3+])C(=O)N[C@@H](CCCC[NH3+])C(=O)N[C@@H](CC(C)C)C(=O)N[C@@H](C)C(=O)N[C@@H](CCC(=O)O)C(=O)N[C@@H](CC(C)C)C(=O)N[C@@H](Cc1ccccc1)C(=O)NC(CC1CNCN1)C(O)N[C@@H](CCCC[NH3+])C(=O)N[C@@H](CC(C)C)C(=O)N[C@@H](CC(C)C)C(=O)N[C@@H](CCCC[NH3+])C(=O)N[C@@H](CC(C)C)C(=O)NCC(=O)N[C@@H](CS)C(N)=O,1,-1.6945417,2
CSCC[C@H](NC(=O)[C@@H](NC(=O)[C@H](CO)NC(=O)CNC(=O)[C@H](C)NC(=O)[C@H](C)NC(=O)CNC(=O)[C@H](CC(C)C)NC(=O)[C@H](Cc1ccccc1)NC(=O)CNC(=O)[C@H](CC(C)C)NC(=O)[C@H](Cc1ccccc1)NC(=O)[C@H](CC(C)C)NC(=O)[C@H](C)NC(=O)CN)[C@@H](C)O)C(=O)NCC(=O)N[C@@H](C)C(=O)N[C@@H](Cc1c[nH]c2ccccc12)C(=O)N[C@@H](CO)C(=O)N[C@@H](CCC(N)=O)C(=O)N1CCC[C@H]1C(=O)N[C@@H](CCCC[NH3+])C(=O)N[C@@H](CO)C(=O)N[C@@H](CCCC[NH3+])C(=O)N[C@@H](CCCNC(N)=[NH2+])C(=O)N[C@@H](CCCC[NH3+])C(=O)N[C@H](C=O)C(C)C,1,3.8346872,2
CC[C@H](C)[C@H](NC(=O)[C@H](C)NC(=O)[C@H](C)NC(=O)[C@@H]1CCCN1C(=O)[C@H](CCCNC(N)=[NH2+])NC(=O)[C@@H](N)CCCC[NH3+])C(=O)N[C@@H](CCCC[NH3+])C(=O)N[C@@H](CCCC[NH3+])C(=O)N[C@@H](C)C(=O)NCC(=O)N[C@@H](CCC(N)=O)C(=O)N[C@@H](C)C(=O)N[C@@H](CCCC[NH3+])C(=O)N[C@@H](CCCC[NH3+])C(=O)N[C@@H](CCCC[NH3+])C(=O)N[C@H](C=O)CCCC[NH3+],1,8.63371,2
C[C@H](NC(=O)[C@H](CCCC[NH3+])NC(=O)[C@H](CO)NC(=O)[C@H](CCCNC(N)=[NH2+])NC(=O)[C@H](CS)NC(O)C(CC1CNCN1)NC(O)C(CC1CNCN1)NC(=O)[C@H](CCCNC(N)=[NH2+])NC(=O)[C@H](CCCNC(N)=[NH2+])NC(=O)CN)C(=O)N[C@@H](CCCC[NH3+])C(=O)N[C@@H](CCCNC(N)=[NH2+])C(=O)N[C@@H](CO)C(=O)N[C@@H](CCCNC(N)=[NH2+])C(=O)NC(CC1CNCN1)C(O)NC(CO)CC1CNCN1,1,1.5871145,2
C[C@H](N)C(=O)N[C@@H](CS)C(=O)N[C@@H](CO)C(=O)NCC(=O)N[C@@H](CO)C(=O)NCC(=O)N[C@@H](CO)C(=O)NCC(=O)N[C@@H](CS)C(=O)NCC(=O)N[C@@H](CO)C(=O)NCC(=O)N[C@@H](CO)C(=O)NCC(=O)N[C@@H](CO)C(=O)N[C@@H](CS)C(=O)NCC=O,1,-1.922965,2
NC(=[NH2+])NCCC[C@@H](C=O)NC(=O)[C@H](CCCNC(N)=[NH2+])NC(=O)[C@H](CCCNC(N)=[NH2+])NC(=O)[C@H](CCCNC(N)=[NH2+])NC(=O)[C@H](CCCNC(N)=[NH2+])NC(=O)[C@H](CCCNC(N)=[NH2+])NC(=O)[C@H](CCCNC(N)=[NH2+])NC(=O)[C@@H](N)CCCNC(N)=[NH2+],1,7.564022,2
NCC(=O)N[C@@H](CCCC[NH3+])C(=O)NC(CC1CNCN1)C(O)N[C@@H](CCCNC(N)=[NH2+])C(=O)NC(CC1CNCN1)C(O)N[C@@H](CCC(=O)O)C(=O)N[C@@H](CCCNC(N)=[NH2+])C(=O)NCC(=O)NC(CC1CNCN1)C(O)NC(CC1CNCN1)C(O)N[C@@H](CCCNC(N)=[NH2+])C(=O)N[C@@H](CC(=O)O)C(=O)N[C@@H](CCCNC(N)=[NH2+])C(=O)N[C@@H](CCCNC(N)=[NH2+])C(=O)N[C@@H](CCC(=O)O)C(=O)N[C@H](C=O)CCCNC(N)=[NH2+],1,3.6792383,2
NC(=[NH2+])NCCC[C@@H](C=O)NC(=O)[C@H](CCCNC(N)=[NH2+])NC(=O)[C@H](CCCNC(N)=[NH2+])NC(=O)[C@H](CCCNC(N)=[NH2+])NC(=O)[C@H](CCCNC(N)=[NH2+])NC(=O)[C@H](CCCNC(N)=[NH2+])NC(=O)[C@H](CCCNC(N)=[NH2+])NC(=O)[C@H](CCCNC(N)=[NH2+])NC(=O)[C@@H](N)Cc1c[nH]c2ccccc12,1,5.6969213,2
CC[C@H](C)[C@H](NC(=O)[C@H](CCCC[NH3+])NC(=O)[C@H](CC(C)C)NC(=O)[C@@H](NC(=O)[C@H](CO)NC(=O)[C@H](CCCC[NH3+])NC(=O)[C@H](Cc1c[nH]c2ccccc12)NC(=O)[C@@H](NC(=O)[C@H](CCCC[NH3+])NC(=O)[C@H](C)NC(=O)[C@@H](NC(=O)[C@H](CO)NC(=O)[C@H](CCCC[NH3+])NC(=O)[C@H](C)NC(=O)[C@H](C)NC(=O)[C@@H](NC(=O)[C@@H](N)CCCC[NH3+])[C@@H](C)CC)[C@@H](C)CC)[C@@H](C)CC)[C@@H](C)CC)C(=O)N[C@@H](C)C(N)=O,1,-1.6406491,2
CC[C@H](C)[C@H](NC(=O)[C@H](CCCC[NH3+])NC(=O)[C@@H](NC(=O)[C@H](CCC(N)=O)NC(=O)[C@@H]([NH3+])CCCNC(N)=[NH2+])[C@@H](C)CC)C(=O)N[C@@H](Cc1c[nH]c2ccccc12)C(=O)N[C@@H](Cc1ccccc1)C(=O)N[C@@H](CCC(N)=O)C(=O)N[C@@H](CC(N)=O)C(=O)N[C@@H](CCCNC(N)=[NH2+])C(=O)N[C@@H](CCCNC(N)=[NH2+])C(=O)N[C@@H](CCSC)C(=O)N[C@@H](CCCC[NH3+])C(=O)N[C@@H](Cc1c[nH]c2ccccc12)C(=O)N[C@@H](CCCC[NH3+])C(=O)N[C@@H](CCCC[NH3+])C(=O)O,1,2.8245351,2
CC(C)[C@@H](N)C(=O)N[C@H](CS)C(=O)N[C@@H](C(=O)N[C@@H](C=O)CCCNC(N)=[NH2+])C(C)C,1,5.6758924,2
CC(C)C[C@@H](C=O)NC(=O)[C@H](CCC(=O)O)NC(=O)[C@@H](NC(=O)[C@H](CC(C)C)NC(=O)[C@@H](NC(=O)[C@H](CCCC[NH3+])NC(=O)[C@@H](NC(=O)[C@H](CC(C)C)NC(=O)[C@H](CCC(=O)O)NC(=O)[C@H](CCCC[NH3+])NC(=O)[C@H](CC(C)C)NC(=O)[C@@H](NC(=O)[C@H](CCC(=O)O)NC(=O)[C@@H](NC(=O)[C@H](CC(C)C)NC(=O)[C@@H](NC(=O)[C@H](CCCC[NH3+])NC(=O)[C@@H](N)CC(C)C)[C@@H](C)O)[C@@H](C)O)[C@@H](C)O)[C@@H](C)O)[C@@H](C)O)[C@@H](C)O,1,1.9967324,2
CC(C)C[C@H](NC(=O)CNC(=O)[C@H](C)NC(=O)[C@H](CCCNC(=N)N)NC(=O)[C@H](CO)NC(=O)[C@H](CO)NC(=O)[C@H](CCCNC(=N)N)NC(=O)[C@@H](NC(=O)[C@H](CCCCN)NC(=O)[C@H](C)NC(=O)[C@H](CCCCN)NC(=O)[C@H](C)NC(=O)[C@H](CCCNC(=N)N)NC(=O)[C@H](C)NC(=O)[C@H](CCCCN)NC(=O)CNC(=O)CNC(=O)[C@H](CCC(N)=O)NC(=O)[C@H](CCCCN)NC(=O)CNC(=O)[C@H](CCCNC(=N)N)NC(=O)CNC(=O)[C@@H](N)CO)[C@@H](C)O)C(=O)N[C@@H](CCC(N)=O)C(=O)N[C@@H](Cc1ccccc1)C(=O)N1CCC[C@H]1C(=O)N[C@H](C(=O)NCC(=O)N[C@@H](CCCNC(=N)N)C(=O)N[C@H](C(=O)N[C@@H](Cc1c[nH]cn1)C(=O)N[C@@H](CCCNC(=N)N)C(=O)N[C@@H](CC(C)C)C(=O)N[C@@H](CC(C)C)C(=O)N[C@@H](CCCNC(=N)N)C(=O)N[C@@H](CCCCN)C(=O)NCC=O)C(C)C)C(C)C,1,5.6864386,2
CC[C@H](C)[C@H](NC(=O)[C@H](CCCC[NH3+])NC(=O)[C@@H](NC(=O)[C@H](CCC(N)=O)NC(=O)[C@@H]([NH3+])CCCNC(N)=[NH2+])[C@@H](C)CC)C(=O)N[C@@H](Cc1c[nH]c2ccccc12)C(=O)N[C@@H](Cc1ccccc1)C(=O)N[C@@H](CCC(N)=O)C(=O)N[C@@H](CC(N)=O)C(=O)N[C@@H](CCCNC(N)=[NH2+])C(=O)N[C@@H](CCCNC(N)=[NH2+])C(=O)N[C@@H](CCSC)C(=O)N[C@@H](CCCC[NH3+])C(=O)N[C@@H](Cc1c[nH]c2ccccc12)C(=O)N[C@@H](CCCC[NH3+])C(=O)N[C@@H](CCCC[NH3+])C(=O)O,1,2.8245351,2
NC(=[NH2+])NCCC[C@@H](N)C(=O)N[C@@H](CCCNC(N)=[NH2+])C(=O)N[C@H](CCCNC(N)=[NH2+])C(=O)NCC(=O)N[C@H](CCCNC(N)=[NH2+])C(=O)N[C@@H](CCCC[NH3+])C(=O)N[C@H](CCCC[NH3+])C(=O)N[C@@H](CCCNC(N)=[NH2+])C(=O)N[C@@H](C=O)CCCNC(N)=[NH2+],1,8.085853,2
CC[C@H](C)[C@H](NC(=O)[C@H](CCCC[NH3+])NC(=O)[C@@H](NC(=O)[C@H](CCC(N)=O)NC(=O)[C@@H](N)CCCNC(N)=[NH2+])[C@@H](C)CC)C(=O)N[C@@H](Cc1c[nH]c2ccccc12)C(=O)N[C@@H](Cc1ccccc1)C(=O)N[C@@H](CCC(N)=O)C(=O)N[C@H](C=O)CC(N)=O,1,6.85128,2
C[C@H](NC(=O)[C@H](C)NC(=O)[C@H](CO)NC(=O)[C@H](CCCNC(N)=[NH2+])NC(=O)[C@H](CS)NC(O)C(CC1CNCN1)NC(O)C(CC1CNCN1)NC(=O)[C@H](CCCNC(N)=[NH2+])NC(=O)[C@H](CCCNC(N)=[NH2+])NC(=O)[C@@H](N)CO)C(=O)N[C@@H](CCCC[NH3+])C(=O)N[C@@H](CCCNC(N)=[NH2+])C(=O)N[C@@H](CO)C(=O)N[C@@H](CCCNC(N)=[NH2+])C(=O)NC(CC1CNCN1)C(O)NC(CO)CC1CNCN1,1,3.399252,2
NC(=[NH2+])NCCC[C@H](NC(=O)[C@H](Cc1ccccc1)NC(=O)[C@H](CCCC[NH3+])NC(=O)[C@H](CCCC[NH3+])NC(=O)[C@@H](N)Cc1ccccc1)C(=O)N[C@@H](CCCC[NH3+])C(=O)N[C@H](C=O)Cc1ccccc1,1,5.388736,2
CCC[C@@H]1NC(=O)[C@@H]2CS34SC[C@H](NC(=O)[C@H]([C@@H](C)CC)NC(=O)[C@H](CS)NC(=O)[C@H](C)NC(=O)CNC1=O)C(=O)N[C@@H](CCCNC(=N)N)C(=O)NCC(=O)N[C@@H](CC(N)=O)C(=O)NCC(=O)N[C@@H](Cc1ccc(O)cc1)C(=O)N[C@H](C(=O)NCC(=O)N[C@@H](CO)C(=O)NCC(=O)N[C@@H](CO)C(=O)N[C@H](C=O)CC(=O)O)C[SH]3[SH]4C[C@H](NC(=O)[C@H](CCCCN)NC(=O)[C@H](CCCCN)NC(=O)[C@H](CC(C)C)NC(=O)[C@@H](NC(=O)[C@H](C)NC(=O)[C@H](CCC)NC(=O)[C@H](CS)NC(=O)[C@@H](NC(=O)CNC(=O)CN)C(C)C)[C@@H](C)CC)C(=O)N[C@@H](CCCNC(=N)N)C(=O)N[C@@H](CCCNC(=N)N)C(=O)N[C@@H](CC(=O)O)C(=O)N[C@@H](CO)C(=O)N[C@@H](CC(=O)O)C(=O)N2,1,1.1601604,2
C[C@H](N)C(=O)N[C@@H](CS)C(=O)N[C@@H](CO)C(=O)NCC(=O)N[C@@H](CCCNC(N)=[NH2+])C(=O)NCC(=O)N[C@@H](CCCNC(N)=[NH2+])C(=O)NCC(=O)N[C@@H](CS)C(=O)NCC(=O)N[C@@H](CO)C(=O)NCC(=O)N[C@@H](CO)C(=O)NCC(=O)N[C@@H](CO)C(=O)N[C@@H](CS)C(=O)NCC=O,1,2.7551389,2
CC[C@H](C)[C@H](NC(=O)[C@H](CC(C)C)NC(=O)[C@H](C)NC(=O)[C@H](CCCNC(N)=[NH2+])NC(=O)[C@H](Cc1ccccc1)NC(=O)[C@@H](NC(=O)[C@@H](NC(=O)[C@@H](N)CCSC)[C@@H](C)CC)[C@@H](C)CC)C(=O)N[C@@H](CO)C(=O)NC(CC1CNCN1)C(O)N[C@@H](CCCC[NH3+])C(=O)N[C@H](C=O)CCCC[NH3+],1,8.35513,2
CC(C)C[C@H](NC(=O)[C@H](CCCNC(N)=[NH2+])NC(=O)[C@H](CCCNC(N)=[NH2+])NC(=O)[C@H](CC(C)C)NC(=O)[C@H](CC(C)C)NC(=O)[C@H](CCCNC(N)=[NH2+])NC(=O)[C@@H](N)CCCNC(N)=[NH2+])C(=O)N[C@@H](CCCNC(N)=[NH2+])C(=O)N[C@H](C=O)CCCNC(N)=[NH2+],1,8.307399,2
CC[C@H](C)[C@H](NC(=O)[C@H](CCCNC(N)=[NH2+])NC(=O)[C@@H](N)CCCC[NH3+])C(=O)N1CCC[C@H]1C(=O)N[C@@H](CC(N)=O)C(=O)N[C@@H](CCCC[NH3+])C(=O)N[C@@H](CCCC[NH3+])C(=O)N1CCC[C@H]1C(=O)NCC(=O)N[C@@H](CCCC[NH3+])C(=O)N[C@H](C=O)CCCC[NH3+],1,7.8235836,2
CC[C@H](C)[C@H](NC(=O)[C@H](CCCC[NH3+])NC(=O)[C@@H](NC(=O)[C@H](CCC(N)=O)NC(=O)[C@@H](N)CCCNC(N)=[NH2+])[C@@H](C)CC)C(=O)N[C@@H](Cc1c[nH]c2ccccc12)C(=O)N[C@@H](Cc1ccccc1)C(=O)N1CCC[C@H]1C(=O)N[C@@H](CC(N)=O)C(=O)N[C@@H](CCCNC(N)=[NH2+])C(=O)N[C@@H](CCCNC(N)=[NH2+])C(=O)N[C@@H](CCSC)C(=O)N[C@@H](CCCC[NH3+])C(=O)N[C@@H](Cc1c[nH]c2ccccc12)C(=O)N[C@@H](CCCC[NH3+])C(=O)N[C@H](C=O)CCCC[NH3+],1,7.929153,2
CC[C@H](C)[C@H](NC(=O)[C@H](CCCNC(N)=[NH2+])NC(=O)[C@@H](NC(=O)[C@@H](N)CCCNC(N)=[NH2+])C(C)C)C(=O)N[C@@H](CC(C)C)C(=O)N[C@@H](C)C(=O)N[C@@H](CCCNC(N)=[NH2+])C(=O)N[C@@H](Cc1ccccc1)C(=O)N[C@@H](CC(C)C)C(=O)N[C@@H](CCCNC(N)=[NH2+])C(=O)N[C@H](C(=O)N[C@@H](CCCNC(N)=[NH2+])C(=O)N[C@H](C=O)C(C)C)[C@@H](C)O,1,7.270194,2
CC[C@H](C)[C@H](NC(=O)[C@H](CCCCN)NC(=O)[C@H](CCCCN)NC(=O)[C@H](C)NC(=O)[C@H](CC(C)C)NC(=O)[C@H](C)NC(=O)[C@H](C)NC(=O)[C@H](CC(C)C)NC(=O)[C@H](C)NC(=O)[C@H](CCCCN)NC(=O)[C@H](CC(C)C)NC(=O)[C@H](CC(N)=O)NC(=O)[C@@H](NC(=O)[C@H](CCCCN)NC(=O)CNC(=O)[C@H](CC(C)C)NC(=O)[C@H](CC(C)C)NC(=O)[C@H](Cc1ccc(O)cc1)NC(=O)CNC(=O)[C@H](C)N)[C@@H](C)O)C(=O)N[C@H](C=O)CC(C)C,1,8.8501215,2
NC(=[NH2+])NCCC[C@H](NC(=O)CNC(=O)[C@H](CCCNC(N)=[NH2+])NC(=O)[C@@H](N)CCCNC(N)=[NH2+])C(=O)N[C@@H](CCCNC(N)=[NH2+])C(=O)NCC=O,1,5.2594805,2
CC[C@H](C)[C@H](NC(=O)[C@H](CCCNC(N)=[NH2+])NC(=O)[C@H](CC(C)C)NC(=O)[C@@H](NC(=O)[C@@H](NC(=O)[C@H](CC(C)C)NC(=O)[C@H](Cc1ccccc1)NC(=O)[C@H](CCCNC(N)=[NH2+])NC(=O)[C@H](CCCNC(N)=[NH2+])NC(=O)[C@@H](N)C(C)C)C(C)C)[C@@H](C)O)C(=O)N[C@@H](CCCNC(N)=[NH2+])C(=O)N[C@@H](CCCNC(N)=[NH2+])C(=O)N[C@@H](C)C=O,1,4.098334,2
CCC[C@H](NC(=O)[C@@H](NC(=O)[C@H](CC(C)C)NC(=O)[C@H](CC(N)=O)NC(=O)[C@H](CCCNC(=N)N)NC(=O)[C@H](CC(C)C)NC(=O)[C@H](Cc1ccccc1)NC(=O)[C@H](CC(=O)O)NC(=O)[C@H](CCCCN)NC(=O)[C@@H](NC(=O)[C@H](CCCNC(=N)N)NC(=O)[C@H](CCC(N)=O)NC(=O)[C@@H](NC(=O)[C@@H](NC(=O)[C@H](CCCNC(=N)N)NC(=O)[C@H](CCCCN)NC(=O)[C@H](Cc1ccccc1)NC(=O)[C@H](CCC(=O)O)NC(=O)[C@H](CCCCN)NC(=O)CNC(=O)[C@@H](NC(=O)[C@H](CCCCN)NC(=O)[C@H](CCC(=O)O)NC(=O)[C@H](CCCCN)NC(=O)[C@H](CO)NC(=O)[C@H](CCCCN)NC(=O)[C@H](CCCNC(=N)N)NC(=O)[C@H](Cc1ccccc1)NC(=O)[C@H](Cc1ccccc1)NC(=O)[C@H](CC(=O)O)NC(=O)CNC(=O)[C@H](CC(C)C)NC(=O)[C@@H](N)CC(C)C)[C@@H](C)CC)[C@@H](C)CC)C(C)C)[C@@H](C)CC)C(C)C)C(=O)N[C@@H](CCCNC(=N)N)C(=O)N[C@H](C(=O)N[C@@H](CCC(=O)O)C(=O)N[C@@H](CO)C(=O)N[C@H](C=O)CS)[C@@H](C)O,1,0.19896968,2
CC[C@H](C)[C@H](NC(=O)[C@H](C)NC(=O)[C@@H](NC(=O)[C@H](CCC(N)=O)NC(=O)[C@@H]1CCCN1C(=O)[C@H](Cc1ccccc1)NC(=O)[C@@H](NC(O)C(CC1CNCN1)NC(=O)[C@H](Cc1ccccc1)NC(=O)[C@H](CCCC[NH3+])NC(=O)[C@H](CC(N)=O)NC(=O)[C@H](Cc1ccccc1)NC(=O)[C@H](CC(=O)O)NC(=O)[C@H](CCC(N)=O)NC(=O)[C@@H](NC(=O)[C@H](Cc1ccc(O)cc1)NC(=O)[C@@H](NC(=O)CNC(=O)[C@@H](N)CC(C)C)[C@@H](C)O)[C@@H](C)O)[C@@H](C)O)[C@@H](C)O)C(=O)NCC(=O)N[C@H](C(=O)NCC(=O)N[C@@H](C)C(=O)N1CCC[C@H]1C=O)C(C)C,1,-1.1106663,2
CSCC[C@H](NC(=O)[C@H](CC(N)=O)NC(=O)[C@H](CCCNC(N)=[NH2+])NC(=O)[C@H](CCC(N)=O)NC(=O)[C@H](Cc1c[nH]c2ccccc12)NC(=O)[C@H](CCC(N)=O)NC(=O)[C@@H](N)Cc1ccccc1)C(=O)N[C@@H](CCCNC(N)=[NH2+])C(=O)N[C@@H](CCCC[NH3+])C(=O)N[C@H](C(=O)N[C@@H](CCCNC(N)=[NH2+])C(=O)NCC(=O)N1CCC[C@H]1C(=O)N1CCC[C@H]1C(=O)N[C@H](C(=O)N[C@H](C=O)CO)C(C)C)C(C)C,1,4.4515724,2
C[C@H](N)C(=O)N[C@@H](CS)C(=O)N[C@@H](CCCNC(N)=[NH2+])C(=O)NCC(=O)N[C@@H](CO)C(=O)NCC(=O)N[C@@H](CCCNC(N)=[NH2+])C(=O)NCC(=O)N[C@@H](CS)C(=O)NCC(=O)N[C@@H](CCCNC(N)=[NH2+])C(=O)NCC(=O)N[C@@H](CO)C(=O)NCC(=O)N[C@@H](CCCNC(N)=[NH2+])C(=O)N[C@@H](CS)C(=O)NCC=O,1,3.6150348,2
CC[C@H](C)[C@H](NC(=O)[C@H](CCCCN)NC(=O)[C@H](CCCCN)NC(=O)[C@H](C)NC(=O)[C@H](CC(C)C)NC(=O)[C@H](CCCCN)NC(=O)[C@H](C)NC(=O)[C@H](CC(C)C)NC(=O)[C@H](CCCCN)NC(=O)[C@H](C)NC(=O)[C@H](CC(C)C)NC(=O)[C@H](CCCCN)NC(=O)[C@H](C)NC(=O)[C@H](CC(C)C)NC(=O)[C@H](CCCCN)NC(=O)[C@H](C)NC(=O)[C@H](CC(C)C)NC(=O)[C@H](CCCCN)NC(=O)[C@H](C)NC(=O)[C@H](CC(C)C)NC(=O)[C@H](C)NC(=O)[C@H](CC(C)C)NC(=O)[C@H](C)NC(=O)[C@H](CC(C)C)NC(=O)[C@H](C)NC(=O)[C@H](CC(C)C)NC(=O)[C@H](C)NC(=O)[C@H](CC(C)C)NC(=O)[C@H](C)NC(=O)[C@H](CC(C)C)NC(=O)[C@H](C)NC(=O)[C@H](CC(C)C)NC(=O)[C@H](C)NC(=O)[C@@H](N)CC(C)C)C(=O)N[C@H](C=O)CCCCN,1,9.112263,2
CC(C)C[C@H](NC(=O)[C@H](C)NC(=O)[C@H](CC(C)C)NC(=O)[C@H](CC(C)C)NC(=O)[C@@H](NC(=O)[C@H](C)NC(=O)[C@@H]1CCCN1C(=O)[C@H](CC(C)C)NC(=O)[C@H](CC(C)C)NC(=O)[C@H](C)NC(=O)[C@@H](NC(=O)[C@H](C)NC(=O)[C@H](C)NC(=O)[C@H](CCCC[NH3+])NC(=O)[C@H](Cc1ccccc1)NC(=O)[C@H](CCCNC(N)=[NH2+])NC(=O)[C@@H](N)Cc1c[nH]c2ccccc12)C(C)C)C(C)C)C(=O)N[C@@H](CC(C)C)C(=O)N[C@@H](C)C(=O)N1CCC[C@H]1C=O,1,-0.5301777,2
CC(C)C[C@H](NC(=O)[C@H](C)NC(=O)[C@H](CC(C)C)NC(=O)[C@H](CCCC[NH3+])NC(=O)[C@H](CC(C)C)NC(=O)[C@H](CCCC[NH3+])NC(=O)[C@H](CC(C)C)NC(=O)[C@H](C)NC(=O)[C@@H](N)CCCC[NH3+])C(=O)N[C@@H](C)C(=O)N[C@@H](CC(C)C)C(=O)N[C@@H](CC(C)C)C(=O)N[C@@H](C)C(=O)N[C@@H](CCCC[NH3+])C(=O)N[C@@H](CC(C)C)C(=O)N[C@@H](CCCC[NH3+])C(=O)N[C@@H](CC(C)C)C(=O)N[C@@H](C)C=O,1,5.6829333,2
CC[C@H](C)[C@H](NC(=O)[C@H](CC(C)C)NC(=O)[C@H](CC(=O)O)NC(=O)[C@H](CCCNC(N)=[NH2+])NC(=O)[C@H](Cc1ccc(O)cc1)NC(=O)[C@H](C)NC(=O)[C@@H](NC(=O)[C@@H](N)CCSC)[C@@H](C)CC)C(=O)N[C@H](C=O)CO,1,7.632357,2
CC(C)C[C@@H](NC(=O)[C@H](NC(=O)[C@H]1CCCN1C(=O)[C@H](N)C(C)C)[C@@H](C)O)C(=O)N[C@@H](C=O)CCCC[NH3+],1,7.3766785,2
CC(C)C[C@H](NC(=O)[C@H](C)NC(=O)[C@H](CCCC[NH3+])NC(=O)[C@H](CC(C)C)NC(=O)[C@H](C)NC(=O)[C@H](CC(C)C)NC(=O)[C@H](CCCC[NH3+])NC(=O)[C@H](CC(C)C)NC(=O)[C@H](C)NC(=O)[C@H](CC(C)C)NC(=O)[C@@H](N)CCCC[NH3+])C(=O)N[C@@H](CCC(N)=O)C(=O)N[C@@H](C)C(=O)N[C@@H](C)C(=O)N[C@@H](CC(C)C)C(=O)N[C@@H](CCC(N)=O)C(=O)N[C@@H](CC(C)C)C(=O)N[C@@H](C)C=O,1,5.9731417,2
CC[C@H](C)[C@H](NC(=O)[C@H](CCCC[NH3+])NC(=O)[C@@H](NC(=O)[C@H](CCC(N)=O)NC(=O)[C@@H](N)CCCNC(N)=[NH2+])[C@@H](C)CC)C(=O)N[C@@H](Cc1c[nH]c2ccccc12)C(=O)N[C@@H](Cc1ccccc1)C(=O)N[C@@H](CCC(N)=O)C(=O)N[C@@H](CC(N)=O)C(=O)N[C@@H](CCCNC(N)=[NH2+])C(=O)N[C@@H](CCCNC(N)=[NH2+])C(=O)N[C@@H](C)C(=O)N[C@@H](CCCC[NH3+])C(=O)N[C@@H](Cc1c[nH]c2ccccc12)C(=O)N[C@@H](CCCC[NH3+])C(=O)N[C@H](C=O)CCCC[NH3+],1,8.206258,2
NC(=[NH2+])NCCC[C@@H](C=O)NC(=O)[C@H](CCCNC(N)=[NH2+])NC(=O)[C@H](CCCNC(N)=[NH2+])NC(=O)[C@H](CCC(N)=O)NC(=O)[C@H](CCCNC(N)=[NH2+])NC(=O)[C@H](CCCNC(N)=[NH2+])NC(=O)[C@H](CCCC[NH3+])NC(=O)[C@H](CCCC[NH3+])NC(=O)[C@H](CCCNC(N)=[NH2+])NC(=O)CNC(=O)[C@H](Cc1ccc(O)cc1)NC(=O)[C@H](CCCC[NH3+])NC(=O)[C@@H](N)CS,1,5.649968,2
CC(C)C[C@H](NC(=O)CNC(=O)[C@H](CO)NC(=O)[C@H](C)NC(=O)CNC(=O)[C@H](CO)NC(=O)[C@@H]1CCCN1C(=O)[C@H](C)NC(=O)[C@H](CC(C)C)NC(=O)[C@H](CC(C)C)NC(=O)[C@H](C)NC(=O)[C@H](CC(C)C)NC(=O)[C@H](CC(C)C)NC(=O)[C@@H](NC(=O)[C@H](C)NC(=O)[C@@H]1CCCN1C(=O)[C@H](CC(C)C)NC(=O)[C@H](CC(C)C)NC(=O)[C@H](C)NC(=O)[C@@H](NC(=O)[C@H](C)NC(=O)[C@H](C)N)C(C)C)C(C)C)C(=O)N[C@@H](CC(=O)O)C(=O)N[C@@H](CCCC[NH3+])C(=O)N[C@@H](CCCNC(N)=[NH2+])C(=O)N[C@@H](CC(=O)O)C(=O)N[C@@H](Cc1ccc(O)cc1)C(=O)N[C@H](C(N)=O)C(C)C,1,-0.8063903,2
CC[C@H](C)[C@H](NC(=O)[C@H](CCCNC(N)=[NH2+])NC(=O)[C@H](Cc1ccccc1)NC(=O)[C@@H](NC(=O)[C@@H](NC(=O)[C@@H](N)CCSC)[C@@H](C)CC)[C@@H](C)CC)C(=O)N[C@@H](C)C(=O)N[C@@H](C)C(=O)N[C@@H](CO)C(=O)NC(CC1CNCN1)C(O)N[C@@H](CCCC[NH3+])C(=O)N[C@H](C=O)CCCC[NH3+],1,8.5578165,2
CC(=O)NC(CC1CNCN1)C(O)NC(CC1CNCN1)C(O)NC(CC1CNCN1)C(O)NC(CC1CNCN1)C(O)NC(CC1CNCN1)C(O)NC(CC1CNCN1)C(O)NC(CC1CNCN1)C(O)NC(CC1CNCN1)C(O)N[C@@H](CCCNC(N)=[NH2+])C(=O)N[C@@H](CCCNC(N)=[NH2+])C(=O)N[C@@H](CCCNC(N)=[NH2+])C(=O)N[C@@H](CCCNC(N)=[NH2+])C(=O)N[C@@H](CCCNC(N)=[NH2+])C(=O)N[C@@H](CCCNC(N)=[NH2+])C(=O)N[C@@H](CCCNC(N)=[NH2+])C(=O)N[C@@H](CCCNC(N)=[NH2+])C(=O)N[C@@H](CCCNC(N)=[NH2+])C(=O)N[C@@H](CCCNC(N)=[NH2+])C(=O)N[C@@H](CCCNC(N)=[NH2+])C(=O)N[C@@H](CCCNC(N)=[NH2+])C(=O)N[C@@H](CCCNC(N)=[NH2+])C(=O)N[C@@H](CCCNC(N)=[NH2+])C(=O)N[C@@H](CCCNC(N)=[NH2+])C(N)=O,1,1.4393288,2
CC[C@H](C)[C@H](NC(=O)[C@H](CCCC[NH3+])NC(=O)[C@@H](NC(=O)[C@H](CCC(N)=O)NC(=O)[C@@H]([NH3+])CCCNC(N)=[NH2+])[C@@H](C)CC)C(=O)N[C@@H](Cc1c[nH]c2ccccc12)C(=O)N[C@@H](Cc1ccccc1)C(=O)N[C@@H](CCC(N)=O)C(=O)N[C@@H](CC(N)=O)C(=O)N[C@@H](CCCNC(N)=[NH2+])C(=O)N[C@@H](CCCNC(N)=[NH2+])C(=O)N[C@@H](CCSC)C(=O)N[C@@H](CCCC[NH3+])C(=O)N[C@@H](Cc1c[nH]c2ccccc12)C(=O)N[C@@H](CCCC[NH3+])C(=O)N[C@@H](CCCC[NH3+])C(=O)O,1,2.8245351,2
NC(=[NH2+])NCCC[C@H](NC(=O)[C@H](Cc1c[nH]c2ccccc12)NC(=O)[C@H](CCCNC(N)=[NH2+])NC(=O)[C@@H](N)CS)C(=O)N[C@H](Cc1c[nH]c2ccccc12)C(=O)N[C@@H](CCCC[NH3+])C(=O)N[C@@H](CS)C(=O)N[C@@H](CS)C(=O)N[C@@H](CCCC[NH3+])C(=O)N[C@H](C=O)CCCC[NH3+],1,4.704673,2
CC[C@H](C)[C@H](NC(=O)[C@H](CCCC[NH3+])NC(=O)[C@@H](NC(=O)[C@H](CCC(N)=O)NC(=O)[C@@H](N)CCCNC(N)=[NH2+])[C@@H](C)CC)C(=O)N[C@@H](Cc1ccccc1)C(=O)N[C@@H](Cc1ccccc1)C(=O)N[C@@H](CCC(N)=O)C(=O)N[C@@H](CC(N)=O)C(=O)N[C@@H](CCCNC(N)=[NH2+])C(=O)N[C@@H](CCCNC(N)=[NH2+])C(=O)N[C@@H](CCSC)C(=O)N[C@@H](CCCC[NH3+])C(=O)N[C@@H](Cc1c[nH]c2ccccc12)C(=O)N[C@@H](CCCC[NH3+])C(=O)N[C@H](C=O)CCCC[NH3+],1,8.320317,2
CC[C@H](C)[C@H](NC(=O)[C@H](CCCC[NH3+])NC(=O)[C@@H](NC(=O)[C@H](CCC(N)=O)NC(=O)[C@@H](N)CCCNC(N)=[NH2+])[C@@H](C)CC)C(=O)N[C@H](C=O)Cc1c[nH]c2ccccc12,1,7.320236,2
NC(=[NH2+])NCCC[C@H](NC(=O)[C@@H](N)CS)C(=O)N[C@H](Cc1c[nH]c2ccccc12)C(=O)N[C@@H](CCCNC(N)=[NH2+])C(=O)N[C@@H](Cc1c[nH]c2ccccc12)C(=O)N[C@@H](CCCC[NH3+])C(=O)N[C@@H](CS)C(=O)N[C@@H](CS)C(=O)N[C@@H](CCCC[NH3+])C(=O)N[C@H](C=O)CCCC[NH3+],1,4.569274,2
CC[C@H](C)[C@H](NC(=O)[C@H](CCCC[NH3+])NC(=O)[C@@H](NC(=O)[C@H](CCC(N)=O)NC(=O)[C@@H]([NH3+])CCCNC(N)=[NH2+])[C@@H](C)CC)C(=O)N[C@@H](Cc1c[nH]c2ccccc12)C(=O)N[C@@H](Cc1ccccc1)C(=O)N[C@@H](CCC(N)=O)C(=O)N[C@@H](CC(N)=O)C(=O)N[C@@H](CCCNC(N)=[NH2+])C(=O)N[C@@H](CCCNC(N)=[NH2+])C(=O)N[C@@H](CCSC)C(=O)N[C@@H](CCCC[NH3+])C(=O)N[C@@H](Cc1c[nH]c2ccccc12)C(=O)N[C@@H](CCCC[NH3+])C(=O)N[C@@H](CCCC[NH3+])C(=O)O,1,2.8245351,2
CC(C)C[C@@H](C=O)NC(=O)[C@@H](NC(=O)[C@@H](NC(=O)[C@H](CC(C)C)NC(=O)[C@@H](NC(=O)[C@H](CCCC[NH3+])NC(=O)[C@H](C)NC(=O)[C@H](CC(C)C)NC(=O)[C@H](CCCC[NH3+])NC(=O)[C@@H](NC(=O)[C@H](CC(C)C)NC(=O)[C@H](C)NC(=O)[C@@H](NC(=O)[C@H](C)NC(=O)[C@H](CC(C)C)NC(=O)[C@@H](NC(=O)[C@H](CCCC[NH3+])NC(=O)[C@@H](N)CC(C)C)[C@@H](C)O)[C@@H](C)O)[C@@H](C)O)[C@@H](C)O)[C@@H](C)O)[C@@H](C)O,1,3.4636388,2
CC(=O)NCC(=O)N[C@@H](CCCNC(N)=[NH2+])C(=O)NCC(=O)N[C@@H](CC(=O)O)C(=O)NCC(=O)N1CCC[C@H]1C(=O)N[C@@H](CCCNC(N)=[NH2+])C(=O)N[C@@H](CCCNC(N)=[NH2+])C(=O)N[C@@H](CCCC[NH3+])C(=O)N[C@@H](CCCC[NH3+])C(=O)N[C@@H](CCCC[NH3+])C(=O)N[C@@H](CCCC[NH3+])C(=O)NCC(=O)N1CCC[C@H]1C(=O)N[C@@H](CCCNC(N)=[NH2+])C(=O)N[C@@H](CCCNC(N)=[NH2+])C(=O)N[C@@H](CCCC[NH3+])C(=O)N[C@@H](CCCC[NH3+])C(=O)N[C@@H](CCCC[NH3+])C(=O)N[C@@H](CCCC[NH3+])C(=O)NCC(=O)N1CCC[C@H]1C(=O)N[C@@H](CCCNC(N)=[NH2+])C(=O)N[C@H](C=O)CCCNC(N)=[NH2+],1,7.235027,2
N=C(N)NCCC[C@@H](C=O)NC(=O)[C@H](CCCNC(=N)N)NC(=O)[C@H](CCCNC(=N)N)NC(=O)[C@H](CCCNC(=N)N)NC(=O)[C@H](CCCNC(=N)N)NC(=O)[C@H](CCCNC(=N)N)NC(=O)[C@H](CCCNC(=N)N)NC(=O)[C@H](CCCNC(=N)N)NC(=O)[C@H](CCCNC(=N)N)NC(=O)[C@H](CCCNC(=N)N)NC(=O)[C@H](CCCNC(=N)N)NC(=O)[C@H](CCCNC(=N)N)NC(=O)[C@H](CCCNC(=N)N)NC(=O)[C@H](CCCNC(=N)N)NC(=O)[C@H](CCCNC(=N)N)NC(=O)[C@H](Cc1c[nH]cn1)NC(=O)[C@H](Cc1c[nH]cn1)NC(=O)[C@H](Cc1c[nH]cn1)NC(=O)[C@H](Cc1c[nH]cn1)NC(=O)[C@H](Cc1c[nH]cn1)NC(=O)[C@H](Cc1c[nH]cn1)NC(=O)[C@H](Cc1c[nH]cn1)NC(=O)[C@H](Cc1c[nH]cn1)NC(=O)[C@H](Cc1c[nH]cn1)NC(=O)[C@H](Cc1c[nH]cn1)NC(=O)[C@H](Cc1c[nH]cn1)NC(=O)[C@H](Cc1c[nH]cn1)NC(=O)[C@H](Cc1c[nH]cn1)NC(=O)[C@H](Cc1c[nH]cn1)NC(=O)[C@H](Cc1c[nH]cn1)NC(=O)[C@H](Cc1c[nH]cn1)NC(=O)[C@H](Cc1c[nH]cn1)NC(=O)[C@H](Cc1c[nH]cn1)NC(=O)[C@H](Cc1c[nH]cn1)NC(=O)[C@@H](N)Cc1c[nH]cn1,1,6.5840697,2
CC(C)C[C@H](NC(=O)[C@H](C)NC(=O)[C@@H](NC(=O)[C@@H](NC(=O)[C@H](CCCC[NH3+])NC(=O)[C@H](CC(C)C)NC(=O)[C@@H](N)CC(C)C)[C@@H](C)O)[C@@H](C)O)C(=O)N[C@@H](CC(C)C)C(=O)N[C@@H](CCCC[NH3+])C(=O)N[C@H](C(=O)N[C@H](C(=O)N[C@@H](C)C(=O)N[C@@H](CC(C)C)C(=O)N[C@@H](CC(C)C)C(=O)N[C@@H](CCCC[NH3+])C(=O)N[C@H](C(=O)N[C@H](C(=O)N[C@@H](C)C=O)[C@@H](C)O)[C@@H](C)O)[C@@H](C)O)[C@@H](C)O,1,3.3503978,2
NC(=[NH2+])NCCC[C@H](NC(=O)CNC(=O)[C@@H](N)CCCC[NH3+])C(=O)N[C@@H](CCCC[NH3+])C(=O)N[C@@H](CCCC[NH3+])C(=O)N[C@@H](CCCNC(N)=[NH2+])C(=O)N[C@@H](CCCNC(N)=[NH2+])C(=O)N[C@@H](CCC(N)=O)C(=O)N[C@@H](CCCNC(N)=[NH2+])C(=O)N[C@@H](CCCNC(N)=[NH2+])C(=O)N[C@@H](CCCNC(N)=[NH2+])C(=O)N1CCC[C@H]1C(=O)N1CCC[C@H]1C(=O)N[C@H](C=O)CCC(N)=O,1,8.418988,2
NCC(=O)N[C@@H](CCCNC(N)=[NH2+])C(=O)N[C@@H](CCCC[NH3+])C(=O)N[C@@H](CCCC[NH3+])C(=O)N[C@@H](CCCNC(N)=[NH2+])C(=O)N[C@@H](CCCNC(N)=[NH2+])C(=O)N[C@@H](CCC(N)=O)C(=O)N[C@@H](CCCNC(N)=[NH2+])C(=O)N[C@@H](CCCNC(N)=[NH2+])C(=O)N[C@@H](CCCNC(N)=[NH2+])C(=O)N1CCC[C@H]1C(=O)N[C@@H](Cc1c[nH]c2ccccc12)C(=O)N[C@H](C=O)CCC(N)=O,1,6.9663067,2
CC[C@H](C)[C@@H](C=O)NC(=O)[C@H](CC(C)C)NC(=O)[C@H](Cc1ccc(O)cc1)NC(=O)[C@@H](NC(=O)[C@H](Cc1ccccc1)NC(=O)[C@@H]1CCCN1)C(C)C,1,0.8002047,2
N[C@@H](CCCC[NH3+])C(=O)N[C@@H](CCCC[NH3+])C(=O)N[C@@H](CCCC[NH3+])C(=O)N[C@@H](CCCC[NH3+])C(=O)N[C@@H](CCCC[NH3+])C(=O)N[C@@H](CCCC[NH3+])C(=O)N[C@@H](CCCC[NH3+])C(=O)N[C@@H](CCCC[NH3+])C(=O)N[C@H](C=O)CCCC[NH3+],1,6.9081135,2
CC(=O)N[C@@H](CCCC[NH3+])C(=O)N[C@@H](CCC(=O)O)C(=O)N[C@H](C(=O)N[C@@H](Cc1c[nH]c2ccccc12)C(=O)N[C@@H](Cc1c[nH]c2ccccc12)C(=O)N[C@@H](CCC(=O)O)C(=O)N[C@H](C(=O)N[C@@H](Cc1c[nH]c2ccccc12)C(=O)N[C@@H](Cc1c[nH]c2ccccc12)C(=O)N[C@H](C(=O)N[C@@H](CCC(=O)O)C(=O)N[C@@H](Cc1c[nH]c2ccccc12)C(=O)N[C@@H](CO)C(=O)N[C@@H](CCC(N)=O)C(=O)N1CCC[C@H]1C(=O)N[C@@H](CCCC[NH3+])C(=O)N[C@@H](CCCC[NH3+])C(=O)N[C@@H](CCCC[NH3+])C(=O)N[C@@H](CCCNC(N)=[NH2+])C(=O)N[C@@H](CCCC[NH3+])C(=O)N[C@H](C(N)=O)C(C)C)[C@@H](C)O)[C@@H](C)O)[C@@H](C)O,1,-2.5551438,2
NC(=[NH2+])NCCC[C@@H](C=O)NC(=O)[C@H](CCCNC(N)=[NH2+])NC(=O)[C@H](CCCNC(N)=[NH2+])NC(=O)[C@H](CCCNC(N)=[NH2+])NC(=O)[C@H](CCCNC(N)=[NH2+])NC(=O)[C@H](CCCNC(N)=[NH2+])NC(=O)[C@H](CCCNC(N)=[NH2+])NC(=O)[C@H](CCCNC(N)=[NH2+])NC(=O)[C@@H](N)CCCNC(N)=[NH2+],1,7.488207,2
CC[C@H](C)[C@H](NC(=O)[C@H](CCCC[NH3+])NC(=O)[C@@H](NC(=O)[C@H](CCC(N)=O)NC(=O)[C@H](CCCNC(N)=[NH2+])NC(=O)[C@@H](N)CS)[C@@H](C)CC)C(=O)N[C@@H](Cc1c[nH]c2ccccc12)C(=O)N[C@@H](Cc1ccccc1)C(=O)N1CCC[C@H]1C(=O)N[C@@H](CC(N)=O)C(=O)N[C@@H](CCCNC(N)=[NH2+])C(=O)N[C@@H](CCCNC(N)=[NH2+])C(=O)N[C@@H](CCSC)C(=O)N[C@@H](CCCC[NH3+])C(=O)N[C@@H](Cc1c[nH]c2ccccc12)C(=O)N[C@@H](CCCC[NH3+])C(=O)N[C@@H](CCCC[NH3+])C(=O)N[C@H](C=O)CS,1,6.3899727,2
NCC(=O)N[C@@H](CCCNC(N)=[NH2+])C(=O)N[C@@H](CCCC[NH3+])C(=O)N[C@@H](CCCC[NH3+])C(=O)N[C@@H](CCCNC(N)=[NH2+])C(=O)N[C@@H](CCCNC(N)=[NH2+])C(=O)N[C@@H](CCC(N)=O)C(=O)N[C@@H](CCCNC(N)=[NH2+])C(=O)N[C@@H](CCCNC(N)=[NH2+])C(=O)N[C@@H](CCCNC(N)=[NH2+])C(=O)N1CCC[C@H]1C(=O)N1CCC[C@H]1C(=O)N[C@H](C=O)CCC(N)=O,1,8.144337,2
CC(C)C[C@H](NC(=O)CN)C(=O)N[C@@H](Cc1c[nH]c2ccccc12)C(=O)N[C@@H](CCCNC(N)=[NH2+])C(=O)N[C@@H](C)C(=O)N[C@@H](CC(C)C)C(=O)N[C@@H](Cc1c[nH]c2ccccc12)C(=O)N[C@@H](CCCNC(N)=[NH2+])C(=O)N[C@@H](C)C(=O)N[C@@H](CC(C)C)C(=O)N[C@@H](Cc1c[nH]c2ccccc12)C(=O)N[C@@H](CCCNC(N)=[NH2+])C(=O)N[C@@H](CO)C(=O)N[C@@H](CC(C)C)C(=O)N[C@@H](Cc1c[nH]c2ccccc12)C(=O)N[C@@H](CCCC[NH3+])C(=O)N[C@@H](CCCC[NH3+])C(=O)N[C@@H](CCCC[NH3+])C(=O)N[C@@H](CCCNC(N)=[NH2+])C(=O)N[C@@H](CCCC[NH3+])C(=O)N[C@H](C=O)C(C)C,1,6.667589,2
NC(=[NH2+])NCCC[C@H](NC(=O)[C@H](CCCNC(N)=[NH2+])NC(=O)[C@H](CCCNC(N)=[NH2+])NC(=O)[C@H](CCCNC(N)=[NH2+])NC(=O)[C@H](CCCNC(N)=[NH2+])NC(=O)[C@H](CCCNC(N)=[NH2+])NC(=O)[C@@H](N)CCCNC(N)=[NH2+])C(=O)N[C@H](C=O)Cc1c[nH]c2ccccc12,1,6.829256,2
CC[C@H](C)[C@H](NC(=O)[C@H](CCCNC(N)=[NH2+])NC(=O)[C@H](CCCNC(N)=[NH2+])NC(=O)[C@H](CCCNC(N)=[NH2+])NC(=O)[C@H](CC(C)C)NC(=O)[C@@H](NC(=O)[C@@H](NC(=O)[C@H](CC(C)C)NC(=O)[C@@H](N)CC(C)C)[C@@H](C)CC)[C@@H](C)CC)C(=O)N[C@@H](CCCNC(N)=[NH2+])C(=O)N[C@@H](CCCC[NH3+])C(=O)N[C@@H](CCC(N)=O)C(=O)N[C@@H](C)C(=O)NC(CC1CNCN1)C(O)N[C@@H](C)C(=O)NC(CC1CNCN1)C(O)N[C@@H](CO)C(=O)N[C@@H](C)C=O,1,6.365183,2
CC(C)[C@@H](C=O)NC(=O)[C@H](CCCC[NH3+])NC(=O)[C@H](CCCNC(N)=[NH2+])NC(=O)[C@H](CCCC[NH3+])NC(=O)[C@H](CO)NC(=O)[C@H](CCCC[NH3+])NC(=O)[C@H](CCCC[NH3+])NC(=O)[C@H](Cc1ccccc1)NC(=O)[C@H](CCCNC(N)=[NH2+])NC(=O)[C@@H](N)Cc1c[nH]c2ccccc12,1,3.0049782,2
CC(C)C[C@H](NC(=O)[C@H](C)NC(=O)[C@H](CC(C)C)NC(=O)[C@H](CCCC[NH3+])NC(=O)[C@H](CC(C)C)NC(=O)[C@H](CCCC[NH3+])NC(=O)[C@H](CC(C)C)NC(=O)[C@H](C)NC(=O)[C@@H](N)CCCC[NH3+])C(=O)N[C@@H](C)C(=O)N[C@@H](CC(C)C)C(=O)N[C@@H](CC(C)C)C(=O)N[C@@H](C)C(=O)N[C@@H](CCCC[NH3+])C(=O)N[C@@H](CC(C)C)C(=O)N[C@@H](CCCC[NH3+])C(=O)N[C@@H](CC(C)C)C(=O)N[C@@H](C)C(N)=O,1,3.2704687,2
CC[C@H](C)[C@H](NC(=O)[C@H](CCCC[NH3+])NC(=O)[C@@H](NC(=O)[C@H](CCC(N)=O)NC(=O)[C@@H](N)CCCNC(N)=[NH2+])[C@@H](C)CC)C(=O)N[C@@H](C)C(=O)N[C@@H](Cc1ccccc1)C(=O)N[C@@H](CCC(N)=O)C(=O)N[C@@H](CC(N)=O)C(=O)N[C@@H](CCCNC(N)=[NH2+])C(=O)N[C@@H](CCCNC(N)=[NH2+])C(=O)N[C@@H](CCSC)C(=O)N[C@@H](CCCC[NH3+])C(=O)N[C@@H](Cc1c[nH]c2ccccc12)C(=O)N[C@@H](CCCC[NH3+])C(=O)N[C@H](C=O)CCCC[NH3+],1,8.512022,2
CC(C)C[C@H](NC(=O)CNC(=O)[C@H](CCCC[NH3+])NC(=O)[C@H](CC(C)C)NC(=O)CNC(=O)[C@H](CC(C)C)NC(=O)[C@H](CCCC[NH3+])NC(=O)[C@H](CC(C)C)NC(=O)CNC(=O)[C@H](CC(C)C)NC(=O)[C@@H](N)CCCC[NH3+])C(=O)N[C@@H](CCCC[NH3+])C(=O)NCC(=O)NCC(=O)N[C@@H](CC(C)C)C(=O)N[C@@H](CCCC[NH3+])C(=O)N[C@@H](CC(C)C)C(=O)NCC=O,1,1.9048687,2
C[C@H](N)C(=O)N[C@@H](CS)C(=O)N[C@@H](CO)C(=O)NCC(=O)N[C@@H](CO)C(=O)NCC(=O)N[C@@H](CO)C(=O)NCC(=O)N[C@@H](CS)C(=O)NCC(=O)N[C@@H](CO)C(=O)NCC(=O)N[C@@H](CO)C(=O)NCC(=O)N[C@@H](CO)C(=O)N[C@@H](CS)C(=O)NCC(=O)N[C@@H](CCCNC(N)=[NH2+])C(=O)N[C@@H](CCCNC(N)=[NH2+])C(=O)N[C@@H](CCCNC(N)=[NH2+])C(=O)N[C@@H](CCCNC(N)=[NH2+])C(=O)N[C@@H](CCCNC(N)=[NH2+])C(=O)N[C@@H](CCCNC(N)=[NH2+])C(=O)N[C@@H](CCCNC(N)=[NH2+])C(=O)N[C@H](C=O)CCCNC(N)=[NH2+],1,6.443727,2
CC[C@H](C)[C@H](NC(=O)[C@H](CCCNC(N)=[NH2+])NC(=O)[C@H](C)NC(O)C(N)CC1CNCN1)C(=O)N[C@@H](CCCC[NH3+])C(=O)N1CCC[C@H]1C(=O)N[C@H](C(=O)N[C@@H](Cc1ccccc1)C(=O)N[C@@H](CCCNC(N)=[NH2+])C(=O)N[C@@H](CCCNC(N)=[NH2+])C(=O)N[C@@H](CC(C)C)C(=O)N[C@@H](CCCC[NH3+])C(=O)N[C@@H](Cc1c[nH]c2ccccc12)C(=O)N[C@@H](CCCC[NH3+])C(=O)N[C@@H](Cc1ccc(O)cc1)C(=O)N[C@@H](CCCC[NH3+])C(=O)NCC(=O)N[C@@H](CCCC[NH3+])C(=O)N[C@@H](Cc1ccccc1)C(=O)N[C@H](C=O)Cc1c[nH]c2ccccc12)[C@@H](C)O,1,5.007696,2
CC(C)[C@@H](C=O)NC(=O)[C@H](CCCC[NH3+])NC(=O)[C@H](CCCNC(N)=[NH2+])NC(=O)[C@H](CCCC[NH3+])NC(=O)[C@H](CCCC[NH3+])NC(=O)[C@H](CCCC[NH3+])NC(=O)[C@@H]1CCCN1C(=O)[C@H](CCC(N)=O)NC(=O)[C@H](CO)NC(=O)[C@H](Cc1c[nH]c2ccccc12)NC(=O)[C@H](CCC(=O)O)NC(=O)[C@@H](NC(=O)[C@H](Cc1c[nH]c2ccccc12)NC(=O)[C@H](Cc1c[nH]c2ccccc12)NC(=O)[C@@H](NC(=O)[C@H](CCC(=O)O)NC(=O)[C@H](Cc1c[nH]c2ccccc12)NC(=O)[C@H](Cc1c[nH]c2ccccc12)NC(=O)[C@@H](NC(=O)[C@H](CCC(=O)O)NC(=O)[C@@H](N)CCCC[NH3+])[C@@H](C)O)[C@@H](C)O)[C@@H](C)O,1,2.0329366,2
CC(C)C[C@H](NC(=O)[C@H](C)NC(=O)[C@H](CCCC[NH3+])NC(=O)[C@H](CC(C)C)NC(=O)[C@H](C)NC(=O)[C@H](CC(C)C)NC(=O)[C@@H](N)CCCC[NH3+])C(=O)N[C@@H](CCCC[NH3+])C(=O)N[C@@H](C)C(=O)N[C@@H](C)C(=O)N[C@@H](CC(C)C)C(=O)N[C@@H](CCCC[NH3+])C(=O)N[C@@H](CC(C)C)C(=O)N[C@@H](C)C=O,1,5.2325974,2
CSCC[C@H](NC(=O)[C@H](CC(C)C)NC(=O)CNC(=O)[C@H](Cc1ccccc1)NC(=O)[C@H](Cc1ccccc1)NC(=O)[C@H](CCC(N)=O)NC(=O)[C@H](CCC(N)=O)NC(=O)[C@H](CC(C)C)NC(=O)[C@H](CC(C)C)NC(=O)[C@H](CCCC[NH3+])NC(=O)[C@H](Cc1c[nH]c2ccccc12)NC(=O)[C@@H](NC(=O)[C@H](CCCC[NH3+])NC(=O)[C@H](CCCNC(N)=[NH2+])NC(=O)[C@H](CCCC[NH3+])NC(=O)[C@H](CCCC[NH3+])NC(=O)[C@H](CCCC[NH3+])NC(=O)[C@@H]1CCCN1)C(C)C)C(N)=O,1,-3.895088,2
CC[C@H](C)[C@H](NC(=O)[C@H](C)NC(=O)[C@H](Cc1ccccc1)NC(=O)[C@@H](NC(=O)[C@@H](NC(=O)[C@@H](N)CCSC)[C@@H](C)CC)[C@@H](C)CC)C(=O)N[C@@H](C)C(=O)N[C@@H](C)C(=O)N[C@@H](CO)C(=O)NC(CC1CNCN1)C(O)N[C@@H](CCCC[NH3+])C(=O)N[C@H](C=O)CCCC[NH3+],1,8.348405,2
CC[C@H](C)[C@H](NC(=O)[C@H](CCCNC(N)=[NH2+])NC(=O)[C@H](Cc1ccc(O)cc1)NC(O)C(N)CC1CNCN1)C(=O)N[C@@H](CCCC[NH3+])C(=O)N1CCC[C@H]1C(=O)N[C@H](C(=O)N[C@@H](Cc1ccccc1)C(=O)N[C@@H](CCCNC(N)=[NH2+])C(=O)N[C@@H](CCCNC(N)=[NH2+])C(=O)N[C@@H](CC(C)C)C(=O)N[C@@H](CCCC[NH3+])C(=O)N[C@@H](Cc1c[nH]c2ccccc12)C(=O)N[C@@H](CCCC[NH3+])C(=O)N[C@@H](Cc1ccc(O)cc1)C(=O)N[C@@H](CCCC[NH3+])C(=O)NCC(=O)N[C@@H](CCCC[NH3+])C(=O)N[C@@H](Cc1ccccc1)C(=O)N[C@@H](C)C=O)[C@@H](C)O,1,2.377465,2
NC(=[NH2+])NCCC[C@H](NC(=O)[C@H](CCCNC(N)=[NH2+])NC(=O)[C@H](CCCNC(N)=[NH2+])NC(=O)[C@H](CCC(N)=O)NC(=O)[C@H](CCCNC(N)=[NH2+])NC(=O)[C@H](CCCNC(N)=[NH2+])NC(=O)[C@H](CCCC[NH3+])NC(=O)[C@H](CCCC[NH3+])NC(=O)[C@H](CCCNC(N)=[NH2+])NC(=O)CNC(=O)[C@@H](N)Cc1ccc(O)cc1)C(N)=O,1,0.65843445,2
CCC[C@H](NC(=O)[C@H](CS)NC(=O)[C@@H](NC(=O)CNC(=O)CN)C(C)C)C(=O)N[C@@H](CCCCN)C(=O)N[C@H](C(=O)N[C@@H](CC(C)C)C(=O)N[C@@H](C)C(=O)N[C@@H](CCCCN)C(=O)N[C@H]1C[SH]2[SH]3C[C@@H](C(=O)NCC(=O)N[C@@H](CO)C(=O)NCC(=O)N[C@@H](CO)C(=O)N[C@H](C=O)CC(=O)O)NC(=O)[C@H](Cc4ccc(O)cc4)NC(=O)CNC(=O)[C@H](CC(N)=O)NC(=O)CNC(=O)[C@H](CCCNC(=N)N)NC(=O)[C@@H]4CSS32C[C@H](NC(=O)[C@H](CC(=O)O)NC(=O)[C@H](CO)NC(=O)[C@H](CC(=O)O)NC(=O)[C@H](CCCNC(=N)N)NC(=O)[C@H](CCCNC(=N)N)NC1=O)C(=O)N1CCC[C@H]1C(=O)NCC(=O)N[C@@H](C)C(=O)N[C@@H](CS)C(=O)N[C@@H]([C@@H](C)CC)C(=O)N4)[C@@H](C)CC,1,0.28641364,2
CC[C@H](C)[C@H](NC(=O)[C@H](CCCC[NH3+])NC(=O)[C@@H](NC(=O)[C@H](CCC(N)=O)NC(=O)[C@@H]([NH3+])CCCNC(N)=[NH2+])[C@@H](C)CC)C(=O)N[C@@H](Cc1c[nH]c2ccccc12)C(=O)N[C@@H](Cc1ccccc1)C(=O)N[C@@H](CCC(N)=O)C(=O)N[C@@H](CC(N)=O)C(=O)N[C@@H](CCCNC(N)=[NH2+])C(=O)N[C@@H](CCCNC(N)=[NH2+])C(=O)N[C@@H](CCSC)C(=O)N[C@@H](CCCC[NH3+])C(=O)N[C@@H](Cc1c[nH]c2ccccc12)C(=O)N[C@@H](CCCC[NH3+])C(=O)N[C@@H](CCCC[NH3+])C(=O)O,1,2.8245351,2
CC[C@H](C)[C@H](NC(=O)[C@H](CCCC[NH3+])NC(=O)[C@@H](NC(=O)[C@H](CCC(N)=O)NC(=O)[C@@H]([NH3+])CCCNC(N)=[NH2+])[C@@H](C)CC)C(=O)N[C@@H](Cc1c[nH]c2ccccc12)C(=O)N[C@@H](Cc1ccccc1)C(=O)N[C@@H](CCC(N)=O)C(=O)N[C@@H](CC(N)=O)C(=O)N[C@@H](CCCNC(N)=[NH2+])C(=O)N[C@@H](CCCNC(N)=[NH2+])C(=O)N[C@@H](CCSC)C(=O)N[C@@H](CCCC[NH3+])C(=O)N[C@@H](Cc1c[nH]c2ccccc12)C(=O)N[C@@H](CCCC[NH3+])C(=O)N[C@@H](CCCC[NH3+])C(=O)O,1,2.8245351,2
NC(=[NH2+])NCCC[C@@H](C=O)NC(=O)[C@H](CCCNC(N)=[NH2+])NC(=O)[C@H](CCCNC(N)=[NH2+])NC(=O)[C@H](CCC(N)=O)NC(=O)[C@H](CCCNC(N)=[NH2+])NC(=O)[C@H](CCCNC(N)=[NH2+])NC(=O)[C@H](CCCC[NH3+])NC(=O)[C@H](CCCC[NH3+])NC(=O)[C@H](CCCNC(N)=[NH2+])NC(=O)CNC(=O)[C@@H](N)Cc1ccc(O)cc1,1,6.44524,2
NC(=[NH2+])NCCC[C@@H](N)C(=O)N[C@H](CCCNC(N)=[NH2+])C(=O)N[C@H](CCCNC(N)=[NH2+])C(=O)N[C@H](CCCNC(N)=[NH2+])C(=O)N[C@H](CCCNC(N)=[NH2+])C(=O)N[C@H](CCCNC(N)=[NH2+])C(=O)N[C@H](CCCNC(N)=[NH2+])C(=O)N[C@@H](C=O)CCCNC(N)=[NH2+],1,8.143751,2
CC[C@H](C)[C@H](NC(=O)[C@@H](NC(=O)[C@H](CO)NC(=O)[C@H](C)NC(=O)[C@@H](NC(=O)[C@H](CCCC[NH3+])NC(=O)[C@H](CCCC[NH3+])NC(=O)[C@@H](NC(=O)[C@@H](NC(=O)[C@H](CCCC[NH3+])NC(=O)[C@H](Cc1ccccc1)NC(=O)[C@H](CC(C)C)NC(=O)CN)C(C)C)[C@@H](C)CC)C(C)C)C(C)C)C(=O)NCC(=O)NCC(=O)N[C@@H](CC(C)C)C(N)=O,0,-6.211485,2
CC(C)[C@H](NC(=O)[C@H](CCCNC(N)=[NH2+])NC(=O)[C@H](CS)NC(=O)[C@H](C)NC(=O)[C@@H]1CCCN1C(O)C(CC1CNCN1)NC(=O)[C@H](CO)NC(=O)[C@H](CS)NC(=O)[C@H](CS)NC(=O)CN)C(=O)NC(CC1CNCN1)C(O)N[C@@H](Cc1ccc(O)cc1)C(=O)N1CCC[C@H]1C(=O)NC(CC1CNCN1)C(O)N[C@H](C(=O)N[C@@H](CS)C(=O)N[C@@H](Cc1ccc(O)cc1)C(N)=O)C(C)C,0,-7.1193943,2
CSCC[C@H](NC(=O)[C@H](C)NC(C)=O)C(=O)N[C@H](C(=O)N[C@@H](CO)C(=O)N[C@H](C=O)CO)C(C)C,0,0.56737447,2
CSCC[C@H](NC(=O)CNC(=O)[C@H](Cc1ccccc1)NC(=O)CN)C(=O)N[C@@H](C)C(=O)N[C@@H](CC(C)C)C(=O)NC(CCC[NH3+])C(O)N[C@@H](CC(C)C)C(=O)N[C@@H](CC(C)C)C(=O)NC(CCC[NH3+])C(O)NC(CCC[NH3+])C(O)N[C@H](C(=O)N[C@@H](CC(C)C)C(N)=O)C(C)C,0,-6.3049564,2
CC[C@H](C)[C@H](NC(=O)CNC(=O)[C@H](CCCC[NH3+])NC(=O)[C@@H](NC(=O)[C@H](CC(C)C)NC(=O)[C@H](CO)NC(=O)CNC(=O)[C@H](CC(C)C)NC(=O)CNC(=O)[C@H](C)NC(=O)[C@H](CCCC[NH3+])NC(=O)[C@H](Cc1ccccc1)NC(=O)[C@@H](NC(=O)[C@H](CC(=O)O)NC(=O)[C@H](CCCC[NH3+])NC(=O)[C@H](CC(C)C)NC(=O)CN)[C@@H](C)CC)C(C)C)C(=O)N[C@@H](C)C(=O)N[C@@H](C)C(=O)NC(CC1CNCN1)C(O)N[C@H](C(=O)N[C@@H](C)C(=O)N[C@@H](CC(N)=O)C(N)=O)C(C)C,0,-5.981196,2
CC(C)[C@H](N)C(=O)NCC(=O)N[C@@H](CCC(=O)O)C(=O)N[C@@H](C)C(=O)N[C@@H](CS)C(=O)N[C@@H](CS)C(=O)N[C@@H](CCCC[NH3+])C(=O)N[C@@H](CC(N)=O)C(=O)NCC(=O)N[C@@H](CCCC[NH3+])C(=O)N[C@@H](CCCNC(N)=[NH2+])C(=O)NCC(=O)N[C@@H](CS)C(=O)NCC(=O)N[C@@H](CCCNC(N)=[NH2+])C(=O)N[C@@H](Cc1c[nH]c2ccccc12)C(=O)N[C@@H](CS)C(=O)N[C@@H](CCCNC(N)=[NH2+])C(=O)N[C@@H](CC(=O)O)C(=O)NC(CC1CNCN1)C(O)N[C@@H](CO)C(=O)N[C@@H](CCCNC(N)=[NH2+])C(=O)N[C@@H](CS)C(=O)N[C@@H](CS)C(N)=O,0,-5.7051134,2
CC[C@H](C)[C@H](NC(=O)[C@H](Cc1ccccc1)NC(=O)[C@H](CO)NC(=O)[C@H](CCCC[NH3+])NC(=O)[C@H](Cc1c[nH]c2ccccc12)NC(=O)[C@@H](N)CCCC[NH3+])C(=O)N[C@@H](CCCC[NH3+])C(=O)N[C@@H](CCCC[NH3+])C(=O)N[C@@H](CC(C)C)C(=O)N[C@H](C(=O)N[C@@H](CO)C(=O)N[C@@H](CCCC[NH3+])C(=O)N[C@@H](Cc1ccccc1)C(=O)N[C@@H](CC(C)C)C(=O)NC(CC1CNCN1)C(O)N[C@@H](CO)C(=O)N[C@@H](C)C(=O)N[C@@H](CC(=O)O)C(=O)N[C@@H](CCCC[NH3+])C(=O)N[C@@H](Cc1ccccc1)C(N)=O)[C@@H](C)O,0,-5.242739,2
CC[C@H](C)[C@H](NC(=O)[C@H](CC(C)C)NC(=O)[C@H](CCCC[NH3+])NC(=O)CNC(=O)[C@H](CC(C)C)NC(=O)[C@@H](NC(=O)[C@H](CCCC[NH3+])NC(=O)[C@H](CCCC[NH3+])NC(=O)[C@H](Cc1c[nH]c2ccccc12)NC(=O)[C@H](CCCC[NH3+])NC(=O)CN)[C@@H](C)CC)C(=O)N[C@@H](CCCNC(N)=[NH2+])C(N)=O,0,-5.798147,2
CC[C@H](C)[C@H](NC(=O)[C@H](CO)NC(=O)[C@H](C)NC(=O)[C@@H](NC(=O)[C@H](CCCC[NH3+])NC(=O)[C@H](CCCC[NH3+])NC(=O)[C@H](Cc1c[nH]c2ccccc12)NC(=O)[C@@H](NC(=O)[C@@H](N)CC(N)=O)[C@@H](C)CC)[C@@H](C)CC)C(=O)N[C@@H](C)C(=O)N[C@@H](CCCC[NH3+])C(=O)N[C@@H](CCC(=O)O)C(=O)N[C@H](C(=O)N[C@@H](CC(C)C)C(=O)N[C@@H](CCCC[NH3+])C(=O)N[C@@H](C)C(=O)N[C@@H](CC(C)C)C(N)=O)C(C)C,0,-3.8867078,2
CC[C@H](C)[C@H](NC(=O)[C@H](CCCC[NH3+])NC(=O)CNC(=O)[C@H](CC(C)C)NC(=O)[C@H](CO)NC(=O)[C@H](CCCC[NH3+])NC(=O)[C@H](CCCC[NH3+])NC(=O)[C@H](Cc1c[nH]c2ccccc12)NC(=O)[C@H](CO)NC(=O)[C@@H](N)C(C)C)C(=O)N[C@H](C(=O)N[C@@H](CCCC[NH3+])C(=O)N[C@H](C(=O)N[C@H](C(=O)N[C@@H](CCCC[NH3+])C(N)=O)C(C)C)C(C)C)[C@@H](C)CC,0,-5.418786,2
CSCC[C@H](N)C(=O)N[C@@H](CS)C(=O)N1CCC[C@H]1C(=O)N1CCC[C@H]1C(=O)N[C@@H](CC(C)C)C(=O)N[C@@H](CS)C(=O)N[C@@H](C)C(=O)N1CCC[C@H]1C(=O)N[C@@H](CO)C(=O)N[C@@H](CS)C(=O)N[C@H](C(=O)N[C@@H](CC(N)=O)C(=O)N[C@@H](CS)C(N)=O)[C@@H](C)O,0,-7.06083,2
CC[C@H](C)[C@H](N)C(=O)N[C@@H](CC(C)C)C(=O)N1CCC[C@H]1C(=O)N[C@@H](Cc1c[nH]c2ccccc12)C(=O)N[C@@H](CCCC[NH3+])C(=O)N[C@@H](C)C(=O)N1CCC[C@H]1C(=O)N[C@@H](C)C(=O)N[C@@H](C)C(=O)N1CCC[C@H]1C(=O)N[C@@H](C)C(=O)N[C@@H](CCCNC(N)=[NH2+])C(=O)N[C@@H](CCCNC(N)=[NH2+])C(N)=O,0,-1.40907,2
CC[C@H](C)[C@H](NC(=O)[C@H](CO)NC(=O)[C@@H](NC(=O)[C@H](CS)NC(=O)[C@H](CCCC[NH3+])NC(=O)CNC(=O)[C@H](CCCNC(N)=[NH2+])NC(=O)[C@H](CO)NC(=O)[C@H](CS)NC(=O)[C@H](CCSC)NC(=O)[C@H](CC(C)C)NC(=O)CNC(=O)[C@H](CCSC)NC(=O)[C@H](CS)NC(=O)[C@H](CS)NC(=O)[C@@H](NC(O)C1CC(O)CN1C(O)C1CC(O)CN1C(=O)[C@H](CS)NC(=O)[C@H](CCCNC(N)=[NH2+])NC(=O)[C@H](CO)NC(=O)[C@H](CC(=O)O)NC(=O)[C@H](CCCNC(N)=[NH2+])NC(=O)CNC(=O)[C@H](CO)NC(=O)[C@H](CS)NC(=O)[C@@H](N)CO)C(C)C)C(C)C)C(=O)N[C@@H](Cc1ccc(O)cc1)C(=O)NCC(=O)N[C@H](C=O)CCC(=O)O,0,-4.113369,2
CC[C@H](C)[C@H](NC(=O)CN)C(=O)NCC(=O)N[C@@H](CO)C(=O)N[C@@H](C)C(=O)N[C@H](C(=O)N[C@@H](CC(C)C)C(=O)N[C@@H](CO)C(=O)N[C@@H](C)C(=O)NCC(=O)N[C@@H](CCCC[NH3+])C(=O)N[C@@H](CO)C(=O)N[C@@H](C)C(=O)N[C@@H](CC(C)C)C(=O)N[C@@H](CCCC[NH3+])C(=O)NCC(=O)N[C@@H](CC(C)C)C(=O)N[C@@H](C)C(=O)N[C@@H](CCCC[NH3+])C(=O)NCC(=O)N[C@@H](CC(C)C)C(=O)N[C@@H](C)C(=O)N[C@@H](CCC(=O)O)C(=O)NC(CC1CNCN1)C(O)N[C@@H](Cc1ccccc1)C(=O)N[C@@H](C)C(=O)N[C@@H](CC(N)=O)C(N)=O)[C@@H](C)CC,0,-4.99841,2
CC[C@H](C)[C@H](N)C(=O)N[C@@H](CC(C)C)C(=O)NCC(=O)N[C@@H](CCCC[NH3+])C(=O)N[C@@H](CC(C)C)C(=O)N[C@@H](CC(C)C)C(=O)N[C@@H](CCCC[NH3+])C(=O)N[C@H](C(=O)N[C@@H](C)C(=O)N[C@@H](C)C(=O)N[C@@H](CCCC[NH3+])C(=O)N[C@@H](CC(C)C)C(=O)N[C@@H](CC(C)C)C(=O)N[C@@H](CO)C(=O)N[C@@H](CC(N)=O)C(=O)N[C@@H](CC(C)C)C(N)=O)[C@@H](C)O,0,-3.323924,2
C[C@H](NC(=O)[C@@H]1CCCN1C(O)C(CC1CNCN1)NC(=O)[C@H](CS)NC(=O)[C@H](CS)NC(=O)[C@@H](N)CCC(=O)O)C(=O)N[C@@H](CS)C(=O)NCC(=O)N[C@@H](CCCC[NH3+])C(=O)NC(CC1CNCN1)C(O)N[C@@H](Cc1ccccc1)C(=O)N[C@@H](CO)C(=O)N[C@@H](CS)C(N)=O,0,-7.612871,2
C[C@H](NC(=O)[C@H](C)NC(=O)[C@H](CCCC[NH3+])NC(=O)[C@H](C)NC(=O)[C@H](Cc1ccccc1)NC(=O)[C@H](Cc1c[nH]c2ccccc12)NC(=O)[C@H](CCCC[NH3+])NC(=O)[C@H](Cc1ccccc1)NC(=O)[C@H](CCCC[NH3+])NC(=O)[C@H](CCCC[NH3+])NC(=O)[C@H](C)NC(=O)[C@H](Cc1ccccc1)NC(=O)[C@@H](N)CCCC[NH3+])C(=O)N[C@@H](Cc1ccccc1)C(=O)N[C@@H](CCCC[NH3+])C(=O)N[C@@H](Cc1ccccc1)C(=O)N[C@@H](Cc1ccccc1)C(=O)N[C@@H](CCCC[NH3+])C(=O)N[C@@H](CCCC[NH3+])C(N)=O,0,-2.7770672,2
CC(C)C[C@H](NC(=O)[C@H](CCCC[NH3+])NC(=O)[C@@H](N)CCCC[NH3+])C(=O)N[C@@H](Cc1ccccc1)C(=O)N[C@@H](CCCC[NH3+])C(=O)N[C@@H](CCCC[NH3+])C(=O)N[C@H](CC(C)C)C(=O)N[C@H](CC(C)C)C(=O)N[C@H](CCCC[NH3+])C(=O)N[C@H](Cc1ccc(O)cc1)C(=O)N[C@H](CC(C)C)C(N)=O,0,-3.2959237,2
CC[C@H](C)[C@H](NC(=O)[C@H](Cc1ccccc1)NC(=O)[C@H](CCCC[NH3+])NC(=O)[C@H](C)NC(=O)[C@@H](NC(=O)[C@H](CO)NC(=O)[C@H](CCCC[NH3+])NC(=O)[C@H](CCSC)NC(=O)[C@H](C)NC(=O)[C@H](CCCC[NH3+])NC(=O)[C@H](Cc1ccccc1)NC(=O)[C@H](Cc1c[nH]c2ccccc12)NC(=O)CNC(=O)[C@H](CCCC[NH3+])NC(=O)[C@@H](N)CCCNC(N)=[NH2+])[C@@H](C)CC)C(=O)N[C@@H](C)C(=O)N[C@@H](CCCC[NH3+])C(=O)N[C@@H](CCC(=O)O)C(=O)N[C@@H](CCCC[NH3+])C(=O)N[C@@H](CC(C)C)C(=O)N[C@@H](CCCC[NH3+])C(=O)N[C@@H](CCC(=O)O)C(=O)NC(CC1CNCN1)C(O)N[C@@H](CC(C)C)C(N)=O,0,-2.1763453,2
C[C@H](NC(=O)[C@H](C)NC(=O)[C@H](Cc1ccccc1)NC(=O)[C@H](C)NC(=O)[C@H](C)NC(=O)[C@H](Cc1c[nH]c2ccccc12)NC(=O)[C@H](C)NC(=O)[C@H](C)NC(=O)[C@H](Cc1ccccc1)NC(=O)[C@H](C)NC(=O)[C@H](C)NC(=O)[C@H](CCCC[NH3+])NC(=O)[C@H](CCCC[NH3+])NC(=O)[C@H](CCCC[NH3+])NC(=O)[C@H](CCCC[NH3+])NC(=O)[C@H](CCCC[NH3+])NC(=O)[C@@H](N)CCCC[NH3+])C(N)=O,0,-2.462205,2
CC(C)C[C@@H](NC(=O)[C@@H](C)NC(=O)[C@H]1CCCN1C(=O)[C@@H](CC(C)C)NC(=O)[C@@H](Cc1c[nH]c2ccccc12)NC(O)C(CC1CNCN1)NC(=O)[C@@H](CCCC[NH3+])NC(=O)[C@@H](CC(C)C)NC(=O)[C@@H](C)NC(=O)[C@@H](CCCC[NH3+])NC(=O)[C@@H](C)NC(=O)[C@@H](CC(C)C)NC(=O)[C@@H](C)NC(=O)[C@@H](CCCC[NH3+])NC(=O)[C@H](N)CCCC[NH3+])C(=O)NC(CC1CNCN1)C(O)N[C@H](CCCC[NH3+])C(=O)N[C@H](CC(C)C)C(=O)N[C@H](C)C(=O)N[C@H](CCCC[NH3+])C(=O)N[C@H](C)C(=O)N[C@H](CC(C)C)C(=O)N[C@H](C)C(=O)N[C@H](CCCC[NH3+])C(=O)N[C@H](CCCC[NH3+])C(N)=O,0,-0.21600422,2
CC[C@H](C)[C@H](NC(=O)CN)C(=O)NCC(=O)N[C@@H](C)C(=O)N[C@H](C(=O)N[C@@H](CC(C)C)C(=O)N[C@@H](CCCC[NH3+])C(=O)N[C@H](C(=O)N[C@@H](CC(C)C)C(=O)N[C@@H](C)C(=O)N[C@@H](CC(C)C)C(=O)N[C@H](C(=O)N[C@@H](CO)C(=O)N[C@@H](Cc1c[nH]c2ccccc12)C(=O)N[C@H](C(=O)N[C@@H](CCCC[NH3+])C(=O)N[C@@H](CCCNC(N)=[NH2+])C(=O)N[C@@H](CCCC[NH3+])C(=O)N[C@@H](CCCNC(N)=[NH2+])C(N)=O)[C@@H](C)CC)[C@@H](C)CC)C(C)C)C(C)C,0,-5.18997,2
CC[C@H](C)[C@H](NC(=O)[C@H](CCCC[NH3+])NC(=O)[C@H](CCCC[NH3+])NC(=O)[C@H](C)NC(=O)[C@@H](NC(=O)CNC(=O)[C@H](CCCNC(N)=[NH2+])NC(=O)[C@H](CC(C)C)NC(=O)[C@@H](NC(=O)[C@@H](N)CCCC[NH3+])[C@@H](C)CC)C(C)C)C(=O)N[C@@H](CCSC)C(=O)N[C@@H](CCCNC(N)=[NH2+])C(=O)N[C@H](C(=O)N[C@@H](Cc1ccccc1)C(=O)N[C@@H](CC(C)C)C(=O)N[C@@H](CCCNC(N)=[NH2+])C(=O)N[C@@H](CCCNC(N)=[NH2+])C(=O)N[C@H](C(=O)N[C@@H](CO)C(=O)N[C@@H](CCCC[NH3+])C(=O)N[C@@H](CC(=O)O)C(=O)N[C@H](C(=O)N[C@@H](CC(C)C)C(=O)N[C@H](C(=O)NCC(=O)N[C@@H](CCCC[NH3+])C(=O)N[C@@H](CCCC[NH3+])C(N)=O)[C@@H](C)O)[C@@H](C)CC)[C@@H](C)CC)[C@@H](C)O,0,-1.8184001,2
CC[C@H](C)[C@H](NC(=O)[C@H](C)NC(O)C(CC1CNCN1)NC(=O)[C@@H]1CCCN1C(=O)[C@@H](NC(=O)[C@H](CC(C)C)NC(=O)[C@H](CO)NC(=O)[C@H](CC(C)C)NC(=O)[C@@H](N)Cc1ccccc1)[C@@H](C)CC)C(=O)N[C@@H](CC(N)=O)C(=O)N[C@@H](C)C(=O)N[C@H](C(=O)N[C@@H](CO)C(=O)N[C@H](C(=O)N[C@@H](CC(C)C)C(=O)N[C@H](C(=O)NC(CC1CNCN1)C(O)NC(CC1CNCN1)C(O)N[C@@H](CO)C(N)=O)C(C)C)[C@@H](C)O)C(C)C,0,-6.12064,2
CC(C)C[C@H](NC(=O)[C@H](CCCC[NH3+])NC(=O)[C@H](Cc1ccc(O)cc1)NC(=O)CNC(=O)[C@H](CS)NC(=O)[C@H](CS)NC(=O)[C@@H](NC(=O)CNC(=O)[C@@H](N)CC(N)=O)C(C)C)C(=O)N[C@@H](CS)C(=O)NC(CC1CNCN1)C(O)N1CC(O)CC1C(O)N[C@H](C=O)CS,0,-3.4443605,2
CC[C@H](C)[C@H](N)C(=O)N[C@@H](Cc1c[nH]c2ccccc12)C(=O)N[C@@H](CC(C)C)C(=O)N[C@H](C(=O)N[C@@H](C)C(=O)N[C@@H](CC(C)C)C(=O)N[C@@H](CCCC[NH3+])C(=O)N[C@@H](Cc1ccccc1)C(=O)N[C@@H](CC(C)C)C(=O)NCC(=O)N[C@@H](CCCC[NH3+])C(=O)NC(CC1CNCN1)C(O)N[C@@H](C)C(=O)N[C@@H](C)C(=O)N[C@@H](CCCC[NH3+])C(=O)NC(CC1CNCN1)C(O)N[C@@H](CC(C)C)C(=O)N[C@@H](C)C(=O)N[C@@H](CCCC[NH3+])C(=O)N[C@@H](CCC(N)=O)C(=O)N[C@@H](CCC(N)=O)C(=O)N[C@@H](CC(C)C)C(=O)N[C@@H](CO)C(=O)N[C@@H](CCCC[NH3+])C(=O)N[C@@H](CC(C)C)C(N)=O)[C@@H](C)O,0,-1.5861517,2
CCCC(CO)NC(=O)[C@@H]1CCCN1C(=O)[C@@H](NC(=O)[C@@H](NC(=O)[C@H](CC(=O)O)NC(C)=O)[C@@H](C)CC)C(C)C,0,-2.522976,2
CC(C)C[C@H](NC(=O)[C@H](CC(C)C)NC(=O)[C@H](CCCC[NH3+])NC(=O)[C@H](CCCC[NH3+])NC(=O)[C@H](CC(C)C)NC(=O)[C@H](CC(C)C)NC(=O)[C@H](CCCC[NH3+])NC(=O)[C@H](CC(C)C)NC(=O)[C@@H]1CCCN1C(=O)[C@H](CCCC[NH3+])NC(=O)[C@H](CCCC[NH3+])NC(=O)[C@H](CC(C)C)NC(=O)[C@H](CC(C)C)NC(=O)[C@H](CCCC[NH3+])NC(=O)[C@H](CCCC[NH3+])NC(=O)[C@H](Cc1c[nH]c2ccccc12)NC(=O)[C@@H](N)CCCC[NH3+])C(N)=O,0,-4.68335,2
N=C(N)NCCC[C@H](NC(=O)[C@@H]1CCCN1C(=O)[C@@H]1CSSC[C@H](N)C(=O)N[C@@H](Cc2ccc(O)cc2)C(=O)N[C@@H](Cc2ccccc2)C(=O)N[C@@H](CCC(N)=O)C(=O)N[C@@H](CC(N)=O)C(=O)N1)C(=O)NCC(N)=O,0,-5.615051,2
CC[C@H](C)[C@@H](NC(=O)[C@@H](C)NC(=O)[C@@H](CCCC[NH3+])NC(=O)[C@@H](CC(C)C)NC(=O)[C@@H](CC(C)C)NC(=O)[C@H](NC(O)C(CC1CNCN1)NC(=O)[C@@H](CC(C)C)NC(=O)[C@H](NC(=O)[C@H](NC(=O)[C@@H](CCCC[NH3+])NC(=O)[C@@H](CCCC[NH3+])NC(=O)[C@@H](CC(C)C)NC(=O)[C@@H](CO)NC(=O)[C@@H](CCCC[NH3+])NC(=O)[C@@H](Cc1ccccc1)NC(=O)[C@H](NC(=O)[C@@H](CCCC[NH3+])NC(=O)[C@@H](CC(C)C)NC(=O)[C@@H](Cc1ccccc1)NC(=O)[C@@H](CO)NC(=O)[C@@H](CCCC[NH3+])NC(=O)[C@@H](Cc1c[nH]c2ccccc12)NC(=O)[C@@H](CCCC[NH3+])NC(C)=O)[C@@H](C)O)[C@@H](C)O)C(C)C)[C@@H](C)O)C(=O)N[C@H](CO)C(=O)N[C@@H](CO)C(N)=O,0,-5.9739656,2
C[C@@H]1NC(=O)[C@@H]2CSSC[C@H](NC(=O)C[NH3+])C(=O)N[C@@H](CSSC[C@@H](C(N)=O)NC(=O)[C@H](CCCNC(N)=[NH2+])NC(=O)[C@H](Cc3c[nH]c4ccccc34)NC1=O)C(=O)N[C@@H](CO)C(=O)N[C@@H](CC(=O)O)C(=O)N1CCC[C@H]1C(=O)N[C@@H](CCCNC(N)=[NH2+])C(=O)N2,0,-5.0663157,2
CC(C)C[C@@H]1NC(=O)[C@@H](Cc2c[nH]c3ccccc23)NC(=O)[C@H](CCCC[NH3+])NC(O)C(CO)N(C)C(=O)[C@H](CC(N)=O)NC(=O)[C@@H](CCC(=O)O)NC(=O)[C@H](CO)NC(O)C(CC2CNC3CCCCC23)N(C)C1=O,0,-7.221365,2
CC[C@H](C)[C@H](NC(O)C(CC1CNCN1)NC(=O)[C@H](CCCC[NH3+])NC(=O)[C@H](CC(C)C)NC(=O)[C@H](CC(C)C)NC(=O)[C@H](CO)NC(=O)[C@H](CCSC)NC(=O)[C@H](Cc1c[nH]c2ccccc12)NC(=O)[C@H](CCCC[NH3+])NC(=O)CN)C(=O)N[C@@H](CC(C)C)C(=O)N[C@@H](CCCC[NH3+])C(N)=O,0,-6.653268,2
CSCC[C@H](NC(=O)[C@H](CCC(=O)O)NC(=O)[C@H](CC(=O)O)NC(C)=O)C(=O)N[C@@H](CCC(=O)O)C(=O)NC(CC1CCC2CCCCC2C1)C(O)N[C@H](C=O)CS,0,-2.7694135,2
CC(C)C[C@H]1NC(=O)CNC(=O)[C@@H](CC(N)=O)NC(=O)[C@H](CCCNC(N)=[NH2+])NC(=O)[C@H]([C@@H](C)O)NC(=O)[C@H](CS)NC(=O)[C@H](C(C)C)NC(=O)[C@@H]2CCCN2C(=O)[C@H](Cc2c[nH]c3ccccc23)NC(=O)[C@H](CO)NC(=O)[C@H](CS)NC(=O)[C@H](CO)NC(=O)[C@H](CS)NC(=O)CNC(=O)[C@@H]2CCCN2C(=O)[C@H]([C@@H](C)O)NC(=O)[C@H](Cc2ccc(O)cc2)NC(=O)[C@H](CS)NC(=O)[C@H](CO)NC(=O)CNC(=O)[C@H](Cc2ccccc2)NC(=O)[C@H](C)NC(=O)[C@H](CS)NC(=O)[C@H]([C@@H](C)O)NC(=O)[C@H](CCC(=O)O)NC(=O)CNC(=O)[C@H](CS)NC(=O)[C@H](C(C)C)NC(=O)[C@@H]2CCCN2C1=O,0,-7.2037725,2
CC(C)[C@@H]1NC(=O)[C@H](CCCC[NH3+])NC(=O)[C@H](C)NC(=O)[C@@H]2CCCN2C(=O)[C@@H](Cc2ccc(O)cc2)NC(=O)[C@H](C(C)C)NC(=O)[C@@H](CCCC[NH3+])NC(=O)[C@H](C)NC(=O)[C@H](CCCC[NH3+])NC(=O)[C@H](C(C)C)NC(=O)[C@H]2CCCN2C(=O)[C@@H](Cc2ccc(O)cc2)NC(=O)[C@H](C)NC(=O)[C@H](CCCC[NH3+])NC1=O,0,-5.839422,2
CC[C@H](C)[C@H](NC(=O)CNC(=O)[C@H](C)NC(=O)[C@H](CS)NC(=O)[C@H](C)NC(=O)[C@H](C)NC(=O)[C@H](CCCNC(N)=[NH2+])NC(=O)[C@H](CO)NC(=O)[C@H](CS)NC(=O)[C@H](CS)NC(=O)CN)C(=O)NC(CC1CNCN1)C(O)N[C@@H](CCC(N)=O)C(=O)N[C@@H](CCC(=O)O)C(=O)N[C@@H](CC(C)C)C(=O)N[C@@H](CS)C(N)=O,0,-6.2192116,2
CC(C)C[C@H](NC(=O)[C@H](CCCNC(N)=[NH2+])NC(=O)[C@H](CCCC[NH3+])NC(=O)[C@H](CCCC[NH3+])NC(=O)[C@H](CC(C)C)NC(=O)[C@H](CC(N)=O)NC(=O)[C@H](C)NC(=O)[C@H](Cc1ccccc1)NC(=O)[C@H](CCCNC(N)=[NH2+])NC(=O)[C@H](CCCNC(N)=[NH2+])NC(=O)[C@H](CCCC[NH3+])NC(=O)[C@H](Cc1ccccc1)NC(=O)[C@H](CO)NC(=O)[C@H](C)NC(=O)CNC(=O)[C@H](Cc1ccccc1)NC(=O)[C@H](CCCC[NH3+])NC(=O)[C@H](CCCC[NH3+])NC(=O)[C@H](Cc1ccccc1)NC(=O)[C@H](Cc1ccc(O)cc1)NC(=O)[C@H](CCC(=O)O)NC(=O)[C@H](CCCC[NH3+])NC(=O)[C@H](CCCNC(N)=[NH2+])NC(=O)[C@H](CCCC[NH3+])NC(=O)CNC(=O)[C@H](Cc1ccccc1)NC(=O)[C@H](Cc1ccccc1)NC(=O)CN)C(N)=O,0,-1.513878,2
CC[C@H](C)[C@H](NC(=O)[C@@H](N)CCCC[NH3+])C(=O)N[C@@H](CCCC[NH3+])C(=O)N[C@H](C(=O)N1CCC[C@H]1C(=O)N[C@@H](Cc1c[nH]c2ccccc12)C(=O)NCC(=O)N[C@@H](CCCC[NH3+])C(=O)N[C@H](C(=O)N[C@@H](CCCC[NH3+])C(=O)N[C@@H](CC(=O)O)C(=O)N[C@@H](Cc1ccccc1)C(=O)N[C@@H](CC(C)C)C(=O)N[C@H](C(=O)NCC(=O)NCC(=O)N[C@@H](CCSC)C(=O)N[C@@H](CCCC[NH3+])C(=O)N[C@@H](C)C(=O)N[C@H](C(N)=O)C(C)C)C(C)C)C(C)C)[C@@H](C)CC,0,-4.759152,2
CC[C@H](C)[C@H](NC(=O)[C@H](Cc1ccccc1)NC(=O)[C@@H]1CCCN1C(=O)[C@H](C)NC(=O)[C@@H](NC(=O)[C@@H](N)CC(C)C)[C@@H](C)CC)C(=O)N[C@@H](CCCNC(N)=[NH2+])C(=O)N[C@@H](CC(=O)O)C(=O)N[C@@H](Cc1ccc(O)cc1)C(=O)N[C@@H](CS)C(=O)N[C@@H](CS)C(=O)N1CCC[C@H]1C(=O)N[C@@H](CCCNC(N)=[NH2+])C(=O)NCC(=O)N1CCC[C@H]1C(=O)N[C@@H](CS)C(=O)N[C@@H](CCSC)C(=O)N[C@H](C(=O)N[C@@H](Cc1c[nH]c2ccccc12)C(=O)N[C@@H](CS)C(N)=O)C(C)C,0,-6.034173,2
C[C@H](NC(=O)[C@H](C)NC(=O)[C@H](C)NC(=O)[C@H](Cc1ccccc1)NC(=O)[C@H](C)NC(=O)[C@H](C)NC(=O)[C@H](Cc1c[nH]c2ccccc12)NC(=O)[C@H](C)NC(=O)[C@H](C)NC(=O)[C@H](Cc1ccccc1)NC(=O)[C@H](C)NC(=O)[C@H](C)NC(=O)[C@H](C)NC(=O)[C@H](C)NC(=O)[C@H](C)NC(=O)[C@H](Cc1ccccc1)NC(=O)[C@H](C)NC(=O)[C@H](C)NC(=O)[C@H](C)NC(=O)[C@H](CCCC[NH3+])NC(=O)[C@H](CCCC[NH3+])NC(=O)[C@H](CCCC[NH3+])NC(=O)[C@H](CCCC[NH3+])NC(=O)[C@H](CCCC[NH3+])NC(=O)[C@@H](N)CCCC[NH3+])C(N)=O,0,0.56633985,2
CC(C)C[C@H](NC(=O)[C@H](C)NC(=O)[C@H](CC(C)C)NC(=O)[C@H](C)NC(=O)[C@@H](N)Cc1c[nH]c2ccccc12)C(N)=O,0,-6.0801277,2
CC[C@H](C)[C@H](NC(=O)[C@H](CC(C)C)NC(=O)[C@H](CO)NC(=O)[C@@H](NC(=O)[C@@H](NC(=O)[C@H](CC(C)C)NC(=O)CN)C(C)C)[C@@H](C)O)C(=O)N[C@@H](CCCC[NH3+])C(=O)NCC(=O)N[C@@H](C)C(=O)NCC(=O)N[C@@H](CCCC[NH3+])C(=O)N[C@@H](CC(C)C)C(=O)N[C@@H](CC(C)C)C(=O)NCC(=O)NCC(=O)N[C@@H](CC(C)C)C(=O)N[C@@H](Cc1ccccc1)C(=O)NCC(=O)N[C@@H](CO)C(=O)N[C@H](C(=O)N[C@H](C(=O)NCC(N)=O)[C@@H](C)O)C(C)C,0,-2.7974167,2
CC[C@H](C)[C@H](NC(=O)[C@@H](NC(=O)[C@@H]1CCCN1C(=O)[C@H](CC(C)C)NC(=O)[C@@H](N)Cc1ccccc1)[C@@H](C)CC)C(=O)N[C@H](C(=O)N[C@@H](CC(N)=O)C(=O)N[C@@H](CC(C)C)C(=O)N[C@@H](CC(C)C)C(=O)NCC(=O)N[C@@H](CCCC[NH3+])C(=O)N[C@@H](CC(C)C)C(=O)N[C@@H](CC(C)C)C(N)=O)[C@@H](C)O,0,-3.9849813,2
CC[C@H](C)[C@H](NC(=O)[C@@H]1CCCN1C(=O)[C@H](CC(C)C)NC(=O)[C@@H](N)Cc1ccccc1)C(=O)N[C@H](C(=O)NCC(=O)N[C@@H](CCCC[NH3+])C(=O)N[C@@H](CC(C)C)C(=O)N[C@@H](CC(C)C)C(=O)N[C@@H](CO)C(=O)NCC(=O)N[C@@H](CC(C)C)C(=O)N[C@@H](CC(C)C)C(N)=O)C(C)C,0,-5.793484,2
C[C@H](NC(O)C(CC1CNCN1)NC(=O)[C@H](Cc1ccc(O)cc1)NC(=O)[C@H](CCC(=O)O)NC(=O)[C@H](Cc1c[nH]c2ccccc12)NC(=O)[C@@H](N)CC(=O)O)C(=O)NC(CC1CNCN1)C(O)N1CCC[C@H]1C(=O)N[C@@H](CCCC[NH3+])C(=O)N1CC(O)CC1C(O)N[C@@H](CC(N)=O)C(=O)N[C@@H](CO)C(=O)N[C@H](Cc1ccccc1)C(=O)N[C@@H](Cc1c[nH]c2ccccc12)C(=O)N[C@H](C=O)[C@@H](C)O,0,-1.1590286,2
CC[C@H](C)[C@H](NC(=O)[C@H](CC(=O)O)NC(=O)[C@H](CCSC)NC(=O)[C@@H](NC(=O)[C@@H](NC(=O)[C@H](CCC(=O)O)NC(=O)[C@H](Cc1ccc(O)cc1)NC(=O)[C@H](Cc1ccccc1)NC(=O)[C@H](CCCCN)NC(=O)[C@H](CCC(N)=O)NC(=O)[C@H](CCC(N)=O)NC(=O)[C@H](CC(C)C)NC(=O)[C@H](CC(=O)O)NC(=O)[C@H](CCCCN)NC(=O)[C@@H](NC(=O)[C@H](CCC(N)=O)NC(=O)[C@H](CC(N)=O)NC(=O)[C@H](Cc1ccc(O)cc1)NC(=O)[C@H](Cc1c[nH]c2ccccc12)NC(=O)[C@H](CCC(=O)O)NC(=O)CNC(=O)[C@H](CC(C)C)NC(=O)[C@@H](NC(=O)[C@@H](NC(=O)[C@H](CC(N)=O)NC(=O)CNC(=O)[C@H](Cc1c[nH]cn1)NC(=O)[C@H](CC(N)=O)NC(=O)[C@@H](N)Cc1c[nH]c2ccccc12)[C@@H](C)CC)[C@@H](C)O)[C@@H](C)O)[C@@H](C)CC)[C@@H](C)CC)C(=O)N[C@@H](CCC(=O)O)C(=O)N[C@@H](CCC(N)=O)C(=O)N[C@@H](CC(N)=O)C(=O)N[C@@H](CC(N)=O)C(=O)N[C@H](C(=O)N[C@@H](CCC(N)=O)C(=O)O)C(C)C,0,-1.6409585,2
CC[C@H](C)[C@@H]1NC(=O)[C@H](C)NC(=O)[C@H](CO)NC(=O)[C@H](CO)NC(=O)[C@H]([C@@H](C)CC)NC(=O)[C@H](CS)NC(=O)[C@@H]2CCCN2C(=O)[C@H]([C@@H](C)CC)NC(=O)[C@H](Cc2c[nH]c3ccccc23)NC(=O)[C@H](C(C)C)NC(=O)[C@H](CS)NC(=O)[C@H](CO)NC(=O)[C@H](CCC(=O)O)NC(=O)CNC(=O)[C@H](CS)NC(=O)[C@H]2CCCN2C(=O)[C@H]([C@@H](C)CC)NC(=O)CNC(=O)[C@H](CC(N)=O)NC(=O)[C@H](CCCNC(N)=[NH2+])NC(=O)[C@H](Cc2ccc(O)cc2)NC(=O)[C@H](CS)NC(=O)[C@H](C(C)C)NC(=O)[C@H](CCCC[NH3+])NC(=O)[C@H](CO)NC(=O)[C@H](CCCC[NH3+])NC(=O)[C@H](CS)NC(=O)[C@H](CO)NC(=O)[C@H](CS)NC(=O)CNC1=O,0,-7.4781256,2
CSCC[C@@H](C=O)NC(=O)[C@H](CC(C)C)NC(=O)CNC(=O)[C@@H](NC(=O)[C@H](Cc1ccccc1)NC(=O)[C@H](CCC(N)=O)NC(=O)[C@H](CC(=O)O)NC(=O)[C@H](CO)NC(=O)[C@H](CCCCN)NC(=O)[C@@H]1CCCN1C(=O)[C@@H](NC(=O)[C@@H](N)CC(=O)O)C(C)C)C(C)C,0,3.0300856,2
CC[C@H](C)[C@H](NC(=O)[C@H](CCC(N)=O)NC(=O)[C@@H]1CCCN1C(=O)[C@H](CC(N)=O)NC(O)C(CC1CNCN1)NC(=O)[C@@H](NC(=O)[C@@H](NC(=O)[C@H](CS)NC(=O)[C@@H](NC(=O)[C@@H]1CCCN1C(=O)[C@H](CC(N)=O)NC(=O)[C@H](CO)NC(=O)[C@H](CS)NC(=O)[C@@H](N)CS)C(C)C)[C@@H](C)O)C(C)C)C(=O)N[C@@H](CS)C(N)=O,0,-6.8412294,2
CC(=O)N[C@@H](CC(=O)O)C(=O)N[C@@H](CCC(=O)O)C(=O)N[C@@H](Cc1ccccc1)C(=O)N[C@@H](CCC(=O)O)C(=O)NC(CC1CCCCC1)C(O)N[C@H](C=O)CS,0,-1.9675013,2
CC(C)C[C@H](NC(=O)[C@H](CCCC[NH3+])NC(=O)[C@H](CC(C)C)NC(=O)[C@H](CCCC[NH3+])NC(=O)[C@H](CC(C)C)NC(=O)[C@H](C)NC(=O)[C@H](CCCC[NH3+])NC(=O)[C@H](C)NC(=O)[C@H](CC(C)C)NC(=O)[C@H](CC(C)C)NC(=O)[C@H](CCCC[NH3+])NC(=O)[C@H](C)NC(=O)[C@@H](N)Cc1ccccc1)C(N)=O,0,-5.268246,2
CC(C)C[C@H](NC(=O)[C@H](CC(N)=O)NC(=O)[C@H](CO)NC(O)C(CC1CNCN1)NC(=O)[C@H](CCC(=O)O)NC(=O)[C@H](CC(C)C)NC(O)C(CC1CNCN1)NC(=O)[C@H](CS)NC(=O)[C@@H](NC(=O)[C@@H]1CCCN1C(=O)[C@H](CC(N)=O)NC(=O)[C@H](CO)NC(=O)[C@H](CS)NC(=O)[C@H](CS)NC(=O)CNC(=O)[C@@H]1CCCN1C(=O)[C@H](CC(=O)O)NC(=O)[C@@H](N)CCCNC(N)=[NH2+])C(C)C)C(=O)N[C@@H](CS)C(N)=O,0,-5.5613604,2
C[C@H](NC(=O)[C@H](CS)NC(=O)[C@H](CCCNC(N)=[NH2+])NC(=O)[C@@H]1CCCN1C(=O)[C@H](CC(=O)O)NC(=O)[C@H](CO)NC(=O)[C@H](CS)NC(=O)[C@H](CS)NC(=O)CN)C(=O)N[C@H](C(=O)N[C@@H](CCCNC(N)=[NH2+])C(=O)N[C@@H](CS)C(N)=O)[C@@H](C)O,0,-6.716565,2
CC(C)C[C@@H](NC(=O)[C@@H](C)NC(=O)[C@@H](CC(C)C)NC(=O)[C@@H](CCCC[NH3+])NC(=O)[C@@H](CCCC[NH3+])NC(=O)[C@@H](CC(C)C)NC(=O)[C@@H](C)NC(=O)[C@H]1CCCN1C(=O)[C@@H](CC(C)C)NC(=O)[C@@H](Cc1c[nH]c2ccccc12)NC(=O)[C@@H](CCCC[NH3+])NC(=O)[C@@H](CCCC[NH3+])NC(=O)[C@@H](CC(C)C)NC(=O)[C@@H](C)NC(=O)[C@@H](CC(C)C)NC(=O)[C@@H](CC(C)C)NC(=O)[C@@H](C)NC(=O)[C@@H](CC(C)C)NC(=O)[C@@H](CCCC[NH3+])NC(=O)[C@H](N)CCCC[NH3+])C(=O)N[C@H](CC(C)C)C(=O)N[C@H](C)C(=O)N[C@H](CC(C)C)C(=O)N[C@H](CCCC[NH3+])C(=O)N[C@H](CCCC[NH3+])C(N)=O,0,1.6864295,2
C[C@@H]1NC(=O)[C@@H]2CSSC[C@H](NC(=O)[C@@H](NC(=O)CN)CSSC[C@@H](C(=O)O)NC(=O)[C@H](CCCNC(N)=[NH2+])NC(=O)[C@H](Cc3c[nH]c4ccccc34)NC1=O)C(=O)N[C@@H](CO)C(=O)N[C@@H](CC(=O)O)C(=O)N[C@@H](CCCCN)C(=O)N[C@@H](CCCNC(N)=[NH2+])C(=O)N2,0,-4.837157,2
CC[C@H](C)[C@H](NC(=O)[C@@H](NC(=O)[C@@H]1CCCN1C(=O)[C@@H](NC(=O)[C@@H](NC(O)C(CC1CNCN1)NC(=O)[C@@H]1CCCN1C(=O)[C@H](CC(C)C)NC(=O)[C@H](CC(C)C)NC(O)C(CC1CNCN1)NC(=O)[C@H](CCCC[NH3+])NC(=O)[C@H](C)NC(=O)[C@@H](NC(=O)[C@H](CO)NC(=O)CNC(=O)[C@H](CC(C)C)NC(=O)[C@@H](NC(=O)[C@H](CO)NC(=O)[C@H](Cc1ccccc1)NC(=O)[C@H](CC(C)C)NC(=O)CN)C(C)C)C(C)C)C(C)C)C(C)C)C(C)C)C(=O)N[C@@H](C)C(=O)N[C@@H](CCC(=O)O)C(=O)N[C@@H](CCCC[NH3+])C(=O)N[C@@H](CC(C)C)C(N)=O,0,-4.7491903,2
CC[C@H](C)[C@H](NC(=O)CNC(=O)[C@H](CO)NC(=O)[C@H](CC(C)C)NC(=O)[C@H](C)NC(=O)[C@H](CCCNC(N)=[NH2+])NC(=O)CNC(=O)[C@@H](NC(=O)[C@H](CC(C)C)NC(=O)[C@@H]1CCCN1C(=O)[C@H](CC(C)C)NC(=O)[C@@H](N)Cc1ccccc1)[C@@H](C)CC)C(=O)N[C@@H](CC(C)C)C(N)=O,0,-4.0829196,2
CC(C)C[C@H](NC(=O)[C@H](CCCC[NH3+])NC(=O)[C@H](CCCC[NH3+])NC(=O)[C@H](CC(C)C)NC(=O)[C@H](C)NC(=O)[C@H](CCCC[NH3+])NC(=O)[C@H](CC(C)C)NC(=O)[C@H](C)NC(=O)[C@H](CC(C)C)NC(=O)[C@H](C)NC(=O)[C@@H](N)C(C)C)C(N)=O,0,-5.6236897,2
C[C@H](NC(=O)[C@@H]1CCCN1C(=O)[C@H](CC(N)=O)NC(=O)[C@H](CCCNC(N)=[NH2+])NC(=O)[C@H](CS)NC(=O)[C@H](CS)NC(=O)CNC(=O)[C@@H](N)CC(N)=O)C(=O)N[C@@H](CS)C(=O)N[C@@H](CCC(=O)O)C(=O)N[C@@H](CO)C(=O)NC(CC1CNCN1)C(O)N[C@@H](CCCNC(N)=[NH2+])C(=O)N[C@@H](CS)C(N)=O,0,-6.9382095,2
C[C@H](NC(=O)[C@H](CS)NC(=O)[C@H](CC(=O)O)NC(=O)[C@@H]1CCCN1C(=O)[C@H](CCCNC(N)=[NH2+])NC(=O)[C@H](CO)NC(=O)[C@H](CS)NC(=O)[C@H](CS)NC(=O)CN)C(=O)N[C@@H](Cc1c[nH]c2ccccc12)C(=O)N[C@@H](CCCNC(N)=[NH2+])C(=O)N[C@@H](CS)C(N)=O,0,-7.3705015,2
CC(C)C[C@H]1NC(=O)CNC(=O)[C@H](CC(N)=O)NC(=O)[C@@H](CCCNC(N)=[NH2+])NC(=O)[C@H]([C@@H](C)O)NC(=O)[C@H](CS)NC(=O)[C@H](CCCC[NH3+])NC(=O)[C@@H]2CCCN2C(=O)[C@H](Cc2c[nH]c3ccccc23)NC(=O)[C@H](CO)NC(=O)[C@H](CS)NC(=O)[C@H]([C@@H](C)O)NC(=O)[C@H](CS)NC(=O)CNC(=O)[C@@H]2CCCN2C(=O)[C@H]([C@@H](C)O)NC(=O)[C@H](CC(N)=O)NC(=O)[C@H](CS)NC(=O)[C@H]([C@@H](C)O)NC(=O)CNC(=O)CNC(=O)[C@H](C(C)C)NC(=O)[C@H](CS)NC(=O)[C@H]([C@@H](C)O)NC(=O)[C@H](CCC(=O)O)NC(=O)CNC(=O)[C@H](CS)NC(=O)[C@H](C(C)C)NC(=O)[C@@H]2CCCN2C1=O,0,-7.207631,2
CC(C)C[C@H](NC(=O)[C@H](Cc1ccc(O)cc1)NC(=O)[C@@H]1CCCN1C(=O)[C@@H](N)Cc1c[nH]c2ccccc12)C(=O)N1CCC[C@H]1C(=O)N[C@@H](Cc1c[nH]c2ccccc12)C(=O)N[C@@H](CCCNC(N)=[NH2+])C(=O)N[C@@H](CCCNC(N)=[NH2+])C(N)=O,0,-4.9129634,2
CC[C@H](C)[C@H](NC(=O)[C@H](C)NC(=O)[C@H](CO)NC(=O)CNC(=O)[C@@H]1CCCN1C(=O)CN)C(=O)N[C@@H](CS)C(=O)N[C@@H](CC(N)=O)C(=O)N[C@@H](CCSC)C(=O)N[C@@H](C)C(=O)N[C@@H](CS)C(=O)N[C@@H](CCCNC(N)=[NH2+])C(=O)N[C@@H](CC(C)C)C(=O)N[C@@H](CCC(=O)O)C(=O)NC(CC1CNCN1)C(O)NCC(=O)NC(CC1CNCN1)C(O)N[C@@H](CC(C)C)C(=O)N[C@@H](Cc1ccc(O)cc1)C(=O)N1CCC[C@H]1C(=O)N[C@@H](Cc1ccccc1)C(=O)N[C@@H](CS)C(=O)N[C@@H](CC(N)=O)C(=O)N[C@@H](CS)C(=O)N[C@@H](CC(=O)O)C(N)=O,0,-8.151829,2
CC(C)C[C@H](NC(=O)[C@H](C)NC(=O)[C@H](CC(C)C)NC(=O)[C@H](C)NC(=O)[C@H](CCCC[NH3+])NC(=O)[C@H](CCCC[NH3+])NC(=O)[C@H](C)NC(=O)[C@H](CC(C)C)NC(=O)[C@H](CCCC[NH3+])NC(=O)[C@H](C)NC(=O)[C@H](CC(C)C)NC(=O)[C@H](CCCC[NH3+])NC(=O)[C@H](CCCC[NH3+])NC(=O)[C@H](C)NC(=O)[C@@H](N)Cc1ccccc1)C(N)=O,0,-4.540854,2
CC[C@H](C)[C@H](NC(=O)[C@@H](N)Cc1ccccc1)C(=O)N[C@H](C(=O)N[C@H](C(=O)NC(CC1CNCN1)C(N)O)C(C)C)[C@@H](C)O,0,-0.38128096,2
CC[C@H](C)[C@H](NC(=O)[C@H](CC(=O)O)NC(=O)[C@H](Cc1ccccc1)NC(=O)[C@H](CC(C)C)NC(=O)CN)C(=O)N[C@H](C(=O)N[C@@H](CCCC[NH3+])C(=O)N[C@@H](CCCC[NH3+])C(=O)N[C@H](C(=O)N[C@H](C(=O)NCC(=O)N[C@@H](C)C(=O)N[C@@H](CC(C)C)C(=O)NCC(=O)N[C@@H](CO)C(=O)N[C@@H](CC(C)C)C(N)=O)C(C)C)C(C)C)C(C)C,0,-6.7376137,2
CC[C@H](C)[C@@H]1NC(=O)[C@H](CC(C)C)NC(=O)[C@H](C)NC(=O)[C@H]([C@@H](C)O)NC(=O)[C@H](C(C)C)NC(=O)[C@H]([C@@H](C)O)NC(=O)[C@H](CS)NC(=O)[C@@H]2CCCN2C(=O)[C@H]([C@@H](C)CC)NC(=O)[C@H](Cc2c[nH]c3ccccc23)NC(=O)[C@H](C(C)C)NC(=O)[C@H](CS)NC(=O)[C@H](CO)NC(=O)[C@H](CCC(=O)O)NC(=O)[C@H](C)NC(=O)[C@H](CS)NC(=O)[C@@H]2CCCN2C(=O)[C@@H]([C@@H](C)CC)NC(=O)CNC(=O)[C@H](CC(N)=O)NC(=O)[C@@H](Cc2ccc(O)cc2)NC(=O)[C@H](CS)NC(=O)[C@H](C(C)C)NC(=O)[C@H](CCCC[NH3+])NC(=O)[C@H](CC(N)=O)NC(=O)[C@H](CO)NC(=O)[C@H](CS)NC(=O)CNC(=O)[C@H](CS)NC(=O)CNC1=O,0,-6.853813,2
CC(C)C[C@H](NC(=O)[C@H](CCCC[NH3+])NC(=O)[C@H](CCCC[NH3+])NC(=O)[C@H](Cc1c[nH]c2ccccc12)NC(=O)[C@@H](N)CCCC[NH3+])C(=O)N[C@@H](CC(C)C)C(=O)N[C@@H](CCCC[NH3+])C(=O)N[C@@H](CCCC[NH3+])C(=O)N1CCC[C@H]1C(=O)N[C@@H](CC(C)C)C(=O)N[C@@H](CC(C)C)C(=O)N[C@@H](CCCC[NH3+])C(=O)N[C@@H](CCCC[NH3+])C(N)=O,0,-3.7217078,2
CC[C@H](C)[C@H](NC(=O)[C@H](CO)NC(=O)[C@H](CCCC[NH3+])NC(=O)[C@H](CC(C)C)NC(=O)[C@H](CCCC[NH3+])NC(=O)[C@@H](N)CC(C)C)C(=O)N[C@H](C(=O)N[C@@H](CO)C(=O)N[C@@H](Cc1c[nH]c2ccccc12)C(=O)N[C@@H](C)C(=O)N[C@@H](CCCC[NH3+])C(=O)N[C@@H](CC(C)C)C(=O)N[C@H](C(=O)N[C@@H](CC(C)C)C(N)=O)C(C)C)C(C)C,0,-5.5020294,2
CC[C@H](C)[C@@H]1NC(=O)[C@H](CS)NC(=O)[C@@H]2CCCN2C(=O)[C@H]([C@@H](C)CC)NC(=O)[C@H](Cc2c[nH]c3ccccc23)NC(=O)[C@H](C(C)C)NC(=O)[C@H](CS)NC(=O)[C@H](CO)NC(=O)[C@H](CCC(=O)O)NC(=O)[C@@H](CS)NC(=O)[C@H]2CCCN2C(=O)[C@H](CC(C)C)NC(=O)[C@@H]([C@@H](C)O)NC(=O)CNC(=O)[C@H](CC(N)=O)NC(=O)[C@H](CCCC[NH3+])NC(=O)[C@H](Cc2ccc(O)cc2)NC(=O)[C@H](CS)NC(=O)[C@H](C(C)C)NC(=O)[C@H](CCCC[NH3+])NC(=O)[C@H](CO)NC(=O)[C@H](CCCC[NH3+])NC(=O)[C@H](CS)NC(=O)[C@H](CO)NC(=O)[C@H](CS)NC(=O)CNC(=O)[C@H](C(C)C)NC(=O)[C@H](C(C)C)NC(=O)[C@H](CO)NC(=O)[C@H](CO)NC1=O,0,-7.6659975,2
CC(=O)N[C@@H](CCCNC(N)=[NH2+])C(=O)N[C@@H](CCCNC(N)=[NH2+])C(=O)N[C@@H](Cc1c[nH]c2ccccc12)C(=O)N[C@@H](Cc1c[nH]c2ccccc12)C(=O)N[C@@H](CS)C(=O)N[C@@H](CCCNC(N)=[NH2+])C(=O)N[C@H](C(N)=O)C(C)C,0,-4.2541475,2
CCCC(CO)NC(=O)[C@@H]1CCCN1C(=O)[C@@H](NC(=O)[C@@H](NC(=O)[C@H](CC(=O)O)NC(=O)[C@@H](CC(=O)O)NC(C)=O)[C@@H](C)CC)C(C)C,0,-3.8484266,2
CC[C@H](C)[C@H](NC(O)C(C)(C)NC(=O)[C@H](CCCC[NH3+])NC(=O)CNC(=O)[C@H](CC(C)C)NC(O)C(C)(C)NC(=O)[C@H](CCCC[NH3+])NC(=O)[C@H](CCCC[NH3+])NC(=O)[C@H](Cc1c[nH]c2ccccc12)NC(=O)[C@H](CC(N)=O)NC(=O)[C@@H](N)C(C)C)C(=O)N[C@@H](CCCC[NH3+])C(=O)NC(C)(C)C(O)N[C@H](C(=O)N[C@@H](CCCC[NH3+])C(N)=O)C(C)C,0,-6.3166203,2
CC[C@H](C)[C@H](NC(=O)[C@H](CC(C)C)NC(=O)[C@H](CCC(=O)O)NC(=O)[C@@H](CC(=O)O)NC(C)=O)C(=O)NC(CC1CCCCC1)C(O)N[C@@H](CS)C(=O)N1CCC[C@H]1C(=O)NC(CC1CCCCC1)C(O)N[C@@H](CC(=O)O)C(=O)N[C@@H](CC(C)C)C(=O)N1CCC[C@@H]1C(=O)N[C@@H](Cc1ccc(O)cc1)C(=O)N[C@@H](CCCC[NH3+])C(N)=O,0,-5.733532,2
CC(C)C[C@H](NC(=O)[C@H](CCCNC(N)=[NH2+])NC(=O)[C@H](CCCNC(N)=[NH2+])NC(=O)[C@H](Cc1ccc(O)cc1)NC(=O)[C@H](CC(C)C)NC(=O)[C@H](CCCNC(N)=[NH2+])NC(=O)[C@H](CCCNC(N)=[NH2+])NC(=O)[C@H](Cc1ccc(O)cc1)NC(=O)[C@H](CC(C)C)NC(=O)[C@H](CCCNC(N)=[NH2+])NC(=O)[C@H](CCCNC(N)=[NH2+])NC(=O)[C@H](Cc1ccc(O)cc1)NC(=O)[C@H](CC(C)C)NC(=O)[C@@H](N)CCCNC(N)=[NH2+])C(=O)N[C@@H](Cc1ccc(O)cc1)C(=O)N[C@@H](CCCNC(N)=[NH2+])C(=O)N[C@@H](CCCC[NH3+])C(=O)N[C@@H](CCCC[NH3+])C(=O)N[C@@H](CCCC[NH3+])C(N)=O,0,4.712462,2
CC[C@H](C)[C@H](NC(=O)[C@H](CCCC[NH3+])NC(=O)[C@H](CCCNC(N)=[NH2+])NC(=O)[C@H](CCCC[NH3+])NC(=O)[C@H](CC(C)C)NC(=O)[C@H](CCCNC(N)=[NH2+])NC(=O)[C@H](CCCNC(N)=[NH2+])NC(=O)[C@H](CC(C)C)NC(=O)[C@H](CCCC[NH3+])NC(=O)[C@@H](N)CCCNC(N)=[NH2+])C(=O)N[C@@H](C)C(=O)NC(CC1CNCN1)C(O)N[C@@H](CCCC[NH3+])C(=O)N[C@H](C(=O)N[C@@H](CCCC[NH3+])C(=O)N[C@@H](CCCC[NH3+])C(=O)N[C@@H](Cc1ccc(O)cc1)C(N)=O)C(C)C,0,-0.77613795,2
CC[C@H](C)[C@H](NC(=O)[C@@H](NC(=O)[C@H](CO)NC(=O)[C@H](C)NC(=O)[C@@H](NC(=O)[C@H](CCCC[NH3+])NC(=O)[C@H](CCCC[NH3+])NC(=O)[C@@H](NC(=O)[C@@H](NC(=O)[C@H](CC(=O)O)NC(=O)[C@H](Cc1ccccc1)NC(=O)[C@H](CC(C)C)NC(=O)CN)C(C)C)[C@@H](C)CC)C(C)C)C(C)C)C(=O)N[C@@H](CCCC[NH3+])C(=O)N[C@@H](CCCC[NH3+])C(=O)N[C@@H](CC(C)C)C(N)=O,0,-6.1222,2
CC(C)C[C@H](NC(=O)[C@H](CCCNC(N)=[NH2+])NC(=O)[C@@H](N)CCCNC(N)=[NH2+])C(=O)N[C@@H](CO)C(=O)N[C@@H](Cc1ccc(O)cc1)C(=O)N[C@@H](CO)C(=O)N[C@@H](CCCNC(N)=[NH2+])C(=O)N[C@@H](CCCNC(N)=[NH2+])C(=O)N[C@@H](CCCNC(N)=[NH2+])C(=O)N[C@@H](Cc1ccccc1)C(N)=O,0,0.10725988,2
C[C@H](NC(=O)[C@H](CCC(=O)O)NC(=O)[C@@H]1CCCN1C(O)C(CC1CNCN1)NC(=O)[C@H](CC(=O)O)NC(=O)[C@H](Cc1ccc(O)cc1)NC(=O)[C@H](CC(N)=O)NC(=O)[C@H](CS)NC(=O)[C@H](CCCNC(N)=[NH2+])NC(=O)[C@@H]1CCCN1C(=O)[C@H](CC(=O)O)NC(=O)[C@H](CO)NC(=O)[C@H](CS)NC(=O)[C@H](CS)NC(=O)CN)C(=O)N[C@@H](CS)C(N)=O,0,-7.038312,2
CSCC[C@H](NC(=O)[C@@H](NC(=O)[C@H](CCCC[NH3+])NC(=O)[C@H](CCCNC(N)=[NH2+])NC(=O)[C@H](CS)NC(=O)[C@H](CO)NC(=O)[C@H](C)NC(=O)CNC(=O)[C@H](CCCC[NH3+])NC(=O)CNC(=O)[C@H](CCCC[NH3+])NC(=O)[C@@H](N)CS)[C@@H](C)O)C(=O)N[C@@H](Cc1ccc(O)cc1)C(=O)N[C@@H](CC(=O)O)C(=O)N[C@@H](CS)C(=O)N[C@@H](CS)C(=O)N[C@@H](CCCNC(N)=[NH2+])C(=O)NCC(=O)N[C@@H](CO)C(=O)N[C@@H](CS)C(=O)N[C@@H](CCCNC(N)=[NH2+])C(=O)N[C@@H](CO)C(=O)NCC(=O)N[C@@H](CCCNC(N)=[NH2+])C(=O)N[C@@H](CS)C(N)=O,0,-5.980053,2
CC[C@H](C)[C@H](NC(O)C(CC1CNCN1)NC(=O)[C@H](CCCC[NH3+])NC(=O)[C@H](CC(C)C)NC(=O)[C@H](CC(C)C)NC(=O)[C@H](CO)NC(=O)[C@H](CCCC[NH3+])NC(=O)[C@H](Cc1c[nH]c2ccccc12)NC(=O)[C@H](CCCC[NH3+])NC(=O)CN)C(=O)N[C@@H](CC(C)C)C(=O)N[C@@H](CCCC[NH3+])C(N)=O,0,-6.2323093,2
CC[C@H](C)[C@H](N)C(=O)N[C@@H](CC(C)C)C(=O)N1CCC[C@H]1C(=O)N[C@H](C(=O)N[C@@H](CC(C)C)C(=O)NCC(=O)N[C@@H](CC(N)=O)C(=O)N[C@@H](CC(C)C)C(=O)N[C@@H](CC(C)C)C(=O)N[C@@H](CC(N)=O)C(=O)N[C@@H](CO)C(=O)N[C@@H](CC(C)C)C(=O)N[C@@H](CC(C)C)C(N)=O)[C@@H](C)CC,0,-5.605502,2
CC[C@H](C)[C@@H]1NC(=O)[C@H](CC(C)C)NC(=O)[C@H](Cc2ccccc2)NC(=O)[C@H](Cc2ccccc2)NC(=O)[C@H](C)NC(=O)[C@@H]2CCCN2C(=O)[C@H](C(C)C)NC(=O)[C@H](CC(C)C)NC(=O)[C@H]([C@@H](C)CC)NC1=O,0,-6.3698726,2
CC[C@H](C)[C@H](NC(=O)[C@H](CCCC[NH3+])NC(=O)[C@H](CC(N)=O)NC(=O)[C@H](Cc1c[nH]c2ccccc12)NC(=O)[C@H](CC(C)C)NC(=O)CN)C(=O)N[C@@H](CCCC[NH3+])C(=O)N[C@@H](CCC(=O)O)C(=O)N[C@@H](C)C(=O)N[C@@H](C)C(=O)N[C@@H](CO)C(=O)N[C@@H](CCCC[NH3+])C(=O)N[C@@H](C)C(=O)N[C@@H](C)C(=O)NCC(=O)N[C@@H](CCCC[NH3+])C(=O)N[C@@H](C)C(=O)N[C@@H](C)C(=O)N[C@@H](CC(C)C)C(=O)NCC(=O)N[C@@H](Cc1ccccc1)C(=O)N[C@H](C(=O)N[C@@H](CC(N)=O)C(=O)N[C@@H](CCC(=O)O)C(=O)N[C@@H](CCSC)C(=O)N[C@H](C(N)=O)C(C)C)C(C)C,0,-2.1253765,2
CC[C@H](C)[C@H](NC(=O)[C@H](CCCC[NH3+])NC(=O)[C@@H]1CCCN1C(=O)[C@H](CC(C)C)NC(=O)[C@H](Cc1ccccc1)NC(=O)[C@H](CC(N)=O)NC(=O)[C@H](C)NC(=O)[C@H](C)NC(=O)[C@H](CC(C)C)NC(=O)CNC(=O)[C@H](C)NC(=O)[C@H](CC(C)C)NC(=O)[C@H](CC(C)C)NC(=O)[C@@H]1CCCN1C(=O)[C@H](CC(C)C)NC(=O)[C@@H](N)Cc1ccccc1)C(=O)N[C@@H](Cc1ccccc1)C(=O)N[C@@H](CS)C(=O)N[C@@H](CCCC[NH3+])C(=O)N[C@H](C(=O)N[C@H](C(=O)N[C@@H](CCCNC(N)=[NH2+])C(=O)N[C@@H](CCCC[NH3+])C(=O)N[C@@H](CS)C(N)=O)[C@@H](C)O)[C@@H](C)CC,0,-2.2687435,2
C[C@H](NC(O)C(CC1CNCN1)NC(=O)[C@H](Cc1ccc(O)cc1)NC(=O)[C@H](CCC(=O)O)NC(=O)[C@H](Cc1c[nH]c2ccccc12)NC(=O)[C@@H](N)CC(=O)O)C(=O)NC(CC1CNCN1)C(O)N1CCC[C@H]1C(=O)N[C@@H](CCCC[NH3+])C(=O)N1CC(O)CC1C(O)N[C@@H](CC(N)=O)C(=O)N[C@@H](CO)C(=O)N[C@@H](Cc1ccccc1)C(=O)N[C@@H](Cc1c[nH]c2ccccc12)C(=O)N[C@H](C=O)[C@@H](C)O,0,-1.1678413,2
CC[C@H](C)[C@H](NC(=O)CNC(=O)[C@H](CO)NC(=O)[C@@H](NC(=O)[C@H](CC(C)C)NC(=O)[C@H](CCCNC(N)=[NH2+])NC(=O)CNC(=O)[C@@H](NC(=O)[C@@H](NC(=O)[C@@H]1CCCN1C(=O)[C@H](CC(C)C)NC(=O)[C@@H](N)Cc1ccccc1)[C@@H](C)CC)C(C)C)[C@@H](C)CC)C(=O)N[C@@H](CC(C)C)C(N)=O,0,-4.7461114,2
CC[C@H](C)[C@H](NC(=O)[C@H](CC(C)C)NC(=O)[C@H](CC(N)=O)NC(=O)[C@@H](NC(=O)[C@H](CC(C)C)NC(=O)[C@@H](NC(=O)[C@@H]1CCCN1C(=O)[C@H](CC(C)C)NC(=O)[C@@H](N)Cc1ccccc1)[C@@H](C)CC)[C@@H](C)CC)C(=O)NC(CC1CNCN1)C(O)N[C@@H](CCCC[NH3+])C(=O)NCC(=O)N[C@@H](CC(C)C)C(=O)N[C@@H](CC(C)C)C(N)=O,0,-3.2182,2
CC[C@H](C)[C@@H]1NC(=O)[C@H](Cc2c[nH]c[nH+]2)NC(=O)[C@H](CCC(N)=O)NC(=O)[C@H](CC(N)=O)NC(=O)[C@H](CC(N)=O)NC(=O)CNC(=O)[C@H](C)NC(=O)[C@@H]2CSSC[C@H](NC(=O)C[NH3+])C(=O)N[C@@H](CSSC[C@@H](C(N)=O)NC1=O)C(=O)N[C@@H](CO)C(=O)N[C@@H](Cc1c[nH]c[nH+]1)C(=O)N1CCC[C@H]1C(=O)N[C@@H](C)C(=O)N2,0,-4.286855,2
CC[C@H](C)[C@H](NC(=O)CN)C(=O)NCC(=O)N[C@@H](CCCC[NH3+])C(=O)N[C@@H](Cc1ccccc1)C(=O)N[C@@H](CC(C)C)C(=O)NC(CC1CNCN1)C(O)N[C@@H](CO)C(=O)N[C@H](C)C(=O)N[C@@H](CCCC[NH3+])C(=O)N[C@@H](CCCC[NH3+])C(=O)N[C@@H](Cc1ccccc1)C(=O)N[C@H](C)C(=O)N[C@@H](CCCC[NH3+])C(=O)N[C@@H](C)C(=O)N[C@@H](Cc1ccccc1)C(=O)N[C@H](C(=O)N[C@H](C)C(=O)N[C@@H](CCC(=O)O)C(=O)N[C@H](C(=O)N[C@@H](CCSC)C(=O)N[C@@H](CC(N)=O)C(=O)N[C@@H](CO)C(N)=O)[C@@H](C)CC)C(C)C,0,-4.052145,2
CC(C)C[C@@H]1NC(=O)[C@H](CC(=O)O)NC(=O)[C@@H]2CCCN2C(=O)[C@H](Cc2c[nH]c[nH+]2)NC(=O)[C@H](CCCC[NH3+])NC(=O)[C@H](CC(N)=O)NC(=O)[C@H](CCCNC(N)=[NH2+])NC(=O)[C@@H]2CSSC[C@H](NC(=O)C[NH3+])C(=O)N[C@@H](CSSC[C@@H](C(N)=O)NC1=O)C(=O)N[C@@H](CO)C(=O)N[C@@H](CC(=O)O)C(=O)N1CCC[C@H]1C(=O)N1CCC[C@H]1C(=O)N2,0,-4.2019143,2
CC[C@H](C)[C@H](NC(=O)CN)C(=O)NCC(=O)NCC(=O)N[C@@H](C)C(=O)N[C@@H](CC(C)C)C(=O)N[C@@H](CC(C)C)C(=O)N[C@@H](CO)C(=O)N[C@@H](C)C(=O)NCC(=O)N[C@@H](CCCC[NH3+])C(=O)N[C@@H](C)C(=O)N[C@@H](C)C(=O)N[C@@H](CC(C)C)C(=O)N[C@@H](CCCC[NH3+])C(=O)NCC(=O)N[C@@H](CC(C)C)C(=O)N[C@@H](C)C(=O)N[C@@H](CCCC[NH3+])C(=O)N[C@H](C(=O)N[C@@H](CC(C)C)C(=O)N[C@H](C(N)=O)C(C)C)C(C)C,0,-1.8340746,2
CC(C)C[C@H](NC(=O)[C@@H](NC(=O)[C@H](C)NC(=O)[C@H](CS)NC(=O)[C@@H]1CCCN1C(=O)[C@@H]1CCCN1C(=O)[C@@H](NC(=O)[C@H](CO)NC(=O)[C@H](CS)NC(=O)[C@H](CS)NC(=O)CN)[C@@H](C)O)C(C)C)C(=O)N[C@@H](C)C(=O)N[C@@H](CS)C(N)=O,0,-6.1851473,2
CC(=O)NCC(=O)N[C@@H](CCCC[NH3+])C(=O)N[C@@H](CCCC[NH3+])C(=O)N[C@@H](CC(C)C)C(=O)N[C@@H](CC(C)C)C(=O)N[C@@H](CCCC[NH3+])C(=O)N[C@@H](CCCC[NH3+])C(=O)N[C@@H](Cc1c[nH]c2ccccc12)C(=O)N[C@@H](CCCC[NH3+])C(=O)N[C@@H](CCCC[NH3+])C(=O)N[C@@H](CC(C)C)C(=O)N[C@@H](Cc1c[nH]c2ccccc12)C(=O)N[C@@H](CCCC[NH3+])C(=O)N[C@@H](CCCC[NH3+])C(=O)N[C@@H](Cc1c[nH]c2ccccc12)C(N)=O,0,-4.693788,2
CC(C)C[C@H](NC(=O)[C@H](C)NC(=O)[C@H](CCCC[NH3+])NC(=O)[C@H](CCCC[NH3+])NC(=O)[C@H](CC(C)C)NC(=O)[C@H](C)NC(=O)[C@H](CCCC[NH3+])NC(=O)[C@H](CC(C)C)NC(=O)[C@H](C)NC(=O)[C@H](CC(C)C)NC(=O)[C@H](C)NC(=O)[C@@H](N)Cc1ccccc1)C(N)=O,0,-5.0549603,2
CSCC[C@@H]1NC(=O)[C@H](CCCNC(N)=[NH2+])NC(=O)[C@H](C)NC(=O)[C@H](C)NC(=O)[C@H](Cc2c[nH]c3ccccc23)NC(=O)[C@H](CCCNC(N)=[NH2+])NC(=O)[C@H](Cc2ccccc2)NC(=O)[C@H](C)NC(=O)[C@H](CCCC[NH3+])NC(=O)[C@H](CCCNC(N)=[NH2+])NC(=O)[C@H](Cc2c[nH]c3ccccc23)NC(=O)[C@H](C)NC(=O)[C@@H]2CCCN2C(=O)[C@H](C)NC(=O)[C@H](C)NC(=O)[C@H](CCCC[NH3+])NC(=O)[C@H](CCCC[NH3+])NC(=O)[C@H](CC(C)C)NC1=O,0,-4.204381,2
CC[C@H](C)[C@H](NC(=O)[C@@H](NC(=O)CN)C(C)C)C(=O)N[C@@H](CC(=O)O)C(=O)N[C@@H](C)C(=O)N[C@@H](C)C(=O)N[C@@H](CCCC[NH3+])C(=O)N[C@@H](CCCC[NH3+])C(=O)N[C@H](C(=O)N[C@H](C(=O)N[C@@H](CC(N)=O)C(=O)N[C@H](C(=O)N[C@@H](CC(C)C)C(=O)N[C@@H](CCCC[NH3+])C(=O)N[C@@H](CC(N)=O)C(=O)N[C@@H](CC(C)C)C(=O)N1CCC[C@H]1C(N)=O)C(C)C)C(C)C)C(C)C,0,-5.888806,2
CC[C@H](C)[C@H](NC(=O)[C@H](C)NC(=O)[C@H](C)NC(=O)[C@H](CCC(=O)O)NC(=O)[C@H](CCCC[NH3+])NC(=O)CNC(=O)[C@@H](NC(=O)[C@H](CC(N)=O)NC(=O)[C@H](CCCC[NH3+])NC(=O)[C@@H](NC(=O)[C@@H](NC(=O)[C@H](CO)NC(=O)[C@H](Cc1c[nH]c2ccccc12)NC(=O)[C@H](CC(C)C)NC(=O)CN)[C@@H](C)O)[C@@H](C)CC)C(C)C)C(=O)N[C@@H](C)C(=O)N[C@@H](C)C(=O)NCC(=O)N[C@@H](CCCC[NH3+])C(=O)N[C@@H](C)C(=O)N[C@H](C(=O)N[C@@H](CC(C)C)C(=O)NCC(=O)N[C@@H](CO)C(=O)N[C@@H](CC(C)C)C(N)=O)C(C)C,0,-3.9514303,2
CC[C@H](C)[C@H](NC(=O)[C@H](CCCC[NH3+])NC(=O)[C@H](CCCC[NH3+])NC(=O)[C@H](CC(C)C)NC(=O)[C@H](CC(=O)O)NC(=O)[C@@H](NC(=O)[C@@H](N)Cc1ccccc1)C(C)C)C(=O)N[C@@H](C)C(=O)N[C@@H](CC(N)=O)C(=O)N[C@H](C(=O)N[C@H](C(=O)N[C@@H](CC(N)=O)C(=O)N[C@@H](CO)C(=O)N[C@H](C(=O)N[C@@H](Cc1ccccc1)C(=O)NCC(=O)N[C@@H](CCCC[NH3+])C(N)=O)[C@@H](C)CC)[C@@H](C)CC)[C@@H](C)CC,0,-5.282607,2
CC[C@H](C)[C@H](N)C(=O)N[C@@H](CC(C)C)C(=O)N1CCC[C@H]1C(=O)N[C@@H](CC(C)C)C(=O)N[C@@H](CCCC[NH3+])C(=O)N[C@@H](Cc1c[nH]c2ccccc12)C(=O)N1CCC[C@H]1C(=O)N[C@@H](Cc1c[nH]c2ccccc12)C(=O)N[C@@H](Cc1c[nH]c2ccccc12)C(=O)N1CCC[C@H]1C(=O)N[C@@H](Cc1c[nH]c2ccccc12)C(=O)N[C@@H](CCCNC(N)=[NH2+])C(=O)N[C@@H](CCCNC(N)=[NH2+])C(N)=O,0,-4.5399237,2
CC[C@H](C)[C@H](NC(=O)[C@H](CO)NC(=O)[C@@H]1CCCN1C(=O)[C@H](CC(C)C)NC(=O)[C@@H](NC(=O)CNC(=O)[C@H](C)NC(=O)[C@H](CC(C)C)NC(=O)[C@@H](NC(=O)[C@H](CCCC[NH3+])NC(=O)[C@H](CC(C)C)NC(=O)[C@H](C)NC(=O)[C@H](CO)NC(=O)CNC(=O)[C@@H](NC(=O)[C@@H](N)Cc1ccccc1)[C@@H](C)CC)C(C)C)C(C)C)C(=O)N[C@H](C(=O)N[C@@H](CO)C(=O)N[C@@H](Cc1c[nH]c2ccccc12)C(=O)N[C@H](C(=O)N[C@@H](CCCC[NH3+])C(=O)N[C@@H](CCC(N)=O)C(N)=O)C(C)C)C(C)C,0,-3.7335057,2
CC(C)C[C@H](NC(=O)[C@H](CCC(=O)O)NC(=O)[C@@H]1CCCN1C(=O)[C@H](C)NC(=O)[C@H](CC(N)=O)NC(=O)[C@@H](NC(=O)[C@H](CO)NC(=O)[C@H](CS)NC(=O)[C@H](C)NC(=O)[C@@H]1CCCN1C(O)C(CC1CNCN1)NC(=O)[C@H](CO)NC(=O)[C@H](CS)NC(=O)[C@H](CS)NC(=O)CN)C(C)C)C(=O)N[C@@H](CS)C(N)=O,0,-7.3587427,2
CC[C@H](C)[C@H](N)C(=O)N[C@@H](CC(C)C)C(=O)N1CCC[C@H]1C(=O)N[C@H](C(=O)N[C@@H](CC(C)C)C(=O)N[C@@H](C)C(=O)N1CCC[C@H]1C(=O)N[C@@H](CC(C)C)C(=O)N[C@H](C(=O)NCC(=O)NCC(=O)N[C@@H](CC(C)C)C(=O)N[C@@H](CC(C)C)C(N)=O)[C@@H](C)CC)[C@@H](C)CC,0,-4.1496615,2
CC[C@H](C)[C@H](NC(=O)[C@H](C)NC(=O)[C@H](CCCC[NH3+])NC(=O)[C@H](CC(C)C)NC(=O)[C@H](CC(C)C)NC(=O)CNC(O)C(CC1CNCN1)NC(=O)[C@H](CC(C)C)NC(=O)[C@@H](NC(=O)[C@@H](NC(=O)[C@H](CCCC[NH3+])NC(=O)[C@H](CCCC[NH3+])NC(=O)[C@H](C)NC(=O)[C@H](CO)NC(=O)[C@H](CCCC[NH3+])NC(=O)[C@H](Cc1ccccc1)NC(=O)[C@@H](NC(=O)[C@H](CCCC[NH3+])NC(=O)[C@H](CC(C)C)NC(=O)[C@H](Cc1ccccc1)NC(=O)[C@H](CO)NC(=O)[C@H](CCCC[NH3+])NC(=O)[C@H](Cc1c[nH]c2ccccc12)NC(=O)[C@H](CCCC[NH3+])NC(C)=O)[C@@H](C)O)[C@@H](C)O)C(C)C)C(=O)N[C@@H](CO)C(=O)N[C@@H](CO)C(N)=O,0,-4.7351565,2
CC[C@H](C)[C@H](NC(=O)[C@H](CCCC[NH3+])NC(=O)CNC(=O)[C@H](CC(C)C)NC(=O)[C@H](Cc1ccccc1)NC(=O)[C@H](CCCC[NH3+])NC(=O)[C@H](CO)NC(=O)[C@H](Cc1ccccc1)NC(=O)[C@H](Cc1c[nH]c2ccccc12)NC(=O)[C@H](CCC(N)=O)NC(=O)[C@@H](NC(=O)[C@@H](N)Cc1ccccc1)C(C)C)C(=O)N[C@@H](CC(C)C)C(N)=O,0,-4.468783,2
CSCC[C@H](NC(=O)CNC(=O)[C@H](CCCNC(N)=[NH2+])NC(=O)[C@H](CO)NC(=O)[C@H](CS)NC(O)C1CC(O)CN1C(=O)[C@@H](NC(=O)CNC(O)C1CC(O)CN1C(=O)[C@H](CO)NC(=O)[C@H](CCCC[NH3+])NC(=O)[C@@H](N)CS)[C@@H](C)O)C(=O)N[C@@H](CCCNC(N)=[NH2+])C(=O)N[C@@H](CC(=O)O)C(=O)N[C@@H](CS)C(=O)N[C@@H](CS)C(=O)N[C@H](C(=O)N[C@@H](CO)C(=O)N[C@@H](CS)C(=O)N[C@@H](CC(C)C)C(=O)N[C@@H](CC(C)C)C(=O)N[C@@H](Cc1ccc(O)cc1)C(=O)N[C@@H](CO)C(=O)N[C@@H](CC(N)=O)C(=O)N[C@@H](CCCC[NH3+])C(=O)N[C@@H](CS)C(=O)N[C@@H](CCCNC(N)=[NH2+])C(=O)N[C@@H](CCCNC(N)=[NH2+])C(=O)N[C@H](C=O)Cc1ccc(O)cc1)[C@@H](C)O,0,-4.132386,2
CC(C)C[C@@H]1NC(=O)[C@H](CC(C)C)NC(=O)[C@H](CCC(N)=O)NC(=O)[C@H](CCCNC(=N)N)NC(=O)[C@H](Cc2c[nH]cn2)NC(=O)[C@@H]2CSSC[C@@H](C(=O)N[C@@H](CC(C)C)C(=O)N[C@@H](CCCNC(=N)N)C(=O)N[C@@H](Cc3ccccc3)C(=O)N[C@H](C(N)=O)C(C)C)NC(=O)[C@H](CSSC[C@H](NC(=O)[C@@H](N)CCC(=O)O)C(=O)N2)NC1=O,0,-5.6013637,2
CC(=O)N[C@@H](CCCNC(N)=[NH2+])C(=O)N[C@@H](Cc1c[nH]c2ccccc12)C(=O)N[C@@H](Cc1ccc(O)cc1)C(=O)N[C@@H](CS)C(=O)NCC(N)=O,0,-5.5189466,2
CC(=O)N[C@@H](CC(C)C)C(=O)N[C@@H](CC(C)C)C(=O)N[C@@H](CCCNC(N)=[NH2+])C(=O)N[C@H](C(=O)N[C@@H](CCCC[NH3+])C(=O)N[C@@H](CCCNC(N)=[NH2+])C(N)=O)C(C)C,0,-4.88665,2
CC(C)[C@H](NC(=O)[C@@H](NC(=O)[C@H](CS)NC(=O)CNC(=O)[C@H](CS)NC(O)C1CC(O)CN1C(O)C(CC1CNCN1)NC(=O)[C@H](CS)NC(=O)[C@H](C)NC(=O)[C@H](C)NC(=O)[C@H](CC(N)=O)NC(O)C1CC(O)CN1C(=O)[C@H](Cc1ccc(O)cc1)NC(=O)[C@H](CCCC[NH3+])NC(=O)CNC(=O)[C@H](CS)NC(=O)[C@H](CS)NC(=O)CN)[C@@H](C)O)C(=O)NCC(=O)N[C@@H](CCCNC(N)=[NH2+])C(=O)N1CC(O)CC1C(O)N1CC(O)CC1C(O)N[C@@H](Cc1ccc(O)cc1)C(=O)N[C@@H](CS)C(=O)N[C@@H](CC(=O)O)C(=O)N[C@@H](CCCNC(N)=[NH2+])C(=O)N1CC(O)CC1C(O)N[C@@H](CO)C(=O)NCC(=O)NCC=O,0,-8.348523,2
CC[C@H](C)[C@H](NC(=O)[C@@H](N)CCC(N)=O)C(=O)N1CCC[C@H]1C(=O)N[C@@H](Cc1c[nH]c2ccccc12)C(=O)N[C@@H](Cc1ccccc1)C(=O)NC(CC1CNCN1)C(O)N[C@@H](CCCNC(N)=[NH2+])C(N)=O,0,-4.1367655,2
CC(C)C[C@H](NC(=O)[C@H](CC(C)C)NC(=O)[C@@H](CCCC[NH3+])NC(=O)[C@H](CC(C)C)NC(=O)[C@H](CC(C)C)NC(=O)[C@H](CCCC[NH3+])NC(=O)[C@@H](CCCC[NH3+])NC(=O)[C@@H](CC(C)C)NC(=O)[C@H](CC(C)C)NC(=O)[C@@H](CCCC[NH3+])NC(=O)[C@H](CCCC[NH3+])NC(=O)[C@H](CC(C)C)NC(=O)[C@@H](CC(C)C)NC(=O)[C@H](CCCC[NH3+])NC(=O)[C@@H](N)CC(C)C)C(N)=O,0,-2.9521804,2
CC[C@H](C)[C@H](NC(=O)[C@H](CCCC[NH3+])NC(=O)[C@H](CCCC[NH3+])NC(=O)[C@H](Cc1ccccc1)NC(=O)[C@H](CC(C)C)NC(=O)[C@H](CCCC[NH3+])NC(=O)[C@@H](N)CC(C)C)C(=O)N[C@@H](CC(C)C)C(=O)N[C@@H](CCCC[NH3+])C(=O)N[C@@H](Cc1ccc(O)cc1)C(=O)N[C@@H](CC(C)C)C(N)=O,0,-4.9411955,2
CC[C@H](C)[C@H](N)C(=O)N[C@@H](CC(N)=O)C(=O)N[C@@H](Cc1c[nH]c2ccccc12)C(=O)N[C@@H](CC(C)C)C(=O)N[C@@H](CCCC[NH3+])C(=O)N[C@@H](CC(C)C)C(=O)NCC(=O)N[C@@H](CCCC[NH3+])C(=O)N[C@@H](CCCC[NH3+])C(=O)N[C@H](C(=O)N[C@@H](CC(C)C)C(=O)NCC(=O)N[C@@H](C)C(=O)N[C@H](C(N)=O)[C@@H](C)CC)[C@@H](C)CC,0,-1.9059931,2
C[C@H](NC(=O)[C@H](C)NC(=O)[C@H](Cc1ccccc1)NC(=O)[C@H](C)NC(=O)[C@H](C)NC(=O)[C@H](CCCNC(N)=[NH2+])NC(=O)[C@H](CCCNC(N)=[NH2+])NC(=O)[C@@H](N)CCCNC(N)=[NH2+])C(=O)N[C@@H](Cc1c[nH]c2ccccc12)C(=O)N[C@@H](C)C(=O)N[C@@H](C)C(=O)N[C@@H](Cc1ccccc1)C(=O)N[C@@H](C)C(=O)N[C@@H](C)C(=O)N[C@@H](CCCNC(N)=[NH2+])C(=O)N[C@@H](CCCNC(N)=[NH2+])C(=O)N[C@@H](CCCNC(N)=[NH2+])C(N)=O,0,3.5938275,2
CC(C)C[C@H](NC(=O)[C@H](CC(N)=O)NC(=O)[C@H](CO)NC(O)C(CC1CNCN1)NC(=O)[C@H](CCC(=O)O)NC(=O)[C@H](C)NC(O)C(CC1CNCN1)NC(=O)[C@H](CS)NC(=O)[C@@H](NC(=O)[C@@H]1CCCN1C(=O)[C@H](CC(N)=O)NC(=O)[C@H](CO)NC(=O)[C@H](CS)NC(=O)[C@H](CS)NC(=O)CN)C(C)C)C(=O)N[C@@H](CS)C(N)=O,0,-6.3186116,2
CC[C@H](C)[C@H](NC(=O)[C@@H](N)CCCNC(N)=[NH2+])C(=O)N[C@@H](CC(C)C)C(=O)N[C@@H](CCCNC(N)=[NH2+])C(=O)NCC(N)=O,0,2.0482879,2
CC[C@H](C)[C@H](NC(=O)CN)C(=O)NCC(=O)NCC(=O)N[C@@H](CCCC[NH3+])C(=O)N[C@H](C(=O)N[C@@H](CC(C)C)C(=O)NCC(=O)NCC(=O)N[C@@H](CC(C)C)C(=O)N[C@@H](CCCC[NH3+])C(=O)N[C@H](C(=O)N[C@@H](C)C(=O)N[C@@H](CC(C)C)C(=O)N[C@@H](CCCC[NH3+])C(=O)NCC(=O)N[C@@H](C)C(=O)N[C@@H](C)C(=O)N[C@@H](CCCC[NH3+])C(=O)N[C@@H](CCC(=O)O)C(=O)N[C@@H](CC(C)C)C(=O)N[C@@H](C)C(=O)N[C@@H](CO)C(=O)N[C@H](C(=O)N[C@@H](Cc1ccc(O)cc1)C(=O)N[C@@H](CC(C)C)C(=O)NC(CC1CNCN1)C(N)O)[C@@H](C)O)[C@@H](C)O)[C@@H](C)CC,0,-3.2677257,2
CC[C@H](C)[C@H](NC(=O)[C@H](CCC(N)=O)NC(=O)[C@@H]1CCCN1C(=O)[C@H](CC(N)=O)NC(O)C(CC1CNCN1)NC(=O)[C@@H](NC(=O)[C@@H](NC(=O)[C@H](CS)NC(=O)[C@@H](NC(=O)[C@@H]1CCCN1C(=O)[C@H](CC(N)=O)NC(=O)[C@H](CO)NC(=O)[C@H](CS)NC(=O)[C@H](CS)NC(=O)[C@@H]1CCCN1C(=O)[C@H](CC(=O)O)NC(O)C(N)CCCNC(N)N(C)C)C(C)C)[C@@H](C)O)C(C)C)C(=O)N[C@@H](CS)C(N)=O,0,-6.671406,2
CC[C@H](C)[C@H](NC(=O)CN)C(=O)NCC(=O)N[C@@H](CCCC[NH3+])C(=O)N[C@@H](Cc1ccccc1)C(=O)N[C@@H](CC(C)C)C(=O)NC(CC1CNCN1)C(O)N[C@@H](CCCC[NH3+])C(=O)N[C@H](C(=O)NCC(=O)N[C@@H](CO)C(=O)N[C@@H](Cc1ccccc1)C(=O)N[C@H](C(=O)N[C@@H](CCCC[NH3+])C(=O)N[C@@H](CO)C(=O)N[C@@H](Cc1c[nH]c2ccccc12)C(=O)N[C@@H](CCCC[NH3+])C(=O)NCC(=O)N[C@@H](CCC(=O)O)C(=O)N[C@H](C(=O)N[C@@H](CCSC)C(=O)N[C@@H](CC(N)=O)C(=O)N[C@@H](CO)C(N)=O)[C@@H](C)CC)[C@@H](C)CC)C(C)C,0,-5.9472814,2
CCCCC(NC(=O)[C@@H](NC(=O)[C@H](CCCC[NH3+])NC(=O)[C@@H]1CCCN1C(=O)[C@H](CC(C)C)NC(=O)[C@H](CO)NC(=O)[C@H](CCCC[NH3+])NC(=O)[C@H](CCCC[NH3+])NC(=O)[C@H](CC(C)C)NC(=O)[C@H](CO)NC(=O)[C@H](CO)NC(=O)[C@H](CC(C)C)NC(=O)[C@H](Cc1ccccc1)NC(=O)CN)C(C)C)C(O)N[C@@H](C)C(=O)NC(CC1CNCN1)C(O)NC(CCCC)C(O)N[C@@H](CCCC[NH3+])C(N)=O,0,-5.638424,2
CC(C)C[C@@H]1NC(=O)[C@H](CCCC[NH3+])NC(=O)[C@H](C(C)C)NC(=O)[C@@H]2CCCN2C(=O)[C@@H](Cc2ccc(O)cc2)NC(=O)[C@H](CC(C)C)NC(=O)[C@H](CCCC[NH3+])NC(=O)[C@H](C(C)C)NC(=O)[C@H](CCCC[NH3+])NC(=O)[C@H](CC(C)C)NC(=O)[C@H]2CCCN2C(=O)[C@@H](Cc2ccc(O)cc2)NC(=O)[C@H](C(C)C)NC(=O)[C@H](CCCC[NH3+])NC1=O,0,-6.8438673,2
CC[C@H](C)[C@H](NC(=O)[C@H](CCCC[NH3+])NC(=O)[C@H](CCCC[NH3+])NC(=O)[C@H](CCC(N)=O)NC(=O)CN)C(=O)N[C@@H](CCCNC(N)=[NH2+])C(=O)N[C@H](C(=O)N[C@@H](CCCNC(N)=[NH2+])C(=O)N[C@@H](CC(C)C)C(=O)N[C@@H](CO)C(N)=O)C(C)C,0,-4.135744,2
CC[C@H](C)[C@H](NC(=O)[C@H](CCCC[NH3+])NC(=O)CNC(=O)[C@@H](NC(=O)[C@H](CC(C)C)NC(O)C(CC1CNCN1)NC(=O)[C@H](C)NC(=O)[C@H](CC(C)C)NC(=O)[C@H](CC(C)C)NC(=O)[C@H](CC(=O)O)NC(=O)[C@H](CCCC[NH3+])NC(=O)CNC(=O)[C@H](C)NC(=O)CNC(=O)[C@H](CCCC[NH3+])NC(=O)[C@H](CC(C)C)NC(=O)[C@@H](NC(=O)[C@H](CC(=O)O)NC(=O)[C@@H](NC(=O)[C@@H](NC(=O)CN)C(C)C)C(C)C)[C@@H](C)CC)C(C)C)C(=O)N[C@@H](CO)C(=O)N[C@@H](CCC(=O)O)C(=O)N[C@@H](CCCC[NH3+])C(=O)N[C@H](C(N)=O)C(C)C,0,-2.439115,2
CC[C@H](C)[C@@H]1NC(=O)[C@H](CCCNC(=N)N)NC(=O)CNC(=O)[C@@H]2CSSC[C@@H](C(=O)N3CCC[C@H]3C(=O)N[C@@H](CCC(=O)O)C(=O)N[C@H](C(=O)N[C@H](C(=O)N[C@@H](CS)C(=O)N3CCC[C@H]3C(=O)N[C@@H](CCCCN)C(=O)N[C@@H](CC(N)=O)C(=O)O)C(C)C)C(C)C)NC(=O)[C@H]([C@@H](C)CC)NC(=O)[C@H](CS)NC(=O)[C@H](CCCNC(=N)N)NC(=O)[C@H](CO)NC(=O)[C@H](CSSC[C@H](NC(=O)[C@H](CCC(=O)O)NC(=O)[C@@H](NC(=O)[C@H](Cc3c[nH]c4ccccc34)NC(=O)[C@H](Cc3ccc(O)cc3)NC(=O)[C@H](CCC(N)=O)NC(=O)[C@@H]3CCCN3C(=O)[C@@H](NC(=O)[C@H](CC(C)C)NC(=O)[C@H](CC(=O)O)NC(=O)[C@H](CC(N)=O)NC(=O)[C@@H](N)CC(C)C)C(C)C)[C@@H](C)O)C(=O)N2)NC(=O)[C@H](Cc2c[nH]cn2)NC(=O)[C@@H]2CCCN2C(=O)CNC1=O,0,-4.0038185,2
CC(C)C[C@H](NC(=O)[C@H](Cc1ccccc1)NC(=O)[C@H](C)NC(=O)CNC(=O)[C@H](Cc1c[nH]c2ccccc12)NC(=O)[C@H](CC(N)=O)NC(=O)[C@@H](N)CC(C)C)C(=O)N[C@@H](CCCC[NH3+])C(=O)NC(CC1CNCN1)C(O)N[C@@H](Cc1ccccc1)C(=O)N[C@@H](Cc1ccccc1)C(=O)N[C@@H](CCCC[NH3+])C(N)=O,0,-5.780856,2
CC[C@H](C)[C@H](N)C(=O)N[C@@H](CC(N)=O)C(=O)N[C@@H](Cc1c[nH]c2ccccc12)C(=O)N[C@@H](CCCC[NH3+])C(=O)N[C@@H](CCCC[NH3+])C(=O)N[C@H](C(=O)N[C@@H](C)C(=O)N[C@@H](CO)C(=O)N[C@H](C(=O)NCC(=O)N[C@@H](CCCC[NH3+])C(=O)N[C@@H](CCC(=O)O)C(=O)N[C@H](C(=O)N[C@@H](CC(C)C)C(=O)N[C@@H](CCCC[NH3+])C(=O)N[C@@H](C)C(=O)N[C@@H](CC(C)C)C(N)=O)C(C)C)[C@@H](C)CC)[C@@H](C)CC,0,-5.3711495,2
CC[C@H](C)[C@H](NC(=O)[C@H](CCC(=O)O)NC(=O)[C@@H]1CCCN1C(O)C(CC1CNCN1)NC(=O)[C@H](CC(=O)O)NC(=O)[C@H](Cc1ccc(O)cc1)NC(=O)[C@H](CC(N)=O)NC(=O)[C@H](CS)NC(=O)[C@H](CCCNC(N)=[NH2+])NC(=O)[C@@H]1CCCN1C(=O)[C@H](CC(=O)O)NC(=O)[C@H](CO)NC(=O)[C@H](CS)NC(=O)[C@H](CS)NC(=O)[C@H](C)N)C(=O)N[C@@H](CS)C(N)=O,0,-6.2848806,2
CC[C@H](C)[C@H](NC(=O)[C@H](CCC(=O)O)NC(=O)[C@@H]1CCCN1C(O)C(CC1CNCN1)NC(=O)[C@H](CC(=O)O)NC(=O)[C@H](Cc1ccc(O)cc1)NC(=O)[C@H](C)NC(=O)[C@H](CS)NC(=O)[C@H](CCCNC(N)=[NH2+])NC(=O)[C@@H]1CCCN1C(=O)[C@H](CC(=O)O)NC(=O)[C@H](CO)NC(=O)[C@H](CS)NC(=O)[C@H](CS)NC(=O)CN)C(=O)N[C@@H](CS)C(N)=O,0,-6.6472797,2
CC[C@H](C)[C@H](NC(=O)[C@@H](NC(=O)[C@@H]1CCCN1C(=O)[C@@H](NC(=O)[C@@H](NC(=O)[C@H](CCCNC(N)=[NH2+])NC(=O)[C@@H]1CCCN1C(=O)[C@@H](NC(=O)[C@@H](NC(O)C(CC1CNCN1)NC(=O)[C@H](CCCC[NH3+])NC(=O)[C@H](C)NC(=O)[C@@H](NC(=O)[C@H](CO)NC(=O)CNC(=O)[C@H](CC(C)C)NC(=O)[C@@H](NC(=O)[C@H](CO)NC(=O)[C@H](Cc1ccccc1)NC(=O)[C@H](CC(C)C)NC(=O)CN)C(C)C)C(C)C)C(C)C)C(C)C)C(C)C)C(C)C)C(C)C)C(=O)N[C@@H](C)C(=O)N[C@@H](CCC(=O)O)C(=O)NC(CC1CNCN1)C(O)N[C@@H](CC(C)C)C(N)=O,0,-5.5927835,2
CC(C)[C@H](NC(=O)[C@H](CCCC[NH3+])NC(=O)[C@@H](NC(=O)[C@H](CCCC[NH3+])NC(=O)[C@@H](NC(=O)[C@H](CCCC[NH3+])NC(=O)[C@@H](NC(=O)[C@@H]1CCCN1C(=O)[C@H]1CCCN1C(=O)[C@@H](NC(=O)[C@H](CCCC[NH3+])NC(=O)[C@@H](NC(=O)[C@H](CCCC[NH3+])NC(=O)[C@@H](NC(=O)[C@H](CCCC[NH3+])NC(=O)[C@@H](NC(=O)[C@@H](N)CCCC[NH3+])C(C)C)C(C)C)C(C)C)C(C)C)[C@@H](C)O)C(C)C)C(C)C)C(=O)N[C@@H](CCCC[NH3+])C(N)=O,0,-5.2935414,2
CC(C)C[C@H](NC(=O)[C@H](CC(C)C)NC(=O)[C@H](CCCC[NH3+])NC(=O)CNC(=O)[C@H](CC(C)C)NC(=O)[C@H](CC(C)C)NC(=O)[C@H](CO)NC(=O)[C@H](C)NC(=O)[C@H](Cc1ccccc1)NC(=O)[C@H](Cc1ccccc1)NC(=O)[C@@H]1CCCN1C(=O)[C@H](CC(C)C)NC(=O)[C@@H](N)Cc1ccccc1)C(N)=O,0,-5.8104033,2
C[C@H](NC(=O)[C@H](Cc1ccc(O)cc1)NC(=O)[C@H](CC(N)=O)NC(=O)[C@H](CCCC[NH3+])NC(=O)CNC(=O)[C@H](CS)NC(=O)[C@H](C)NC(=O)[C@@H]1CCCN1C(O)C(CC1CNCN1)NC(=O)[C@H](CS)NC(=O)[C@H](CS)NC(=O)[C@H](CCCNC(N)=[NH2+])NC(=O)CN)C(=O)N[C@@H](CS)C(N)=O,0,-7.503088,2
CC(C)C[C@H]1NC(=O)[C@@H](C(C)C)NC(=O)[C@@H]2CCCN2C(=O)[C@@H](CC(=O)O)NC(=O)[C@@H](Cc2c[nH]c3ccccc23)NC1=O,0,-6.848584,2
CC[C@H](C)[C@@H]1NC(=O)CNC(=O)[C@H](CCCNC(N)=[NH2+])NC(=O)[C@H](Cc2ccc(O)cc2)NC(=O)[C@@H]2CSSC[C@H](NC1=O)C(=O)N[C@@H](Cc1ccc(O)cc1)C(=O)N[C@@H](CCCNC(N)=[NH2+])C(=O)N[C@@H](CCCNC(N)=[NH2+])C(=O)N[C@H](C(=O)N[C@@H](CCCNC(N)=[NH2+])C(=O)O)CSSC[C@H](NC(=O)[C@H](Cc1c[nH]c3ccccc13)NC(=O)[C@@H]([NH3+])CCCC[NH3+])C(=O)N[C@@H](Cc1ccccc1)C(=O)N[C@@H](CCCNC(N)=[NH2+])C(=O)N[C@@H](C(C)C)C(=O)N2,0,-2.840282,2
CC[C@H](C)[C@H](NC(=O)[C@H](CO)NC(=O)[C@H](C)NC(=O)[C@@H]1CCCN1C(=O)[C@H](CC(C)C)NC(=O)CN)C(=O)N[C@@H](CO)C(=O)N[C@@H](Cc1c[nH]c2ccccc12)C(=O)N[C@H](C(=O)N[C@@H](CCCC[NH3+])C(=O)N[C@@H](CCCNC(N)=[NH2+])C(=O)N[C@@H](CCCC[NH3+])C(=O)N[C@@H](CCCNC(N)=[NH2+])C(=O)N[C@@H](CCC(N)=O)C(=O)N[C@@H](CCC(N)=O)C(N)=O)[C@@H](C)CC,0,-3.6515622,2
CC[C@H](C)[C@H](NC(=O)[C@H](CC(C)C)NC(=O)[C@@H]1CCCN1C(=O)[C@H](CC(C)C)NC(=O)[C@@H](N)C(C)C)C(=O)N[C@@H](CO)C(=O)N[C@@H](CCSC)C(=O)N[C@@H](C)C(=O)N[C@@H](CC(C)C)C(=O)NCC(=O)N[C@@H](CCCC[NH3+])C(=O)N[C@@H](CC(C)C)C(=O)N[C@@H](CC(C)C)C(N)=O,0,-5.3421607,2
C[C@H](NC(=O)CNC(=O)[C@H](CS)NC(=O)[C@H](C)NC(=O)[C@@H]1CCCN1C(=O)[C@H](CC(N)=O)NC(=O)[C@H](CS)NC(=O)[C@H](CS)NC(=O)[C@@H](N)CCC(=O)O)C(=O)NC(CC1CNCN1)C(O)N[C@@H](Cc1ccc(O)cc1)C(=O)N[C@@H](CO)C(=O)N[C@@H](CS)C(N)=O,0,-8.360446,2
CC[C@H](C)[C@H](NC(=O)[C@H](Cc1c[nH]c2ccccc12)NC(=O)[C@H](CS)NC(=O)[C@H](CS)NC(=O)[C@@H](N)CC(C)C)C(=O)NC(CC1CNCN1)C(O)N[C@@H](Cc1c[nH]c2ccccc12)C(=O)N[C@@H](CS)C(=O)NC(CC1CNCN1)C(O)N[C@@H](C)C(=O)N[C@@H](CCCNC(N)=[NH2+])C(=O)N[C@@H](CS)C(=O)N[C@H](C(=O)N[C@@H](CS)C(=O)N[C@@H](CS)C(N)=O)[C@@H](C)O,0,-6.9577656,2
CC(C)C[C@@H]1NC(O)C(CCC[NH3+])NC(=O)[C@H](C(C)C)NC(=O)[C@@H]2CCCN2C(O)C(CC2CCCC3CCCCC32)NC(=O)[C@H](CC(C)C)NC(O)C(CCC[NH3+])NC(=O)[C@H](C(C)C)NC(=O)[C@@H]2CCCN2C(O)C(CC2CCCC3CCCCC32)NC1=O,0,-5.5182524,2
NC(=O)[C@H](Cc1c[nH]c2ccccc12)NC(O)C(CC1CNCN1)NC(=O)[C@H](CS)NC(=O)[C@H](CS)NC(=O)[C@H](CCC(=O)O)NC(=O)[C@H](Cc1ccccc1)NC=O,0,-6.85877,2
CC(C)C[C@H](NC(=O)[C@H](C)NC(=O)[C@H](CCCC[NH3+])NC(=O)[C@H](CCCC[NH3+])NC(=O)[C@H](C)NC(=O)CNC(=O)[C@H](CCCC[NH3+])NC(=O)[C@H](CC(C)C)NC(=O)[C@H](CC(C)C)NC(=O)[C@H](CC(=O)O)NC(=O)[C@H](CCCC[NH3+])NC(=O)[C@H](Cc1ccccc1)NC(=O)CN)C(=O)N[C@H](C(=O)N[C@@H](CCCC[NH3+])C(=O)N[C@H](C(=O)N[C@H](C(=O)N[C@@H](CC(C)C)C(=O)N[C@@H](Cc1ccccc1)C(N)=O)C(C)C)[C@@H](C)O)C(C)C,0,-5.510993,2
CC[C@H](C)[C@H](NC(=O)[C@H](CC(C)C)NC(O)C(CC1CNCN1)NC(=O)CNC(=O)[C@H](CC(C)C)NC(=O)[C@@H](NC(=O)[C@H](CCCC[NH3+])NC(=O)[C@H](CO)NC(=O)[C@H](Cc1c[nH]c2ccccc12)NC(=O)[C@H](CCSC)NC(=O)CN)[C@@H](C)CC)C(=O)N[C@@H](CCCC[NH3+])C(N)=O,0,-5.2433014,2
CC[C@H](C)[C@H](NC(=O)[C@H](CCCNC(N)=[NH2+])NC(=O)[C@H](CS)NC(=O)[C@H](Cc1c[nH]c2ccccc12)NC(=O)[C@H](Cc1c[nH]c2ccccc12)NC(=O)[C@H](CCCNC(N)=[NH2+])NC(=O)[C@H](CCCNC(N)=[NH2+])NC(C)=O)C(N)=O,0,-5.818489,2
CSCC[C@@H]1NC(=O)[C@H](CCCNC(N)=[NH2+])NC(=O)[C@H](Cc2c[nH]c3ccccc23)NC(=O)[C@H](C)NC(=O)[C@H](C)NC(=O)[C@H](CCCNC(N)=[NH2+])NC(=O)[C@H](Cc2ccccc2)NC(=O)[C@H](C)NC(=O)[C@H](CCCC[NH3+])NC(=O)[C@H](CCCNC(N)=[NH2+])NC(=O)[C@H](Cc2c[nH]c3ccccc23)NC(=O)[C@H](C)NC(=O)[C@H]2CCCN2C(=O)[C@@H](C)NC(=O)[C@H](C)NC(=O)[C@H](CCCC[NH3+])NC(=O)[C@H](CCCC[NH3+])NC(=O)[C@H](CC(C)C)NC1=O,0,-4.2904563,2
CC[C@H](C)[C@H]([NH3+])C(=O)N[C@H](C(=O)NCC(=O)N1CCC[C@H]1C(=O)N[C@H](C(=O)N[C@@H](CC(C)C)C(=O)NCC(=O)N[C@@H](CC(C)C)C(=O)N[C@H](C(=O)NCC(=O)N[C@@H](CO)C(=O)N[C@@H](C)C(=O)N[C@@H](CC(C)C)C(=O)NCC(=O)NCC(=O)N[C@@H](CC(C)C)C(=O)N[C@@H](CC(C)C)C(=O)N[C@@H](CCCC[NH3+])C(=O)N[C@@H](CCCC[NH3+])C(=O)N[C@H](C(=O)O)[C@@H](C)CC)C(C)C)C(C)C)[C@@H](C)CC,0,-4.378745,2
CC[C@H](C)[C@H](NC(=O)[C@H](CCCC[NH3+])NC(=O)[C@H](Cc1ccc(O)cc1)NC(=O)CNC(O)C(CC1CNCN1)NC(O)C(CC1CNCN1)NC(=O)[C@H](CCCNC(N)=[NH2+])NC(=O)[C@H](CCCC[NH3+])NC(=O)[C@H](C)NC(O)C(CC1CNCN1)NC(=O)[C@H](CO)NC(=O)[C@@H](N)CC(=O)O)C(=O)N[C@@H](CCCC[NH3+])C(=O)N[C@@H](Cc1ccccc1)C(=O)NC(CC1CNCN1)C(O)N[C@@H](CCC(=O)O)C(=O)N[C@@H](CC(N)=O)C(=O)NC(CC1CNCN1)C(O)NC(CC1CNCN1)C(O)N[C@@H](CO)C(=O)NC(CC1CNCN1)C(O)N[C@@H](CCCNC(N)=[NH2+])C(=O)NCC(=O)N[C@@H](Cc1ccc(O)cc1)C(N)=O,0,-4.5993695,2
CC[C@@H](C)[C@H]1NC(=O)[C@H]2CCCN2C(=O)[C@H](Cc2c[nH]c3ccccc23)NC(=O)[C@H](CO)NC(=O)[C@@H](CS)NC(=O)[C@H]([C@@H](C)O)NC(=O)[C@@H](CS)NC(=O)CNC(=O)[C@H](CCC(N)=O)NC(=O)[C@H]([C@@H](C)O)NC(=O)[C@H](Cc2ccc(O)cc2)NC(=O)[C@H](CS)NC(=O)[C@H]([C@@H](C)O)NC(=O)CNC(=O)[C@H](CC(C)C)NC(=O)[C@H]([C@@H](C)O)NC(=O)[C@H](CS)NC(=O)[C@H]([C@@H](C)O)NC(=O)[C@H](CCC(=O)O)NC(=O)CNC(=O)[C@H](CS)NC(=O)[C@H](C(C)C)NC(=O)[C@@H]2CCCN2C(=O)[C@H](CC(C)C)NC(=O)CNC(=O)[C@H](CC(N)=O)NC(=O)[C@H](CCCNC(N)=[NH2+])NC(=O)[C@H](CCCC[NH3+])NC(=O)[C@H](CS)NC1=O,0,-7.4490957,2
CC(C)C[C@H](NC(=O)[C@H](CCC(=O)O)NC(O)C1CC(O)CN1C(O)C(CC1CNCN1)NC(=O)[C@H](CC(N)=O)NC(=O)[C@@H](NC(=O)[C@H](CO)NC(=O)[C@H](CS)NC(=O)[C@H](C)NC(=O)[C@@H]1CCCN1C(O)C(CC1CNCN1)NC(=O)[C@H](CO)NC(=O)[C@H](CS)NC(=O)[C@H](CS)NC(=O)CN)C(C)C)C(=O)N[C@H](C=O)CS,0,-3.0716705,2
CC(C)C[C@H](NC(=O)[C@H](CCCC[NH3+])NC(=O)[C@H](CCCNC(N)=[NH2+])NC(=O)[C@H](Cc1ccccc1)NC(=O)[C@H](Cc1ccccc1)NC(=O)[C@H](CCCC[NH3+])NC(=O)[C@H](CCCC[NH3+])NC(=O)[C@H](Cc1ccccc1)NC(=O)[C@H](CCCNC(N)=[NH2+])NC(=O)[C@H](CCCC[NH3+])NC(=O)[C@@H](N)C(C)C)C(=O)N[C@@H](CCCC[NH3+])C(=O)N[C@@H](CCCC[NH3+])C(=O)N[C@@H](CCCC[NH3+])C(=O)N[C@H](C(N)=O)C(C)C,1,1.7737665,3
NC(=[NH2+])NCCC[C@H](NC(=O)[C@H](CCCNC(N)=[NH2+])NC(=O)[C@H](CCCNC(N)=[NH2+])NC(=O)[C@H](CCC(N)=O)NC(=O)[C@H](CCCNC(N)=[NH2+])NC(=O)[C@H](CCCNC(N)=[NH2+])NC(=O)[C@H](CCCC[NH3+])NC(=O)[C@H](CCCC[NH3+])NC(=O)[C@@H](N)CCCNC(N)=[NH2+])C(=O)NCC(=O)NCC(=O)NCC(N)=O,1,5.7794943,3
CNCCC[C@H](NC(=O)[C@H](CCCNC)NC(=O)[C@H](CCCNC)NC(=O)[C@H](CCCNC)NC(=O)[C@H](CCCNC)NC(=O)[C@H](CCCNC)NC(=O)[C@H](CCCNC)NC(O)C(C)CN)C(N)=O,1,-1.784803,3
CC(C)C[C@H](NC(=O)[C@H](CC(C)C)NC(=O)[C@H](C)NC(=O)[C@H](C)NC(=O)[C@H](C)NC(=O)[C@H](CC(C)C)NC(=O)[C@H](CCCC[NH3+])NC(=O)[C@H](CCCC[NH3+])NC(=O)[C@H](Cc1c[nH]c2ccccc12)NC(=O)[C@H](CCCC[NH3+])NC(=O)[C@H](CCCC[NH3+])NC(=O)[C@H](CC(C)C)NC(=O)[C@H](CC(C)C)NC(=O)[C@H](C)NC(=O)[C@H](C)NC(=O)[C@H](C)NC(=O)[C@H](CC(C)C)NC(=O)[C@@H](N)CCCC[NH3+])C(N)=O,1,1.4002315,3
CC[C@H](C)[C@H](NC(=O)[C@H](CC(C)C)NC(=O)[C@@H](NC(=O)[C@H](CCCNC(N)=[NH2+])NC(=O)[C@H](Cc1ccccc1)NC(=O)[C@@H](NC(=O)[C@@H](NC(=O)[C@@H](N)CC(C)C)[C@@H](C)CC)[C@@H](C)CC)[C@@H](C)CC)C(=O)N[C@@H](CO)C(=O)NC(CC1CNCN1)C(O)NC(CC1CNCN1)C(O)NC(CO)CC1CNCN1,1,3.2488112,3
CC[C@H](C)[C@H](NC(=O)[C@H](CCCNC(N)=[NH2+])NC(=O)[C@H](CCCNC(N)=[NH2+])NC(=O)[C@H](CCCNC(N)=[NH2+])NC(=O)[C@H](CC(C)C)NC(=O)[C@@H](NC(=O)[C@@H](NC(=O)[C@H](CC(C)C)NC(=O)[C@H](C)N)[C@@H](C)CC)[C@@H](C)CC)C(=O)N[C@@H](CCCNC(N)=[NH2+])C(=O)N[C@@H](CCCC[NH3+])C(=O)N[C@@H](CCC(N)=O)C(=O)N[C@@H](C)C(=O)NC(CC1CNCN1)C(O)N[C@@H](C)C(=O)NC(CC1CNCN1)C(O)N[C@@H](CO)C(=O)N[C@H](C=O)CCCC[NH3+],1,8.66176,3
CC[C@H](C)[C@H](NC(=O)[C@H](CCCC[NH3+])NC(=O)[C@H](CCCC[NH3+])NC(=O)[C@H](C)NC(=O)[C@H](CC(C)C)NC(=O)[C@H](C)NC(=O)[C@H](C)NC(=O)[C@H](CC(C)C)NC(=O)[C@H](C)NC(=O)[C@H](CCCC[NH3+])NC(=O)[C@H](CC(C)C)NC(=O)[C@H](CC(N)=O)NC(=O)[C@@H](NC(=O)[C@H](CCCC[NH3+])NC(=O)CNC(=O)[C@H](CC(C)C)NC(=O)[C@H](CC(C)C)NC(=O)[C@H](Cc1ccc(O)cc1)NC(=O)CNC(=O)[C@H](C)N)[C@@H](C)CC)C(=O)N[C@H](C=O)CC(C)C,1,8.300815,3
C[C@H](N)C(=O)N[C@@H](CS)C(=O)N[C@@H](CCCNC(N)=[NH2+])C(=O)NCC(=O)N[C@@H](CCCNC(N)=[NH2+])C(=O)NCC(=O)N[C@@H](CCCNC(N)=[NH2+])C(=O)NCC(=O)N[C@@H](CS)C(=O)NCC(=O)N[C@@H](CO)C(=O)NCC(=O)N[C@@H](CO)C(=O)N[C@@H](CCCNC(N)=[NH2+])C(=O)N[C@@H](CO)C(=O)N[C@@H](CS)C(=O)NCC=O,1,4.2083087,3
CC[C@H](C)[C@H](NC(=O)[C@H](C)NC(=O)[C@@H](NC(=O)[C@H](CCC(N)=O)NC(=O)[C@@H](N)CCCNC(N)=[NH2+])[C@@H](C)CC)C(=O)N[C@@H](Cc1c[nH]c2ccccc12)C(=O)N[C@@H](Cc1ccccc1)C(=O)N[C@@H](CCC(N)=O)C(=O)N[C@@H](CC(N)=O)C(=O)N[C@@H](CCCNC(N)=[NH2+])C(=O)N[C@@H](CCCNC(N)=[NH2+])C(=O)N[C@@H](CCSC)C(=O)N[C@@H](CCCC[NH3+])C(=O)N[C@@H](Cc1c[nH]c2ccccc12)C(=O)N[C@@H](CCCC[NH3+])C(=O)N[C@H](C=O)CCCC[NH3+],1,8.266979,3
NCC(=O)N[C@@H](CCCNC(N)=[NH2+])C(=O)N[C@@H](CCCC[NH3+])C(=O)N[C@@H](CCCC[NH3+])C(=O)N[C@@H](CCCNC(N)=[NH2+])C(=O)N[C@@H](CCCNC(N)=[NH2+])C(=O)N[C@@H](CCC(N)=O)C(=O)N[C@@H](CCCNC(N)=[NH2+])C(=O)N[C@@H](CCCNC(N)=[NH2+])C(=O)N[C@@H](CCCNC(N)=[NH2+])C(=O)N1CCC[C@H]1C(=O)N1CCC[C@H]1C(=O)N[C@@H](CCC(N)=O)C(=O)N[C@H](C=O)Cc1ccc(O)cc1,1,7.7393312,3
CC(=O)N[C@@H](CCCNC(N)=[NH2+])C(=O)N[C@@H](CCCNC(N)=[NH2+])C(=O)N[C@@H](CCCNC(N)=[NH2+])C(=O)N[C@@H](CCCNC(N)=[NH2+])C(=O)N[C@@H](CCCNC(N)=[NH2+])C(=O)N[C@@H](CCCNC(N)=[NH2+])C(=O)N[C@@H](CCCNC(N)=[NH2+])C(=O)N[C@@H](CCCNC(N)=[NH2+])C(N)=O,1,0.7814981,3
NC(=[NH2+])NCCC[C@@H](N)C(=O)N[C@H](CCCNC(N)=[NH2+])C(=O)N[C@H](CCCNC(N)=[NH2+])C(=O)N[C@H](CCCNC(N)=[NH2+])C(=O)N[C@H](CCCNC(N)=[NH2+])C(=O)N[C@@H](C=O)CCCNC(N)=[NH2+],1,7.279424,3
NC(=[NH2+])NCCC[C@@H](C=O)NC(=O)[C@H](CCCNC(N)=[NH2+])NC(=O)[C@H](CCCNC(N)=[NH2+])NC(=O)[C@H](CCCNC(N)=[NH2+])NC(=O)[C@H](CCCNC(N)=[NH2+])NC(=O)[C@@H](N)CCCNC(N)=[NH2+],1,7.3300495,3
CC[C@H](C)[C@H](NC(=O)[C@@H](NC(=O)[C@@H](N)Cc1c[nH]c2ccccc12)[C@@H](C)CC)C(=O)N[C@@H](Cc1ccccc1)C(=O)N[C@@H](CCCNC(N)=[NH2+])C(=O)N[C@@H](C)C(=O)N[C@@H](C)C(=O)N[C@@H](C)C(=O)N[C@@H](CO)C(=O)NC(CC1CNCN1)C(O)N[C@@H](CCCC[NH3+])C(=O)N[C@H](C=O)CCCC[NH3+],1,6.923344,3
CC(C)C[C@H](NC(=O)[C@H](CCCNC(N)=[NH2+])NC(=O)[C@H](CCC(=O)O)NC(=O)[C@H](CC(=O)O)NC(=O)[C@H](C)NC(=O)[C@@H]1CCCN1C(=O)[C@H](CS)NC(=O)[C@H](CC(N)=O)NC(=O)[C@H](CCCNC(N)=[NH2+])NC(=O)[C@H](Cc1ccccc1)NC(=O)[C@H](CCCNC(N)=[NH2+])NC(=O)[C@H](CC(=O)O)NC(=O)[C@H](CCCNC(N)=[NH2+])NC(=O)[C@H](CS)NC(=O)[C@H](C)N)C(=O)N[C@@H](CS)C(=O)NCC=O,1,2.4807625,3
CC(C)C[C@H](NC(=O)[C@H](C)NC(=O)[C@H](CCCC[NH3+])NC(=O)[C@H](CC(C)C)NC(=O)[C@H](C)NC(=O)[C@H](CC(C)C)NC(=O)[C@H](CCCC[NH3+])NC(=O)[C@H](CC(C)C)NC(=O)[C@H](C)NC(=O)[C@H](CC(C)C)NC(=O)[C@@H](N)CCCC[NH3+])C(=O)N[C@@H](CCCC[NH3+])C(=O)N[C@@H](C)C(=O)N[C@@H](C)C(=O)N[C@@H](CC(C)C)C(=O)N[C@@H](CCCC[NH3+])C(=O)N[C@@H](CC(C)C)C(=O)N[C@@H](C)C(=O)NCC(=O)N[C@H](C=O)CS,1,7.1072116,3
NC(=[NH2+])NCCC[C@H](NC(=O)[C@H](CCCNC(N)=[NH2+])NC(=O)[C@H](CCCNC(N)=[NH2+])NC(=O)[C@H](CCCNC(N)=[NH2+])NC(=O)[C@H](CCCNC(N)=[NH2+])NC(=O)[C@H](CCCNC(N)=[NH2+])NC(=O)[C@H](CCCNC(N)=[NH2+])NC(=O)[C@@H](N)CCCNC(N)=[NH2+])C(=O)NCC(=O)N[C@@H](CS)C(N)=O,1,3.7481298,3
CC[C@H](C)[C@H](NC(=O)[C@H](CCCC[NH3+])NC(=O)[C@H](CCCC[NH3+])NC(=O)[C@H](C)NC(=O)[C@H](CC(C)C)NC(=O)[C@H](C)NC(=O)[C@H](C)NC(=O)[C@H](CC(C)C)NC(=O)[C@H](C)NC(=O)[C@H](CCCC[NH3+])NC(=O)[C@H](CC(C)C)NC(=O)[C@H](CC(N)=O)NC(=O)[C@@H](NC(=O)[C@H](CCCC[NH3+])NC(=O)CNC(=O)[C@H](CC(C)C)NC(=O)[C@H](CC(C)C)NC(=O)[C@H](Cc1ccc(O)cc1)NC(=O)CNC(=O)[C@H](C)NC(=O)[C@H](CO)NC(=O)[C@H](CC(N)=O)NC(=O)[C@@H](N)CC(C)C)[C@@H](C)CC)C(=O)N[C@H](C=O)CC(C)C,1,6.71398,3
CC(=O)N[C@@H](CS)C(=O)N[C@@H](Cc1c[nH]c2ccccc12)C(=O)N[C@@H](CCCC[NH3+])C(=O)N[C@@H](CCCC[NH3+])C(=O)N[C@@H](CCCC[NH3+])C(=O)N[C@@H](CCCC[NH3+])C(=O)N[C@@H](CCCC[NH3+])C(=O)N[C@@H](CCCC[NH3+])C(=O)N[C@@H](CCCC[NH3+])C(=O)N[C@@H](CCCC[NH3+])C(=O)N[C@@H](CCCC[NH3+])C(=O)N[C@@H](CCCC[NH3+])C(=O)N[C@@H](CCCC[NH3+])C(=O)N[C@@H](CCCC[NH3+])C(=O)N[C@@H](CCCC[NH3+])C(=O)N[C@@H](CCCC[NH3+])C(=O)N[C@@H](CCCC[NH3+])C(=O)N[C@@H](CCCC[NH3+])C(=O)N[C@@H](CCCC[NH3+])C(=O)N[C@H](C=O)CCCC[NH3+],1,4.4820495,3
CC[C@H](C)[C@H](NC(=O)[C@H](CCCC[NH3+])NC(=O)[C@@H](NC(=O)[C@H](CCC(N)=O)NC(=O)[C@@H]([NH3+])CCCNC(N)=[NH2+])[C@@H](C)CC)C(=O)N[C@@H](Cc1c[nH]c2ccccc12)C(=O)N[C@@H](Cc1ccccc1)C(=O)N[C@@H](CCC(N)=O)C(=O)N[C@@H](CC(N)=O)C(=O)N[C@@H](CCCNC(N)=[NH2+])C(=O)N[C@@H](CCCNC(N)=[NH2+])C(=O)N[C@@H](CCSC)C(=O)N[C@@H](CCCC[NH3+])C(=O)N[C@@H](Cc1c[nH]c2ccccc12)C(=O)N[C@@H](CCCC[NH3+])C(=O)N[C@@H](CCCC[NH3+])C(=O)O,1,3.7882671,3
C[C@H](N)C(=O)N[C@@H](CS)C(=O)N[C@@H](CCCNC(N)=[NH2+])C(=O)N[C@@H](CCCNC(N)=[NH2+])C(=O)N[C@@H](CO)C(=O)N[C@@H](CCCNC(N)=[NH2+])C(=O)N[C@@H](CCCNC(N)=[NH2+])C(=O)NCC(=O)N[C@@H](CS)C(=O)NCC(=O)N[C@@H](CCCNC(N)=[NH2+])C(=O)N[C@@H](CCCNC(N)=[NH2+])C(=O)N[C@@H](CO)C(=O)N[C@@H](CCCNC(N)=[NH2+])C(=O)N[C@@H](CCCNC(N)=[NH2+])C(=O)N[C@@H](CS)C(=O)NCC=O,1,5.2653375,3
CC(=O)N[C@@H](CCCNC(N)=[NH2+])C(=O)N[C@@H](CC(C)C)C(=O)N[C@@H](CC(C)C)C(=O)N[C@@H](CCCNC(N)=[NH2+])C(=O)N[C@@H](CC(C)C)C(=O)N[C@@H](CC(C)C)C(=O)N[C@@H](CC(C)C)C(=O)N[C@@H](CCCNC(N)=[NH2+])C(=O)N[C@@H](CC(C)C)C(=O)N[C@@H](Cc1c[nH]c2ccccc12)C(=O)N[C@@H](CCCNC(N)=[NH2+])C(=O)N[C@@H](CCCNC(N)=[NH2+])C(=O)N[C@@H](CC(C)C)C(=O)N[C@@H](CC(C)C)C(=O)N[C@@H](CCCNC(N)=[NH2+])C(=O)N[C@@H](CC(C)C)C(=O)N[C@@H](CC(C)C)C(=O)N[C@@H](CCCNC(N)=[NH2+])C(N)=O,1,3.2621024,3
C[C@H](NC(=O)[C@H](CCCC[NH3+])NC(=O)[C@H](CO)NC(=O)[C@H](CCCNC(N)=[NH2+])NC(=O)[C@H](C)NC(O)C(CC1CNCN1)NC(O)C(CC1CNCN1)NC(=O)[C@H](CCCNC(N)=[NH2+])NC(=O)[C@H](CCCNC(N)=[NH2+])NC(=O)[C@@H](N)CO)C(=O)N[C@@H](CCCC[NH3+])C(=O)N[C@@H](CCCNC(N)=[NH2+])C(=O)N[C@@H](CO)C(=O)N[C@@H](CCCNC(N)=[NH2+])C(=O)NC(CC1CNCN1)C(O)NC(CO)CC1CNCN1,1,4.409166,3
NC(=[NH2+])NCCC[C@@H](C=O)NC(=O)[C@H](CCCNC(N)=[NH2+])NC(=O)[C@H](CCCNC(N)=[NH2+])NC(=O)[C@H](CCCNC(N)=[NH2+])NC(=O)[C@H](CCCNC(N)=[NH2+])NC(=O)[C@H](CCCNC(N)=[NH2+])NC(=O)[C@H](CCCNC(N)=[NH2+])NC(=O)[C@H](CCCNC(N)=[NH2+])NC(=O)[C@H](CCCNC(N)=[NH2+])NC(=O)[C@H](CCCNC(N)=[NH2+])NC(=O)[C@@H](N)CCCNC(N)=[NH2+],1,7.3810515,3
C[C@H](NC(=O)[C@H](CCC(N)=O)NC(=O)[C@@H](N)CCCNC(N)=[NH2+])C(=O)N[C@@H](CCCNC(N)=[NH2+])C(=O)N[C@@H](CCCNC(N)=[NH2+])C(=O)N[C@@H](CC(N)=O)C(=O)N[C@@H](CCCNC(N)=[NH2+])C(=O)N[C@@H](CCCNC(N)=[NH2+])C(=O)N[C@@H](CCCNC(N)=[NH2+])C(=O)N[C@H](C=O)CS,1,6.3214545,3
CC[C@H](C)[C@H](NC(=O)[C@H](CCCC[NH3+])NC(=O)[C@@H](NC(=O)[C@H](CCC(N)=O)NC(=O)[C@@H]([NH3+])CCCNC(N)=[NH2+])[C@@H](C)CC)C(=O)N[C@@H](Cc1c[nH]c2ccccc12)C(=O)N[C@@H](Cc1ccccc1)C(=O)N[C@@H](CCC(N)=O)C(=O)N[C@@H](CC(N)=O)C(=O)N[C@@H](CCCNC(N)=[NH2+])C(=O)N[C@@H](CCCNC(N)=[NH2+])C(=O)N[C@@H](CCSC)C(=O)N[C@@H](CCCC[NH3+])C(=O)N[C@@H](Cc1c[nH]c2ccccc12)C(=O)N[C@@H](CCCC[NH3+])C(=O)N[C@@H](CCCC[NH3+])C(=O)O,1,3.7882671,3
NC(=[NH2+])NCCC[C@@H](NC(=O)[C@H](N)CS)C(=O)N[C@H](Cc1c[nH]c2ccccc12)C(=O)N[C@H](CCCNC(N)=[NH2+])C(=O)N[C@H](Cc1c[nH]c2ccccc12)C(=O)N[C@H](CCCC[NH3+])C(=O)N[C@H](CS)C(=O)N[C@H](CS)C(=O)N[C@H](CCCC[NH3+])C(=O)N[C@@H](C=O)CCCC[NH3+],1,6.062801,3
NC(=[NH2+])NCCC[C@H](NC(=O)[C@H](Cc1c[nH]c2ccccc12)NC(=O)[C@@H](CCCNC(N)=[NH2+])NC(=O)[C@@H](N)CS)C(=O)N[C@@H](Cc1c[nH]c2ccccc12)C(=O)N[C@@H](CCCC[NH3+])C(=O)N[C@@H](CS)C(=O)N[C@@H](CS)C(=O)N[C@@H](CCCC[NH3+])C(=O)N[C@H](C=O)CCCC[NH3+],1,5.3724437,3
CC[C@H](C)[C@H](NC(=O)[C@H](CC(C)C)NC(=O)[C@@H](N)CCCC[NH3+])C(=O)N[C@@H](CCCC[NH3+])C(=O)NCC(=O)N[C@@H](CCCNC(N)=[NH2+])C(=O)N[C@H](C(=O)N1CCC[C@H]1C(=O)N[C@H](C(=O)N[C@@H](CCCC[NH3+])C(=O)N[C@@H](Cc1ccccc1)C(=O)NCC(=O)N[C@@H](CCCC[NH3+])C(=O)N[C@@H](C)C(=O)N[C@@H](CC(=O)O)C(=O)N[C@@H](CS)C(=O)N[C@@H](CC(=O)O)C(=O)N[C@@H](CCCNC(N)=[NH2+])C(=O)N1CCC[C@H]1C(=O)N1CCC[C@H]1C(=O)N[C@@H](CCCC[NH3+])C(=O)NC(CC1CNCN1)C(O)N[C@@H](CO)C(=O)NCC(=O)N[C@H](C=O)CCCC[NH3+])[C@@H](C)CC)[C@@H](C)O,1,5.444369,3
CC[C@H](C)[C@H](NC(=O)[C@H](CCCC[NH3+])NC(=O)[C@@H](NC(=O)[C@H](CCC(N)=O)NC(=O)[C@@H]([NH3+])CCCNC(N)=[NH2+])[C@@H](C)CC)C(=O)N[C@@H](Cc1c[nH]c2ccccc12)C(=O)N[C@@H](Cc1ccccc1)C(=O)N[C@@H](CCC(N)=O)C(=O)N[C@@H](CC(N)=O)C(=O)N[C@@H](CCCNC(N)=[NH2+])C(=O)N[C@@H](CCCNC(N)=[NH2+])C(=O)N[C@@H](CCSC)C(=O)N[C@@H](CCCC[NH3+])C(=O)N[C@@H](Cc1c[nH]c2ccccc12)C(=O)N[C@@H](CCCC[NH3+])C(=O)N[C@@H](CCCC[NH3+])C(=O)O,1,3.7882671,3
C[C@H](NC(=O)[C@H](CCCNC(N)=[NH2+])NC(=O)[C@H](CCCNC(N)=[NH2+])NC(=O)[C@H](CCC(=O)O)NC(=O)[C@H](CCCNC(N)=[NH2+])NC(=O)[C@H](CCCNC(N)=[NH2+])NC(=O)[C@@H](N)CCCNC(N)=[NH2+])C(=O)N[C@@H](CCC(=O)O)C(=O)N[C@H](C=O)CCCC[NH3+],1,7.781941,3
NCC(=O)N[C@@H](CCCNC(N)=[NH2+])C(=O)N[C@@H](CCCC[NH3+])C(=O)N[C@@H](CCCC[NH3+])C(=O)N[C@@H](CCCNC(N)=[NH2+])C(=O)N[C@@H](CCCNC(N)=[NH2+])C(=O)N[C@@H](CCC(N)=O)C(=O)N[C@@H](CCCNC(N)=[NH2+])C(=O)N[C@@H](CCCNC(N)=[NH2+])C(=O)N[C@@H](CCCNC(N)=[NH2+])C(=O)N1CCC[C@H]1C(=O)N1CCC[C@H]1C(=O)N[C@H](C=O)CCC(N)=O,1,7.95118,3
NC(=[NH2+])NCCC[C@@H](C=O)NC(=O)[C@H](CCCNC(N)=[NH2+])NC(=O)[C@H](CCCNC(N)=[NH2+])NC(=O)[C@H](CCCNC(N)=[NH2+])NC(=O)[C@H](CCCNC(N)=[NH2+])NC(=O)[C@H](CCCNC(N)=[NH2+])NC(=O)[C@H](CCCNC(N)=[NH2+])NC(=O)[C@H](CCCNC(N)=[NH2+])NC(=O)[C@H](Cc1c[nH]c2ccccc12)NC(=O)[C@H](Cc1c[nH]c2ccccc12)NC(=O)[C@H](Cc1c[nH]c2ccccc12)NC(=O)[C@@H](N)Cc1c[nH]c2ccccc12,1,4.4745,3
CC[C@H](C)[C@H](NC(=O)[C@H](CCCNC(N)=[NH2+])NC(=O)[C@@H](NC(=O)[C@H](CCC(N)=O)NC(=O)[C@@H](N)CCCNC(N)=[NH2+])[C@@H](C)CC)C(=O)N[C@@H](Cc1c[nH]c2ccccc12)C(=O)N[C@@H](Cc1ccccc1)C(=O)N[C@@H](CCC(N)=O)C(=O)N[C@@H](CC(N)=O)C(=O)N[C@@H](CCCNC(N)=[NH2+])C(=O)N[C@@H](CCCNC(N)=[NH2+])C(=O)N[C@@H](CCSC)C(=O)N[C@@H](CCCNC(N)=[NH2+])C(=O)N[C@@H](Cc1c[nH]c2ccccc12)C(=O)N[C@@H](CCCNC(N)=[NH2+])C(=O)N[C@H](C=O)CCCNC(N)=[NH2+],1,8.183819,3
CC(C)C[C@H](NC(=O)[C@H](CO)NC(=O)[C@H](CO)NC(=O)[C@H](Cc1c[nH]c2ccccc12)NC(=O)[C@H](CC(C)C)NC(=O)[C@H](CO)NC(=O)[C@@H]1CCCN1C(=O)[C@H](Cc1c[nH]c2ccccc12)NC(=O)[C@H](C)NC(=O)[C@H](CO)NC(=O)[C@H](Cc1c[nH]c2ccccc12)NC(=O)[C@H](CC(C)C)NC(=O)[C@@H](N)CCCC[NH3+])C(=O)N[C@@H](Cc1c[nH]c2ccccc12)C(=O)N[C@@H](CCCC[NH3+])C(=O)N1CCC[C@H]1C(N)=O,1,-1.6604605,3
CC[C@H](C)[C@@H]1NC(=O)[C@@H]2CCCN2C(=O)[C@@H]2CCCN2C(=O)[C@H]([C@@H](C)CC)NC(=O)[C@H](CO)NC(=O)[C@H](CCCC[NH3+])NC(=O)[C@H]([C@@H](C)O)NC(=O)[C@@H]2CSSC[C@H](NC1=O)C(=O)N[C@@H](Cc1ccccc1)C(=O)N1CCC[C@H]1C(=O)N[C@@H](CC(=O)O)C(=O)NCC(=O)N[C@@H](CCCNC(N)=[NH2+])C(=O)N2,1,-3.8587904,3
CC(C)C[C@H](NC(=O)[C@@H](NC(=O)[C@H](CCCCN)NC(=O)[C@H](Cc1ccc(O)cc1)NC(=O)[C@@H](NC(=O)[C@H](Cc1ccc(O)cc1)NC(=O)[C@@H](NC(=O)[C@H](CO)NC(=O)[C@H](Cc1ccc(O)cc1)NC(=O)[C@H](CO)NC(=O)[C@H](CCC(=O)O)NC(=O)[C@H](CCCCN)NC(=O)[C@H](CCCNC(=N)N)NC(=O)[C@H](CO)NC(=O)[C@H](CCCNC(=N)N)NC1=[O+]C(CN)CC[C@@H]1NC(=O)[C@H](CCCNC(=N)N)NC(=O)[C@H](CCCCN)NC(=O)[C@H](CCCCN)NC(=O)CNC(=O)[C@H](CC(=O)O)NC(=O)[C@H](CCCCN)NC(=O)[C@H](CCCCN)NC(=O)[C@H](CCC(N)=O)NC(=O)[C@H](C)NC(=O)[C@H](CCCCN)NC(=O)[C@@H](NC(=O)[C@@H](NC(=O)[C@H](C)NC(=O)[C@H](CCCCN)NC(=O)[C@H](CCCCN)NC(=O)[C@H](CO)NC(=O)CNC(=O)[C@@H](N)CCCCN)C(C)C)[C@@H](C)O)C(C)C)C(C)C)C(C)C)C(=O)N[C@@H](CCCCN)C(=O)N[C@H](C=O)CCC(N)=O,1,6.760421,3
C[C@@H](O)[C@@H](C=O)NC(=O)[C@H](CCCNC(N)=[NH2+])NC(=O)[C@H](CCCC[NH3+])NC(=O)[C@H](CCCC[NH3+])NC(=O)[C@H](CCCNC(N)=[NH2+])NC(=O)[C@H](CCCC[NH3+])NC(=O)[C@H](CCCNC(N)=[NH2+])NC(=O)CN,1,3.5608802,3
C[C@H](NC(=O)[C@H](CCCNC(N)=[NH2+])NC(=O)[C@H](CCCNC(N)=[NH2+])NC(=O)[C@H](CCCNC(N)=[NH2+])NC(=O)[C@H](CCCNC(N)=[NH2+])NC(=O)CN)C(=O)N[C@H](C(=O)N[C@@H](C)C(=O)N[C@@H](CCCC[NH3+])C(=O)N[C@@H](Cc1ccc(O)cc1)C(=O)N[C@@H](CCCNC(N)=[NH2+])C(=O)N[C@H](C(=O)N[C@@H](C)C(=O)NC(CO)CC1CNCN1)[C@@H](C)O)[C@@H](C)O,1,2.0377092,3
CC[C@H](C)[C@H](NC(=O)[C@H](CCCC[NH3+])NC(=O)[C@H](C)NC(=O)[C@H](CCC(N)=O)NC(=O)[C@@H](N)CCCNC(N)=[NH2+])C(=O)N[C@@H](Cc1c[nH]c2ccccc12)C(=O)N[C@@H](Cc1ccccc1)C(=O)N[C@@H](CCC(N)=O)C(=O)N[C@@H](CC(N)=O)C(=O)N[C@@H](CCCNC(N)=[NH2+])C(=O)N[C@@H](CCCNC(N)=[NH2+])C(=O)N[C@@H](CCSC)C(=O)N[C@@H](CCCC[NH3+])C(=O)N[C@@H](Cc1c[nH]c2ccccc12)C(=O)N[C@@H](CCCC[NH3+])C(=O)N[C@H](C=O)CCCC[NH3+],1,8.24079,3
CC[C@H](C)[C@H](NC(=O)[C@H](CCCC[NH3+])NC(=O)[C@@H](NC(=O)[C@H](CCC(N)=O)NC(=O)[C@@H](N)CCCNC(N)=[NH2+])[C@@H](C)CC)C(=O)N[C@@H](Cc1c[nH]c2ccccc12)C(=O)N[C@@H](Cc1ccccc1)C(=O)N[C@@H](CCC(N)=O)C(=O)N[C@@H](CC(N)=O)C(=O)N[C@@H](CCCNC(N)=[NH2+])C(=O)N[C@@H](CCCNC(N)=[NH2+])C(=O)N[C@H](C=O)CCSC,1,7.547974,3
CC[C@H](C)[C@H](NC(=O)[C@@H](NC(=O)[C@@H]1CCCN1C(=O)[C@H](CCCC[NH3+])NC(=O)[C@H](CCCC[NH3+])NC(=O)[C@@H](NC(=O)[C@@H]1CCCN1C(=O)[C@H](CCCC[NH3+])NC(=O)[C@@H](NC(=O)[C@@H](NC(=O)[C@@H](NC(=O)[C@H](CCCC[NH3+])NC(=O)[C@H](CCCC[NH3+])NC(=O)CNC(=O)[C@@H]1CCCN1C(=O)[C@H](CCCC[NH3+])NC(=O)[C@H](CCCC[NH3+])NC(=O)[C@H](CC(N)=O)NC(=O)[C@@H]1CCCN1C(=O)[C@@H](NC(=O)[C@H](CCCNC(N)=[NH2+])NC(=O)[C@@H](N)CCCC[NH3+])[C@@H](C)CC)[C@@H](C)O)[C@@H](C)O)[C@@H](C)O)[C@@H](C)O)[C@@H](C)O)C(=O)N[C@@H](CCCC[NH3+])C(=O)N[C@H](C(=O)N[C@H](C(=O)N[C@@H](CCCC[NH3+])C(=O)N[C@H](C=O)CCCC[NH3+])[C@@H](C)O)[C@@H](C)O,1,4.9419613,3
NC(=[NH2+])NCCC[C@@H](N)C(=O)N[C@H](CCCNC(N)=[NH2+])C(=O)N[C@H](CCCNC(N)=[NH2+])C(=O)N[C@H](CCCNC(N)=[NH2+])C(=O)N[C@H](CCCNC(N)=[NH2+])C(=O)N[C@H](CCCNC(N)=[NH2+])C(=O)N[C@H](CCCNC(N)=[NH2+])C(=O)N[C@H](CCCNC(N)=[NH2+])C(=O)N[C@H](CCCNC(N)=[NH2+])C(=O)N[C@H](CCCNC(N)=[NH2+])C(=O)N[C@H](CCCNC(N)=[NH2+])C(=O)N[C@H](CCCNC(N)=[NH2+])C(N)=O,1,3.7753086,3
C[C@@H](O)[C@H](NC(=O)[C@H](CCCNC(N)=[NH2+])NC(=O)[C@H](CCCC[NH3+])NC(=O)[C@H](CC(N)=O)NC(=O)CNC(=O)[C@@H](N)CS)C(=O)N[C@@H](CCCNC(N)=[NH2+])C(=O)NCC(=O)N[C@H](C=O)CS,1,2.8337784,3
CC(C)C[C@H](NC(=O)CN)C(=O)N[C@@H](CCCC[NH3+])C(=O)N[C@@H](CCCC[NH3+])C(=O)N[C@@H](CC(C)C)C(=O)N[C@@H](C)C(=O)N[C@@H](CCC(=O)O)C(=O)N[C@@H](CC(C)C)C(=O)N[C@@H](C)C(=O)NC(CC1CNCN1)C(O)N[C@@H](CCCC[NH3+])C(=O)N[C@@H](CC(C)C)C(=O)N[C@@H](CC(C)C)C(=O)N[C@@H](CCCC[NH3+])C(=O)N[C@@H](CC(C)C)C(=O)NCC(=O)N[C@@H](CS)C(N)=O,1,-0.46531796,3
CC[C@H](C)[C@H](NC(=O)[C@H](CCCNC(N)=[NH2+])NC(=O)[C@@H](N)CCCC[NH3+])C(=O)N1CCC[C@H]1C(=O)N[C@@H](CC(N)=O)C(=O)N[C@@H](CCCC[NH3+])C(=O)N[C@@H](CCCC[NH3+])C(=O)N1CCC[C@H]1C(=O)N[C@@H](CCCC[NH3+])C(=O)N[C@H](C=O)CCCC[NH3+],1,7.7525306,3
CCC[C@@H](C=O)NC(=O)[C@H](C)NC(=O)[C@H](C)NC(=O)[C@H](Cc1c[nH]c2ccccc12)NC(=O)[C@H](CCC(=O)O)NC(=O)CNC(=O)[C@@H](NC(=O)[C@H](CC(C)C)NC(=O)[C@H](CCCNC(=N)N)NC(=O)[C@H](CCC)NC(=O)[C@@H](NC(=O)[C@H](Cc1c[nH]cn1)NC(=O)[C@@H](NC(=O)[C@@H](NC(=O)[C@H](Cc1ccccc1)NC(=O)[C@@H](NC(=O)[C@H](CCCNC(=N)N)NC(=O)[C@@H](NC(=O)[C@H](CCCNC(=N)N)NC(=O)[C@H](CCC)NC(=O)[C@H](CCC)NC(=O)CNC(=O)[C@H](CS)NC(=O)[C@H](C)NC(=O)[C@H](CCCNC(=N)N)NC(=O)[C@H](CCCNC(=N)N)NC(=O)[C@@H](NC(=O)[C@H](CCCNC(=N)N)NC(=O)[C@H](CC(C)C)NC(=O)[C@@H](NC(=O)[C@@H](NC(=O)[C@H](CC(C)C)NC(=O)[C@H](Cc1ccccc1)NC(=O)[C@H](CCCNC(=N)N)NC(=O)[C@H](CCCNC(=N)N)NC(=O)[C@@H](NC(=O)[C@@H](N)CCSC)C(C)C)C(C)C)[C@@H](C)O)[C@@H](C)CC)C(C)C)C(C)C)C(C)C)C(C)C)[C@@H](C)CC)[C@@H](C)O,1,-0.08334376,3
CC(C)C[C@H](NC(=O)[C@H](CCCC[NH3+])NC(=O)[C@H](CCCNC(N)=[NH2+])NC(=O)[C@H](Cc1ccccc1)NC(=O)[C@H](Cc1ccccc1)NC(=O)[C@H](CCCC[NH3+])NC(=O)[C@H](CCCC[NH3+])NC(=O)[C@H](Cc1ccccc1)NC(=O)[C@H](CCCNC(N)=[NH2+])NC(=O)[C@H](CCCC[NH3+])NC(=O)[C@@H](N)C(C)C)C(=O)N[C@@H](CCCC[NH3+])C(=O)N[C@@H](CCCC[NH3+])C(=O)N[C@@H](CC(C)C)C(=O)N[C@H](C(N)=O)C(C)C,1,1.7421209,3
CC[C@H](C)[C@H](NC(=O)[C@H](CC(C)C)NC(=O)[C@@H](NC(=O)[C@H](CCCNC(N)=[NH2+])NC(=O)[C@H](Cc1ccccc1)NC(=O)[C@@H](NC(=O)[C@@H](NC(=O)[C@@H](N)CC(C)C)[C@@H](C)CC)[C@@H](C)CC)[C@@H](C)CC)C(=O)N[C@@H](CO)C(=O)NC(CC1CNCN1)C(O)N[C@@H](CCCNC(N)=[NH2+])C(=O)N[C@H](C=O)CCCNC(N)=[NH2+],1,8.248775,3
CC[C@H](C)[C@H](NC(=O)[C@H](C)NC(=O)[C@@H](NC(=O)[C@@H](N)Cc1ccc(O)cc1)[C@@H](C)O)C(=O)N[C@@H](C)C(=O)N[C@@H](Cc1c[nH]c2ccccc12)C(=O)N[C@H](C(=O)N[C@@H](CCCC[NH3+])C(=O)N[C@@H](C)C(=O)N[C@@H](Cc1ccccc1)C(=O)N[C@H](C(=O)N[C@@H](CCCNC(N)=[NH2+])C(=O)N[C@@H](CCCC[NH3+])C(=O)N[C@@H](CC(C)C)C(=O)N[C@@H](CCCNC(N)=[NH2+])C(=O)N[C@H](C=O)CCCC[NH3+])[C@@H](C)CC)C(C)C,1,6.3820605,3
CCC(NC(=O)[C@H](CC(=O)O)NC(=O)CN)C(O)N[C@@H](CC(C)C)C(=O)N1CCC[C@H]1C(=O)NC(CC1CNCN1)C(O)N[C@@H](CC(C)C)C(=O)N[C@@H](CCCCN)C(=O)N[C@@H](CC(C)C)C(=O)N[C@@H](CS)C(=O)O,1,-1.3682905,3
CC[C@H](C)[C@H](NC(=O)[C@H](CS)NC(=O)[C@H](CO)NC(=O)[C@@H](NC(=O)[C@@H]1CCCN1C(=O)[C@@H]1CCCN1C(=O)CNC(=O)[C@H](CCCNC(N)=[NH2+])NC(=O)[C@@H](NC(=O)[C@H](CCCC[NH3+])NC(=O)[C@H](CCCNC(N)=[NH2+])NC(=O)[C@H](CCSC)NC(=O)[C@H](CC(N)=O)NC(=O)[C@H](CCCNC(N)=[NH2+])NC(=O)[C@H](CCC(N)=O)NC(=O)[C@H](Cc1c[nH]c2ccccc12)NC(=O)[C@@H](N)CCC(N)=O)C(C)C)C(C)C)C(=O)N[C@@H](CCCC[NH3+])C(=O)N[C@H](C=O)CCCNC(N)=[NH2+],1,6.7402105,3
C[C@H](N)C(=O)N[C@@H](CS)C(=O)N[C@@H](CCCNC(N)=[NH2+])C(=O)NCC(=O)N[C@@H](CCCNC(N)=[NH2+])C(=O)NCC(=O)N[C@@H](CCCNC(N)=[NH2+])C(=O)NCC(=O)N[C@@H](CS)C(=O)N[C@@H](CCCNC(N)=[NH2+])C(=O)NCC(=O)N[C@@H](CCCNC(N)=[NH2+])C(=O)NCC(=O)N[C@@H](CCCNC(N)=[NH2+])C(=O)NCC(=O)N[C@@H](CS)C(=O)NCC=O,1,3.4583402,3
CC[C@H](C)[C@H](NC(=O)[C@H](CCCC[NH3+])NC(=O)[C@H](Cc1ccccc1)NC(=O)[C@@H](NC(=O)[C@@H](NC(=O)[C@@H](N)CCSC)[C@@H](C)CC)[C@@H](C)CC)C(=O)N[C@@H](C)C(=O)N[C@@H](C)C(=O)N[C@@H](CO)C(=O)NC(CC1CNCN1)C(O)N[C@@H](CCCC[NH3+])C(=O)N[C@H](C=O)CCCC[NH3+],1,8.416389,3
CC[C@H](C)[C@H](NC(=O)[C@H](CCCNC(N)=[NH2+])NC(=O)[C@H](CCCNC(N)=[NH2+])NC(=O)[C@H](CCCNC(N)=[NH2+])NC(=O)[C@H](CC(C)C)NC(=O)[C@@H](NC(=O)[C@@H](NC(=O)[C@H](CC(C)C)NC(=O)[C@@H](N)CC(C)C)[C@@H](C)CC)[C@@H](C)CC)C(=O)N[C@@H](CCCNC(N)=[NH2+])C(=O)N[C@@H](CCCC[NH3+])C(=O)N[C@@H](CCC(N)=O)C(=O)N[C@@H](C)C(=O)NC(CC1CNCN1)C(O)N[C@H](C)C(=O)NC(CC1CNCN1)C(O)N[C@@H](CO)C(=O)N[C@H](C=O)CCCC[NH3+],1,8.614554,3
CC[C@H](C)[C@H](NC(=O)[C@H](CC(C)C)NC(=O)[C@H](CC(=O)O)NC(=O)[C@H](CCCNC(N)=[NH2+])NC(=O)[C@H](C)NC(=O)[C@@H](NC(=O)[C@@H](NC(=O)[C@@H](N)CCSC)[C@@H](C)CC)[C@@H](C)CC)C(=O)N[C@H](C=O)CO,1,8.470252,3
CC[C@H](C)[C@H](NC(=O)[C@H](CCCC[NH3+])NC(=O)[C@H](CCCC[NH3+])NC(=O)[C@H](C)NC(=O)[C@H](CC(C)C)NC(=O)[C@H](C)NC(=O)[C@H](C)NC(=O)[C@H](CC(C)C)NC(=O)[C@H](C)NC(=O)[C@H](CCCC[NH3+])NC(=O)[C@H](CC(C)C)NC(=O)[C@H](CC(N)=O)NC(=O)[C@@H](NC(=O)[C@H](CCCC[NH3+])NC(=O)CNC(=O)[C@H](CC(C)C)NC(=O)[C@H](CC(C)C)NC(=O)[C@H](Cc1ccc(O)cc1)NC(=O)CNC(=O)[C@H](C)NC(=O)[C@H](CO)NC(=O)[C@H](CC(N)=O)NC(=O)[C@H](CC(C)C)NC(=O)[C@@H](NC(=O)[C@H](Cc1c[nH]c2ccccc12)NC(=O)CN)[C@@H](C)O)[C@@H](C)CC)C(=O)N[C@H](C=O)CC(C)C,1,5.0705657,3
CC[C@H](C)[C@H](NC(=O)CNC(=O)[C@H](CC(=O)O)NC(=O)[C@H](CO)NC(=O)[C@@H]([NH3+])Cc1c[nH]cn1)C(=O)N[C@@H](Cc1ccccc1)C(=O)N[C@H](C(=O)N[C@@H](CC(=O)O)C(=O)N[C@@H](CO)C(=O)N[C@@H](Cc1ccc(O)cc1)C(=O)N[C@@H](CO)C(=O)N[C@@H](CCCNC(N)=[NH2+])C(=O)N[C@@H](Cc1ccc(O)cc1)C(=O)N[C@@H](CCCNC(N)=[NH2+])C(=O)N[C@@H](CCCC[NH3+])C(=O)N[C@@H](CCC(N)=O)C(=O)N[C@@H](CCSC)C(=O)N[C@@H](C)C(=O)N[C@H](C(=O)N[C@@H](CCCC[NH3+])C(=O)N[C@@H](CCCC[NH3+])C(=O)N[C@@H](Cc1ccc(O)cc1)C(=O)N[C@@H](CC(C)C)C(=O)N[C@@H](C)C(=O)N[C@@H](C)C(=O)N[C@H](C(=O)N[C@@H](CC(C)C)C(=O)NCC(=O)N[C@@H](CCCC[NH3+])C(=O)N[C@@H](CCCNC(N)=[NH2+])C(=O)N[C@@H](Cc1ccc(O)cc1)C(=O)N[C@@H](CCCC[NH3+])C(=O)N[C@@H](CCC(N)=O)C(=O)N[C@@H](CCCNC(N)=[NH2+])C(=O)N[C@H](C(=O)N[C@@H](CCCC[NH3+])C(=O)N[C@@H](CC(N)=O)C(=O)N[C@@H](CCCC[NH3+])C(N)=O)C(C)C)C(C)C)C(C)C)[C@@H](C)O,1,0.3684013,3
CC[C@H](C)[C@H](NC(=O)[C@H](CC(N)=O)NC(=O)[C@H](C)NC(=O)[C@H](CC(C)C)NC(=O)[C@H](CC(C)C)NC(=O)[C@H](CC(N)=O)NC(=O)[C@H](CO)NC(O)C(CC1CNCN1)NC(O)C(CC1CNCN1)NC(=O)[C@H](CCCNC(N)=[NH2+])NC(=O)[C@H](CC(C)C)NC(O)C(CC1CNCN1)NC(=O)[C@H](CCCNC(N)=[NH2+])NC(=O)[C@H](CC(C)C)NC(=O)[C@H](CC(C)C)NC(=O)[C@H](CC(C)C)NC(=O)CNC(=O)[C@H](CC(C)C)NC(C)=O)C(N)=O,1,-3.1524634,3
NC(=[NH2+])NCCC[C@@H](N)C(=O)N[C@H](CCCNC(N)=[NH2+])C(=O)N[C@H](CCCNC(N)=[NH2+])C(=O)N[C@H](CCCNC(N)=[NH2+])C(=O)N[C@H](CCCNC(N)=[NH2+])C(=O)N[C@H](CCCNC(N)=[NH2+])C(=O)N[C@H](CCCNC(N)=[NH2+])C(=O)N[C@H](CCCNC(N)=[NH2+])C(=O)N[C@H](CCCNC(N)=[NH2+])C(=O)N[C@H](CCCNC(N)=[NH2+])C(=O)N[C@H](CCCNC(N)=[NH2+])C(=O)N[C@H](CCCNC(N)=[NH2+])C(=O)NCC(=O)N[C@@H](CS)C(N)=O,1,5.453165,3
CC(C)[C@H](NC(=O)[C@H](CCCNC(N)=[NH2+])NC(=O)[C@H](CCCNC(N)=[NH2+])NC(=O)[C@H](CCCNC(N)=[NH2+])NC(=O)[C@H](CC(N)=O)NC(=O)[C@H](CCCNC(N)=[NH2+])NC(=O)[C@H](CCCNC(N)=[NH2+])NC(=O)[C@@H](NC(=O)[C@@H](N)CCCNC(N)=[NH2+])[C@@H](C)O)C(=O)N[C@H](C=O)CCCNC(N)=[NH2+],1,8.031398,3
CC[C@H](C)[C@H](NC(=O)[C@H](CO)NC(=O)[C@H](CCCCN)NC(=O)[C@@H](NC(=O)[C@H](CCCNC(=N)N)NC(=O)[C@H](CCC(=O)O)NC(=O)[C@H](Cc1c[nH]c2ccccc12)NC(=O)[C@H](CCSC)NC(=O)[C@H](CO)NC(=O)[C@H](C)N)C(C)C)C(=O)N[C@H](C(=O)N[C@@H](CCCCN)C(=O)N[C@@H](CO)C(=O)N[C@@H](CO)C(=O)N[C@@H](CC(C)C)C(=O)N[C@@H](C)C(=O)N[C@@H](C)C(=O)N[C@@H](C)C(=O)N[C@@H](CO)C(=O)N[C@@H](CC(N)=O)C(=O)N[C@H](C=O)[C@@H](C)CC)[C@@H](C)CC,1,1.4402295,3
C[C@H](NC(=O)[C@H](CCC(N)=O)NC(=O)[C@H](CCCC[NH3+])NC(=O)[C@H](CCC(=O)O)NC(=O)[C@H](C)NC(=O)[C@H](CCCNC(N)=[NH2+])NC(=O)[C@H](CCCNC(N)=[NH2+])NC(=O)[C@H](CCC(=O)O)NC(=O)[C@H](CCCNC(N)=[NH2+])NC(=O)[C@H](CCCNC(N)=[NH2+])NC(=O)[C@H](CCCNC(N)=[NH2+])NC(=O)[C@@H](NC(=O)[C@@H](N)CCC(N)=O)[C@@H](C)O)C(=O)N[C@@H](CCC(N)=O)C(=O)N[C@H](C=O)Cc1c[nH]c2ccccc12,1,8.51349,3
CC[C@H](C)[C@H](NC(=O)[C@H](C)NC(=O)[C@H](CC(C)C)NC(=O)[C@H](CCCC[NH3+])NC(=O)[C@H](CC(C)C)NC(=O)[C@@H](NC(=O)[C@@H](NC(=O)[C@@H](N)CCCC[NH3+])[C@@H](C)CC)[C@@H](C)O)C(=O)N[C@@H](CCCC[NH3+])C(=O)N[C@@H](C)C(=O)N[C@@H](Cc1c[nH]c2ccccc12)C(=O)N[C@@H](CCCC[NH3+])C(=O)N[C@@H](CC(C)C)C(=O)N[C@@H](C)C(=O)N[C@@H](CC(C)C)C(=O)N[C@@H](CCCC[NH3+])C(=O)N[C@@H](C)C(=O)N[C@@H](C)C(N)=O,1,1.8027483,3
NCC(=O)N[C@@H](CCCNC(N)=[NH2+])C(=O)NCC(=O)N[C@@H](CC(=O)O)C(=O)N[C@@H](CO)C(=O)N1CCC[C@H]1C(=O)N[C@@H](CCCNC(N)=[NH2+])C(=O)N[C@@H](CCCNC(N)=[NH2+])C(=O)N[C@@H](CO)C(=O)N1CCC[C@H]1C(=O)N[C@@H](CCCNC(N)=[NH2+])C(=O)N[C@H](C=O)CCCNC(N)=[NH2+],1,7.3099465,3
CC[C@H](C)[C@H](NC(=O)[C@H](CC(C)C)NC(=O)[C@@H](N)CCCC[NH3+])C(=O)N[C@@H](CCCC[NH3+])C(=O)NCC(=O)N[C@@H](CCCNC(N)=[NH2+])C(=O)N[C@H](C(=O)N1CCC[C@H]1C(=O)N[C@H](C(=O)N[C@@H](CCCC[NH3+])C(=O)N[C@@H](Cc1ccccc1)C(=O)NCC(=O)N[C@@H](CCCC[NH3+])C(=O)N[C@@H](C)C(=O)N[C@@H](CCCNC(N)=[NH2+])C(=O)N[C@@H](CS)C(=O)N[C@@H](CCCNC(N)=[NH2+])C(=O)N[C@@H](CCCNC(N)=[NH2+])C(=O)N1CCC[C@H]1C(=O)N1CCC[C@H]1C(=O)N[C@@H](CCCC[NH3+])C(=O)NC(CC1CNCN1)C(O)N[C@@H](CO)C(=O)NCC(=O)N[C@H](C=O)CCCC[NH3+])[C@@H](C)CC)[C@@H](C)O,1,6.8490186,3
CC[C@H](C)[C@H](NC(=O)[C@H](CCCNC(N)=[NH2+])NC(=O)[C@H](CC(C)C)NC(=O)[C@H](CCC(N)=O)NC(=O)[C@@H](N)CCCNC(N)=[NH2+])C(=O)N[C@@H](C)C(=O)NCC(=O)N[C@@H](CCCNC(N)=[NH2+])C(=O)N[C@@H](CCCNC(N)=[NH2+])C(=O)N[C@@H](CC(C)C)C(=O)N[C@@H](CCCNC(N)=[NH2+])C(=O)NCC(=O)N[C@@H](CCCNC(N)=[NH2+])C(=O)N[C@@H](CO)C(=O)N[C@H](C=O)CCCNC(N)=[NH2+],1,8.890073,3
NC(=[NH2+])NCCC[C@H](NC(=O)[C@H](CCCNC(N)=[NH2+])NC(=O)[C@H](CCCNC(N)=[NH2+])NC(=O)[C@H](CCCNC(N)=[NH2+])NC(=O)[C@H](CCCNC(N)=[NH2+])NC(=O)[C@H](CCCNC(N)=[NH2+])NC(=O)[C@H](CCCNC(N)=[NH2+])NC(=O)[C@H](CCCNC(N)=[NH2+])NC(=O)[C@@H](N)CCCNC(N)=[NH2+])C(N)=O,1,2.789035,3
CC(C)C[C@H](NC(=O)CN)C(=O)N[C@@H](Cc1c[nH]c2ccccc12)C(=O)N[C@@H](CCCNC(N)=[NH2+])C(=O)N[C@@H](C)C(=O)N[C@@H](CC(C)C)C(=O)N[C@@H](Cc1c[nH]c2ccccc12)C(=O)N[C@@H](CCCNC(N)=[NH2+])C(=O)N[C@@H](CC(C)C)C(=O)N[C@@H](CC(C)C)C(=O)N[C@@H](CCCNC(N)=[NH2+])C(=O)N[C@@H](CO)C(=O)N[C@@H](CC(C)C)C(=O)N[C@@H](Cc1c[nH]c2ccccc12)C(=O)N[C@@H](CCCNC(N)=[NH2+])C(=O)N[C@@H](CC(C)C)C(=O)N[C@@H](CC(C)C)C(=O)N[C@@H](Cc1c[nH]c2ccccc12)C(=O)N[C@@H](CCCNC(N)=[NH2+])C(=O)N[C@@H](C)C=O,1,4.9407697,3
CC(C)C[C@H](NC(=O)CN)C(=O)N[C@@H](CCCC[NH3+])C(=O)N[C@@H](CCCC[NH3+])C(=O)N[C@@H](CC(C)C)C(=O)N[C@@H](C)C(=O)N[C@@H](CCC(=O)O)C(=O)N[C@@H](CC(C)C)C(=O)N[C@@H](Cc1ccccc1)C(=O)NC(CC1CNCN1)C(O)N[C@@H](CCCC[NH3+])C(=O)N[C@@H](CC(C)C)C(=O)N[C@@H](CC(C)C)C(=O)N[C@@H](CCCC[NH3+])C(=O)N[C@@H](CC(C)C)C(=O)NCC(=O)N[C@@H](CS)C(N)=O,1,-0.4802974,3
CSCC[C@H](NC(=O)[C@@H](NC(=O)[C@H](CO)NC(=O)CNC(=O)[C@H](C)NC(=O)[C@H](C)NC(=O)CNC(=O)[C@H](CC(C)C)NC(=O)[C@H](Cc1ccccc1)NC(=O)CNC(=O)[C@H](CC(C)C)NC(=O)[C@H](Cc1ccccc1)NC(=O)[C@H](CC(C)C)NC(=O)[C@H](C)NC(=O)CN)[C@@H](C)O)C(=O)NCC(=O)N[C@@H](C)C(=O)N[C@@H](Cc1c[nH]c2ccccc12)C(=O)N[C@@H](CO)C(=O)N[C@@H](CCC(N)=O)C(=O)N1CCC[C@H]1C(=O)N[C@@H](CCCC[NH3+])C(=O)N[C@@H](CO)C(=O)N[C@@H](CCCC[NH3+])C(=O)N[C@@H](CCCNC(N)=[NH2+])C(=O)N[C@@H](CCCC[NH3+])C(=O)N[C@H](C=O)C(C)C,1,3.7190838,3
CC[C@H](C)[C@H](NC(=O)[C@H](C)NC(=O)[C@H](C)NC(=O)[C@@H]1CCCN1C(=O)[C@H](CCCNC(N)=[NH2+])NC(=O)[C@@H](N)CCCC[NH3+])C(=O)N[C@@H](CCCC[NH3+])C(=O)N[C@@H](CCCC[NH3+])C(=O)N[C@@H](C)C(=O)NCC(=O)N[C@@H](CCC(N)=O)C(=O)N[C@@H](C)C(=O)N[C@@H](CCCC[NH3+])C(=O)N[C@@H](CCCC[NH3+])C(=O)N[C@@H](CCCC[NH3+])C(=O)N[C@H](C=O)CCCC[NH3+],1,8.855786,3
C[C@H](NC(=O)[C@H](CCCC[NH3+])NC(=O)[C@H](CO)NC(=O)[C@H](CCCNC(N)=[NH2+])NC(=O)[C@H](CS)NC(O)C(CC1CNCN1)NC(O)C(CC1CNCN1)NC(=O)[C@H](CCCNC(N)=[NH2+])NC(=O)[C@H](CCCNC(N)=[NH2+])NC(=O)CN)C(=O)N[C@@H](CCCC[NH3+])C(=O)N[C@@H](CCCNC(N)=[NH2+])C(=O)N[C@@H](CO)C(=O)N[C@@H](CCCNC(N)=[NH2+])C(=O)NC(CC1CNCN1)C(O)NC(CO)CC1CNCN1,1,2.649745,3
C[C@H](N)C(=O)N[C@@H](CS)C(=O)N[C@@H](CO)C(=O)NCC(=O)N[C@@H](CO)C(=O)NCC(=O)N[C@@H](CO)C(=O)NCC(=O)N[C@@H](CS)C(=O)NCC(=O)N[C@@H](CO)C(=O)NCC(=O)N[C@@H](CO)C(=O)NCC(=O)N[C@@H](CO)C(=O)N[C@@H](CS)C(=O)NCC=O,1,-1.5215228,3
NC(=[NH2+])NCCC[C@@H](C=O)NC(=O)[C@H](CCCNC(N)=[NH2+])NC(=O)[C@H](CCCNC(N)=[NH2+])NC(=O)[C@H](CCCNC(N)=[NH2+])NC(=O)[C@H](CCCNC(N)=[NH2+])NC(=O)[C@H](CCCNC(N)=[NH2+])NC(=O)[C@H](CCCNC(N)=[NH2+])NC(=O)[C@@H](N)CCCNC(N)=[NH2+],1,7.39742,3
NCC(=O)N[C@@H](CCCC[NH3+])C(=O)NC(CC1CNCN1)C(O)N[C@@H](CCCNC(N)=[NH2+])C(=O)NC(CC1CNCN1)C(O)N[C@@H](CCC(=O)O)C(=O)N[C@@H](CCCNC(N)=[NH2+])C(=O)NCC(=O)NC(CC1CNCN1)C(O)NC(CC1CNCN1)C(O)N[C@@H](CCCNC(N)=[NH2+])C(=O)N[C@@H](CC(=O)O)C(=O)N[C@@H](CCCNC(N)=[NH2+])C(=O)N[C@@H](CCCNC(N)=[NH2+])C(=O)N[C@@H](CCC(=O)O)C(=O)N[C@H](C=O)CCCNC(N)=[NH2+],1,5.2175355,3
NC(=[NH2+])NCCC[C@@H](C=O)NC(=O)[C@H](CCCNC(N)=[NH2+])NC(=O)[C@H](CCCNC(N)=[NH2+])NC(=O)[C@H](CCCNC(N)=[NH2+])NC(=O)[C@H](CCCNC(N)=[NH2+])NC(=O)[C@H](CCCNC(N)=[NH2+])NC(=O)[C@H](CCCNC(N)=[NH2+])NC(=O)[C@H](CCCNC(N)=[NH2+])NC(=O)[C@@H](N)Cc1c[nH]c2ccccc12,1,5.9931993,3
CC[C@H](C)[C@H](NC(=O)[C@H](CCCC[NH3+])NC(=O)[C@H](CC(C)C)NC(=O)[C@@H](NC(=O)[C@H](CO)NC(=O)[C@H](CCCC[NH3+])NC(=O)[C@H](Cc1c[nH]c2ccccc12)NC(=O)[C@@H](NC(=O)[C@H](CCCC[NH3+])NC(=O)[C@H](C)NC(=O)[C@@H](NC(=O)[C@H](CO)NC(=O)[C@H](CCCC[NH3+])NC(=O)[C@H](C)NC(=O)[C@H](C)NC(=O)[C@@H](NC(=O)[C@@H](N)CCCC[NH3+])[C@@H](C)CC)[C@@H](C)CC)[C@@H](C)CC)[C@@H](C)CC)C(=O)N[C@@H](C)C(N)=O,1,-0.6785311,3
CC[C@H](C)[C@H](NC(=O)[C@H](CCCC[NH3+])NC(=O)[C@@H](NC(=O)[C@H](CCC(N)=O)NC(=O)[C@@H]([NH3+])CCCNC(N)=[NH2+])[C@@H](C)CC)C(=O)N[C@@H](Cc1c[nH]c2ccccc12)C(=O)N[C@@H](Cc1ccccc1)C(=O)N[C@@H](CCC(N)=O)C(=O)N[C@@H](CC(N)=O)C(=O)N[C@@H](CCCNC(N)=[NH2+])C(=O)N[C@@H](CCCNC(N)=[NH2+])C(=O)N[C@@H](CCSC)C(=O)N[C@@H](CCCC[NH3+])C(=O)N[C@@H](Cc1c[nH]c2ccccc12)C(=O)N[C@@H](CCCC[NH3+])C(=O)N[C@@H](CCCC[NH3+])C(=O)O,1,3.7882671,3
CC(C)[C@@H](N)C(=O)N[C@H](CS)C(=O)N[C@@H](C(=O)N[C@@H](C=O)CCCNC(N)=[NH2+])C(C)C,1,5.0676627,3
CC(C)C[C@@H](C=O)NC(=O)[C@H](CCC(=O)O)NC(=O)[C@@H](NC(=O)[C@H](CC(C)C)NC(=O)[C@@H](NC(=O)[C@H](CCCC[NH3+])NC(=O)[C@@H](NC(=O)[C@H](CC(C)C)NC(=O)[C@H](CCC(=O)O)NC(=O)[C@H](CCCC[NH3+])NC(=O)[C@H](CC(C)C)NC(=O)[C@@H](NC(=O)[C@H](CCC(=O)O)NC(=O)[C@@H](NC(=O)[C@H](CC(C)C)NC(=O)[C@@H](NC(=O)[C@H](CCCC[NH3+])NC(=O)[C@@H](N)CC(C)C)[C@@H](C)O)[C@@H](C)O)[C@@H](C)O)[C@@H](C)O)[C@@H](C)O)[C@@H](C)O,1,3.8772383,3
CC(C)C[C@H](NC(=O)CNC(=O)[C@H](C)NC(=O)[C@H](CCCNC(=N)N)NC(=O)[C@H](CO)NC(=O)[C@H](CO)NC(=O)[C@H](CCCNC(=N)N)NC(=O)[C@@H](NC(=O)[C@H](CCCCN)NC(=O)[C@H](C)NC(=O)[C@H](CCCCN)NC(=O)[C@H](C)NC(=O)[C@H](CCCNC(=N)N)NC(=O)[C@H](C)NC(=O)[C@H](CCCCN)NC(=O)CNC(=O)CNC(=O)[C@H](CCC(N)=O)NC(=O)[C@H](CCCCN)NC(=O)CNC(=O)[C@H](CCCNC(=N)N)NC(=O)CNC(=O)[C@@H](N)CO)[C@@H](C)O)C(=O)N[C@@H](CCC(N)=O)C(=O)N[C@@H](Cc1ccccc1)C(=O)N1CCC[C@H]1C(=O)N[C@H](C(=O)NCC(=O)N[C@@H](CCCNC(=N)N)C(=O)N[C@H](C(=O)N[C@@H](Cc1c[nH]cn1)C(=O)N[C@@H](CCCNC(=N)N)C(=O)N[C@@H](CC(C)C)C(=O)N[C@@H](CC(C)C)C(=O)N[C@@H](CCCNC(=N)N)C(=O)N[C@@H](CCCCN)C(=O)NCC=O)C(C)C)C(C)C,1,5.918872,3
CC[C@H](C)[C@H](NC(=O)[C@H](CCCC[NH3+])NC(=O)[C@@H](NC(=O)[C@H](CCC(N)=O)NC(=O)[C@@H]([NH3+])CCCNC(N)=[NH2+])[C@@H](C)CC)C(=O)N[C@@H](Cc1c[nH]c2ccccc12)C(=O)N[C@@H](Cc1ccccc1)C(=O)N[C@@H](CCC(N)=O)C(=O)N[C@@H](CC(N)=O)C(=O)N[C@@H](CCCNC(N)=[NH2+])C(=O)N[C@@H](CCCNC(N)=[NH2+])C(=O)N[C@@H](CCSC)C(=O)N[C@@H](CCCC[NH3+])C(=O)N[C@@H](Cc1c[nH]c2ccccc12)C(=O)N[C@@H](CCCC[NH3+])C(=O)N[C@@H](CCCC[NH3+])C(=O)O,1,3.7882671,3
NC(=[NH2+])NCCC[C@@H](N)C(=O)N[C@@H](CCCNC(N)=[NH2+])C(=O)N[C@H](CCCNC(N)=[NH2+])C(=O)NCC(=O)N[C@H](CCCNC(N)=[NH2+])C(=O)N[C@@H](CCCC[NH3+])C(=O)N[C@H](CCCC[NH3+])C(=O)N[C@@H](CCCNC(N)=[NH2+])C(=O)N[C@@H](C=O)CCCNC(N)=[NH2+],1,7.676019,3
CC[C@H](C)[C@H](NC(=O)[C@H](CCCC[NH3+])NC(=O)[C@@H](NC(=O)[C@H](CCC(N)=O)NC(=O)[C@@H](N)CCCNC(N)=[NH2+])[C@@H](C)CC)C(=O)N[C@@H](Cc1c[nH]c2ccccc12)C(=O)N[C@@H](Cc1ccccc1)C(=O)N[C@@H](CCC(N)=O)C(=O)N[C@H](C=O)CC(N)=O,1,6.608957,3
C[C@H](NC(=O)[C@H](C)NC(=O)[C@H](CO)NC(=O)[C@H](CCCNC(N)=[NH2+])NC(=O)[C@H](CS)NC(O)C(CC1CNCN1)NC(O)C(CC1CNCN1)NC(=O)[C@H](CCCNC(N)=[NH2+])NC(=O)[C@H](CCCNC(N)=[NH2+])NC(=O)[C@@H](N)CO)C(=O)N[C@@H](CCCC[NH3+])C(=O)N[C@@H](CCCNC(N)=[NH2+])C(=O)N[C@@H](CO)C(=O)N[C@@H](CCCNC(N)=[NH2+])C(=O)NC(CC1CNCN1)C(O)NC(CO)CC1CNCN1,1,4.04293,3
NC(=[NH2+])NCCC[C@H](NC(=O)[C@H](Cc1ccccc1)NC(=O)[C@H](CCCC[NH3+])NC(=O)[C@H](CCCC[NH3+])NC(=O)[C@@H](N)Cc1ccccc1)C(=O)N[C@@H](CCCC[NH3+])C(=O)N[C@H](C=O)Cc1ccccc1,1,5.966886,3
CCC[C@@H]1NC(=O)[C@@H]2CS34SC[C@H](NC(=O)[C@H]([C@@H](C)CC)NC(=O)[C@H](CS)NC(=O)[C@H](C)NC(=O)CNC1=O)C(=O)N[C@@H](CCCNC(=N)N)C(=O)NCC(=O)N[C@@H](CC(N)=O)C(=O)NCC(=O)N[C@@H](Cc1ccc(O)cc1)C(=O)N[C@H](C(=O)NCC(=O)N[C@@H](CO)C(=O)NCC(=O)N[C@@H](CO)C(=O)N[C@H](C=O)CC(=O)O)C[SH]3[SH]4C[C@H](NC(=O)[C@H](CCCCN)NC(=O)[C@H](CCCCN)NC(=O)[C@H](CC(C)C)NC(=O)[C@@H](NC(=O)[C@H](C)NC(=O)[C@H](CCC)NC(=O)[C@H](CS)NC(=O)[C@@H](NC(=O)CNC(=O)CN)C(C)C)[C@@H](C)CC)C(=O)N[C@@H](CCCNC(=N)N)C(=O)N[C@@H](CCCNC(=N)N)C(=O)N[C@@H](CC(=O)O)C(=O)N[C@@H](CO)C(=O)N[C@@H](CC(=O)O)C(=O)N2,1,-0.7467411,3
C[C@H](N)C(=O)N[C@@H](CS)C(=O)N[C@@H](CO)C(=O)NCC(=O)N[C@@H](CCCNC(N)=[NH2+])C(=O)NCC(=O)N[C@@H](CCCNC(N)=[NH2+])C(=O)NCC(=O)N[C@@H](CS)C(=O)NCC(=O)N[C@@H](CO)C(=O)NCC(=O)N[C@@H](CO)C(=O)NCC(=O)N[C@@H](CO)C(=O)N[C@@H](CS)C(=O)NCC=O,1,2.6691835,3
CC[C@H](C)[C@H](NC(=O)[C@H](CC(C)C)NC(=O)[C@H](C)NC(=O)[C@H](CCCNC(N)=[NH2+])NC(=O)[C@H](Cc1ccccc1)NC(=O)[C@@H](NC(=O)[C@@H](NC(=O)[C@@H](N)CCSC)[C@@H](C)CC)[C@@H](C)CC)C(=O)N[C@@H](CO)C(=O)NC(CC1CNCN1)C(O)N[C@@H](CCCC[NH3+])C(=O)N[C@H](C=O)CCCC[NH3+],1,8.752965,3
CC(C)C[C@H](NC(=O)[C@H](CCCNC(N)=[NH2+])NC(=O)[C@H](CCCNC(N)=[NH2+])NC(=O)[C@H](CC(C)C)NC(=O)[C@H](CC(C)C)NC(=O)[C@H](CCCNC(N)=[NH2+])NC(=O)[C@@H](N)CCCNC(N)=[NH2+])C(=O)N[C@@H](CCCNC(N)=[NH2+])C(=O)N[C@H](C=O)CCCNC(N)=[NH2+],1,7.753653,3
CC[C@H](C)[C@H](NC(=O)[C@H](CCCNC(N)=[NH2+])NC(=O)[C@@H](N)CCCC[NH3+])C(=O)N1CCC[C@H]1C(=O)N[C@@H](CC(N)=O)C(=O)N[C@@H](CCCC[NH3+])C(=O)N[C@@H](CCCC[NH3+])C(=O)N1CCC[C@H]1C(=O)NCC(=O)N[C@@H](CCCC[NH3+])C(=O)N[C@H](C=O)CCCC[NH3+],1,7.672727,3
CC[C@H](C)[C@H](NC(=O)[C@H](CCCC[NH3+])NC(=O)[C@@H](NC(=O)[C@H](CCC(N)=O)NC(=O)[C@@H](N)CCCNC(N)=[NH2+])[C@@H](C)CC)C(=O)N[C@@H](Cc1c[nH]c2ccccc12)C(=O)N[C@@H](Cc1ccccc1)C(=O)N1CCC[C@H]1C(=O)N[C@@H](CC(N)=O)C(=O)N[C@@H](CCCNC(N)=[NH2+])C(=O)N[C@@H](CCCNC(N)=[NH2+])C(=O)N[C@@H](CCSC)C(=O)N[C@@H](CCCC[NH3+])C(=O)N[C@@H](Cc1c[nH]c2ccccc12)C(=O)N[C@@H](CCCC[NH3+])C(=O)N[C@H](C=O)CCCC[NH3+],1,8.055212,3
CC[C@H](C)[C@H](NC(=O)[C@H](CCCNC(N)=[NH2+])NC(=O)[C@@H](NC(=O)[C@@H](N)CCCNC(N)=[NH2+])C(C)C)C(=O)N[C@@H](CC(C)C)C(=O)N[C@@H](C)C(=O)N[C@@H](CCCNC(N)=[NH2+])C(=O)N[C@@H](Cc1ccccc1)C(=O)N[C@@H](CC(C)C)C(=O)N[C@@H](CCCNC(N)=[NH2+])C(=O)N[C@H](C(=O)N[C@@H](CCCNC(N)=[NH2+])C(=O)N[C@H](C=O)C(C)C)[C@@H](C)O,1,7.2205005,3
CC[C@H](C)[C@H](NC(=O)[C@H](CCCCN)NC(=O)[C@H](CCCCN)NC(=O)[C@H](C)NC(=O)[C@H](CC(C)C)NC(=O)[C@H](C)NC(=O)[C@H](C)NC(=O)[C@H](CC(C)C)NC(=O)[C@H](C)NC(=O)[C@H](CCCCN)NC(=O)[C@H](CC(C)C)NC(=O)[C@H](CC(N)=O)NC(=O)[C@@H](NC(=O)[C@H](CCCCN)NC(=O)CNC(=O)[C@H](CC(C)C)NC(=O)[C@H](CC(C)C)NC(=O)[C@H](Cc1ccc(O)cc1)NC(=O)CNC(=O)[C@H](C)N)[C@@H](C)O)C(=O)N[C@H](C=O)CC(C)C,1,9.121616,3
NC(=[NH2+])NCCC[C@H](NC(=O)CNC(=O)[C@H](CCCNC(N)=[NH2+])NC(=O)[C@@H](N)CCCNC(N)=[NH2+])C(=O)N[C@@H](CCCNC(N)=[NH2+])C(=O)NCC=O,1,3.7365706,3
CC[C@H](C)[C@H](NC(=O)[C@H](CCCNC(N)=[NH2+])NC(=O)[C@H](CC(C)C)NC(=O)[C@@H](NC(=O)[C@@H](NC(=O)[C@H](CC(C)C)NC(=O)[C@H](Cc1ccccc1)NC(=O)[C@H](CCCNC(N)=[NH2+])NC(=O)[C@H](CCCNC(N)=[NH2+])NC(=O)[C@@H](N)C(C)C)C(C)C)[C@@H](C)O)C(=O)N[C@@H](CCCNC(N)=[NH2+])C(=O)N[C@@H](CCCNC(N)=[NH2+])C(=O)N[C@@H](C)C=O,1,3.456125,3
CCC[C@H](NC(=O)[C@@H](NC(=O)[C@H](CC(C)C)NC(=O)[C@H](CC(N)=O)NC(=O)[C@H](CCCNC(=N)N)NC(=O)[C@H](CC(C)C)NC(=O)[C@H](Cc1ccccc1)NC(=O)[C@H](CC(=O)O)NC(=O)[C@H](CCCCN)NC(=O)[C@@H](NC(=O)[C@H](CCCNC(=N)N)NC(=O)[C@H](CCC(N)=O)NC(=O)[C@@H](NC(=O)[C@@H](NC(=O)[C@H](CCCNC(=N)N)NC(=O)[C@H](CCCCN)NC(=O)[C@H](Cc1ccccc1)NC(=O)[C@H](CCC(=O)O)NC(=O)[C@H](CCCCN)NC(=O)CNC(=O)[C@@H](NC(=O)[C@H](CCCCN)NC(=O)[C@H](CCC(=O)O)NC(=O)[C@H](CCCCN)NC(=O)[C@H](CO)NC(=O)[C@H](CCCCN)NC(=O)[C@H](CCCNC(=N)N)NC(=O)[C@H](Cc1ccccc1)NC(=O)[C@H](Cc1ccccc1)NC(=O)[C@H](CC(=O)O)NC(=O)CNC(=O)[C@H](CC(C)C)NC(=O)[C@@H](N)CC(C)C)[C@@H](C)CC)[C@@H](C)CC)C(C)C)[C@@H](C)CC)C(C)C)C(=O)N[C@@H](CCCNC(=N)N)C(=O)N[C@H](C(=O)N[C@@H](CCC(=O)O)C(=O)N[C@@H](CO)C(=O)N[C@H](C=O)CS)[C@@H](C)O,1,-0.19683436,3
CC[C@H](C)[C@H](NC(=O)[C@H](C)NC(=O)[C@@H](NC(=O)[C@H](CCC(N)=O)NC(=O)[C@@H]1CCCN1C(=O)[C@H](Cc1ccccc1)NC(=O)[C@@H](NC(O)C(CC1CNCN1)NC(=O)[C@H](Cc1ccccc1)NC(=O)[C@H](CCCC[NH3+])NC(=O)[C@H](CC(N)=O)NC(=O)[C@H](Cc1ccccc1)NC(=O)[C@H](CC(=O)O)NC(=O)[C@H](CCC(N)=O)NC(=O)[C@@H](NC(=O)[C@H](Cc1ccc(O)cc1)NC(=O)[C@@H](NC(=O)CNC(=O)[C@@H](N)CC(C)C)[C@@H](C)O)[C@@H](C)O)[C@@H](C)O)[C@@H](C)O)C(=O)NCC(=O)N[C@H](C(=O)NCC(=O)N[C@@H](C)C(=O)N1CCC[C@H]1C=O)C(C)C,1,-0.84517443,3
CSCC[C@H](NC(=O)[C@H](CC(N)=O)NC(=O)[C@H](CCCNC(N)=[NH2+])NC(=O)[C@H](CCC(N)=O)NC(=O)[C@H](Cc1c[nH]c2ccccc12)NC(=O)[C@H](CCC(N)=O)NC(=O)[C@@H](N)Cc1ccccc1)C(=O)N[C@@H](CCCNC(N)=[NH2+])C(=O)N[C@@H](CCCC[NH3+])C(=O)N[C@H](C(=O)N[C@@H](CCCNC(N)=[NH2+])C(=O)NCC(=O)N1CCC[C@H]1C(=O)N1CCC[C@H]1C(=O)N[C@H](C(=O)N[C@H](C=O)CO)C(C)C)C(C)C,1,5.496102,3
C[C@H](N)C(=O)N[C@@H](CS)C(=O)N[C@@H](CCCNC(N)=[NH2+])C(=O)NCC(=O)N[C@@H](CO)C(=O)NCC(=O)N[C@@H](CCCNC(N)=[NH2+])C(=O)NCC(=O)N[C@@H](CS)C(=O)NCC(=O)N[C@@H](CCCNC(N)=[NH2+])C(=O)NCC(=O)N[C@@H](CO)C(=O)NCC(=O)N[C@@H](CCCNC(N)=[NH2+])C(=O)N[C@@H](CS)C(=O)NCC=O,1,3.556298,3
CC[C@H](C)[C@H](NC(=O)[C@H](CCCCN)NC(=O)[C@H](CCCCN)NC(=O)[C@H](C)NC(=O)[C@H](CC(C)C)NC(=O)[C@H](CCCCN)NC(=O)[C@H](C)NC(=O)[C@H](CC(C)C)NC(=O)[C@H](CCCCN)NC(=O)[C@H](C)NC(=O)[C@H](CC(C)C)NC(=O)[C@H](CCCCN)NC(=O)[C@H](C)NC(=O)[C@H](CC(C)C)NC(=O)[C@H](CCCCN)NC(=O)[C@H](C)NC(=O)[C@H](CC(C)C)NC(=O)[C@H](CCCCN)NC(=O)[C@H](C)NC(=O)[C@H](CC(C)C)NC(=O)[C@H](C)NC(=O)[C@H](CC(C)C)NC(=O)[C@H](C)NC(=O)[C@H](CC(C)C)NC(=O)[C@H](C)NC(=O)[C@H](CC(C)C)NC(=O)[C@H](C)NC(=O)[C@H](CC(C)C)NC(=O)[C@H](C)NC(=O)[C@H](CC(C)C)NC(=O)[C@H](C)NC(=O)[C@H](CC(C)C)NC(=O)[C@H](C)NC(=O)[C@@H](N)CC(C)C)C(=O)N[C@H](C=O)CCCCN,1,8.761655,3
CC(C)C[C@H](NC(=O)[C@H](C)NC(=O)[C@H](CC(C)C)NC(=O)[C@H](CC(C)C)NC(=O)[C@@H](NC(=O)[C@H](C)NC(=O)[C@@H]1CCCN1C(=O)[C@H](CC(C)C)NC(=O)[C@H](CC(C)C)NC(=O)[C@H](C)NC(=O)[C@@H](NC(=O)[C@H](C)NC(=O)[C@H](C)NC(=O)[C@H](CCCC[NH3+])NC(=O)[C@H](Cc1ccccc1)NC(=O)[C@H](CCCNC(N)=[NH2+])NC(=O)[C@@H](N)Cc1c[nH]c2ccccc12)C(C)C)C(C)C)C(=O)N[C@@H](CC(C)C)C(=O)N[C@@H](C)C(=O)N1CCC[C@H]1C=O,1,1.3277258,3
CC(C)C[C@H](NC(=O)[C@H](C)NC(=O)[C@H](CC(C)C)NC(=O)[C@H](CCCC[NH3+])NC(=O)[C@H](CC(C)C)NC(=O)[C@H](CCCC[NH3+])NC(=O)[C@H](CC(C)C)NC(=O)[C@H](C)NC(=O)[C@@H](N)CCCC[NH3+])C(=O)N[C@@H](C)C(=O)N[C@@H](CC(C)C)C(=O)N[C@@H](CC(C)C)C(=O)N[C@@H](C)C(=O)N[C@@H](CCCC[NH3+])C(=O)N[C@@H](CC(C)C)C(=O)N[C@@H](CCCC[NH3+])C(=O)N[C@@H](CC(C)C)C(=O)N[C@@H](C)C=O,1,5.178931,3
CC[C@H](C)[C@H](NC(=O)[C@H](CC(C)C)NC(=O)[C@H](CC(=O)O)NC(=O)[C@H](CCCNC(N)=[NH2+])NC(=O)[C@H](Cc1ccc(O)cc1)NC(=O)[C@H](C)NC(=O)[C@@H](NC(=O)[C@@H](N)CCSC)[C@@H](C)CC)C(=O)N[C@H](C=O)CO,1,7.2183943,3
CC(C)C[C@@H](NC(=O)[C@H](NC(=O)[C@H]1CCCN1C(=O)[C@H](N)C(C)C)[C@@H](C)O)C(=O)N[C@@H](C=O)CCCC[NH3+],1,6.907369,3
CC(C)C[C@H](NC(=O)[C@H](C)NC(=O)[C@H](CCCC[NH3+])NC(=O)[C@H](CC(C)C)NC(=O)[C@H](C)NC(=O)[C@H](CC(C)C)NC(=O)[C@H](CCCC[NH3+])NC(=O)[C@H](CC(C)C)NC(=O)[C@H](C)NC(=O)[C@H](CC(C)C)NC(=O)[C@@H](N)CCCC[NH3+])C(=O)N[C@@H](CCC(N)=O)C(=O)N[C@@H](C)C(=O)N[C@@H](C)C(=O)N[C@@H](CC(C)C)C(=O)N[C@@H](CCC(N)=O)C(=O)N[C@@H](CC(C)C)C(=O)N[C@@H](C)C=O,1,5.607737,3
CC[C@H](C)[C@H](NC(=O)[C@H](CCCC[NH3+])NC(=O)[C@@H](NC(=O)[C@H](CCC(N)=O)NC(=O)[C@@H](N)CCCNC(N)=[NH2+])[C@@H](C)CC)C(=O)N[C@@H](Cc1c[nH]c2ccccc12)C(=O)N[C@@H](Cc1ccccc1)C(=O)N[C@@H](CCC(N)=O)C(=O)N[C@@H](CC(N)=O)C(=O)N[C@@H](CCCNC(N)=[NH2+])C(=O)N[C@@H](CCCNC(N)=[NH2+])C(=O)N[C@@H](C)C(=O)N[C@@H](CCCC[NH3+])C(=O)N[C@@H](Cc1c[nH]c2ccccc12)C(=O)N[C@@H](CCCC[NH3+])C(=O)N[C@H](C=O)CCCC[NH3+],1,8.294071,3
NC(=[NH2+])NCCC[C@@H](C=O)NC(=O)[C@H](CCCNC(N)=[NH2+])NC(=O)[C@H](CCCNC(N)=[NH2+])NC(=O)[C@H](CCC(N)=O)NC(=O)[C@H](CCCNC(N)=[NH2+])NC(=O)[C@H](CCCNC(N)=[NH2+])NC(=O)[C@H](CCCC[NH3+])NC(=O)[C@H](CCCC[NH3+])NC(=O)[C@H](CCCNC(N)=[NH2+])NC(=O)CNC(=O)[C@H](Cc1ccc(O)cc1)NC(=O)[C@H](CCCC[NH3+])NC(=O)[C@@H](N)CS,1,6.166185,3
CC(C)C[C@H](NC(=O)CNC(=O)[C@H](CO)NC(=O)[C@H](C)NC(=O)CNC(=O)[C@H](CO)NC(=O)[C@@H]1CCCN1C(=O)[C@H](C)NC(=O)[C@H](CC(C)C)NC(=O)[C@H](CC(C)C)NC(=O)[C@H](C)NC(=O)[C@H](CC(C)C)NC(=O)[C@H](CC(C)C)NC(=O)[C@@H](NC(=O)[C@H](C)NC(=O)[C@@H]1CCCN1C(=O)[C@H](CC(C)C)NC(=O)[C@H](CC(C)C)NC(=O)[C@H](C)NC(=O)[C@@H](NC(=O)[C@H](C)NC(=O)[C@H](C)N)C(C)C)C(C)C)C(=O)N[C@@H](CC(=O)O)C(=O)N[C@@H](CCCC[NH3+])C(=O)N[C@@H](CCCNC(N)=[NH2+])C(=O)N[C@@H](CC(=O)O)C(=O)N[C@@H](Cc1ccc(O)cc1)C(=O)N[C@H](C(N)=O)C(C)C,1,0.57431954,3
CC[C@H](C)[C@H](NC(=O)[C@H](CCCNC(N)=[NH2+])NC(=O)[C@H](Cc1ccccc1)NC(=O)[C@@H](NC(=O)[C@@H](NC(=O)[C@@H](N)CCSC)[C@@H](C)CC)[C@@H](C)CC)C(=O)N[C@@H](C)C(=O)N[C@@H](C)C(=O)N[C@@H](CO)C(=O)NC(CC1CNCN1)C(O)N[C@@H](CCCC[NH3+])C(=O)N[C@H](C=O)CCCC[NH3+],1,8.740901,3
CC(=O)NC(CC1CNCN1)C(O)NC(CC1CNCN1)C(O)NC(CC1CNCN1)C(O)NC(CC1CNCN1)C(O)NC(CC1CNCN1)C(O)NC(CC1CNCN1)C(O)NC(CC1CNCN1)C(O)NC(CC1CNCN1)C(O)N[C@@H](CCCNC(N)=[NH2+])C(=O)N[C@@H](CCCNC(N)=[NH2+])C(=O)N[C@@H](CCCNC(N)=[NH2+])C(=O)N[C@@H](CCCNC(N)=[NH2+])C(=O)N[C@@H](CCCNC(N)=[NH2+])C(=O)N[C@@H](CCCNC(N)=[NH2+])C(=O)N[C@@H](CCCNC(N)=[NH2+])C(=O)N[C@@H](CCCNC(N)=[NH2+])C(=O)N[C@@H](CCCNC(N)=[NH2+])C(=O)N[C@@H](CCCNC(N)=[NH2+])C(=O)N[C@@H](CCCNC(N)=[NH2+])C(=O)N[C@@H](CCCNC(N)=[NH2+])C(=O)N[C@@H](CCCNC(N)=[NH2+])C(=O)N[C@@H](CCCNC(N)=[NH2+])C(=O)N[C@@H](CCCNC(N)=[NH2+])C(N)=O,1,3.4173875,3
CC[C@H](C)[C@H](NC(=O)[C@H](CCCC[NH3+])NC(=O)[C@@H](NC(=O)[C@H](CCC(N)=O)NC(=O)[C@@H]([NH3+])CCCNC(N)=[NH2+])[C@@H](C)CC)C(=O)N[C@@H](Cc1c[nH]c2ccccc12)C(=O)N[C@@H](Cc1ccccc1)C(=O)N[C@@H](CCC(N)=O)C(=O)N[C@@H](CC(N)=O)C(=O)N[C@@H](CCCNC(N)=[NH2+])C(=O)N[C@@H](CCCNC(N)=[NH2+])C(=O)N[C@@H](CCSC)C(=O)N[C@@H](CCCC[NH3+])C(=O)N[C@@H](Cc1c[nH]c2ccccc12)C(=O)N[C@@H](CCCC[NH3+])C(=O)N[C@@H](CCCC[NH3+])C(=O)O,1,3.7882671,3
NC(=[NH2+])NCCC[C@H](NC(=O)[C@H](Cc1c[nH]c2ccccc12)NC(=O)[C@H](CCCNC(N)=[NH2+])NC(=O)[C@@H](N)CS)C(=O)N[C@H](Cc1c[nH]c2ccccc12)C(=O)N[C@@H](CCCC[NH3+])C(=O)N[C@@H](CS)C(=O)N[C@@H](CS)C(=O)N[C@@H](CCCC[NH3+])C(=O)N[C@H](C=O)CCCC[NH3+],1,5.4575095,3
CC[C@H](C)[C@H](NC(=O)[C@H](CCCC[NH3+])NC(=O)[C@@H](NC(=O)[C@H](CCC(N)=O)NC(=O)[C@@H](N)CCCNC(N)=[NH2+])[C@@H](C)CC)C(=O)N[C@@H](Cc1ccccc1)C(=O)N[C@@H](Cc1ccccc1)C(=O)N[C@@H](CCC(N)=O)C(=O)N[C@@H](CC(N)=O)C(=O)N[C@@H](CCCNC(N)=[NH2+])C(=O)N[C@@H](CCCNC(N)=[NH2+])C(=O)N[C@@H](CCSC)C(=O)N[C@@H](CCCC[NH3+])C(=O)N[C@@H](Cc1c[nH]c2ccccc12)C(=O)N[C@@H](CCCC[NH3+])C(=O)N[C@H](C=O)CCCC[NH3+],1,8.423654,3
CC[C@H](C)[C@H](NC(=O)[C@H](CCCC[NH3+])NC(=O)[C@@H](NC(=O)[C@H](CCC(N)=O)NC(=O)[C@@H](N)CCCNC(N)=[NH2+])[C@@H](C)CC)C(=O)N[C@H](C=O)Cc1c[nH]c2ccccc12,1,6.717666,3
NC(=[NH2+])NCCC[C@H](NC(=O)[C@@H](N)CS)C(=O)N[C@H](Cc1c[nH]c2ccccc12)C(=O)N[C@@H](CCCNC(N)=[NH2+])C(=O)N[C@@H](Cc1c[nH]c2ccccc12)C(=O)N[C@@H](CCCC[NH3+])C(=O)N[C@@H](CS)C(=O)N[C@@H](CS)C(=O)N[C@@H](CCCC[NH3+])C(=O)N[C@H](C=O)CCCC[NH3+],1,5.728624,3
CC[C@H](C)[C@H](NC(=O)[C@H](CCCC[NH3+])NC(=O)[C@@H](NC(=O)[C@H](CCC(N)=O)NC(=O)[C@@H]([NH3+])CCCNC(N)=[NH2+])[C@@H](C)CC)C(=O)N[C@@H](Cc1c[nH]c2ccccc12)C(=O)N[C@@H](Cc1ccccc1)C(=O)N[C@@H](CCC(N)=O)C(=O)N[C@@H](CC(N)=O)C(=O)N[C@@H](CCCNC(N)=[NH2+])C(=O)N[C@@H](CCCNC(N)=[NH2+])C(=O)N[C@@H](CCSC)C(=O)N[C@@H](CCCC[NH3+])C(=O)N[C@@H](Cc1c[nH]c2ccccc12)C(=O)N[C@@H](CCCC[NH3+])C(=O)N[C@@H](CCCC[NH3+])C(=O)O,1,3.7882671,3
CC(C)C[C@@H](C=O)NC(=O)[C@@H](NC(=O)[C@@H](NC(=O)[C@H](CC(C)C)NC(=O)[C@@H](NC(=O)[C@H](CCCC[NH3+])NC(=O)[C@H](C)NC(=O)[C@H](CC(C)C)NC(=O)[C@H](CCCC[NH3+])NC(=O)[C@@H](NC(=O)[C@H](CC(C)C)NC(=O)[C@H](C)NC(=O)[C@@H](NC(=O)[C@H](C)NC(=O)[C@H](CC(C)C)NC(=O)[C@@H](NC(=O)[C@H](CCCC[NH3+])NC(=O)[C@@H](N)CC(C)C)[C@@H](C)O)[C@@H](C)O)[C@@H](C)O)[C@@H](C)O)[C@@H](C)O)[C@@H](C)O,1,5.0441747,3
CC(=O)NCC(=O)N[C@@H](CCCNC(N)=[NH2+])C(=O)NCC(=O)N[C@@H](CC(=O)O)C(=O)NCC(=O)N1CCC[C@H]1C(=O)N[C@@H](CCCNC(N)=[NH2+])C(=O)N[C@@H](CCCNC(N)=[NH2+])C(=O)N[C@@H](CCCC[NH3+])C(=O)N[C@@H](CCCC[NH3+])C(=O)N[C@@H](CCCC[NH3+])C(=O)N[C@@H](CCCC[NH3+])C(=O)NCC(=O)N1CCC[C@H]1C(=O)N[C@@H](CCCNC(N)=[NH2+])C(=O)N[C@@H](CCCNC(N)=[NH2+])C(=O)N[C@@H](CCCC[NH3+])C(=O)N[C@@H](CCCC[NH3+])C(=O)N[C@@H](CCCC[NH3+])C(=O)N[C@@H](CCCC[NH3+])C(=O)NCC(=O)N1CCC[C@H]1C(=O)N[C@@H](CCCNC(N)=[NH2+])C(=O)N[C@H](C=O)CCCNC(N)=[NH2+],1,7.480207,3
N=C(N)NCCC[C@@H](C=O)NC(=O)[C@H](CCCNC(=N)N)NC(=O)[C@H](CCCNC(=N)N)NC(=O)[C@H](CCCNC(=N)N)NC(=O)[C@H](CCCNC(=N)N)NC(=O)[C@H](CCCNC(=N)N)NC(=O)[C@H](CCCNC(=N)N)NC(=O)[C@H](CCCNC(=N)N)NC(=O)[C@H](CCCNC(=N)N)NC(=O)[C@H](CCCNC(=N)N)NC(=O)[C@H](CCCNC(=N)N)NC(=O)[C@H](CCCNC(=N)N)NC(=O)[C@H](CCCNC(=N)N)NC(=O)[C@H](CCCNC(=N)N)NC(=O)[C@H](CCCNC(=N)N)NC(=O)[C@H](Cc1c[nH]cn1)NC(=O)[C@H](Cc1c[nH]cn1)NC(=O)[C@H](Cc1c[nH]cn1)NC(=O)[C@H](Cc1c[nH]cn1)NC(=O)[C@H](Cc1c[nH]cn1)NC(=O)[C@H](Cc1c[nH]cn1)NC(=O)[C@H](Cc1c[nH]cn1)NC(=O)[C@H](Cc1c[nH]cn1)NC(=O)[C@H](Cc1c[nH]cn1)NC(=O)[C@H](Cc1c[nH]cn1)NC(=O)[C@H](Cc1c[nH]cn1)NC(=O)[C@H](Cc1c[nH]cn1)NC(=O)[C@H](Cc1c[nH]cn1)NC(=O)[C@H](Cc1c[nH]cn1)NC(=O)[C@H](Cc1c[nH]cn1)NC(=O)[C@H](Cc1c[nH]cn1)NC(=O)[C@H](Cc1c[nH]cn1)NC(=O)[C@H](Cc1c[nH]cn1)NC(=O)[C@H](Cc1c[nH]cn1)NC(=O)[C@@H](N)Cc1c[nH]cn1,1,6.8806567,3
CC(C)C[C@H](NC(=O)[C@H](C)NC(=O)[C@@H](NC(=O)[C@@H](NC(=O)[C@H](CCCC[NH3+])NC(=O)[C@H](CC(C)C)NC(=O)[C@@H](N)CC(C)C)[C@@H](C)O)[C@@H](C)O)C(=O)N[C@@H](CC(C)C)C(=O)N[C@@H](CCCC[NH3+])C(=O)N[C@H](C(=O)N[C@H](C(=O)N[C@@H](C)C(=O)N[C@@H](CC(C)C)C(=O)N[C@@H](CC(C)C)C(=O)N[C@@H](CCCC[NH3+])C(=O)N[C@H](C(=O)N[C@H](C(=O)N[C@@H](C)C=O)[C@@H](C)O)[C@@H](C)O)[C@@H](C)O)[C@@H](C)O,1,1.8147684,3
NC(=[NH2+])NCCC[C@H](NC(=O)CNC(=O)[C@@H](N)CCCC[NH3+])C(=O)N[C@@H](CCCC[NH3+])C(=O)N[C@@H](CCCC[NH3+])C(=O)N[C@@H](CCCNC(N)=[NH2+])C(=O)N[C@@H](CCCNC(N)=[NH2+])C(=O)N[C@@H](CCC(N)=O)C(=O)N[C@@H](CCCNC(N)=[NH2+])C(=O)N[C@@H](CCCNC(N)=[NH2+])C(=O)N[C@@H](CCCNC(N)=[NH2+])C(=O)N1CCC[C@H]1C(=O)N1CCC[C@H]1C(=O)N[C@H](C=O)CCC(N)=O,1,8.632653,3
NCC(=O)N[C@@H](CCCNC(N)=[NH2+])C(=O)N[C@@H](CCCC[NH3+])C(=O)N[C@@H](CCCC[NH3+])C(=O)N[C@@H](CCCNC(N)=[NH2+])C(=O)N[C@@H](CCCNC(N)=[NH2+])C(=O)N[C@@H](CCC(N)=O)C(=O)N[C@@H](CCCNC(N)=[NH2+])C(=O)N[C@@H](CCCNC(N)=[NH2+])C(=O)N[C@@H](CCCNC(N)=[NH2+])C(=O)N1CCC[C@H]1C(=O)N[C@@H](Cc1c[nH]c2ccccc12)C(=O)N[C@H](C=O)CCC(N)=O,1,7.018636,3
CC[C@H](C)[C@@H](C=O)NC(=O)[C@H](CC(C)C)NC(=O)[C@H](Cc1ccc(O)cc1)NC(=O)[C@@H](NC(=O)[C@H](Cc1ccccc1)NC(=O)[C@@H]1CCCN1)C(C)C,1,0.72957355,3
N[C@@H](CCCC[NH3+])C(=O)N[C@@H](CCCC[NH3+])C(=O)N[C@@H](CCCC[NH3+])C(=O)N[C@@H](CCCC[NH3+])C(=O)N[C@@H](CCCC[NH3+])C(=O)N[C@@H](CCCC[NH3+])C(=O)N[C@@H](CCCC[NH3+])C(=O)N[C@@H](CCCC[NH3+])C(=O)N[C@H](C=O)CCCC[NH3+],1,6.4838457,3
CC(=O)N[C@@H](CCCC[NH3+])C(=O)N[C@@H](CCC(=O)O)C(=O)N[C@H](C(=O)N[C@@H](Cc1c[nH]c2ccccc12)C(=O)N[C@@H](Cc1c[nH]c2ccccc12)C(=O)N[C@@H](CCC(=O)O)C(=O)N[C@H](C(=O)N[C@@H](Cc1c[nH]c2ccccc12)C(=O)N[C@@H](Cc1c[nH]c2ccccc12)C(=O)N[C@H](C(=O)N[C@@H](CCC(=O)O)C(=O)N[C@@H](Cc1c[nH]c2ccccc12)C(=O)N[C@@H](CO)C(=O)N[C@@H](CCC(N)=O)C(=O)N1CCC[C@H]1C(=O)N[C@@H](CCCC[NH3+])C(=O)N[C@@H](CCCC[NH3+])C(=O)N[C@@H](CCCC[NH3+])C(=O)N[C@@H](CCCNC(N)=[NH2+])C(=O)N[C@@H](CCCC[NH3+])C(=O)N[C@H](C(N)=O)C(C)C)[C@@H](C)O)[C@@H](C)O)[C@@H](C)O,1,0.67365867,3
NC(=[NH2+])NCCC[C@@H](C=O)NC(=O)[C@H](CCCNC(N)=[NH2+])NC(=O)[C@H](CCCNC(N)=[NH2+])NC(=O)[C@H](CCCNC(N)=[NH2+])NC(=O)[C@H](CCCNC(N)=[NH2+])NC(=O)[C@H](CCCNC(N)=[NH2+])NC(=O)[C@H](CCCNC(N)=[NH2+])NC(=O)[C@H](CCCNC(N)=[NH2+])NC(=O)[C@@H](N)CCCNC(N)=[NH2+],1,7.315352,3
CC[C@H](C)[C@H](NC(=O)[C@H](CCCC[NH3+])NC(=O)[C@@H](NC(=O)[C@H](CCC(N)=O)NC(=O)[C@H](CCCNC(N)=[NH2+])NC(=O)[C@@H](N)CS)[C@@H](C)CC)C(=O)N[C@@H](Cc1c[nH]c2ccccc12)C(=O)N[C@@H](Cc1ccccc1)C(=O)N1CCC[C@H]1C(=O)N[C@@H](CC(N)=O)C(=O)N[C@@H](CCCNC(N)=[NH2+])C(=O)N[C@@H](CCCNC(N)=[NH2+])C(=O)N[C@@H](CCSC)C(=O)N[C@@H](CCCC[NH3+])C(=O)N[C@@H](Cc1c[nH]c2ccccc12)C(=O)N[C@@H](CCCC[NH3+])C(=O)N[C@@H](CCCC[NH3+])C(=O)N[C@H](C=O)CS,1,6.6386724,3
NCC(=O)N[C@@H](CCCNC(N)=[NH2+])C(=O)N[C@@H](CCCC[NH3+])C(=O)N[C@@H](CCCC[NH3+])C(=O)N[C@@H](CCCNC(N)=[NH2+])C(=O)N[C@@H](CCCNC(N)=[NH2+])C(=O)N[C@@H](CCC(N)=O)C(=O)N[C@@H](CCCNC(N)=[NH2+])C(=O)N[C@@H](CCCNC(N)=[NH2+])C(=O)N[C@@H](CCCNC(N)=[NH2+])C(=O)N1CCC[C@H]1C(=O)N1CCC[C@H]1C(=O)N[C@H](C=O)CCC(N)=O,1,7.95118,3
CC(C)C[C@H](NC(=O)CN)C(=O)N[C@@H](Cc1c[nH]c2ccccc12)C(=O)N[C@@H](CCCNC(N)=[NH2+])C(=O)N[C@@H](C)C(=O)N[C@@H](CC(C)C)C(=O)N[C@@H](Cc1c[nH]c2ccccc12)C(=O)N[C@@H](CCCNC(N)=[NH2+])C(=O)N[C@@H](C)C(=O)N[C@@H](CC(C)C)C(=O)N[C@@H](Cc1c[nH]c2ccccc12)C(=O)N[C@@H](CCCNC(N)=[NH2+])C(=O)N[C@@H](CO)C(=O)N[C@@H](CC(C)C)C(=O)N[C@@H](Cc1c[nH]c2ccccc12)C(=O)N[C@@H](CCCC[NH3+])C(=O)N[C@@H](CCCC[NH3+])C(=O)N[C@@H](CCCC[NH3+])C(=O)N[C@@H](CCCNC(N)=[NH2+])C(=O)N[C@@H](CCCC[NH3+])C(=O)N[C@H](C=O)C(C)C,1,7.2203355,3
NC(=[NH2+])NCCC[C@H](NC(=O)[C@H](CCCNC(N)=[NH2+])NC(=O)[C@H](CCCNC(N)=[NH2+])NC(=O)[C@H](CCCNC(N)=[NH2+])NC(=O)[C@H](CCCNC(N)=[NH2+])NC(=O)[C@H](CCCNC(N)=[NH2+])NC(=O)[C@@H](N)CCCNC(N)=[NH2+])C(=O)N[C@H](C=O)Cc1c[nH]c2ccccc12,1,6.614529,3
CC[C@H](C)[C@H](NC(=O)[C@H](CCCNC(N)=[NH2+])NC(=O)[C@H](CCCNC(N)=[NH2+])NC(=O)[C@H](CCCNC(N)=[NH2+])NC(=O)[C@H](CC(C)C)NC(=O)[C@@H](NC(=O)[C@@H](NC(=O)[C@H](CC(C)C)NC(=O)[C@@H](N)CC(C)C)[C@@H](C)CC)[C@@H](C)CC)C(=O)N[C@@H](CCCNC(N)=[NH2+])C(=O)N[C@@H](CCCC[NH3+])C(=O)N[C@@H](CCC(N)=O)C(=O)N[C@@H](C)C(=O)NC(CC1CNCN1)C(O)N[C@@H](C)C(=O)NC(CC1CNCN1)C(O)N[C@@H](CO)C(=O)N[C@@H](C)C=O,1,6.5441523,3
CC(C)[C@@H](C=O)NC(=O)[C@H](CCCC[NH3+])NC(=O)[C@H](CCCNC(N)=[NH2+])NC(=O)[C@H](CCCC[NH3+])NC(=O)[C@H](CO)NC(=O)[C@H](CCCC[NH3+])NC(=O)[C@H](CCCC[NH3+])NC(=O)[C@H](Cc1ccccc1)NC(=O)[C@H](CCCNC(N)=[NH2+])NC(=O)[C@@H](N)Cc1c[nH]c2ccccc12,1,4.384664,3
CC(C)C[C@H](NC(=O)[C@H](C)NC(=O)[C@H](CC(C)C)NC(=O)[C@H](CCCC[NH3+])NC(=O)[C@H](CC(C)C)NC(=O)[C@H](CCCC[NH3+])NC(=O)[C@H](CC(C)C)NC(=O)[C@H](C)NC(=O)[C@@H](N)CCCC[NH3+])C(=O)N[C@@H](C)C(=O)N[C@@H](CC(C)C)C(=O)N[C@@H](CC(C)C)C(=O)N[C@@H](C)C(=O)N[C@@H](CCCC[NH3+])C(=O)N[C@@H](CC(C)C)C(=O)N[C@@H](CCCC[NH3+])C(=O)N[C@@H](CC(C)C)C(=O)N[C@@H](C)C(N)=O,1,3.4441795,3
CC[C@H](C)[C@H](NC(=O)[C@H](CCCC[NH3+])NC(=O)[C@@H](NC(=O)[C@H](CCC(N)=O)NC(=O)[C@@H](N)CCCNC(N)=[NH2+])[C@@H](C)CC)C(=O)N[C@@H](C)C(=O)N[C@@H](Cc1ccccc1)C(=O)N[C@@H](CCC(N)=O)C(=O)N[C@@H](CC(N)=O)C(=O)N[C@@H](CCCNC(N)=[NH2+])C(=O)N[C@@H](CCCNC(N)=[NH2+])C(=O)N[C@@H](CCSC)C(=O)N[C@@H](CCCC[NH3+])C(=O)N[C@@H](Cc1c[nH]c2ccccc12)C(=O)N[C@@H](CCCC[NH3+])C(=O)N[C@H](C=O)CCCC[NH3+],1,8.599984,3
CC(C)C[C@H](NC(=O)CNC(=O)[C@H](CCCC[NH3+])NC(=O)[C@H](CC(C)C)NC(=O)CNC(=O)[C@H](CC(C)C)NC(=O)[C@H](CCCC[NH3+])NC(=O)[C@H](CC(C)C)NC(=O)CNC(=O)[C@H](CC(C)C)NC(=O)[C@@H](N)CCCC[NH3+])C(=O)N[C@@H](CCCC[NH3+])C(=O)NCC(=O)NCC(=O)N[C@@H](CC(C)C)C(=O)N[C@@H](CCCC[NH3+])C(=O)N[C@@H](CC(C)C)C(=O)NCC=O,1,1.8644336,3
C[C@H](N)C(=O)N[C@@H](CS)C(=O)N[C@@H](CO)C(=O)NCC(=O)N[C@@H](CO)C(=O)NCC(=O)N[C@@H](CO)C(=O)NCC(=O)N[C@@H](CS)C(=O)NCC(=O)N[C@@H](CO)C(=O)NCC(=O)N[C@@H](CO)C(=O)NCC(=O)N[C@@H](CO)C(=O)N[C@@H](CS)C(=O)NCC(=O)N[C@@H](CCCNC(N)=[NH2+])C(=O)N[C@@H](CCCNC(N)=[NH2+])C(=O)N[C@@H](CCCNC(N)=[NH2+])C(=O)N[C@@H](CCCNC(N)=[NH2+])C(=O)N[C@@H](CCCNC(N)=[NH2+])C(=O)N[C@@H](CCCNC(N)=[NH2+])C(=O)N[C@@H](CCCNC(N)=[NH2+])C(=O)N[C@H](C=O)CCCNC(N)=[NH2+],1,7.21435,3
CC[C@H](C)[C@H](NC(=O)[C@H](CCCNC(N)=[NH2+])NC(=O)[C@H](C)NC(O)C(N)CC1CNCN1)C(=O)N[C@@H](CCCC[NH3+])C(=O)N1CCC[C@H]1C(=O)N[C@H](C(=O)N[C@@H](Cc1ccccc1)C(=O)N[C@@H](CCCNC(N)=[NH2+])C(=O)N[C@@H](CCCNC(N)=[NH2+])C(=O)N[C@@H](CC(C)C)C(=O)N[C@@H](CCCC[NH3+])C(=O)N[C@@H](Cc1c[nH]c2ccccc12)C(=O)N[C@@H](CCCC[NH3+])C(=O)N[C@@H](Cc1ccc(O)cc1)C(=O)N[C@@H](CCCC[NH3+])C(=O)NCC(=O)N[C@@H](CCCC[NH3+])C(=O)N[C@@H](Cc1ccccc1)C(=O)N[C@H](C=O)Cc1c[nH]c2ccccc12)[C@@H](C)O,1,6.3107843,3
CC(C)[C@@H](C=O)NC(=O)[C@H](CCCC[NH3+])NC(=O)[C@H](CCCNC(N)=[NH2+])NC(=O)[C@H](CCCC[NH3+])NC(=O)[C@H](CCCC[NH3+])NC(=O)[C@H](CCCC[NH3+])NC(=O)[C@@H]1CCCN1C(=O)[C@H](CCC(N)=O)NC(=O)[C@H](CO)NC(=O)[C@H](Cc1c[nH]c2ccccc12)NC(=O)[C@H](CCC(=O)O)NC(=O)[C@@H](NC(=O)[C@H](Cc1c[nH]c2ccccc12)NC(=O)[C@H](Cc1c[nH]c2ccccc12)NC(=O)[C@@H](NC(=O)[C@H](CCC(=O)O)NC(=O)[C@H](Cc1c[nH]c2ccccc12)NC(=O)[C@H](Cc1c[nH]c2ccccc12)NC(=O)[C@@H](NC(=O)[C@H](CCC(=O)O)NC(=O)[C@@H](N)CCCC[NH3+])[C@@H](C)O)[C@@H](C)O)[C@@H](C)O,1,4.0018992,3
CC(C)C[C@H](NC(=O)[C@H](C)NC(=O)[C@H](CCCC[NH3+])NC(=O)[C@H](CC(C)C)NC(=O)[C@H](C)NC(=O)[C@H](CC(C)C)NC(=O)[C@@H](N)CCCC[NH3+])C(=O)N[C@@H](CCCC[NH3+])C(=O)N[C@@H](C)C(=O)N[C@@H](C)C(=O)N[C@@H](CC(C)C)C(=O)N[C@@H](CCCC[NH3+])C(=O)N[C@@H](CC(C)C)C(=O)N[C@@H](C)C=O,1,5.0685134,3
CSCC[C@H](NC(=O)[C@H](CC(C)C)NC(=O)CNC(=O)[C@H](Cc1ccccc1)NC(=O)[C@H](Cc1ccccc1)NC(=O)[C@H](CCC(N)=O)NC(=O)[C@H](CCC(N)=O)NC(=O)[C@H](CC(C)C)NC(=O)[C@H](CC(C)C)NC(=O)[C@H](CCCC[NH3+])NC(=O)[C@H](Cc1c[nH]c2ccccc12)NC(=O)[C@@H](NC(=O)[C@H](CCCC[NH3+])NC(=O)[C@H](CCCNC(N)=[NH2+])NC(=O)[C@H](CCCC[NH3+])NC(=O)[C@H](CCCC[NH3+])NC(=O)[C@H](CCCC[NH3+])NC(=O)[C@@H]1CCCN1)C(C)C)C(N)=O,1,-0.85573834,3
CC[C@H](C)[C@H](NC(=O)[C@H](C)NC(=O)[C@H](Cc1ccccc1)NC(=O)[C@@H](NC(=O)[C@@H](NC(=O)[C@@H](N)CCSC)[C@@H](C)CC)[C@@H](C)CC)C(=O)N[C@@H](C)C(=O)N[C@@H](C)C(=O)N[C@@H](CO)C(=O)NC(CC1CNCN1)C(O)N[C@@H](CCCC[NH3+])C(=O)N[C@H](C=O)CCCC[NH3+],1,8.521023,3
CC[C@H](C)[C@H](NC(=O)[C@H](CCCNC(N)=[NH2+])NC(=O)[C@H](Cc1ccc(O)cc1)NC(O)C(N)CC1CNCN1)C(=O)N[C@@H](CCCC[NH3+])C(=O)N1CCC[C@H]1C(=O)N[C@H](C(=O)N[C@@H](Cc1ccccc1)C(=O)N[C@@H](CCCNC(N)=[NH2+])C(=O)N[C@@H](CCCNC(N)=[NH2+])C(=O)N[C@@H](CC(C)C)C(=O)N[C@@H](CCCC[NH3+])C(=O)N[C@@H](Cc1c[nH]c2ccccc12)C(=O)N[C@@H](CCCC[NH3+])C(=O)N[C@@H](Cc1ccc(O)cc1)C(=O)N[C@@H](CCCC[NH3+])C(=O)NCC(=O)N[C@@H](CCCC[NH3+])C(=O)N[C@@H](Cc1ccccc1)C(=O)N[C@@H](C)C=O)[C@@H](C)O,1,3.7883961,3
NC(=[NH2+])NCCC[C@H](NC(=O)[C@H](CCCNC(N)=[NH2+])NC(=O)[C@H](CCCNC(N)=[NH2+])NC(=O)[C@H](CCC(N)=O)NC(=O)[C@H](CCCNC(N)=[NH2+])NC(=O)[C@H](CCCNC(N)=[NH2+])NC(=O)[C@H](CCCC[NH3+])NC(=O)[C@H](CCCC[NH3+])NC(=O)[C@H](CCCNC(N)=[NH2+])NC(=O)CNC(=O)[C@@H](N)Cc1ccc(O)cc1)C(N)=O,1,1.2318043,3
CCC[C@H](NC(=O)[C@H](CS)NC(=O)[C@@H](NC(=O)CNC(=O)CN)C(C)C)C(=O)N[C@@H](CCCCN)C(=O)N[C@H](C(=O)N[C@@H](CC(C)C)C(=O)N[C@@H](C)C(=O)N[C@@H](CCCCN)C(=O)N[C@H]1C[SH]2[SH]3C[C@@H](C(=O)NCC(=O)N[C@@H](CO)C(=O)NCC(=O)N[C@@H](CO)C(=O)N[C@H](C=O)CC(=O)O)NC(=O)[C@H](Cc4ccc(O)cc4)NC(=O)CNC(=O)[C@H](CC(N)=O)NC(=O)CNC(=O)[C@H](CCCNC(=N)N)NC(=O)[C@@H]4CSS32C[C@H](NC(=O)[C@H](CC(=O)O)NC(=O)[C@H](CO)NC(=O)[C@H](CC(=O)O)NC(=O)[C@H](CCCNC(=N)N)NC(=O)[C@H](CCCNC(=N)N)NC1=O)C(=O)N1CCC[C@H]1C(=O)NCC(=O)N[C@@H](C)C(=O)N[C@@H](CS)C(=O)N[C@@H]([C@@H](C)CC)C(=O)N4)[C@@H](C)CC,1,-0.8634621,3
CC[C@H](C)[C@H](NC(=O)[C@H](CCCC[NH3+])NC(=O)[C@@H](NC(=O)[C@H](CCC(N)=O)NC(=O)[C@@H]([NH3+])CCCNC(N)=[NH2+])[C@@H](C)CC)C(=O)N[C@@H](Cc1c[nH]c2ccccc12)C(=O)N[C@@H](Cc1ccccc1)C(=O)N[C@@H](CCC(N)=O)C(=O)N[C@@H](CC(N)=O)C(=O)N[C@@H](CCCNC(N)=[NH2+])C(=O)N[C@@H](CCCNC(N)=[NH2+])C(=O)N[C@@H](CCSC)C(=O)N[C@@H](CCCC[NH3+])C(=O)N[C@@H](Cc1c[nH]c2ccccc12)C(=O)N[C@@H](CCCC[NH3+])C(=O)N[C@@H](CCCC[NH3+])C(=O)O,1,3.7882671,3
CC[C@H](C)[C@H](NC(=O)[C@H](CCCC[NH3+])NC(=O)[C@@H](NC(=O)[C@H](CCC(N)=O)NC(=O)[C@@H]([NH3+])CCCNC(N)=[NH2+])[C@@H](C)CC)C(=O)N[C@@H](Cc1c[nH]c2ccccc12)C(=O)N[C@@H](Cc1ccccc1)C(=O)N[C@@H](CCC(N)=O)C(=O)N[C@@H](CC(N)=O)C(=O)N[C@@H](CCCNC(N)=[NH2+])C(=O)N[C@@H](CCCNC(N)=[NH2+])C(=O)N[C@@H](CCSC)C(=O)N[C@@H](CCCC[NH3+])C(=O)N[C@@H](Cc1c[nH]c2ccccc12)C(=O)N[C@@H](CCCC[NH3+])C(=O)N[C@@H](CCCC[NH3+])C(=O)O,1,3.7882671,3
NC(=[NH2+])NCCC[C@@H](C=O)NC(=O)[C@H](CCCNC(N)=[NH2+])NC(=O)[C@H](CCCNC(N)=[NH2+])NC(=O)[C@H](CCC(N)=O)NC(=O)[C@H](CCCNC(N)=[NH2+])NC(=O)[C@H](CCCNC(N)=[NH2+])NC(=O)[C@H](CCCC[NH3+])NC(=O)[C@H](CCCC[NH3+])NC(=O)[C@H](CCCNC(N)=[NH2+])NC(=O)CNC(=O)[C@@H](N)Cc1ccc(O)cc1,1,6.6455336,3
NC(=[NH2+])NCCC[C@@H](N)C(=O)N[C@H](CCCNC(N)=[NH2+])C(=O)N[C@H](CCCNC(N)=[NH2+])C(=O)N[C@H](CCCNC(N)=[NH2+])C(=O)N[C@H](CCCNC(N)=[NH2+])C(=O)N[C@H](CCCNC(N)=[NH2+])C(=O)N[C@H](CCCNC(N)=[NH2+])C(=O)N[C@@H](C=O)CCCNC(N)=[NH2+],1,7.447699,3
CC[C@H](C)[C@H](NC(=O)[C@@H](NC(=O)[C@H](CO)NC(=O)[C@H](C)NC(=O)[C@@H](NC(=O)[C@H](CCCC[NH3+])NC(=O)[C@H](CCCC[NH3+])NC(=O)[C@@H](NC(=O)[C@@H](NC(=O)[C@H](CCCC[NH3+])NC(=O)[C@H](Cc1ccccc1)NC(=O)[C@H](CC(C)C)NC(=O)CN)C(C)C)[C@@H](C)CC)C(C)C)C(C)C)C(=O)NCC(=O)NCC(=O)N[C@@H](CC(C)C)C(N)=O,0,-5.362146,3
CC(C)[C@H](NC(=O)[C@H](CCCNC(N)=[NH2+])NC(=O)[C@H](CS)NC(=O)[C@H](C)NC(=O)[C@@H]1CCCN1C(O)C(CC1CNCN1)NC(=O)[C@H](CO)NC(=O)[C@H](CS)NC(=O)[C@H](CS)NC(=O)CN)C(=O)NC(CC1CNCN1)C(O)N[C@@H](Cc1ccc(O)cc1)C(=O)N1CCC[C@H]1C(=O)NC(CC1CNCN1)C(O)N[C@H](C(=O)N[C@@H](CS)C(=O)N[C@@H](Cc1ccc(O)cc1)C(N)=O)C(C)C,0,-5.565143,3
CSCC[C@H](NC(=O)[C@H](C)NC(C)=O)C(=O)N[C@H](C(=O)N[C@@H](CO)C(=O)N[C@H](C=O)CO)C(C)C,0,1.5662841,3
CSCC[C@H](NC(=O)CNC(=O)[C@H](Cc1ccccc1)NC(=O)CN)C(=O)N[C@@H](C)C(=O)N[C@@H](CC(C)C)C(=O)NC(CCC[NH3+])C(O)N[C@@H](CC(C)C)C(=O)N[C@@H](CC(C)C)C(=O)NC(CCC[NH3+])C(O)NC(CCC[NH3+])C(O)N[C@H](C(=O)N[C@@H](CC(C)C)C(N)=O)C(C)C,0,-5.318778,3
CC[C@H](C)[C@H](NC(=O)CNC(=O)[C@H](CCCC[NH3+])NC(=O)[C@@H](NC(=O)[C@H](CC(C)C)NC(=O)[C@H](CO)NC(=O)CNC(=O)[C@H](CC(C)C)NC(=O)CNC(=O)[C@H](C)NC(=O)[C@H](CCCC[NH3+])NC(=O)[C@H](Cc1ccccc1)NC(=O)[C@@H](NC(=O)[C@H](CC(=O)O)NC(=O)[C@H](CCCC[NH3+])NC(=O)[C@H](CC(C)C)NC(=O)CN)[C@@H](C)CC)C(C)C)C(=O)N[C@@H](C)C(=O)N[C@@H](C)C(=O)NC(CC1CNCN1)C(O)N[C@H](C(=O)N[C@@H](C)C(=O)N[C@@H](CC(N)=O)C(N)=O)C(C)C,0,-4.967453,3
CC(C)[C@H](N)C(=O)NCC(=O)N[C@@H](CCC(=O)O)C(=O)N[C@@H](C)C(=O)N[C@@H](CS)C(=O)N[C@@H](CS)C(=O)N[C@@H](CCCC[NH3+])C(=O)N[C@@H](CC(N)=O)C(=O)NCC(=O)N[C@@H](CCCC[NH3+])C(=O)N[C@@H](CCCNC(N)=[NH2+])C(=O)NCC(=O)N[C@@H](CS)C(=O)NCC(=O)N[C@@H](CCCNC(N)=[NH2+])C(=O)N[C@@H](Cc1c[nH]c2ccccc12)C(=O)N[C@@H](CS)C(=O)N[C@@H](CCCNC(N)=[NH2+])C(=O)N[C@@H](CC(=O)O)C(=O)NC(CC1CNCN1)C(O)N[C@@H](CO)C(=O)N[C@@H](CCCNC(N)=[NH2+])C(=O)N[C@@H](CS)C(=O)N[C@@H](CS)C(N)=O,0,-3.4769726,3
CC[C@H](C)[C@H](NC(=O)[C@H](Cc1ccccc1)NC(=O)[C@H](CO)NC(=O)[C@H](CCCC[NH3+])NC(=O)[C@H](Cc1c[nH]c2ccccc12)NC(=O)[C@@H](N)CCCC[NH3+])C(=O)N[C@@H](CCCC[NH3+])C(=O)N[C@@H](CCCC[NH3+])C(=O)N[C@@H](CC(C)C)C(=O)N[C@H](C(=O)N[C@@H](CO)C(=O)N[C@@H](CCCC[NH3+])C(=O)N[C@@H](Cc1ccccc1)C(=O)N[C@@H](CC(C)C)C(=O)NC(CC1CNCN1)C(O)N[C@@H](CO)C(=O)N[C@@H](C)C(=O)N[C@@H](CC(=O)O)C(=O)N[C@@H](CCCC[NH3+])C(=O)N[C@@H](Cc1ccccc1)C(N)=O)[C@@H](C)O,0,-4.1946874,3
CC[C@H](C)[C@H](NC(=O)[C@H](CC(C)C)NC(=O)[C@H](CCCC[NH3+])NC(=O)CNC(=O)[C@H](CC(C)C)NC(=O)[C@@H](NC(=O)[C@H](CCCC[NH3+])NC(=O)[C@H](CCCC[NH3+])NC(=O)[C@H](Cc1c[nH]c2ccccc12)NC(=O)[C@H](CCCC[NH3+])NC(=O)CN)[C@@H](C)CC)C(=O)N[C@@H](CCCNC(N)=[NH2+])C(N)=O,0,-5.053214,3
CC[C@H](C)[C@H](NC(=O)[C@H](CO)NC(=O)[C@H](C)NC(=O)[C@@H](NC(=O)[C@H](CCCC[NH3+])NC(=O)[C@H](CCCC[NH3+])NC(=O)[C@H](Cc1c[nH]c2ccccc12)NC(=O)[C@@H](NC(=O)[C@@H](N)CC(N)=O)[C@@H](C)CC)[C@@H](C)CC)C(=O)N[C@@H](C)C(=O)N[C@@H](CCCC[NH3+])C(=O)N[C@@H](CCC(=O)O)C(=O)N[C@H](C(=O)N[C@@H](CC(C)C)C(=O)N[C@@H](CCCC[NH3+])C(=O)N[C@@H](C)C(=O)N[C@@H](CC(C)C)C(N)=O)C(C)C,0,-3.483693,3
CC[C@H](C)[C@H](NC(=O)[C@H](CCCC[NH3+])NC(=O)CNC(=O)[C@H](CC(C)C)NC(=O)[C@H](CO)NC(=O)[C@H](CCCC[NH3+])NC(=O)[C@H](CCCC[NH3+])NC(=O)[C@H](Cc1c[nH]c2ccccc12)NC(=O)[C@H](CO)NC(=O)[C@@H](N)C(C)C)C(=O)N[C@H](C(=O)N[C@@H](CCCC[NH3+])C(=O)N[C@H](C(=O)N[C@H](C(=O)N[C@@H](CCCC[NH3+])C(N)=O)C(C)C)C(C)C)[C@@H](C)CC,0,-4.8551702,3
CSCC[C@H](N)C(=O)N[C@@H](CS)C(=O)N1CCC[C@H]1C(=O)N1CCC[C@H]1C(=O)N[C@@H](CC(C)C)C(=O)N[C@@H](CS)C(=O)N[C@@H](C)C(=O)N1CCC[C@H]1C(=O)N[C@@H](CO)C(=O)N[C@@H](CS)C(=O)N[C@H](C(=O)N[C@@H](CC(N)=O)C(=O)N[C@@H](CS)C(N)=O)[C@@H](C)O,0,-5.859491,3
CC[C@H](C)[C@H](N)C(=O)N[C@@H](CC(C)C)C(=O)N1CCC[C@H]1C(=O)N[C@@H](Cc1c[nH]c2ccccc12)C(=O)N[C@@H](CCCC[NH3+])C(=O)N[C@@H](C)C(=O)N1CCC[C@H]1C(=O)N[C@@H](C)C(=O)N[C@@H](C)C(=O)N1CCC[C@H]1C(=O)N[C@@H](C)C(=O)N[C@@H](CCCNC(N)=[NH2+])C(=O)N[C@@H](CCCNC(N)=[NH2+])C(N)=O,0,-0.8221149,3
CC[C@H](C)[C@H](NC(=O)[C@H](CO)NC(=O)[C@@H](NC(=O)[C@H](CS)NC(=O)[C@H](CCCC[NH3+])NC(=O)CNC(=O)[C@H](CCCNC(N)=[NH2+])NC(=O)[C@H](CO)NC(=O)[C@H](CS)NC(=O)[C@H](CCSC)NC(=O)[C@H](CC(C)C)NC(=O)CNC(=O)[C@H](CCSC)NC(=O)[C@H](CS)NC(=O)[C@H](CS)NC(=O)[C@@H](NC(O)C1CC(O)CN1C(O)C1CC(O)CN1C(=O)[C@H](CS)NC(=O)[C@H](CCCNC(N)=[NH2+])NC(=O)[C@H](CO)NC(=O)[C@H](CC(=O)O)NC(=O)[C@H](CCCNC(N)=[NH2+])NC(=O)CNC(=O)[C@H](CO)NC(=O)[C@H](CS)NC(=O)[C@@H](N)CO)C(C)C)C(C)C)C(=O)N[C@@H](Cc1ccc(O)cc1)C(=O)NCC(=O)N[C@H](C=O)CCC(=O)O,0,-3.1152554,3
CC[C@H](C)[C@H](NC(=O)CN)C(=O)NCC(=O)N[C@@H](CO)C(=O)N[C@@H](C)C(=O)N[C@H](C(=O)N[C@@H](CC(C)C)C(=O)N[C@@H](CO)C(=O)N[C@@H](C)C(=O)NCC(=O)N[C@@H](CCCC[NH3+])C(=O)N[C@@H](CO)C(=O)N[C@@H](C)C(=O)N[C@@H](CC(C)C)C(=O)N[C@@H](CCCC[NH3+])C(=O)NCC(=O)N[C@@H](CC(C)C)C(=O)N[C@@H](C)C(=O)N[C@@H](CCCC[NH3+])C(=O)NCC(=O)N[C@@H](CC(C)C)C(=O)N[C@@H](C)C(=O)N[C@@H](CCC(=O)O)C(=O)NC(CC1CNCN1)C(O)N[C@@H](Cc1ccccc1)C(=O)N[C@@H](C)C(=O)N[C@@H](CC(N)=O)C(N)=O)[C@@H](C)CC,0,-4.4057436,3
CC[C@H](C)[C@H](N)C(=O)N[C@@H](CC(C)C)C(=O)NCC(=O)N[C@@H](CCCC[NH3+])C(=O)N[C@@H](CC(C)C)C(=O)N[C@@H](CC(C)C)C(=O)N[C@@H](CCCC[NH3+])C(=O)N[C@H](C(=O)N[C@@H](C)C(=O)N[C@@H](C)C(=O)N[C@@H](CCCC[NH3+])C(=O)N[C@@H](CC(C)C)C(=O)N[C@@H](CC(C)C)C(=O)N[C@@H](CO)C(=O)N[C@@H](CC(N)=O)C(=O)N[C@@H](CC(C)C)C(N)=O)[C@@H](C)O,0,-4.206925,3
C[C@H](NC(=O)[C@@H]1CCCN1C(O)C(CC1CNCN1)NC(=O)[C@H](CS)NC(=O)[C@H](CS)NC(=O)[C@@H](N)CCC(=O)O)C(=O)N[C@@H](CS)C(=O)NCC(=O)N[C@@H](CCCC[NH3+])C(=O)NC(CC1CNCN1)C(O)N[C@@H](Cc1ccccc1)C(=O)N[C@@H](CO)C(=O)N[C@@H](CS)C(N)=O,0,-5.81912,3
C[C@H](NC(=O)[C@H](C)NC(=O)[C@H](CCCC[NH3+])NC(=O)[C@H](C)NC(=O)[C@H](Cc1ccccc1)NC(=O)[C@H](Cc1c[nH]c2ccccc12)NC(=O)[C@H](CCCC[NH3+])NC(=O)[C@H](Cc1ccccc1)NC(=O)[C@H](CCCC[NH3+])NC(=O)[C@H](CCCC[NH3+])NC(=O)[C@H](C)NC(=O)[C@H](Cc1ccccc1)NC(=O)[C@@H](N)CCCC[NH3+])C(=O)N[C@@H](Cc1ccccc1)C(=O)N[C@@H](CCCC[NH3+])C(=O)N[C@@H](Cc1ccccc1)C(=O)N[C@@H](Cc1ccccc1)C(=O)N[C@@H](CCCC[NH3+])C(=O)N[C@@H](CCCC[NH3+])C(N)=O,0,-1.5772249,3
CC(C)C[C@H](NC(=O)[C@H](CCCC[NH3+])NC(=O)[C@@H](N)CCCC[NH3+])C(=O)N[C@@H](Cc1ccccc1)C(=O)N[C@@H](CCCC[NH3+])C(=O)N[C@@H](CCCC[NH3+])C(=O)N[C@H](CC(C)C)C(=O)N[C@H](CC(C)C)C(=O)N[C@H](CCCC[NH3+])C(=O)N[C@H](Cc1ccc(O)cc1)C(=O)N[C@H](CC(C)C)C(N)=O,0,-1.4565456,3
CC[C@H](C)[C@H](NC(=O)[C@H](Cc1ccccc1)NC(=O)[C@H](CCCC[NH3+])NC(=O)[C@H](C)NC(=O)[C@@H](NC(=O)[C@H](CO)NC(=O)[C@H](CCCC[NH3+])NC(=O)[C@H](CCSC)NC(=O)[C@H](C)NC(=O)[C@H](CCCC[NH3+])NC(=O)[C@H](Cc1ccccc1)NC(=O)[C@H](Cc1c[nH]c2ccccc12)NC(=O)CNC(=O)[C@H](CCCC[NH3+])NC(=O)[C@@H](N)CCCNC(N)=[NH2+])[C@@H](C)CC)C(=O)N[C@@H](C)C(=O)N[C@@H](CCCC[NH3+])C(=O)N[C@@H](CCC(=O)O)C(=O)N[C@@H](CCCC[NH3+])C(=O)N[C@@H](CC(C)C)C(=O)N[C@@H](CCCC[NH3+])C(=O)N[C@@H](CCC(=O)O)C(=O)NC(CC1CNCN1)C(O)N[C@@H](CC(C)C)C(N)=O,0,-0.99011785,3
C[C@H](NC(=O)[C@H](C)NC(=O)[C@H](Cc1ccccc1)NC(=O)[C@H](C)NC(=O)[C@H](C)NC(=O)[C@H](Cc1c[nH]c2ccccc12)NC(=O)[C@H](C)NC(=O)[C@H](C)NC(=O)[C@H](Cc1ccccc1)NC(=O)[C@H](C)NC(=O)[C@H](C)NC(=O)[C@H](CCCC[NH3+])NC(=O)[C@H](CCCC[NH3+])NC(=O)[C@H](CCCC[NH3+])NC(=O)[C@H](CCCC[NH3+])NC(=O)[C@H](CCCC[NH3+])NC(=O)[C@@H](N)CCCC[NH3+])C(N)=O,0,-0.22268051,3
CC(C)C[C@@H](NC(=O)[C@@H](C)NC(=O)[C@H]1CCCN1C(=O)[C@@H](CC(C)C)NC(=O)[C@@H](Cc1c[nH]c2ccccc12)NC(O)C(CC1CNCN1)NC(=O)[C@@H](CCCC[NH3+])NC(=O)[C@@H](CC(C)C)NC(=O)[C@@H](C)NC(=O)[C@@H](CCCC[NH3+])NC(=O)[C@@H](C)NC(=O)[C@@H](CC(C)C)NC(=O)[C@@H](C)NC(=O)[C@@H](CCCC[NH3+])NC(=O)[C@H](N)CCCC[NH3+])C(=O)NC(CC1CNCN1)C(O)N[C@H](CCCC[NH3+])C(=O)N[C@H](CC(C)C)C(=O)N[C@H](C)C(=O)N[C@H](CCCC[NH3+])C(=O)N[C@H](C)C(=O)N[C@H](CC(C)C)C(=O)N[C@H](C)C(=O)N[C@H](CCCC[NH3+])C(=O)N[C@H](CCCC[NH3+])C(N)=O,0,1.0677956,3
CC[C@H](C)[C@H](NC(=O)CN)C(=O)NCC(=O)N[C@@H](C)C(=O)N[C@H](C(=O)N[C@@H](CC(C)C)C(=O)N[C@@H](CCCC[NH3+])C(=O)N[C@H](C(=O)N[C@@H](CC(C)C)C(=O)N[C@@H](C)C(=O)N[C@@H](CC(C)C)C(=O)N[C@H](C(=O)N[C@@H](CO)C(=O)N[C@@H](Cc1c[nH]c2ccccc12)C(=O)N[C@H](C(=O)N[C@@H](CCCC[NH3+])C(=O)N[C@@H](CCCNC(N)=[NH2+])C(=O)N[C@@H](CCCC[NH3+])C(=O)N[C@@H](CCCNC(N)=[NH2+])C(N)=O)[C@@H](C)CC)[C@@H](C)CC)C(C)C)C(C)C,0,-3.5346751,3
CC[C@H](C)[C@H](NC(=O)[C@H](CCCC[NH3+])NC(=O)[C@H](CCCC[NH3+])NC(=O)[C@H](C)NC(=O)[C@@H](NC(=O)CNC(=O)[C@H](CCCNC(N)=[NH2+])NC(=O)[C@H](CC(C)C)NC(=O)[C@@H](NC(=O)[C@@H](N)CCCC[NH3+])[C@@H](C)CC)C(C)C)C(=O)N[C@@H](CCSC)C(=O)N[C@@H](CCCNC(N)=[NH2+])C(=O)N[C@H](C(=O)N[C@@H](Cc1ccccc1)C(=O)N[C@@H](CC(C)C)C(=O)N[C@@H](CCCNC(N)=[NH2+])C(=O)N[C@@H](CCCNC(N)=[NH2+])C(=O)N[C@H](C(=O)N[C@@H](CO)C(=O)N[C@@H](CCCC[NH3+])C(=O)N[C@@H](CC(=O)O)C(=O)N[C@H](C(=O)N[C@@H](CC(C)C)C(=O)N[C@H](C(=O)NCC(=O)N[C@@H](CCCC[NH3+])C(=O)N[C@@H](CCCC[NH3+])C(N)=O)[C@@H](C)O)[C@@H](C)CC)[C@@H](C)CC)[C@@H](C)O,0,1.0364872,3
CC[C@H](C)[C@H](NC(=O)[C@H](C)NC(O)C(CC1CNCN1)NC(=O)[C@@H]1CCCN1C(=O)[C@@H](NC(=O)[C@H](CC(C)C)NC(=O)[C@H](CO)NC(=O)[C@H](CC(C)C)NC(=O)[C@@H](N)Cc1ccccc1)[C@@H](C)CC)C(=O)N[C@@H](CC(N)=O)C(=O)N[C@@H](C)C(=O)N[C@H](C(=O)N[C@@H](CO)C(=O)N[C@H](C(=O)N[C@@H](CC(C)C)C(=O)N[C@H](C(=O)NC(CC1CNCN1)C(O)NC(CC1CNCN1)C(O)N[C@@H](CO)C(N)=O)C(C)C)[C@@H](C)O)C(C)C,0,-4.190335,3
CC(C)C[C@H](NC(=O)[C@H](CCCC[NH3+])NC(=O)[C@H](Cc1ccc(O)cc1)NC(=O)CNC(=O)[C@H](CS)NC(=O)[C@H](CS)NC(=O)[C@@H](NC(=O)CNC(=O)[C@@H](N)CC(N)=O)C(C)C)C(=O)N[C@@H](CS)C(=O)NC(CC1CNCN1)C(O)N1CC(O)CC1C(O)N[C@H](C=O)CS,0,-3.0362103,3
CC[C@H](C)[C@H](N)C(=O)N[C@@H](Cc1c[nH]c2ccccc12)C(=O)N[C@@H](CC(C)C)C(=O)N[C@H](C(=O)N[C@@H](C)C(=O)N[C@@H](CC(C)C)C(=O)N[C@@H](CCCC[NH3+])C(=O)N[C@@H](Cc1ccccc1)C(=O)N[C@@H](CC(C)C)C(=O)NCC(=O)N[C@@H](CCCC[NH3+])C(=O)NC(CC1CNCN1)C(O)N[C@@H](C)C(=O)N[C@@H](C)C(=O)N[C@@H](CCCC[NH3+])C(=O)NC(CC1CNCN1)C(O)N[C@@H](CC(C)C)C(=O)N[C@@H](C)C(=O)N[C@@H](CCCC[NH3+])C(=O)N[C@@H](CCC(N)=O)C(=O)N[C@@H](CCC(N)=O)C(=O)N[C@@H](CC(C)C)C(=O)N[C@@H](CO)C(=O)N[C@@H](CCCC[NH3+])C(=O)N[C@@H](CC(C)C)C(N)=O)[C@@H](C)O,0,-0.7177272,3
CCCC(CO)NC(=O)[C@@H]1CCCN1C(=O)[C@@H](NC(=O)[C@@H](NC(=O)[C@H](CC(=O)O)NC(C)=O)[C@@H](C)CC)C(C)C,0,-3.6414824,3
CC(C)C[C@H](NC(=O)[C@H](CC(C)C)NC(=O)[C@H](CCCC[NH3+])NC(=O)[C@H](CCCC[NH3+])NC(=O)[C@H](CC(C)C)NC(=O)[C@H](CC(C)C)NC(=O)[C@H](CCCC[NH3+])NC(=O)[C@H](CC(C)C)NC(=O)[C@@H]1CCCN1C(=O)[C@H](CCCC[NH3+])NC(=O)[C@H](CCCC[NH3+])NC(=O)[C@H](CC(C)C)NC(=O)[C@H](CC(C)C)NC(=O)[C@H](CCCC[NH3+])NC(=O)[C@H](CCCC[NH3+])NC(=O)[C@H](Cc1c[nH]c2ccccc12)NC(=O)[C@@H](N)CCCC[NH3+])C(N)=O,0,-2.8494813,3
N=C(N)NCCC[C@H](NC(=O)[C@@H]1CCCN1C(=O)[C@@H]1CSSC[C@H](N)C(=O)N[C@@H](Cc2ccc(O)cc2)C(=O)N[C@@H](Cc2ccccc2)C(=O)N[C@@H](CCC(N)=O)C(=O)N[C@@H](CC(N)=O)C(=O)N1)C(=O)NCC(N)=O,0,-5.1270103,3
CC[C@H](C)[C@@H](NC(=O)[C@@H](C)NC(=O)[C@@H](CCCC[NH3+])NC(=O)[C@@H](CC(C)C)NC(=O)[C@@H](CC(C)C)NC(=O)[C@H](NC(O)C(CC1CNCN1)NC(=O)[C@@H](CC(C)C)NC(=O)[C@H](NC(=O)[C@H](NC(=O)[C@@H](CCCC[NH3+])NC(=O)[C@@H](CCCC[NH3+])NC(=O)[C@@H](CC(C)C)NC(=O)[C@@H](CO)NC(=O)[C@@H](CCCC[NH3+])NC(=O)[C@@H](Cc1ccccc1)NC(=O)[C@H](NC(=O)[C@@H](CCCC[NH3+])NC(=O)[C@@H](CC(C)C)NC(=O)[C@@H](Cc1ccccc1)NC(=O)[C@@H](CO)NC(=O)[C@@H](CCCC[NH3+])NC(=O)[C@@H](Cc1c[nH]c2ccccc12)NC(=O)[C@@H](CCCC[NH3+])NC(C)=O)[C@@H](C)O)[C@@H](C)O)C(C)C)[C@@H](C)O)C(=O)N[C@H](CO)C(=O)N[C@@H](CO)C(N)=O,0,-4.7273345,3
C[C@@H]1NC(=O)[C@@H]2CSSC[C@H](NC(=O)C[NH3+])C(=O)N[C@@H](CSSC[C@@H](C(N)=O)NC(=O)[C@H](CCCNC(N)=[NH2+])NC(=O)[C@H](Cc3c[nH]c4ccccc34)NC1=O)C(=O)N[C@@H](CO)C(=O)N[C@@H](CC(=O)O)C(=O)N1CCC[C@H]1C(=O)N[C@@H](CCCNC(N)=[NH2+])C(=O)N2,0,-4.0470634,3
CC(C)C[C@@H]1NC(=O)[C@@H](Cc2c[nH]c3ccccc23)NC(=O)[C@H](CCCC[NH3+])NC(O)C(CO)N(C)C(=O)[C@H](CC(N)=O)NC(=O)[C@@H](CCC(=O)O)NC(=O)[C@H](CO)NC(O)C(CC2CNC3CCCCC23)N(C)C1=O,0,-6.9500594,3
CC[C@H](C)[C@H](NC(O)C(CC1CNCN1)NC(=O)[C@H](CCCC[NH3+])NC(=O)[C@H](CC(C)C)NC(=O)[C@H](CC(C)C)NC(=O)[C@H](CO)NC(=O)[C@H](CCSC)NC(=O)[C@H](Cc1c[nH]c2ccccc12)NC(=O)[C@H](CCCC[NH3+])NC(=O)CN)C(=O)N[C@@H](CC(C)C)C(=O)N[C@@H](CCCC[NH3+])C(N)=O,0,-5.906994,3
CSCC[C@H](NC(=O)[C@H](CCC(=O)O)NC(=O)[C@H](CC(=O)O)NC(C)=O)C(=O)N[C@@H](CCC(=O)O)C(=O)NC(CC1CCC2CCCCC2C1)C(O)N[C@H](C=O)CS,0,-1.5708994,3
CC(C)C[C@H]1NC(=O)CNC(=O)[C@@H](CC(N)=O)NC(=O)[C@H](CCCNC(N)=[NH2+])NC(=O)[C@H]([C@@H](C)O)NC(=O)[C@H](CS)NC(=O)[C@H](C(C)C)NC(=O)[C@@H]2CCCN2C(=O)[C@H](Cc2c[nH]c3ccccc23)NC(=O)[C@H](CO)NC(=O)[C@H](CS)NC(=O)[C@H](CO)NC(=O)[C@H](CS)NC(=O)CNC(=O)[C@@H]2CCCN2C(=O)[C@H]([C@@H](C)O)NC(=O)[C@H](Cc2ccc(O)cc2)NC(=O)[C@H](CS)NC(=O)[C@H](CO)NC(=O)CNC(=O)[C@H](Cc2ccccc2)NC(=O)[C@H](C)NC(=O)[C@H](CS)NC(=O)[C@H]([C@@H](C)O)NC(=O)[C@H](CCC(=O)O)NC(=O)CNC(=O)[C@H](CS)NC(=O)[C@H](C(C)C)NC(=O)[C@@H]2CCCN2C1=O,0,-6.391587,3
CC(C)[C@@H]1NC(=O)[C@H](CCCC[NH3+])NC(=O)[C@H](C)NC(=O)[C@@H]2CCCN2C(=O)[C@@H](Cc2ccc(O)cc2)NC(=O)[C@H](C(C)C)NC(=O)[C@@H](CCCC[NH3+])NC(=O)[C@H](C)NC(=O)[C@H](CCCC[NH3+])NC(=O)[C@H](C(C)C)NC(=O)[C@H]2CCCN2C(=O)[C@@H](Cc2ccc(O)cc2)NC(=O)[C@H](C)NC(=O)[C@H](CCCC[NH3+])NC1=O,0,-5.7559385,3
CC[C@H](C)[C@H](NC(=O)CNC(=O)[C@H](C)NC(=O)[C@H](CS)NC(=O)[C@H](C)NC(=O)[C@H](C)NC(=O)[C@H](CCCNC(N)=[NH2+])NC(=O)[C@H](CO)NC(=O)[C@H](CS)NC(=O)[C@H](CS)NC(=O)CN)C(=O)NC(CC1CNCN1)C(O)N[C@@H](CCC(N)=O)C(=O)N[C@@H](CCC(=O)O)C(=O)N[C@@H](CC(C)C)C(=O)N[C@@H](CS)C(N)=O,0,-5.772149,3
CC(C)C[C@H](NC(=O)[C@H](CCCNC(N)=[NH2+])NC(=O)[C@H](CCCC[NH3+])NC(=O)[C@H](CCCC[NH3+])NC(=O)[C@H](CC(C)C)NC(=O)[C@H](CC(N)=O)NC(=O)[C@H](C)NC(=O)[C@H](Cc1ccccc1)NC(=O)[C@H](CCCNC(N)=[NH2+])NC(=O)[C@H](CCCNC(N)=[NH2+])NC(=O)[C@H](CCCC[NH3+])NC(=O)[C@H](Cc1ccccc1)NC(=O)[C@H](CO)NC(=O)[C@H](C)NC(=O)CNC(=O)[C@H](Cc1ccccc1)NC(=O)[C@H](CCCC[NH3+])NC(=O)[C@H](CCCC[NH3+])NC(=O)[C@H](Cc1ccccc1)NC(=O)[C@H](Cc1ccc(O)cc1)NC(=O)[C@H](CCC(=O)O)NC(=O)[C@H](CCCC[NH3+])NC(=O)[C@H](CCCNC(N)=[NH2+])NC(=O)[C@H](CCCC[NH3+])NC(=O)CNC(=O)[C@H](Cc1ccccc1)NC(=O)[C@H](Cc1ccccc1)NC(=O)CN)C(N)=O,0,0.6582791,3
CC[C@H](C)[C@H](NC(=O)[C@@H](N)CCCC[NH3+])C(=O)N[C@@H](CCCC[NH3+])C(=O)N[C@H](C(=O)N1CCC[C@H]1C(=O)N[C@@H](Cc1c[nH]c2ccccc12)C(=O)NCC(=O)N[C@@H](CCCC[NH3+])C(=O)N[C@H](C(=O)N[C@@H](CCCC[NH3+])C(=O)N[C@@H](CC(=O)O)C(=O)N[C@@H](Cc1ccccc1)C(=O)N[C@@H](CC(C)C)C(=O)N[C@H](C(=O)NCC(=O)NCC(=O)N[C@@H](CCSC)C(=O)N[C@@H](CCCC[NH3+])C(=O)N[C@@H](C)C(=O)N[C@H](C(N)=O)C(C)C)C(C)C)C(C)C)[C@@H](C)CC,0,-2.6239004,3
CC[C@H](C)[C@H](NC(=O)[C@H](Cc1ccccc1)NC(=O)[C@@H]1CCCN1C(=O)[C@H](C)NC(=O)[C@@H](NC(=O)[C@@H](N)CC(C)C)[C@@H](C)CC)C(=O)N[C@@H](CCCNC(N)=[NH2+])C(=O)N[C@@H](CC(=O)O)C(=O)N[C@@H](Cc1ccc(O)cc1)C(=O)N[C@@H](CS)C(=O)N[C@@H](CS)C(=O)N1CCC[C@H]1C(=O)N[C@@H](CCCNC(N)=[NH2+])C(=O)NCC(=O)N1CCC[C@H]1C(=O)N[C@@H](CS)C(=O)N[C@@H](CCSC)C(=O)N[C@H](C(=O)N[C@@H](Cc1c[nH]c2ccccc12)C(=O)N[C@@H](CS)C(N)=O)C(C)C,0,-3.768106,3
C[C@H](NC(=O)[C@H](C)NC(=O)[C@H](C)NC(=O)[C@H](Cc1ccccc1)NC(=O)[C@H](C)NC(=O)[C@H](C)NC(=O)[C@H](Cc1c[nH]c2ccccc12)NC(=O)[C@H](C)NC(=O)[C@H](C)NC(=O)[C@H](Cc1ccccc1)NC(=O)[C@H](C)NC(=O)[C@H](C)NC(=O)[C@H](C)NC(=O)[C@H](C)NC(=O)[C@H](C)NC(=O)[C@H](Cc1ccccc1)NC(=O)[C@H](C)NC(=O)[C@H](C)NC(=O)[C@H](C)NC(=O)[C@H](CCCC[NH3+])NC(=O)[C@H](CCCC[NH3+])NC(=O)[C@H](CCCC[NH3+])NC(=O)[C@H](CCCC[NH3+])NC(=O)[C@H](CCCC[NH3+])NC(=O)[C@@H](N)CCCC[NH3+])C(N)=O,0,2.6234431,3
CC(C)C[C@H](NC(=O)[C@H](C)NC(=O)[C@H](CC(C)C)NC(=O)[C@H](C)NC(=O)[C@@H](N)Cc1c[nH]c2ccccc12)C(N)=O,0,-5.260466,3
CC[C@H](C)[C@H](NC(=O)[C@H](CC(C)C)NC(=O)[C@H](CO)NC(=O)[C@@H](NC(=O)[C@@H](NC(=O)[C@H](CC(C)C)NC(=O)CN)C(C)C)[C@@H](C)O)C(=O)N[C@@H](CCCC[NH3+])C(=O)NCC(=O)N[C@@H](C)C(=O)NCC(=O)N[C@@H](CCCC[NH3+])C(=O)N[C@@H](CC(C)C)C(=O)N[C@@H](CC(C)C)C(=O)NCC(=O)NCC(=O)N[C@@H](CC(C)C)C(=O)N[C@@H](Cc1ccccc1)C(=O)NCC(=O)N[C@@H](CO)C(=O)N[C@H](C(=O)N[C@H](C(=O)NCC(N)=O)[C@@H](C)O)C(C)C,0,-1.9514675,3
CC[C@H](C)[C@H](NC(=O)[C@@H](NC(=O)[C@@H]1CCCN1C(=O)[C@H](CC(C)C)NC(=O)[C@@H](N)Cc1ccccc1)[C@@H](C)CC)C(=O)N[C@H](C(=O)N[C@@H](CC(N)=O)C(=O)N[C@@H](CC(C)C)C(=O)N[C@@H](CC(C)C)C(=O)NCC(=O)N[C@@H](CCCC[NH3+])C(=O)N[C@@H](CC(C)C)C(=O)N[C@@H](CC(C)C)C(N)=O)[C@@H](C)O,0,-4.45102,3
CC[C@H](C)[C@H](NC(=O)[C@@H]1CCCN1C(=O)[C@H](CC(C)C)NC(=O)[C@@H](N)Cc1ccccc1)C(=O)N[C@H](C(=O)NCC(=O)N[C@@H](CCCC[NH3+])C(=O)N[C@@H](CC(C)C)C(=O)N[C@@H](CC(C)C)C(=O)N[C@@H](CO)C(=O)NCC(=O)N[C@@H](CC(C)C)C(=O)N[C@@H](CC(C)C)C(N)=O)C(C)C,0,-5.7599463,3
C[C@H](NC(O)C(CC1CNCN1)NC(=O)[C@H](Cc1ccc(O)cc1)NC(=O)[C@H](CCC(=O)O)NC(=O)[C@H](Cc1c[nH]c2ccccc12)NC(=O)[C@@H](N)CC(=O)O)C(=O)NC(CC1CNCN1)C(O)N1CCC[C@H]1C(=O)N[C@@H](CCCC[NH3+])C(=O)N1CC(O)CC1C(O)N[C@@H](CC(N)=O)C(=O)N[C@@H](CO)C(=O)N[C@H](Cc1ccccc1)C(=O)N[C@@H](Cc1c[nH]c2ccccc12)C(=O)N[C@H](C=O)[C@@H](C)O,0,0.5497412,3
CC[C@H](C)[C@H](NC(=O)[C@H](CC(=O)O)NC(=O)[C@H](CCSC)NC(=O)[C@@H](NC(=O)[C@@H](NC(=O)[C@H](CCC(=O)O)NC(=O)[C@H](Cc1ccc(O)cc1)NC(=O)[C@H](Cc1ccccc1)NC(=O)[C@H](CCCCN)NC(=O)[C@H](CCC(N)=O)NC(=O)[C@H](CCC(N)=O)NC(=O)[C@H](CC(C)C)NC(=O)[C@H](CC(=O)O)NC(=O)[C@H](CCCCN)NC(=O)[C@@H](NC(=O)[C@H](CCC(N)=O)NC(=O)[C@H](CC(N)=O)NC(=O)[C@H](Cc1ccc(O)cc1)NC(=O)[C@H](Cc1c[nH]c2ccccc12)NC(=O)[C@H](CCC(=O)O)NC(=O)CNC(=O)[C@H](CC(C)C)NC(=O)[C@@H](NC(=O)[C@@H](NC(=O)[C@H](CC(N)=O)NC(=O)CNC(=O)[C@H](Cc1c[nH]cn1)NC(=O)[C@H](CC(N)=O)NC(=O)[C@@H](N)Cc1c[nH]c2ccccc12)[C@@H](C)CC)[C@@H](C)O)[C@@H](C)O)[C@@H](C)CC)[C@@H](C)CC)C(=O)N[C@@H](CCC(=O)O)C(=O)N[C@@H](CCC(N)=O)C(=O)N[C@@H](CC(N)=O)C(=O)N[C@@H](CC(N)=O)C(=O)N[C@H](C(=O)N[C@@H](CCC(N)=O)C(=O)O)C(C)C,0,-2.3658433,3
CC[C@H](C)[C@@H]1NC(=O)[C@H](C)NC(=O)[C@H](CO)NC(=O)[C@H](CO)NC(=O)[C@H]([C@@H](C)CC)NC(=O)[C@H](CS)NC(=O)[C@@H]2CCCN2C(=O)[C@H]([C@@H](C)CC)NC(=O)[C@H](Cc2c[nH]c3ccccc23)NC(=O)[C@H](C(C)C)NC(=O)[C@H](CS)NC(=O)[C@H](CO)NC(=O)[C@H](CCC(=O)O)NC(=O)CNC(=O)[C@H](CS)NC(=O)[C@H]2CCCN2C(=O)[C@H]([C@@H](C)CC)NC(=O)CNC(=O)[C@H](CC(N)=O)NC(=O)[C@H](CCCNC(N)=[NH2+])NC(=O)[C@H](Cc2ccc(O)cc2)NC(=O)[C@H](CS)NC(=O)[C@H](C(C)C)NC(=O)[C@H](CCCC[NH3+])NC(=O)[C@H](CO)NC(=O)[C@H](CCCC[NH3+])NC(=O)[C@H](CS)NC(=O)[C@H](CO)NC(=O)[C@H](CS)NC(=O)CNC1=O,0,-6.3048463,3
CSCC[C@@H](C=O)NC(=O)[C@H](CC(C)C)NC(=O)CNC(=O)[C@@H](NC(=O)[C@H](Cc1ccccc1)NC(=O)[C@H](CCC(N)=O)NC(=O)[C@H](CC(=O)O)NC(=O)[C@H](CO)NC(=O)[C@H](CCCCN)NC(=O)[C@@H]1CCCN1C(=O)[C@@H](NC(=O)[C@@H](N)CC(=O)O)C(C)C)C(C)C,0,2.1946802,3
CC[C@H](C)[C@H](NC(=O)[C@H](CCC(N)=O)NC(=O)[C@@H]1CCCN1C(=O)[C@H](CC(N)=O)NC(O)C(CC1CNCN1)NC(=O)[C@@H](NC(=O)[C@@H](NC(=O)[C@H](CS)NC(=O)[C@@H](NC(=O)[C@@H]1CCCN1C(=O)[C@H](CC(N)=O)NC(=O)[C@H](CO)NC(=O)[C@H](CS)NC(=O)[C@@H](N)CS)C(C)C)[C@@H](C)O)C(C)C)C(=O)N[C@@H](CS)C(N)=O,0,-5.4742675,3
CC(=O)N[C@@H](CC(=O)O)C(=O)N[C@@H](CCC(=O)O)C(=O)N[C@@H](Cc1ccccc1)C(=O)N[C@@H](CCC(=O)O)C(=O)NC(CC1CCCCC1)C(O)N[C@H](C=O)CS,0,-0.51213723,3
CC(C)C[C@H](NC(=O)[C@H](CCCC[NH3+])NC(=O)[C@H](CC(C)C)NC(=O)[C@H](CCCC[NH3+])NC(=O)[C@H](CC(C)C)NC(=O)[C@H](C)NC(=O)[C@H](CCCC[NH3+])NC(=O)[C@H](C)NC(=O)[C@H](CC(C)C)NC(=O)[C@H](CC(C)C)NC(=O)[C@H](CCCC[NH3+])NC(=O)[C@H](C)NC(=O)[C@@H](N)Cc1ccccc1)C(N)=O,0,-4.4755826,3
CC(C)C[C@H](NC(=O)[C@H](CC(N)=O)NC(=O)[C@H](CO)NC(O)C(CC1CNCN1)NC(=O)[C@H](CCC(=O)O)NC(=O)[C@H](CC(C)C)NC(O)C(CC1CNCN1)NC(=O)[C@H](CS)NC(=O)[C@@H](NC(=O)[C@@H]1CCCN1C(=O)[C@H](CC(N)=O)NC(=O)[C@H](CO)NC(=O)[C@H](CS)NC(=O)[C@H](CS)NC(=O)CNC(=O)[C@@H]1CCCN1C(=O)[C@H](CC(=O)O)NC(=O)[C@@H](N)CCCNC(N)=[NH2+])C(C)C)C(=O)N[C@@H](CS)C(N)=O,0,-4.53663,3
C[C@H](NC(=O)[C@H](CS)NC(=O)[C@H](CCCNC(N)=[NH2+])NC(=O)[C@@H]1CCCN1C(=O)[C@H](CC(=O)O)NC(=O)[C@H](CO)NC(=O)[C@H](CS)NC(=O)[C@H](CS)NC(=O)CN)C(=O)N[C@H](C(=O)N[C@@H](CCCNC(N)=[NH2+])C(=O)N[C@@H](CS)C(N)=O)[C@@H](C)O,0,-5.5606227,3
CC(C)C[C@@H](NC(=O)[C@@H](C)NC(=O)[C@@H](CC(C)C)NC(=O)[C@@H](CCCC[NH3+])NC(=O)[C@@H](CCCC[NH3+])NC(=O)[C@@H](CC(C)C)NC(=O)[C@@H](C)NC(=O)[C@H]1CCCN1C(=O)[C@@H](CC(C)C)NC(=O)[C@@H](Cc1c[nH]c2ccccc12)NC(=O)[C@@H](CCCC[NH3+])NC(=O)[C@@H](CCCC[NH3+])NC(=O)[C@@H](CC(C)C)NC(=O)[C@@H](C)NC(=O)[C@@H](CC(C)C)NC(=O)[C@@H](CC(C)C)NC(=O)[C@@H](C)NC(=O)[C@@H](CC(C)C)NC(=O)[C@@H](CCCC[NH3+])NC(=O)[C@H](N)CCCC[NH3+])C(=O)N[C@H](CC(C)C)C(=O)N[C@H](C)C(=O)N[C@H](CC(C)C)C(=O)N[C@H](CCCC[NH3+])C(=O)N[C@H](CCCC[NH3+])C(N)=O,0,1.2825743,3
C[C@@H]1NC(=O)[C@@H]2CSSC[C@H](NC(=O)[C@@H](NC(=O)CN)CSSC[C@@H](C(=O)O)NC(=O)[C@H](CCCNC(N)=[NH2+])NC(=O)[C@H](Cc3c[nH]c4ccccc34)NC1=O)C(=O)N[C@@H](CO)C(=O)N[C@@H](CC(=O)O)C(=O)N[C@@H](CCCCN)C(=O)N[C@@H](CCCNC(N)=[NH2+])C(=O)N2,0,-3.9912634,3
CC[C@H](C)[C@H](NC(=O)[C@@H](NC(=O)[C@@H]1CCCN1C(=O)[C@@H](NC(=O)[C@@H](NC(O)C(CC1CNCN1)NC(=O)[C@@H]1CCCN1C(=O)[C@H](CC(C)C)NC(=O)[C@H](CC(C)C)NC(O)C(CC1CNCN1)NC(=O)[C@H](CCCC[NH3+])NC(=O)[C@H](C)NC(=O)[C@@H](NC(=O)[C@H](CO)NC(=O)CNC(=O)[C@H](CC(C)C)NC(=O)[C@@H](NC(=O)[C@H](CO)NC(=O)[C@H](Cc1ccccc1)NC(=O)[C@H](CC(C)C)NC(=O)CN)C(C)C)C(C)C)C(C)C)C(C)C)C(C)C)C(=O)N[C@@H](C)C(=O)N[C@@H](CCC(=O)O)C(=O)N[C@@H](CCCC[NH3+])C(=O)N[C@@H](CC(C)C)C(N)=O,0,-3.3707674,3
CC[C@H](C)[C@H](NC(=O)CNC(=O)[C@H](CO)NC(=O)[C@H](CC(C)C)NC(=O)[C@H](C)NC(=O)[C@H](CCCNC(N)=[NH2+])NC(=O)CNC(=O)[C@@H](NC(=O)[C@H](CC(C)C)NC(=O)[C@@H]1CCCN1C(=O)[C@H](CC(C)C)NC(=O)[C@@H](N)Cc1ccccc1)[C@@H](C)CC)C(=O)N[C@@H](CC(C)C)C(N)=O,0,-3.7988567,3
CC(C)C[C@H](NC(=O)[C@H](CCCC[NH3+])NC(=O)[C@H](CCCC[NH3+])NC(=O)[C@H](CC(C)C)NC(=O)[C@H](C)NC(=O)[C@H](CCCC[NH3+])NC(=O)[C@H](CC(C)C)NC(=O)[C@H](C)NC(=O)[C@H](CC(C)C)NC(=O)[C@H](C)NC(=O)[C@@H](N)C(C)C)C(N)=O,0,-4.57723,3
C[C@H](NC(=O)[C@@H]1CCCN1C(=O)[C@H](CC(N)=O)NC(=O)[C@H](CCCNC(N)=[NH2+])NC(=O)[C@H](CS)NC(=O)[C@H](CS)NC(=O)CNC(=O)[C@@H](N)CC(N)=O)C(=O)N[C@@H](CS)C(=O)N[C@@H](CCC(=O)O)C(=O)N[C@@H](CO)C(=O)NC(CC1CNCN1)C(O)N[C@@H](CCCNC(N)=[NH2+])C(=O)N[C@@H](CS)C(N)=O,0,-4.96041,3
C[C@H](NC(=O)[C@H](CS)NC(=O)[C@H](CC(=O)O)NC(=O)[C@@H]1CCCN1C(=O)[C@H](CCCNC(N)=[NH2+])NC(=O)[C@H](CO)NC(=O)[C@H](CS)NC(=O)[C@H](CS)NC(=O)CN)C(=O)N[C@@H](Cc1c[nH]c2ccccc12)C(=O)N[C@@H](CCCNC(N)=[NH2+])C(=O)N[C@@H](CS)C(N)=O,0,-5.134523,3
CC(C)C[C@H]1NC(=O)CNC(=O)[C@H](CC(N)=O)NC(=O)[C@@H](CCCNC(N)=[NH2+])NC(=O)[C@H]([C@@H](C)O)NC(=O)[C@H](CS)NC(=O)[C@H](CCCC[NH3+])NC(=O)[C@@H]2CCCN2C(=O)[C@H](Cc2c[nH]c3ccccc23)NC(=O)[C@H](CO)NC(=O)[C@H](CS)NC(=O)[C@H]([C@@H](C)O)NC(=O)[C@H](CS)NC(=O)CNC(=O)[C@@H]2CCCN2C(=O)[C@H]([C@@H](C)O)NC(=O)[C@H](CC(N)=O)NC(=O)[C@H](CS)NC(=O)[C@H]([C@@H](C)O)NC(=O)CNC(=O)CNC(=O)[C@H](C(C)C)NC(=O)[C@H](CS)NC(=O)[C@H]([C@@H](C)O)NC(=O)[C@H](CCC(=O)O)NC(=O)CNC(=O)[C@H](CS)NC(=O)[C@H](C(C)C)NC(=O)[C@@H]2CCCN2C1=O,0,-6.310121,3
CC(C)C[C@H](NC(=O)[C@H](Cc1ccc(O)cc1)NC(=O)[C@@H]1CCCN1C(=O)[C@@H](N)Cc1c[nH]c2ccccc12)C(=O)N1CCC[C@H]1C(=O)N[C@@H](Cc1c[nH]c2ccccc12)C(=O)N[C@@H](CCCNC(N)=[NH2+])C(=O)N[C@@H](CCCNC(N)=[NH2+])C(N)=O,0,-3.1640701,3
CC[C@H](C)[C@H](NC(=O)[C@H](C)NC(=O)[C@H](CO)NC(=O)CNC(=O)[C@@H]1CCCN1C(=O)CN)C(=O)N[C@@H](CS)C(=O)N[C@@H](CC(N)=O)C(=O)N[C@@H](CCSC)C(=O)N[C@@H](C)C(=O)N[C@@H](CS)C(=O)N[C@@H](CCCNC(N)=[NH2+])C(=O)N[C@@H](CC(C)C)C(=O)N[C@@H](CCC(=O)O)C(=O)NC(CC1CNCN1)C(O)NCC(=O)NC(CC1CNCN1)C(O)N[C@@H](CC(C)C)C(=O)N[C@@H](Cc1ccc(O)cc1)C(=O)N1CCC[C@H]1C(=O)N[C@@H](Cc1ccccc1)C(=O)N[C@@H](CS)C(=O)N[C@@H](CC(N)=O)C(=O)N[C@@H](CS)C(=O)N[C@@H](CC(=O)O)C(N)=O,0,-6.58093,3
CC(C)C[C@H](NC(=O)[C@H](C)NC(=O)[C@H](CC(C)C)NC(=O)[C@H](C)NC(=O)[C@H](CCCC[NH3+])NC(=O)[C@H](CCCC[NH3+])NC(=O)[C@H](C)NC(=O)[C@H](CC(C)C)NC(=O)[C@H](CCCC[NH3+])NC(=O)[C@H](C)NC(=O)[C@H](CC(C)C)NC(=O)[C@H](CCCC[NH3+])NC(=O)[C@H](CCCC[NH3+])NC(=O)[C@H](C)NC(=O)[C@@H](N)Cc1ccccc1)C(N)=O,0,-3.0859685,3
CC[C@H](C)[C@H](NC(=O)[C@@H](N)Cc1ccccc1)C(=O)N[C@H](C(=O)N[C@H](C(=O)NC(CC1CNCN1)C(N)O)C(C)C)[C@@H](C)O,0,-0.6792949,3
CC[C@H](C)[C@H](NC(=O)[C@H](CC(=O)O)NC(=O)[C@H](Cc1ccccc1)NC(=O)[C@H](CC(C)C)NC(=O)CN)C(=O)N[C@H](C(=O)N[C@@H](CCCC[NH3+])C(=O)N[C@@H](CCCC[NH3+])C(=O)N[C@H](C(=O)N[C@H](C(=O)NCC(=O)N[C@@H](C)C(=O)N[C@@H](CC(C)C)C(=O)NCC(=O)N[C@@H](CO)C(=O)N[C@@H](CC(C)C)C(N)=O)C(C)C)C(C)C)C(C)C,0,-6.5368247,3
CC[C@H](C)[C@@H]1NC(=O)[C@H](CC(C)C)NC(=O)[C@H](C)NC(=O)[C@H]([C@@H](C)O)NC(=O)[C@H](C(C)C)NC(=O)[C@H]([C@@H](C)O)NC(=O)[C@H](CS)NC(=O)[C@@H]2CCCN2C(=O)[C@H]([C@@H](C)CC)NC(=O)[C@H](Cc2c[nH]c3ccccc23)NC(=O)[C@H](C(C)C)NC(=O)[C@H](CS)NC(=O)[C@H](CO)NC(=O)[C@H](CCC(=O)O)NC(=O)[C@H](C)NC(=O)[C@H](CS)NC(=O)[C@@H]2CCCN2C(=O)[C@@H]([C@@H](C)CC)NC(=O)CNC(=O)[C@H](CC(N)=O)NC(=O)[C@@H](Cc2ccc(O)cc2)NC(=O)[C@H](CS)NC(=O)[C@H](C(C)C)NC(=O)[C@H](CCCC[NH3+])NC(=O)[C@H](CC(N)=O)NC(=O)[C@H](CO)NC(=O)[C@H](CS)NC(=O)CNC(=O)[C@H](CS)NC(=O)CNC1=O,0,-6.368877,3
CC(C)C[C@H](NC(=O)[C@H](CCCC[NH3+])NC(=O)[C@H](CCCC[NH3+])NC(=O)[C@H](Cc1c[nH]c2ccccc12)NC(=O)[C@@H](N)CCCC[NH3+])C(=O)N[C@@H](CC(C)C)C(=O)N[C@@H](CCCC[NH3+])C(=O)N[C@@H](CCCC[NH3+])C(=O)N1CCC[C@H]1C(=O)N[C@@H](CC(C)C)C(=O)N[C@@H](CC(C)C)C(=O)N[C@@H](CCCC[NH3+])C(=O)N[C@@H](CCCC[NH3+])C(N)=O,0,-2.6298742,3
CC[C@H](C)[C@H](NC(=O)[C@H](CO)NC(=O)[C@H](CCCC[NH3+])NC(=O)[C@H](CC(C)C)NC(=O)[C@H](CCCC[NH3+])NC(=O)[C@@H](N)CC(C)C)C(=O)N[C@H](C(=O)N[C@@H](CO)C(=O)N[C@@H](Cc1c[nH]c2ccccc12)C(=O)N[C@@H](C)C(=O)N[C@@H](CCCC[NH3+])C(=O)N[C@@H](CC(C)C)C(=O)N[C@H](C(=O)N[C@@H](CC(C)C)C(N)=O)C(C)C)C(C)C,0,-5.251515,3
CC[C@H](C)[C@@H]1NC(=O)[C@H](CS)NC(=O)[C@@H]2CCCN2C(=O)[C@H]([C@@H](C)CC)NC(=O)[C@H](Cc2c[nH]c3ccccc23)NC(=O)[C@H](C(C)C)NC(=O)[C@H](CS)NC(=O)[C@H](CO)NC(=O)[C@H](CCC(=O)O)NC(=O)[C@@H](CS)NC(=O)[C@H]2CCCN2C(=O)[C@H](CC(C)C)NC(=O)[C@@H]([C@@H](C)O)NC(=O)CNC(=O)[C@H](CC(N)=O)NC(=O)[C@H](CCCC[NH3+])NC(=O)[C@H](Cc2ccc(O)cc2)NC(=O)[C@H](CS)NC(=O)[C@H](C(C)C)NC(=O)[C@H](CCCC[NH3+])NC(=O)[C@H](CO)NC(=O)[C@H](CCCC[NH3+])NC(=O)[C@H](CS)NC(=O)[C@H](CO)NC(=O)[C@H](CS)NC(=O)CNC(=O)[C@H](C(C)C)NC(=O)[C@H](C(C)C)NC(=O)[C@H](CO)NC(=O)[C@H](CO)NC1=O,0,-6.495852,3
CC(=O)N[C@@H](CCCNC(N)=[NH2+])C(=O)N[C@@H](CCCNC(N)=[NH2+])C(=O)N[C@@H](Cc1c[nH]c2ccccc12)C(=O)N[C@@H](Cc1c[nH]c2ccccc12)C(=O)N[C@@H](CS)C(=O)N[C@@H](CCCNC(N)=[NH2+])C(=O)N[C@H](C(N)=O)C(C)C,0,-1.7059869,3
CCCC(CO)NC(=O)[C@@H]1CCCN1C(=O)[C@@H](NC(=O)[C@@H](NC(=O)[C@H](CC(=O)O)NC(=O)[C@@H](CC(=O)O)NC(C)=O)[C@@H](C)CC)C(C)C,0,-4.697037,3
CC[C@H](C)[C@H](NC(O)C(C)(C)NC(=O)[C@H](CCCC[NH3+])NC(=O)CNC(=O)[C@H](CC(C)C)NC(O)C(C)(C)NC(=O)[C@H](CCCC[NH3+])NC(=O)[C@H](CCCC[NH3+])NC(=O)[C@H](Cc1c[nH]c2ccccc12)NC(=O)[C@H](CC(N)=O)NC(=O)[C@@H](N)C(C)C)C(=O)N[C@@H](CCCC[NH3+])C(=O)NC(C)(C)C(O)N[C@H](C(=O)N[C@@H](CCCC[NH3+])C(N)=O)C(C)C,0,-5.94622,3
CC[C@H](C)[C@H](NC(=O)[C@H](CC(C)C)NC(=O)[C@H](CCC(=O)O)NC(=O)[C@@H](CC(=O)O)NC(C)=O)C(=O)NC(CC1CCCCC1)C(O)N[C@@H](CS)C(=O)N1CCC[C@H]1C(=O)NC(CC1CCCCC1)C(O)N[C@@H](CC(=O)O)C(=O)N[C@@H](CC(C)C)C(=O)N1CCC[C@@H]1C(=O)N[C@@H](Cc1ccc(O)cc1)C(=O)N[C@@H](CCCC[NH3+])C(N)=O,0,-4.4830317,3
CC(C)C[C@H](NC(=O)[C@H](CCCNC(N)=[NH2+])NC(=O)[C@H](CCCNC(N)=[NH2+])NC(=O)[C@H](Cc1ccc(O)cc1)NC(=O)[C@H](CC(C)C)NC(=O)[C@H](CCCNC(N)=[NH2+])NC(=O)[C@H](CCCNC(N)=[NH2+])NC(=O)[C@H](Cc1ccc(O)cc1)NC(=O)[C@H](CC(C)C)NC(=O)[C@H](CCCNC(N)=[NH2+])NC(=O)[C@H](CCCNC(N)=[NH2+])NC(=O)[C@H](Cc1ccc(O)cc1)NC(=O)[C@H](CC(C)C)NC(=O)[C@@H](N)CCCNC(N)=[NH2+])C(=O)N[C@@H](Cc1ccc(O)cc1)C(=O)N[C@@H](CCCNC(N)=[NH2+])C(=O)N[C@@H](CCCC[NH3+])C(=O)N[C@@H](CCCC[NH3+])C(=O)N[C@@H](CCCC[NH3+])C(N)=O,0,5.24576,3
CC[C@H](C)[C@H](NC(=O)[C@H](CCCC[NH3+])NC(=O)[C@H](CCCNC(N)=[NH2+])NC(=O)[C@H](CCCC[NH3+])NC(=O)[C@H](CC(C)C)NC(=O)[C@H](CCCNC(N)=[NH2+])NC(=O)[C@H](CCCNC(N)=[NH2+])NC(=O)[C@H](CC(C)C)NC(=O)[C@H](CCCC[NH3+])NC(=O)[C@@H](N)CCCNC(N)=[NH2+])C(=O)N[C@@H](C)C(=O)NC(CC1CNCN1)C(O)N[C@@H](CCCC[NH3+])C(=O)N[C@H](C(=O)N[C@@H](CCCC[NH3+])C(=O)N[C@@H](CCCC[NH3+])C(=O)N[C@@H](Cc1ccc(O)cc1)C(N)=O)C(C)C,0,0.32906598,3
CC[C@H](C)[C@H](NC(=O)[C@@H](NC(=O)[C@H](CO)NC(=O)[C@H](C)NC(=O)[C@@H](NC(=O)[C@H](CCCC[NH3+])NC(=O)[C@H](CCCC[NH3+])NC(=O)[C@@H](NC(=O)[C@@H](NC(=O)[C@H](CC(=O)O)NC(=O)[C@H](Cc1ccccc1)NC(=O)[C@H](CC(C)C)NC(=O)CN)C(C)C)[C@@H](C)CC)C(C)C)C(C)C)C(=O)N[C@@H](CCCC[NH3+])C(=O)N[C@@H](CCCC[NH3+])C(=O)N[C@@H](CC(C)C)C(N)=O,0,-5.349854,3
CC(C)C[C@H](NC(=O)[C@H](CCCNC(N)=[NH2+])NC(=O)[C@@H](N)CCCNC(N)=[NH2+])C(=O)N[C@@H](CO)C(=O)N[C@@H](Cc1ccc(O)cc1)C(=O)N[C@@H](CO)C(=O)N[C@@H](CCCNC(N)=[NH2+])C(=O)N[C@@H](CCCNC(N)=[NH2+])C(=O)N[C@@H](CCCNC(N)=[NH2+])C(=O)N[C@@H](Cc1ccccc1)C(N)=O,0,0.25065398,3
C[C@H](NC(=O)[C@H](CCC(=O)O)NC(=O)[C@@H]1CCCN1C(O)C(CC1CNCN1)NC(=O)[C@H](CC(=O)O)NC(=O)[C@H](Cc1ccc(O)cc1)NC(=O)[C@H](CC(N)=O)NC(=O)[C@H](CS)NC(=O)[C@H](CCCNC(N)=[NH2+])NC(=O)[C@@H]1CCCN1C(=O)[C@H](CC(=O)O)NC(=O)[C@H](CO)NC(=O)[C@H](CS)NC(=O)[C@H](CS)NC(=O)CN)C(=O)N[C@@H](CS)C(N)=O,0,-5.6913285,3
CSCC[C@H](NC(=O)[C@@H](NC(=O)[C@H](CCCC[NH3+])NC(=O)[C@H](CCCNC(N)=[NH2+])NC(=O)[C@H](CS)NC(=O)[C@H](CO)NC(=O)[C@H](C)NC(=O)CNC(=O)[C@H](CCCC[NH3+])NC(=O)CNC(=O)[C@H](CCCC[NH3+])NC(=O)[C@@H](N)CS)[C@@H](C)O)C(=O)N[C@@H](Cc1ccc(O)cc1)C(=O)N[C@@H](CC(=O)O)C(=O)N[C@@H](CS)C(=O)N[C@@H](CS)C(=O)N[C@@H](CCCNC(N)=[NH2+])C(=O)NCC(=O)N[C@@H](CO)C(=O)N[C@@H](CS)C(=O)N[C@@H](CCCNC(N)=[NH2+])C(=O)N[C@@H](CO)C(=O)NCC(=O)N[C@@H](CCCNC(N)=[NH2+])C(=O)N[C@@H](CS)C(N)=O,0,-4.0396447,3
CC[C@H](C)[C@H](NC(O)C(CC1CNCN1)NC(=O)[C@H](CCCC[NH3+])NC(=O)[C@H](CC(C)C)NC(=O)[C@H](CC(C)C)NC(=O)[C@H](CO)NC(=O)[C@H](CCCC[NH3+])NC(=O)[C@H](Cc1c[nH]c2ccccc12)NC(=O)[C@H](CCCC[NH3+])NC(=O)CN)C(=O)N[C@@H](CC(C)C)C(=O)N[C@@H](CCCC[NH3+])C(N)=O,0,-5.538469,3
CC[C@H](C)[C@H](N)C(=O)N[C@@H](CC(C)C)C(=O)N1CCC[C@H]1C(=O)N[C@H](C(=O)N[C@@H](CC(C)C)C(=O)NCC(=O)N[C@@H](CC(N)=O)C(=O)N[C@@H](CC(C)C)C(=O)N[C@@H](CC(C)C)C(=O)N[C@@H](CC(N)=O)C(=O)N[C@@H](CO)C(=O)N[C@@H](CC(C)C)C(=O)N[C@@H](CC(C)C)C(N)=O)[C@@H](C)CC,0,-5.625624,3
CC[C@H](C)[C@@H]1NC(=O)[C@H](CC(C)C)NC(=O)[C@H](Cc2ccccc2)NC(=O)[C@H](Cc2ccccc2)NC(=O)[C@H](C)NC(=O)[C@@H]2CCCN2C(=O)[C@H](C(C)C)NC(=O)[C@H](CC(C)C)NC(=O)[C@H]([C@@H](C)CC)NC1=O,0,-6.882764,3
CC[C@H](C)[C@H](NC(=O)[C@H](CCCC[NH3+])NC(=O)[C@H](CC(N)=O)NC(=O)[C@H](Cc1c[nH]c2ccccc12)NC(=O)[C@H](CC(C)C)NC(=O)CN)C(=O)N[C@@H](CCCC[NH3+])C(=O)N[C@@H](CCC(=O)O)C(=O)N[C@@H](C)C(=O)N[C@@H](C)C(=O)N[C@@H](CO)C(=O)N[C@@H](CCCC[NH3+])C(=O)N[C@@H](C)C(=O)N[C@@H](C)C(=O)NCC(=O)N[C@@H](CCCC[NH3+])C(=O)N[C@@H](C)C(=O)N[C@@H](C)C(=O)N[C@@H](CC(C)C)C(=O)NCC(=O)N[C@@H](Cc1ccccc1)C(=O)N[C@H](C(=O)N[C@@H](CC(N)=O)C(=O)N[C@@H](CCC(=O)O)C(=O)N[C@@H](CCSC)C(=O)N[C@H](C(N)=O)C(C)C)C(C)C,0,-2.2161694,3
CC[C@H](C)[C@H](NC(=O)[C@H](CCCC[NH3+])NC(=O)[C@@H]1CCCN1C(=O)[C@H](CC(C)C)NC(=O)[C@H](Cc1ccccc1)NC(=O)[C@H](CC(N)=O)NC(=O)[C@H](C)NC(=O)[C@H](C)NC(=O)[C@H](CC(C)C)NC(=O)CNC(=O)[C@H](C)NC(=O)[C@H](CC(C)C)NC(=O)[C@H](CC(C)C)NC(=O)[C@@H]1CCCN1C(=O)[C@H](CC(C)C)NC(=O)[C@@H](N)Cc1ccccc1)C(=O)N[C@@H](Cc1ccccc1)C(=O)N[C@@H](CS)C(=O)N[C@@H](CCCC[NH3+])C(=O)N[C@H](C(=O)N[C@H](C(=O)N[C@@H](CCCNC(N)=[NH2+])C(=O)N[C@@H](CCCC[NH3+])C(=O)N[C@@H](CS)C(N)=O)[C@@H](C)O)[C@@H](C)CC,0,-1.736183,3
C[C@H](NC(O)C(CC1CNCN1)NC(=O)[C@H](Cc1ccc(O)cc1)NC(=O)[C@H](CCC(=O)O)NC(=O)[C@H](Cc1c[nH]c2ccccc12)NC(=O)[C@@H](N)CC(=O)O)C(=O)NC(CC1CNCN1)C(O)N1CCC[C@H]1C(=O)N[C@@H](CCCC[NH3+])C(=O)N1CC(O)CC1C(O)N[C@@H](CC(N)=O)C(=O)N[C@@H](CO)C(=O)N[C@@H](Cc1ccccc1)C(=O)N[C@@H](Cc1c[nH]c2ccccc12)C(=O)N[C@H](C=O)[C@@H](C)O,0,0.5201312,3
CC[C@H](C)[C@H](NC(=O)CNC(=O)[C@H](CO)NC(=O)[C@@H](NC(=O)[C@H](CC(C)C)NC(=O)[C@H](CCCNC(N)=[NH2+])NC(=O)CNC(=O)[C@@H](NC(=O)[C@@H](NC(=O)[C@@H]1CCCN1C(=O)[C@H](CC(C)C)NC(=O)[C@@H](N)Cc1ccccc1)[C@@H](C)CC)C(C)C)[C@@H](C)CC)C(=O)N[C@@H](CC(C)C)C(N)=O,0,-3.7405112,3
CC[C@H](C)[C@H](NC(=O)[C@H](CC(C)C)NC(=O)[C@H](CC(N)=O)NC(=O)[C@@H](NC(=O)[C@H](CC(C)C)NC(=O)[C@@H](NC(=O)[C@@H]1CCCN1C(=O)[C@H](CC(C)C)NC(=O)[C@@H](N)Cc1ccccc1)[C@@H](C)CC)[C@@H](C)CC)C(=O)NC(CC1CNCN1)C(O)N[C@@H](CCCC[NH3+])C(=O)NCC(=O)N[C@@H](CC(C)C)C(=O)N[C@@H](CC(C)C)C(N)=O,0,-2.9328349,3
CC[C@H](C)[C@@H]1NC(=O)[C@H](Cc2c[nH]c[nH+]2)NC(=O)[C@H](CCC(N)=O)NC(=O)[C@H](CC(N)=O)NC(=O)[C@H](CC(N)=O)NC(=O)CNC(=O)[C@H](C)NC(=O)[C@@H]2CSSC[C@H](NC(=O)C[NH3+])C(=O)N[C@@H](CSSC[C@@H](C(N)=O)NC1=O)C(=O)N[C@@H](CO)C(=O)N[C@@H](Cc1c[nH]c[nH+]1)C(=O)N1CCC[C@H]1C(=O)N[C@@H](C)C(=O)N2,0,-4.7208,3
CC[C@H](C)[C@H](NC(=O)CN)C(=O)NCC(=O)N[C@@H](CCCC[NH3+])C(=O)N[C@@H](Cc1ccccc1)C(=O)N[C@@H](CC(C)C)C(=O)NC(CC1CNCN1)C(O)N[C@@H](CO)C(=O)N[C@H](C)C(=O)N[C@@H](CCCC[NH3+])C(=O)N[C@@H](CCCC[NH3+])C(=O)N[C@@H](Cc1ccccc1)C(=O)N[C@H](C)C(=O)N[C@@H](CCCC[NH3+])C(=O)N[C@@H](C)C(=O)N[C@@H](Cc1ccccc1)C(=O)N[C@H](C(=O)N[C@H](C)C(=O)N[C@@H](CCC(=O)O)C(=O)N[C@H](C(=O)N[C@@H](CCSC)C(=O)N[C@@H](CC(N)=O)C(=O)N[C@@H](CO)C(N)=O)[C@@H](C)CC)C(C)C,0,-3.2031994,3
CC(C)C[C@@H]1NC(=O)[C@H](CC(=O)O)NC(=O)[C@@H]2CCCN2C(=O)[C@H](Cc2c[nH]c[nH+]2)NC(=O)[C@H](CCCC[NH3+])NC(=O)[C@H](CC(N)=O)NC(=O)[C@H](CCCNC(N)=[NH2+])NC(=O)[C@@H]2CSSC[C@H](NC(=O)C[NH3+])C(=O)N[C@@H](CSSC[C@@H](C(N)=O)NC1=O)C(=O)N[C@@H](CO)C(=O)N[C@@H](CC(=O)O)C(=O)N1CCC[C@H]1C(=O)N1CCC[C@H]1C(=O)N2,0,-4.1665473,3
CC[C@H](C)[C@H](NC(=O)CN)C(=O)NCC(=O)NCC(=O)N[C@@H](C)C(=O)N[C@@H](CC(C)C)C(=O)N[C@@H](CC(C)C)C(=O)N[C@@H](CO)C(=O)N[C@@H](C)C(=O)NCC(=O)N[C@@H](CCCC[NH3+])C(=O)N[C@@H](C)C(=O)N[C@@H](C)C(=O)N[C@@H](CC(C)C)C(=O)N[C@@H](CCCC[NH3+])C(=O)NCC(=O)N[C@@H](CC(C)C)C(=O)N[C@@H](C)C(=O)N[C@@H](CCCC[NH3+])C(=O)N[C@H](C(=O)N[C@@H](CC(C)C)C(=O)N[C@H](C(N)=O)C(C)C)C(C)C,0,-0.067634955,3
CC(C)C[C@H](NC(=O)[C@@H](NC(=O)[C@H](C)NC(=O)[C@H](CS)NC(=O)[C@@H]1CCCN1C(=O)[C@@H]1CCCN1C(=O)[C@@H](NC(=O)[C@H](CO)NC(=O)[C@H](CS)NC(=O)[C@H](CS)NC(=O)CN)[C@@H](C)O)C(C)C)C(=O)N[C@@H](C)C(=O)N[C@@H](CS)C(N)=O,0,-5.931254,3
CC(=O)NCC(=O)N[C@@H](CCCC[NH3+])C(=O)N[C@@H](CCCC[NH3+])C(=O)N[C@@H](CC(C)C)C(=O)N[C@@H](CC(C)C)C(=O)N[C@@H](CCCC[NH3+])C(=O)N[C@@H](CCCC[NH3+])C(=O)N[C@@H](Cc1c[nH]c2ccccc12)C(=O)N[C@@H](CCCC[NH3+])C(=O)N[C@@H](CCCC[NH3+])C(=O)N[C@@H](CC(C)C)C(=O)N[C@@H](Cc1c[nH]c2ccccc12)C(=O)N[C@@H](CCCC[NH3+])C(=O)N[C@@H](CCCC[NH3+])C(=O)N[C@@H](Cc1c[nH]c2ccccc12)C(N)=O,0,-3.1020284,3
CC(C)C[C@H](NC(=O)[C@H](C)NC(=O)[C@H](CCCC[NH3+])NC(=O)[C@H](CCCC[NH3+])NC(=O)[C@H](CC(C)C)NC(=O)[C@H](C)NC(=O)[C@H](CCCC[NH3+])NC(=O)[C@H](CC(C)C)NC(=O)[C@H](C)NC(=O)[C@H](CC(C)C)NC(=O)[C@H](C)NC(=O)[C@@H](N)Cc1ccccc1)C(N)=O,0,-4.2696743,3
CSCC[C@@H]1NC(=O)[C@H](CCCNC(N)=[NH2+])NC(=O)[C@H](C)NC(=O)[C@H](C)NC(=O)[C@H](Cc2c[nH]c3ccccc23)NC(=O)[C@H](CCCNC(N)=[NH2+])NC(=O)[C@H](Cc2ccccc2)NC(=O)[C@H](C)NC(=O)[C@H](CCCC[NH3+])NC(=O)[C@H](CCCNC(N)=[NH2+])NC(=O)[C@H](Cc2c[nH]c3ccccc23)NC(=O)[C@H](C)NC(=O)[C@@H]2CCCN2C(=O)[C@H](C)NC(=O)[C@H](C)NC(=O)[C@H](CCCC[NH3+])NC(=O)[C@H](CCCC[NH3+])NC(=O)[C@H](CC(C)C)NC1=O,0,-2.976384,3
CC[C@H](C)[C@H](NC(=O)[C@@H](NC(=O)CN)C(C)C)C(=O)N[C@@H](CC(=O)O)C(=O)N[C@@H](C)C(=O)N[C@@H](C)C(=O)N[C@@H](CCCC[NH3+])C(=O)N[C@@H](CCCC[NH3+])C(=O)N[C@H](C(=O)N[C@H](C(=O)N[C@@H](CC(N)=O)C(=O)N[C@H](C(=O)N[C@@H](CC(C)C)C(=O)N[C@@H](CCCC[NH3+])C(=O)N[C@@H](CC(N)=O)C(=O)N[C@@H](CC(C)C)C(=O)N1CCC[C@H]1C(N)=O)C(C)C)C(C)C)C(C)C,0,-5.717638,3
CC[C@H](C)[C@H](NC(=O)[C@H](C)NC(=O)[C@H](C)NC(=O)[C@H](CCC(=O)O)NC(=O)[C@H](CCCC[NH3+])NC(=O)CNC(=O)[C@@H](NC(=O)[C@H](CC(N)=O)NC(=O)[C@H](CCCC[NH3+])NC(=O)[C@@H](NC(=O)[C@@H](NC(=O)[C@H](CO)NC(=O)[C@H](Cc1c[nH]c2ccccc12)NC(=O)[C@H](CC(C)C)NC(=O)CN)[C@@H](C)O)[C@@H](C)CC)C(C)C)C(=O)N[C@@H](C)C(=O)N[C@@H](C)C(=O)NCC(=O)N[C@@H](CCCC[NH3+])C(=O)N[C@@H](C)C(=O)N[C@H](C(=O)N[C@@H](CC(C)C)C(=O)NCC(=O)N[C@@H](CO)C(=O)N[C@@H](CC(C)C)C(N)=O)C(C)C,0,-4.1924357,3
CC[C@H](C)[C@H](NC(=O)[C@H](CCCC[NH3+])NC(=O)[C@H](CCCC[NH3+])NC(=O)[C@H](CC(C)C)NC(=O)[C@H](CC(=O)O)NC(=O)[C@@H](NC(=O)[C@@H](N)Cc1ccccc1)C(C)C)C(=O)N[C@@H](C)C(=O)N[C@@H](CC(N)=O)C(=O)N[C@H](C(=O)N[C@H](C(=O)N[C@@H](CC(N)=O)C(=O)N[C@@H](CO)C(=O)N[C@H](C(=O)N[C@@H](Cc1ccccc1)C(=O)NCC(=O)N[C@@H](CCCC[NH3+])C(N)=O)[C@@H](C)CC)[C@@H](C)CC)[C@@H](C)CC,0,-5.014711,3
CC[C@H](C)[C@H](N)C(=O)N[C@@H](CC(C)C)C(=O)N1CCC[C@H]1C(=O)N[C@@H](CC(C)C)C(=O)N[C@@H](CCCC[NH3+])C(=O)N[C@@H](Cc1c[nH]c2ccccc12)C(=O)N1CCC[C@H]1C(=O)N[C@@H](Cc1c[nH]c2ccccc12)C(=O)N[C@@H](Cc1c[nH]c2ccccc12)C(=O)N1CCC[C@H]1C(=O)N[C@@H](Cc1c[nH]c2ccccc12)C(=O)N[C@@H](CCCNC(N)=[NH2+])C(=O)N[C@@H](CCCNC(N)=[NH2+])C(N)=O,0,-2.1229463,3
CC[C@H](C)[C@H](NC(=O)[C@H](CO)NC(=O)[C@@H]1CCCN1C(=O)[C@H](CC(C)C)NC(=O)[C@@H](NC(=O)CNC(=O)[C@H](C)NC(=O)[C@H](CC(C)C)NC(=O)[C@@H](NC(=O)[C@H](CCCC[NH3+])NC(=O)[C@H](CC(C)C)NC(=O)[C@H](C)NC(=O)[C@H](CO)NC(=O)CNC(=O)[C@@H](NC(=O)[C@@H](N)Cc1ccccc1)[C@@H](C)CC)C(C)C)C(C)C)C(=O)N[C@H](C(=O)N[C@@H](CO)C(=O)N[C@@H](Cc1c[nH]c2ccccc12)C(=O)N[C@H](C(=O)N[C@@H](CCCC[NH3+])C(=O)N[C@@H](CCC(N)=O)C(N)=O)C(C)C)C(C)C,0,-3.8595192,3
CC(C)C[C@H](NC(=O)[C@H](CCC(=O)O)NC(=O)[C@@H]1CCCN1C(=O)[C@H](C)NC(=O)[C@H](CC(N)=O)NC(=O)[C@@H](NC(=O)[C@H](CO)NC(=O)[C@H](CS)NC(=O)[C@H](C)NC(=O)[C@@H]1CCCN1C(O)C(CC1CNCN1)NC(=O)[C@H](CO)NC(=O)[C@H](CS)NC(=O)[C@H](CS)NC(=O)CN)C(C)C)C(=O)N[C@@H](CS)C(N)=O,0,-6.8520856,3
CC[C@H](C)[C@H](N)C(=O)N[C@@H](CC(C)C)C(=O)N1CCC[C@H]1C(=O)N[C@H](C(=O)N[C@@H](CC(C)C)C(=O)N[C@@H](C)C(=O)N1CCC[C@H]1C(=O)N[C@@H](CC(C)C)C(=O)N[C@H](C(=O)NCC(=O)NCC(=O)N[C@@H](CC(C)C)C(=O)N[C@@H](CC(C)C)C(N)=O)[C@@H](C)CC)[C@@H](C)CC,0,-4.1572995,3
CC[C@H](C)[C@H](NC(=O)[C@H](C)NC(=O)[C@H](CCCC[NH3+])NC(=O)[C@H](CC(C)C)NC(=O)[C@H](CC(C)C)NC(=O)CNC(O)C(CC1CNCN1)NC(=O)[C@H](CC(C)C)NC(=O)[C@@H](NC(=O)[C@@H](NC(=O)[C@H](CCCC[NH3+])NC(=O)[C@H](CCCC[NH3+])NC(=O)[C@H](C)NC(=O)[C@H](CO)NC(=O)[C@H](CCCC[NH3+])NC(=O)[C@H](Cc1ccccc1)NC(=O)[C@@H](NC(=O)[C@H](CCCC[NH3+])NC(=O)[C@H](CC(C)C)NC(=O)[C@H](Cc1ccccc1)NC(=O)[C@H](CO)NC(=O)[C@H](CCCC[NH3+])NC(=O)[C@H](Cc1c[nH]c2ccccc12)NC(=O)[C@H](CCCC[NH3+])NC(C)=O)[C@@H](C)O)[C@@H](C)O)C(C)C)C(=O)N[C@@H](CO)C(=O)N[C@@H](CO)C(N)=O,0,-3.2605195,3
CC[C@H](C)[C@H](NC(=O)[C@H](CCCC[NH3+])NC(=O)CNC(=O)[C@H](CC(C)C)NC(=O)[C@H](Cc1ccccc1)NC(=O)[C@H](CCCC[NH3+])NC(=O)[C@H](CO)NC(=O)[C@H](Cc1ccccc1)NC(=O)[C@H](Cc1c[nH]c2ccccc12)NC(=O)[C@H](CCC(N)=O)NC(=O)[C@@H](NC(=O)[C@@H](N)Cc1ccccc1)C(C)C)C(=O)N[C@@H](CC(C)C)C(N)=O,0,-3.9051108,3
CSCC[C@H](NC(=O)CNC(=O)[C@H](CCCNC(N)=[NH2+])NC(=O)[C@H](CO)NC(=O)[C@H](CS)NC(O)C1CC(O)CN1C(=O)[C@@H](NC(=O)CNC(O)C1CC(O)CN1C(=O)[C@H](CO)NC(=O)[C@H](CCCC[NH3+])NC(=O)[C@@H](N)CS)[C@@H](C)O)C(=O)N[C@@H](CCCNC(N)=[NH2+])C(=O)N[C@@H](CC(=O)O)C(=O)N[C@@H](CS)C(=O)N[C@@H](CS)C(=O)N[C@H](C(=O)N[C@@H](CO)C(=O)N[C@@H](CS)C(=O)N[C@@H](CC(C)C)C(=O)N[C@@H](CC(C)C)C(=O)N[C@@H](Cc1ccc(O)cc1)C(=O)N[C@@H](CO)C(=O)N[C@@H](CC(N)=O)C(=O)N[C@@H](CCCC[NH3+])C(=O)N[C@@H](CS)C(=O)N[C@@H](CCCNC(N)=[NH2+])C(=O)N[C@@H](CCCNC(N)=[NH2+])C(=O)N[C@H](C=O)Cc1ccc(O)cc1)[C@@H](C)O,0,-1.487899,3
CC(C)C[C@@H]1NC(=O)[C@H](CC(C)C)NC(=O)[C@H](CCC(N)=O)NC(=O)[C@H](CCCNC(=N)N)NC(=O)[C@H](Cc2c[nH]cn2)NC(=O)[C@@H]2CSSC[C@@H](C(=O)N[C@@H](CC(C)C)C(=O)N[C@@H](CCCNC(=N)N)C(=O)N[C@@H](Cc3ccccc3)C(=O)N[C@H](C(N)=O)C(C)C)NC(=O)[C@H](CSSC[C@H](NC(=O)[C@@H](N)CCC(=O)O)C(=O)N2)NC1=O,0,-5.203462,3
CC(=O)N[C@@H](CCCNC(N)=[NH2+])C(=O)N[C@@H](Cc1c[nH]c2ccccc12)C(=O)N[C@@H](Cc1ccc(O)cc1)C(=O)N[C@@H](CS)C(=O)NCC(N)=O,0,-3.2665565,3
CC(=O)N[C@@H](CC(C)C)C(=O)N[C@@H](CC(C)C)C(=O)N[C@@H](CCCNC(N)=[NH2+])C(=O)N[C@H](C(=O)N[C@@H](CCCC[NH3+])C(=O)N[C@@H](CCCNC(N)=[NH2+])C(N)=O)C(C)C,0,-4.5100474,3
CC(C)[C@H](NC(=O)[C@@H](NC(=O)[C@H](CS)NC(=O)CNC(=O)[C@H](CS)NC(O)C1CC(O)CN1C(O)C(CC1CNCN1)NC(=O)[C@H](CS)NC(=O)[C@H](C)NC(=O)[C@H](C)NC(=O)[C@H](CC(N)=O)NC(O)C1CC(O)CN1C(=O)[C@H](Cc1ccc(O)cc1)NC(=O)[C@H](CCCC[NH3+])NC(=O)CNC(=O)[C@H](CS)NC(=O)[C@H](CS)NC(=O)CN)[C@@H](C)O)C(=O)NCC(=O)N[C@@H](CCCNC(N)=[NH2+])C(=O)N1CC(O)CC1C(O)N1CC(O)CC1C(O)N[C@@H](Cc1ccc(O)cc1)C(=O)N[C@@H](CS)C(=O)N[C@@H](CC(=O)O)C(=O)N[C@@H](CCCNC(N)=[NH2+])C(=O)N1CC(O)CC1C(O)N[C@@H](CO)C(=O)NCC(=O)NCC=O,0,-6.1274695,3
CC[C@H](C)[C@H](NC(=O)[C@@H](N)CCC(N)=O)C(=O)N1CCC[C@H]1C(=O)N[C@@H](Cc1c[nH]c2ccccc12)C(=O)N[C@@H](Cc1ccccc1)C(=O)NC(CC1CNCN1)C(O)N[C@@H](CCCNC(N)=[NH2+])C(N)=O,0,-2.8095999,3
CC(C)C[C@H](NC(=O)[C@H](CC(C)C)NC(=O)[C@@H](CCCC[NH3+])NC(=O)[C@H](CC(C)C)NC(=O)[C@H](CC(C)C)NC(=O)[C@H](CCCC[NH3+])NC(=O)[C@@H](CCCC[NH3+])NC(=O)[C@@H](CC(C)C)NC(=O)[C@H](CC(C)C)NC(=O)[C@@H](CCCC[NH3+])NC(=O)[C@H](CCCC[NH3+])NC(=O)[C@H](CC(C)C)NC(=O)[C@@H](CC(C)C)NC(=O)[C@H](CCCC[NH3+])NC(=O)[C@@H](N)CC(C)C)C(N)=O,0,-1.5959288,3
CC[C@H](C)[C@H](NC(=O)[C@H](CCCC[NH3+])NC(=O)[C@H](CCCC[NH3+])NC(=O)[C@H](Cc1ccccc1)NC(=O)[C@H](CC(C)C)NC(=O)[C@H](CCCC[NH3+])NC(=O)[C@@H](N)CC(C)C)C(=O)N[C@@H](CC(C)C)C(=O)N[C@@H](CCCC[NH3+])C(=O)N[C@@H](Cc1ccc(O)cc1)C(=O)N[C@@H](CC(C)C)C(N)=O,0,-3.947906,3
CC[C@H](C)[C@H](N)C(=O)N[C@@H](CC(N)=O)C(=O)N[C@@H](Cc1c[nH]c2ccccc12)C(=O)N[C@@H](CC(C)C)C(=O)N[C@@H](CCCC[NH3+])C(=O)N[C@@H](CC(C)C)C(=O)NCC(=O)N[C@@H](CCCC[NH3+])C(=O)N[C@@H](CCCC[NH3+])C(=O)N[C@H](C(=O)N[C@@H](CC(C)C)C(=O)NCC(=O)N[C@@H](C)C(=O)N[C@H](C(N)=O)[C@@H](C)CC)[C@@H](C)CC,0,0.12311409,3
C[C@H](NC(=O)[C@H](C)NC(=O)[C@H](Cc1ccccc1)NC(=O)[C@H](C)NC(=O)[C@H](C)NC(=O)[C@H](CCCNC(N)=[NH2+])NC(=O)[C@H](CCCNC(N)=[NH2+])NC(=O)[C@@H](N)CCCNC(N)=[NH2+])C(=O)N[C@@H](Cc1c[nH]c2ccccc12)C(=O)N[C@@H](C)C(=O)N[C@@H](C)C(=O)N[C@@H](Cc1ccccc1)C(=O)N[C@@H](C)C(=O)N[C@@H](C)C(=O)N[C@@H](CCCNC(N)=[NH2+])C(=O)N[C@@H](CCCNC(N)=[NH2+])C(=O)N[C@@H](CCCNC(N)=[NH2+])C(N)=O,0,2.205741,3
CC(C)C[C@H](NC(=O)[C@H](CC(N)=O)NC(=O)[C@H](CO)NC(O)C(CC1CNCN1)NC(=O)[C@H](CCC(=O)O)NC(=O)[C@H](C)NC(O)C(CC1CNCN1)NC(=O)[C@H](CS)NC(=O)[C@@H](NC(=O)[C@@H]1CCCN1C(=O)[C@H](CC(N)=O)NC(=O)[C@H](CO)NC(=O)[C@H](CS)NC(=O)[C@H](CS)NC(=O)CN)C(C)C)C(=O)N[C@@H](CS)C(N)=O,0,-6.3915973,3
CC[C@H](C)[C@H](NC(=O)[C@@H](N)CCCNC(N)=[NH2+])C(=O)N[C@@H](CC(C)C)C(=O)N[C@@H](CCCNC(N)=[NH2+])C(=O)NCC(N)=O,0,0.61681217,3
CC[C@H](C)[C@H](NC(=O)CN)C(=O)NCC(=O)NCC(=O)N[C@@H](CCCC[NH3+])C(=O)N[C@H](C(=O)N[C@@H](CC(C)C)C(=O)NCC(=O)NCC(=O)N[C@@H](CC(C)C)C(=O)N[C@@H](CCCC[NH3+])C(=O)N[C@H](C(=O)N[C@@H](C)C(=O)N[C@@H](CC(C)C)C(=O)N[C@@H](CCCC[NH3+])C(=O)NCC(=O)N[C@@H](C)C(=O)N[C@@H](C)C(=O)N[C@@H](CCCC[NH3+])C(=O)N[C@@H](CCC(=O)O)C(=O)N[C@@H](CC(C)C)C(=O)N[C@@H](C)C(=O)N[C@@H](CO)C(=O)N[C@H](C(=O)N[C@@H](Cc1ccc(O)cc1)C(=O)N[C@@H](CC(C)C)C(=O)NC(CC1CNCN1)C(N)O)[C@@H](C)O)[C@@H](C)O)[C@@H](C)CC,0,-1.7958677,3
CC[C@H](C)[C@H](NC(=O)[C@H](CCC(N)=O)NC(=O)[C@@H]1CCCN1C(=O)[C@H](CC(N)=O)NC(O)C(CC1CNCN1)NC(=O)[C@@H](NC(=O)[C@@H](NC(=O)[C@H](CS)NC(=O)[C@@H](NC(=O)[C@@H]1CCCN1C(=O)[C@H](CC(N)=O)NC(=O)[C@H](CO)NC(=O)[C@H](CS)NC(=O)[C@H](CS)NC(=O)[C@@H]1CCCN1C(=O)[C@H](CC(=O)O)NC(O)C(N)CCCNC(N)N(C)C)C(C)C)[C@@H](C)O)C(C)C)C(=O)N[C@@H](CS)C(N)=O,0,-5.0823364,3
CC[C@H](C)[C@H](NC(=O)CN)C(=O)NCC(=O)N[C@@H](CCCC[NH3+])C(=O)N[C@@H](Cc1ccccc1)C(=O)N[C@@H](CC(C)C)C(=O)NC(CC1CNCN1)C(O)N[C@@H](CCCC[NH3+])C(=O)N[C@H](C(=O)NCC(=O)N[C@@H](CO)C(=O)N[C@@H](Cc1ccccc1)C(=O)N[C@H](C(=O)N[C@@H](CCCC[NH3+])C(=O)N[C@@H](CO)C(=O)N[C@@H](Cc1c[nH]c2ccccc12)C(=O)N[C@@H](CCCC[NH3+])C(=O)NCC(=O)N[C@@H](CCC(=O)O)C(=O)N[C@H](C(=O)N[C@@H](CCSC)C(=O)N[C@@H](CC(N)=O)C(=O)N[C@@H](CO)C(N)=O)[C@@H](C)CC)[C@@H](C)CC)C(C)C,0,-4.3382993,3
CCCCC(NC(=O)[C@@H](NC(=O)[C@H](CCCC[NH3+])NC(=O)[C@@H]1CCCN1C(=O)[C@H](CC(C)C)NC(=O)[C@H](CO)NC(=O)[C@H](CCCC[NH3+])NC(=O)[C@H](CCCC[NH3+])NC(=O)[C@H](CC(C)C)NC(=O)[C@H](CO)NC(=O)[C@H](CO)NC(=O)[C@H](CC(C)C)NC(=O)[C@H](Cc1ccccc1)NC(=O)CN)C(C)C)C(O)N[C@@H](C)C(=O)NC(CC1CNCN1)C(O)NC(CCCC)C(O)N[C@@H](CCCC[NH3+])C(N)=O,0,-5.0064282,3
CC(C)C[C@@H]1NC(=O)[C@H](CCCC[NH3+])NC(=O)[C@H](C(C)C)NC(=O)[C@@H]2CCCN2C(=O)[C@@H](Cc2ccc(O)cc2)NC(=O)[C@H](CC(C)C)NC(=O)[C@H](CCCC[NH3+])NC(=O)[C@H](C(C)C)NC(=O)[C@H](CCCC[NH3+])NC(=O)[C@H](CC(C)C)NC(=O)[C@H]2CCCN2C(=O)[C@@H](Cc2ccc(O)cc2)NC(=O)[C@H](C(C)C)NC(=O)[C@H](CCCC[NH3+])NC1=O,0,-6.450153,3
CC[C@H](C)[C@H](NC(=O)[C@H](CCCC[NH3+])NC(=O)[C@H](CCCC[NH3+])NC(=O)[C@H](CCC(N)=O)NC(=O)CN)C(=O)N[C@@H](CCCNC(N)=[NH2+])C(=O)N[C@H](C(=O)N[C@@H](CCCNC(N)=[NH2+])C(=O)N[C@@H](CC(C)C)C(=O)N[C@@H](CO)C(N)=O)C(C)C,0,-3.4969313,3
CC[C@H](C)[C@H](NC(=O)[C@H](CCCC[NH3+])NC(=O)CNC(=O)[C@@H](NC(=O)[C@H](CC(C)C)NC(O)C(CC1CNCN1)NC(=O)[C@H](C)NC(=O)[C@H](CC(C)C)NC(=O)[C@H](CC(C)C)NC(=O)[C@H](CC(=O)O)NC(=O)[C@H](CCCC[NH3+])NC(=O)CNC(=O)[C@H](C)NC(=O)CNC(=O)[C@H](CCCC[NH3+])NC(=O)[C@H](CC(C)C)NC(=O)[C@@H](NC(=O)[C@H](CC(=O)O)NC(=O)[C@@H](NC(=O)[C@@H](NC(=O)CN)C(C)C)C(C)C)[C@@H](C)CC)C(C)C)C(=O)N[C@@H](CO)C(=O)N[C@@H](CCC(=O)O)C(=O)N[C@@H](CCCC[NH3+])C(=O)N[C@H](C(N)=O)C(C)C,0,-1.2953289,3
CC[C@H](C)[C@@H]1NC(=O)[C@H](CCCNC(=N)N)NC(=O)CNC(=O)[C@@H]2CSSC[C@@H](C(=O)N3CCC[C@H]3C(=O)N[C@@H](CCC(=O)O)C(=O)N[C@H](C(=O)N[C@H](C(=O)N[C@@H](CS)C(=O)N3CCC[C@H]3C(=O)N[C@@H](CCCCN)C(=O)N[C@@H](CC(N)=O)C(=O)O)C(C)C)C(C)C)NC(=O)[C@H]([C@@H](C)CC)NC(=O)[C@H](CS)NC(=O)[C@H](CCCNC(=N)N)NC(=O)[C@H](CO)NC(=O)[C@H](CSSC[C@H](NC(=O)[C@H](CCC(=O)O)NC(=O)[C@@H](NC(=O)[C@H](Cc3c[nH]c4ccccc34)NC(=O)[C@H](Cc3ccc(O)cc3)NC(=O)[C@H](CCC(N)=O)NC(=O)[C@@H]3CCCN3C(=O)[C@@H](NC(=O)[C@H](CC(C)C)NC(=O)[C@H](CC(=O)O)NC(=O)[C@H](CC(N)=O)NC(=O)[C@@H](N)CC(C)C)C(C)C)[C@@H](C)O)C(=O)N2)NC(=O)[C@H](Cc2c[nH]cn2)NC(=O)[C@@H]2CCCN2C(=O)CNC1=O,0,-3.291142,3
CC(C)C[C@H](NC(=O)[C@H](Cc1ccccc1)NC(=O)[C@H](C)NC(=O)CNC(=O)[C@H](Cc1c[nH]c2ccccc12)NC(=O)[C@H](CC(N)=O)NC(=O)[C@@H](N)CC(C)C)C(=O)N[C@@H](CCCC[NH3+])C(=O)NC(CC1CNCN1)C(O)N[C@@H](Cc1ccccc1)C(=O)N[C@@H](Cc1ccccc1)C(=O)N[C@@H](CCCC[NH3+])C(N)=O,0,-4.6039786,3
CC[C@H](C)[C@H](N)C(=O)N[C@@H](CC(N)=O)C(=O)N[C@@H](Cc1c[nH]c2ccccc12)C(=O)N[C@@H](CCCC[NH3+])C(=O)N[C@@H](CCCC[NH3+])C(=O)N[C@H](C(=O)N[C@@H](C)C(=O)N[C@@H](CO)C(=O)N[C@H](C(=O)NCC(=O)N[C@@H](CCCC[NH3+])C(=O)N[C@@H](CCC(=O)O)C(=O)N[C@H](C(=O)N[C@@H](CC(C)C)C(=O)N[C@@H](CCCC[NH3+])C(=O)N[C@@H](C)C(=O)N[C@@H](CC(C)C)C(N)=O)C(C)C)[C@@H](C)CC)[C@@H](C)CC,0,-4.8490024,3
CC[C@H](C)[C@H](NC(=O)[C@H](CCC(=O)O)NC(=O)[C@@H]1CCCN1C(O)C(CC1CNCN1)NC(=O)[C@H](CC(=O)O)NC(=O)[C@H](Cc1ccc(O)cc1)NC(=O)[C@H](CC(N)=O)NC(=O)[C@H](CS)NC(=O)[C@H](CCCNC(N)=[NH2+])NC(=O)[C@@H]1CCCN1C(=O)[C@H](CC(=O)O)NC(=O)[C@H](CO)NC(=O)[C@H](CS)NC(=O)[C@H](CS)NC(=O)[C@H](C)N)C(=O)N[C@@H](CS)C(N)=O,0,-4.616312,3
CC[C@H](C)[C@H](NC(=O)[C@H](CCC(=O)O)NC(=O)[C@@H]1CCCN1C(O)C(CC1CNCN1)NC(=O)[C@H](CC(=O)O)NC(=O)[C@H](Cc1ccc(O)cc1)NC(=O)[C@H](C)NC(=O)[C@H](CS)NC(=O)[C@H](CCCNC(N)=[NH2+])NC(=O)[C@@H]1CCCN1C(=O)[C@H](CC(=O)O)NC(=O)[C@H](CO)NC(=O)[C@H](CS)NC(=O)[C@H](CS)NC(=O)CN)C(=O)N[C@@H](CS)C(N)=O,0,-5.7590656,3
CC[C@H](C)[C@H](NC(=O)[C@@H](NC(=O)[C@@H]1CCCN1C(=O)[C@@H](NC(=O)[C@@H](NC(=O)[C@H](CCCNC(N)=[NH2+])NC(=O)[C@@H]1CCCN1C(=O)[C@@H](NC(=O)[C@@H](NC(O)C(CC1CNCN1)NC(=O)[C@H](CCCC[NH3+])NC(=O)[C@H](C)NC(=O)[C@@H](NC(=O)[C@H](CO)NC(=O)CNC(=O)[C@H](CC(C)C)NC(=O)[C@@H](NC(=O)[C@H](CO)NC(=O)[C@H](Cc1ccccc1)NC(=O)[C@H](CC(C)C)NC(=O)CN)C(C)C)C(C)C)C(C)C)C(C)C)C(C)C)C(C)C)C(C)C)C(=O)N[C@@H](C)C(=O)N[C@@H](CCC(=O)O)C(=O)NC(CC1CNCN1)C(O)N[C@@H](CC(C)C)C(N)=O,0,-3.9545546,3
CC(C)[C@H](NC(=O)[C@H](CCCC[NH3+])NC(=O)[C@@H](NC(=O)[C@H](CCCC[NH3+])NC(=O)[C@@H](NC(=O)[C@H](CCCC[NH3+])NC(=O)[C@@H](NC(=O)[C@@H]1CCCN1C(=O)[C@H]1CCCN1C(=O)[C@@H](NC(=O)[C@H](CCCC[NH3+])NC(=O)[C@@H](NC(=O)[C@H](CCCC[NH3+])NC(=O)[C@@H](NC(=O)[C@H](CCCC[NH3+])NC(=O)[C@@H](NC(=O)[C@@H](N)CCCC[NH3+])C(C)C)C(C)C)C(C)C)C(C)C)[C@@H](C)O)C(C)C)C(C)C)C(=O)N[C@@H](CCCC[NH3+])C(N)=O,0,-3.455809,3
CC(C)C[C@H](NC(=O)[C@H](CC(C)C)NC(=O)[C@H](CCCC[NH3+])NC(=O)CNC(=O)[C@H](CC(C)C)NC(=O)[C@H](CC(C)C)NC(=O)[C@H](CO)NC(=O)[C@H](C)NC(=O)[C@H](Cc1ccccc1)NC(=O)[C@H](Cc1ccccc1)NC(=O)[C@@H]1CCCN1C(=O)[C@H](CC(C)C)NC(=O)[C@@H](N)Cc1ccccc1)C(N)=O,0,-5.793722,3
C[C@H](NC(=O)[C@H](Cc1ccc(O)cc1)NC(=O)[C@H](CC(N)=O)NC(=O)[C@H](CCCC[NH3+])NC(=O)CNC(=O)[C@H](CS)NC(=O)[C@H](C)NC(=O)[C@@H]1CCCN1C(O)C(CC1CNCN1)NC(=O)[C@H](CS)NC(=O)[C@H](CS)NC(=O)[C@H](CCCNC(N)=[NH2+])NC(=O)CN)C(=O)N[C@@H](CS)C(N)=O,0,-6.3722343,3
CC(C)C[C@H]1NC(=O)[C@@H](C(C)C)NC(=O)[C@@H]2CCCN2C(=O)[C@@H](CC(=O)O)NC(=O)[C@@H](Cc2c[nH]c3ccccc23)NC1=O,0,-6.904056,3
CC[C@H](C)[C@@H]1NC(=O)CNC(=O)[C@H](CCCNC(N)=[NH2+])NC(=O)[C@H](Cc2ccc(O)cc2)NC(=O)[C@@H]2CSSC[C@H](NC1=O)C(=O)N[C@@H](Cc1ccc(O)cc1)C(=O)N[C@@H](CCCNC(N)=[NH2+])C(=O)N[C@@H](CCCNC(N)=[NH2+])C(=O)N[C@H](C(=O)N[C@@H](CCCNC(N)=[NH2+])C(=O)O)CSSC[C@H](NC(=O)[C@H](Cc1c[nH]c3ccccc13)NC(=O)[C@@H]([NH3+])CCCC[NH3+])C(=O)N[C@@H](Cc1ccccc1)C(=O)N[C@@H](CCCNC(N)=[NH2+])C(=O)N[C@@H](C(C)C)C(=O)N2,0,-1.3365477,3
CC[C@H](C)[C@H](NC(=O)[C@H](CO)NC(=O)[C@H](C)NC(=O)[C@@H]1CCCN1C(=O)[C@H](CC(C)C)NC(=O)CN)C(=O)N[C@@H](CO)C(=O)N[C@@H](Cc1c[nH]c2ccccc12)C(=O)N[C@H](C(=O)N[C@@H](CCCC[NH3+])C(=O)N[C@@H](CCCNC(N)=[NH2+])C(=O)N[C@@H](CCCC[NH3+])C(=O)N[C@@H](CCCNC(N)=[NH2+])C(=O)N[C@@H](CCC(N)=O)C(=O)N[C@@H](CCC(N)=O)C(N)=O)[C@@H](C)CC,0,-2.9447901,3
CC[C@H](C)[C@H](NC(=O)[C@H](CC(C)C)NC(=O)[C@@H]1CCCN1C(=O)[C@H](CC(C)C)NC(=O)[C@@H](N)C(C)C)C(=O)N[C@@H](CO)C(=O)N[C@@H](CCSC)C(=O)N[C@@H](C)C(=O)N[C@@H](CC(C)C)C(=O)NCC(=O)N[C@@H](CCCC[NH3+])C(=O)N[C@@H](CC(C)C)C(=O)N[C@@H](CC(C)C)C(N)=O,0,-4.6126695,3
C[C@H](NC(=O)CNC(=O)[C@H](CS)NC(=O)[C@H](C)NC(=O)[C@@H]1CCCN1C(=O)[C@H](CC(N)=O)NC(=O)[C@H](CS)NC(=O)[C@H](CS)NC(=O)[C@@H](N)CCC(=O)O)C(=O)NC(CC1CNCN1)C(O)N[C@@H](Cc1ccc(O)cc1)C(=O)N[C@@H](CO)C(=O)N[C@@H](CS)C(N)=O,0,-6.926619,3
CC[C@H](C)[C@H](NC(=O)[C@H](Cc1c[nH]c2ccccc12)NC(=O)[C@H](CS)NC(=O)[C@H](CS)NC(=O)[C@@H](N)CC(C)C)C(=O)NC(CC1CNCN1)C(O)N[C@@H](Cc1c[nH]c2ccccc12)C(=O)N[C@@H](CS)C(=O)NC(CC1CNCN1)C(O)N[C@@H](C)C(=O)N[C@@H](CCCNC(N)=[NH2+])C(=O)N[C@@H](CS)C(=O)N[C@H](C(=O)N[C@@H](CS)C(=O)N[C@@H](CS)C(N)=O)[C@@H](C)O,0,-4.4093595,3
CC(C)C[C@@H]1NC(O)C(CCC[NH3+])NC(=O)[C@H](C(C)C)NC(=O)[C@@H]2CCCN2C(O)C(CC2CCCC3CCCCC32)NC(=O)[C@H](CC(C)C)NC(O)C(CCC[NH3+])NC(=O)[C@H](C(C)C)NC(=O)[C@@H]2CCCN2C(O)C(CC2CCCC3CCCCC32)NC1=O,0,-5.175833,3
NC(=O)[C@H](Cc1c[nH]c2ccccc12)NC(O)C(CC1CNCN1)NC(=O)[C@H](CS)NC(=O)[C@H](CS)NC(=O)[C@H](CCC(=O)O)NC(=O)[C@H](Cc1ccccc1)NC=O,0,-5.2717724,3
CC(C)C[C@H](NC(=O)[C@H](C)NC(=O)[C@H](CCCC[NH3+])NC(=O)[C@H](CCCC[NH3+])NC(=O)[C@H](C)NC(=O)CNC(=O)[C@H](CCCC[NH3+])NC(=O)[C@H](CC(C)C)NC(=O)[C@H](CC(C)C)NC(=O)[C@H](CC(=O)O)NC(=O)[C@H](CCCC[NH3+])NC(=O)[C@H](Cc1ccccc1)NC(=O)CN)C(=O)N[C@H](C(=O)N[C@@H](CCCC[NH3+])C(=O)N[C@H](C(=O)N[C@H](C(=O)N[C@@H](CC(C)C)C(=O)N[C@@H](Cc1ccccc1)C(N)=O)C(C)C)[C@@H](C)O)C(C)C,0,-5.4782863,3
CC[C@H](C)[C@H](NC(=O)[C@H](CC(C)C)NC(O)C(CC1CNCN1)NC(=O)CNC(=O)[C@H](CC(C)C)NC(=O)[C@@H](NC(=O)[C@H](CCCC[NH3+])NC(=O)[C@H](CO)NC(=O)[C@H](Cc1c[nH]c2ccccc12)NC(=O)[C@H](CCSC)NC(=O)CN)[C@@H](C)CC)C(=O)N[C@@H](CCCC[NH3+])C(N)=O,0,-5.4194617,3
CC[C@H](C)[C@H](NC(=O)[C@H](CCCNC(N)=[NH2+])NC(=O)[C@H](CS)NC(=O)[C@H](Cc1c[nH]c2ccccc12)NC(=O)[C@H](Cc1c[nH]c2ccccc12)NC(=O)[C@H](CCCNC(N)=[NH2+])NC(=O)[C@H](CCCNC(N)=[NH2+])NC(C)=O)C(N)=O,0,-4.261599,3
CSCC[C@@H]1NC(=O)[C@H](CCCNC(N)=[NH2+])NC(=O)[C@H](Cc2c[nH]c3ccccc23)NC(=O)[C@H](C)NC(=O)[C@H](C)NC(=O)[C@H](CCCNC(N)=[NH2+])NC(=O)[C@H](Cc2ccccc2)NC(=O)[C@H](C)NC(=O)[C@H](CCCC[NH3+])NC(=O)[C@H](CCCNC(N)=[NH2+])NC(=O)[C@H](Cc2c[nH]c3ccccc23)NC(=O)[C@H](C)NC(=O)[C@H]2CCCN2C(=O)[C@@H](C)NC(=O)[C@H](C)NC(=O)[C@H](CCCC[NH3+])NC(=O)[C@H](CCCC[NH3+])NC(=O)[C@H](CC(C)C)NC1=O,0,-3.1273978,3
CC[C@H](C)[C@H]([NH3+])C(=O)N[C@H](C(=O)NCC(=O)N1CCC[C@H]1C(=O)N[C@H](C(=O)N[C@@H](CC(C)C)C(=O)NCC(=O)N[C@@H](CC(C)C)C(=O)N[C@H](C(=O)NCC(=O)N[C@@H](CO)C(=O)N[C@@H](C)C(=O)N[C@@H](CC(C)C)C(=O)NCC(=O)NCC(=O)N[C@@H](CC(C)C)C(=O)N[C@@H](CC(C)C)C(=O)N[C@@H](CCCC[NH3+])C(=O)N[C@@H](CCCC[NH3+])C(=O)N[C@H](C(=O)O)[C@@H](C)CC)C(C)C)C(C)C)[C@@H](C)CC,0,-2.5814362,3
CC[C@H](C)[C@H](NC(=O)[C@H](CCCC[NH3+])NC(=O)[C@H](Cc1ccc(O)cc1)NC(=O)CNC(O)C(CC1CNCN1)NC(O)C(CC1CNCN1)NC(=O)[C@H](CCCNC(N)=[NH2+])NC(=O)[C@H](CCCC[NH3+])NC(=O)[C@H](C)NC(O)C(CC1CNCN1)NC(=O)[C@H](CO)NC(=O)[C@@H](N)CC(=O)O)C(=O)N[C@@H](CCCC[NH3+])C(=O)N[C@@H](Cc1ccccc1)C(=O)NC(CC1CNCN1)C(O)N[C@@H](CCC(=O)O)C(=O)N[C@@H](CC(N)=O)C(=O)NC(CC1CNCN1)C(O)NC(CC1CNCN1)C(O)N[C@@H](CO)C(=O)NC(CC1CNCN1)C(O)N[C@@H](CCCNC(N)=[NH2+])C(=O)NCC(=O)N[C@@H](Cc1ccc(O)cc1)C(N)=O,0,-0.8754118,3
CC[C@@H](C)[C@H]1NC(=O)[C@H]2CCCN2C(=O)[C@H](Cc2c[nH]c3ccccc23)NC(=O)[C@H](CO)NC(=O)[C@@H](CS)NC(=O)[C@H]([C@@H](C)O)NC(=O)[C@@H](CS)NC(=O)CNC(=O)[C@H](CCC(N)=O)NC(=O)[C@H]([C@@H](C)O)NC(=O)[C@H](Cc2ccc(O)cc2)NC(=O)[C@H](CS)NC(=O)[C@H]([C@@H](C)O)NC(=O)CNC(=O)[C@H](CC(C)C)NC(=O)[C@H]([C@@H](C)O)NC(=O)[C@H](CS)NC(=O)[C@H]([C@@H](C)O)NC(=O)[C@H](CCC(=O)O)NC(=O)CNC(=O)[C@H](CS)NC(=O)[C@H](C(C)C)NC(=O)[C@@H]2CCCN2C(=O)[C@H](CC(C)C)NC(=O)CNC(=O)[C@H](CC(N)=O)NC(=O)[C@H](CCCNC(N)=[NH2+])NC(=O)[C@H](CCCC[NH3+])NC(=O)[C@H](CS)NC1=O,0,-5.911369,3
CC(C)C[C@H](NC(=O)[C@H](CCC(=O)O)NC(O)C1CC(O)CN1C(O)C(CC1CNCN1)NC(=O)[C@H](CC(N)=O)NC(=O)[C@@H](NC(=O)[C@H](CO)NC(=O)[C@H](CS)NC(=O)[C@H](C)NC(=O)[C@@H]1CCCN1C(O)C(CC1CNCN1)NC(=O)[C@H](CO)NC(=O)[C@H](CS)NC(=O)[C@H](CS)NC(=O)CN)C(C)C)C(=O)N[C@H](C=O)CS,0,-3.9577553,3
CC(C)C[C@H](NC(=O)[C@H](CCCC[NH3+])NC(=O)[C@H](CCCNC(N)=[NH2+])NC(=O)[C@H](Cc1ccccc1)NC(=O)[C@H](Cc1ccccc1)NC(=O)[C@H](CCCC[NH3+])NC(=O)[C@H](CCCC[NH3+])NC(=O)[C@H](Cc1ccccc1)NC(=O)[C@H](CCCNC(N)=[NH2+])NC(=O)[C@H](CCCC[NH3+])NC(=O)[C@@H](N)C(C)C)C(=O)N[C@@H](CCCC[NH3+])C(=O)N[C@@H](CCCC[NH3+])C(=O)N[C@@H](CCCC[NH3+])C(=O)N[C@H](C(N)=O)C(C)C,1,1.4394032,4
NC(=[NH2+])NCCC[C@H](NC(=O)[C@H](CCCNC(N)=[NH2+])NC(=O)[C@H](CCCNC(N)=[NH2+])NC(=O)[C@H](CCC(N)=O)NC(=O)[C@H](CCCNC(N)=[NH2+])NC(=O)[C@H](CCCNC(N)=[NH2+])NC(=O)[C@H](CCCC[NH3+])NC(=O)[C@H](CCCC[NH3+])NC(=O)[C@@H](N)CCCNC(N)=[NH2+])C(=O)NCC(=O)NCC(=O)NCC(N)=O,1,6.861309,4
CNCCC[C@H](NC(=O)[C@H](CCCNC)NC(=O)[C@H](CCCNC)NC(=O)[C@H](CCCNC)NC(=O)[C@H](CCCNC)NC(=O)[C@H](CCCNC)NC(=O)[C@H](CCCNC)NC(O)C(C)CN)C(N)=O,1,-1.4039937,4
CC(C)C[C@H](NC(=O)[C@H](CC(C)C)NC(=O)[C@H](C)NC(=O)[C@H](C)NC(=O)[C@H](C)NC(=O)[C@H](CC(C)C)NC(=O)[C@H](CCCC[NH3+])NC(=O)[C@H](CCCC[NH3+])NC(=O)[C@H](Cc1c[nH]c2ccccc12)NC(=O)[C@H](CCCC[NH3+])NC(=O)[C@H](CCCC[NH3+])NC(=O)[C@H](CC(C)C)NC(=O)[C@H](CC(C)C)NC(=O)[C@H](C)NC(=O)[C@H](C)NC(=O)[C@H](C)NC(=O)[C@H](CC(C)C)NC(=O)[C@@H](N)CCCC[NH3+])C(N)=O,1,-0.51496166,4
CC[C@H](C)[C@H](NC(=O)[C@H](CC(C)C)NC(=O)[C@@H](NC(=O)[C@H](CCCNC(N)=[NH2+])NC(=O)[C@H](Cc1ccccc1)NC(=O)[C@@H](NC(=O)[C@@H](NC(=O)[C@@H](N)CC(C)C)[C@@H](C)CC)[C@@H](C)CC)[C@@H](C)CC)C(=O)N[C@@H](CO)C(=O)NC(CC1CNCN1)C(O)NC(CC1CNCN1)C(O)NC(CO)CC1CNCN1,1,2.9392402,4
CC[C@H](C)[C@H](NC(=O)[C@H](CCCNC(N)=[NH2+])NC(=O)[C@H](CCCNC(N)=[NH2+])NC(=O)[C@H](CCCNC(N)=[NH2+])NC(=O)[C@H](CC(C)C)NC(=O)[C@@H](NC(=O)[C@@H](NC(=O)[C@H](CC(C)C)NC(=O)[C@H](C)N)[C@@H](C)CC)[C@@H](C)CC)C(=O)N[C@@H](CCCNC(N)=[NH2+])C(=O)N[C@@H](CCCC[NH3+])C(=O)N[C@@H](CCC(N)=O)C(=O)N[C@@H](C)C(=O)NC(CC1CNCN1)C(O)N[C@@H](C)C(=O)NC(CC1CNCN1)C(O)N[C@@H](CO)C(=O)N[C@H](C=O)CCCC[NH3+],1,8.842759,4
CC[C@H](C)[C@H](NC(=O)[C@H](CCCC[NH3+])NC(=O)[C@H](CCCC[NH3+])NC(=O)[C@H](C)NC(=O)[C@H](CC(C)C)NC(=O)[C@H](C)NC(=O)[C@H](C)NC(=O)[C@H](CC(C)C)NC(=O)[C@H](C)NC(=O)[C@H](CCCC[NH3+])NC(=O)[C@H](CC(C)C)NC(=O)[C@H](CC(N)=O)NC(=O)[C@@H](NC(=O)[C@H](CCCC[NH3+])NC(=O)CNC(=O)[C@H](CC(C)C)NC(=O)[C@H](CC(C)C)NC(=O)[C@H](Cc1ccc(O)cc1)NC(=O)CNC(=O)[C@H](C)N)[C@@H](C)CC)C(=O)N[C@H](C=O)CC(C)C,1,7.7381744,4
C[C@H](N)C(=O)N[C@@H](CS)C(=O)N[C@@H](CCCNC(N)=[NH2+])C(=O)NCC(=O)N[C@@H](CCCNC(N)=[NH2+])C(=O)NCC(=O)N[C@@H](CCCNC(N)=[NH2+])C(=O)NCC(=O)N[C@@H](CS)C(=O)NCC(=O)N[C@@H](CO)C(=O)NCC(=O)N[C@@H](CO)C(=O)N[C@@H](CCCNC(N)=[NH2+])C(=O)N[C@@H](CO)C(=O)N[C@@H](CS)C(=O)NCC=O,1,4.1721034,4
CC[C@H](C)[C@H](NC(=O)[C@H](C)NC(=O)[C@@H](NC(=O)[C@H](CCC(N)=O)NC(=O)[C@@H](N)CCCNC(N)=[NH2+])[C@@H](C)CC)C(=O)N[C@@H](Cc1c[nH]c2ccccc12)C(=O)N[C@@H](Cc1ccccc1)C(=O)N[C@@H](CCC(N)=O)C(=O)N[C@@H](CC(N)=O)C(=O)N[C@@H](CCCNC(N)=[NH2+])C(=O)N[C@@H](CCCNC(N)=[NH2+])C(=O)N[C@@H](CCSC)C(=O)N[C@@H](CCCC[NH3+])C(=O)N[C@@H](Cc1c[nH]c2ccccc12)C(=O)N[C@@H](CCCC[NH3+])C(=O)N[C@H](C=O)CCCC[NH3+],1,8.764786,4
NCC(=O)N[C@@H](CCCNC(N)=[NH2+])C(=O)N[C@@H](CCCC[NH3+])C(=O)N[C@@H](CCCC[NH3+])C(=O)N[C@@H](CCCNC(N)=[NH2+])C(=O)N[C@@H](CCCNC(N)=[NH2+])C(=O)N[C@@H](CCC(N)=O)C(=O)N[C@@H](CCCNC(N)=[NH2+])C(=O)N[C@@H](CCCNC(N)=[NH2+])C(=O)N[C@@H](CCCNC(N)=[NH2+])C(=O)N1CCC[C@H]1C(=O)N1CCC[C@H]1C(=O)N[C@@H](CCC(N)=O)C(=O)N[C@H](C=O)Cc1ccc(O)cc1,1,7.9530125,4
CC(=O)N[C@@H](CCCNC(N)=[NH2+])C(=O)N[C@@H](CCCNC(N)=[NH2+])C(=O)N[C@@H](CCCNC(N)=[NH2+])C(=O)N[C@@H](CCCNC(N)=[NH2+])C(=O)N[C@@H](CCCNC(N)=[NH2+])C(=O)N[C@@H](CCCNC(N)=[NH2+])C(=O)N[C@@H](CCCNC(N)=[NH2+])C(=O)N[C@@H](CCCNC(N)=[NH2+])C(N)=O,1,1.1037931,4
NC(=[NH2+])NCCC[C@@H](N)C(=O)N[C@H](CCCNC(N)=[NH2+])C(=O)N[C@H](CCCNC(N)=[NH2+])C(=O)N[C@H](CCCNC(N)=[NH2+])C(=O)N[C@H](CCCNC(N)=[NH2+])C(=O)N[C@@H](C=O)CCCNC(N)=[NH2+],1,7.8651476,4
NC(=[NH2+])NCCC[C@@H](C=O)NC(=O)[C@H](CCCNC(N)=[NH2+])NC(=O)[C@H](CCCNC(N)=[NH2+])NC(=O)[C@H](CCCNC(N)=[NH2+])NC(=O)[C@H](CCCNC(N)=[NH2+])NC(=O)[C@@H](N)CCCNC(N)=[NH2+],1,7.929328,4
CC[C@H](C)[C@H](NC(=O)[C@@H](NC(=O)[C@@H](N)Cc1c[nH]c2ccccc12)[C@@H](C)CC)C(=O)N[C@@H](Cc1ccccc1)C(=O)N[C@@H](CCCNC(N)=[NH2+])C(=O)N[C@@H](C)C(=O)N[C@@H](C)C(=O)N[C@@H](C)C(=O)N[C@@H](CO)C(=O)NC(CC1CNCN1)C(O)N[C@@H](CCCC[NH3+])C(=O)N[C@H](C=O)CCCC[NH3+],1,7.165262,4
CC(C)C[C@H](NC(=O)[C@H](CCCNC(N)=[NH2+])NC(=O)[C@H](CCC(=O)O)NC(=O)[C@H](CC(=O)O)NC(=O)[C@H](C)NC(=O)[C@@H]1CCCN1C(=O)[C@H](CS)NC(=O)[C@H](CC(N)=O)NC(=O)[C@H](CCCNC(N)=[NH2+])NC(=O)[C@H](Cc1ccccc1)NC(=O)[C@H](CCCNC(N)=[NH2+])NC(=O)[C@H](CC(=O)O)NC(=O)[C@H](CCCNC(N)=[NH2+])NC(=O)[C@H](CS)NC(=O)[C@H](C)N)C(=O)N[C@@H](CS)C(=O)NCC=O,1,0.75481594,4
CC(C)C[C@H](NC(=O)[C@H](C)NC(=O)[C@H](CCCC[NH3+])NC(=O)[C@H](CC(C)C)NC(=O)[C@H](C)NC(=O)[C@H](CC(C)C)NC(=O)[C@H](CCCC[NH3+])NC(=O)[C@H](CC(C)C)NC(=O)[C@H](C)NC(=O)[C@H](CC(C)C)NC(=O)[C@@H](N)CCCC[NH3+])C(=O)N[C@@H](CCCC[NH3+])C(=O)N[C@@H](C)C(=O)N[C@@H](C)C(=O)N[C@@H](CC(C)C)C(=O)N[C@@H](CCCC[NH3+])C(=O)N[C@@H](CC(C)C)C(=O)N[C@@H](C)C(=O)NCC(=O)N[C@H](C=O)CS,1,7.5321355,4
NC(=[NH2+])NCCC[C@H](NC(=O)[C@H](CCCNC(N)=[NH2+])NC(=O)[C@H](CCCNC(N)=[NH2+])NC(=O)[C@H](CCCNC(N)=[NH2+])NC(=O)[C@H](CCCNC(N)=[NH2+])NC(=O)[C@H](CCCNC(N)=[NH2+])NC(=O)[C@H](CCCNC(N)=[NH2+])NC(=O)[C@@H](N)CCCNC(N)=[NH2+])C(=O)NCC(=O)N[C@@H](CS)C(N)=O,1,5.032136,4
CC[C@H](C)[C@H](NC(=O)[C@H](CCCC[NH3+])NC(=O)[C@H](CCCC[NH3+])NC(=O)[C@H](C)NC(=O)[C@H](CC(C)C)NC(=O)[C@H](C)NC(=O)[C@H](C)NC(=O)[C@H](CC(C)C)NC(=O)[C@H](C)NC(=O)[C@H](CCCC[NH3+])NC(=O)[C@H](CC(C)C)NC(=O)[C@H](CC(N)=O)NC(=O)[C@@H](NC(=O)[C@H](CCCC[NH3+])NC(=O)CNC(=O)[C@H](CC(C)C)NC(=O)[C@H](CC(C)C)NC(=O)[C@H](Cc1ccc(O)cc1)NC(=O)CNC(=O)[C@H](C)NC(=O)[C@H](CO)NC(=O)[C@H](CC(N)=O)NC(=O)[C@@H](N)CC(C)C)[C@@H](C)CC)C(=O)N[C@H](C=O)CC(C)C,1,6.523543,4
CC(=O)N[C@@H](CS)C(=O)N[C@@H](Cc1c[nH]c2ccccc12)C(=O)N[C@@H](CCCC[NH3+])C(=O)N[C@@H](CCCC[NH3+])C(=O)N[C@@H](CCCC[NH3+])C(=O)N[C@@H](CCCC[NH3+])C(=O)N[C@@H](CCCC[NH3+])C(=O)N[C@@H](CCCC[NH3+])C(=O)N[C@@H](CCCC[NH3+])C(=O)N[C@@H](CCCC[NH3+])C(=O)N[C@@H](CCCC[NH3+])C(=O)N[C@@H](CCCC[NH3+])C(=O)N[C@@H](CCCC[NH3+])C(=O)N[C@@H](CCCC[NH3+])C(=O)N[C@@H](CCCC[NH3+])C(=O)N[C@@H](CCCC[NH3+])C(=O)N[C@@H](CCCC[NH3+])C(=O)N[C@@H](CCCC[NH3+])C(=O)N[C@@H](CCCC[NH3+])C(=O)N[C@H](C=O)CCCC[NH3+],1,5.1311255,4
CC[C@H](C)[C@H](NC(=O)[C@H](CCCC[NH3+])NC(=O)[C@@H](NC(=O)[C@H](CCC(N)=O)NC(=O)[C@@H]([NH3+])CCCNC(N)=[NH2+])[C@@H](C)CC)C(=O)N[C@@H](Cc1c[nH]c2ccccc12)C(=O)N[C@@H](Cc1ccccc1)C(=O)N[C@@H](CCC(N)=O)C(=O)N[C@@H](CC(N)=O)C(=O)N[C@@H](CCCNC(N)=[NH2+])C(=O)N[C@@H](CCCNC(N)=[NH2+])C(=O)N[C@@H](CCSC)C(=O)N[C@@H](CCCC[NH3+])C(=O)N[C@@H](Cc1c[nH]c2ccccc12)C(=O)N[C@@H](CCCC[NH3+])C(=O)N[C@@H](CCCC[NH3+])C(=O)O,1,3.591557,4
C[C@H](N)C(=O)N[C@@H](CS)C(=O)N[C@@H](CCCNC(N)=[NH2+])C(=O)N[C@@H](CCCNC(N)=[NH2+])C(=O)N[C@@H](CO)C(=O)N[C@@H](CCCNC(N)=[NH2+])C(=O)N[C@@H](CCCNC(N)=[NH2+])C(=O)NCC(=O)N[C@@H](CS)C(=O)NCC(=O)N[C@@H](CCCNC(N)=[NH2+])C(=O)N[C@@H](CCCNC(N)=[NH2+])C(=O)N[C@@H](CO)C(=O)N[C@@H](CCCNC(N)=[NH2+])C(=O)N[C@@H](CCCNC(N)=[NH2+])C(=O)N[C@@H](CS)C(=O)NCC=O,1,5.3991647,4
CC(=O)N[C@@H](CCCNC(N)=[NH2+])C(=O)N[C@@H](CC(C)C)C(=O)N[C@@H](CC(C)C)C(=O)N[C@@H](CCCNC(N)=[NH2+])C(=O)N[C@@H](CC(C)C)C(=O)N[C@@H](CC(C)C)C(=O)N[C@@H](CC(C)C)C(=O)N[C@@H](CCCNC(N)=[NH2+])C(=O)N[C@@H](CC(C)C)C(=O)N[C@@H](Cc1c[nH]c2ccccc12)C(=O)N[C@@H](CCCNC(N)=[NH2+])C(=O)N[C@@H](CCCNC(N)=[NH2+])C(=O)N[C@@H](CC(C)C)C(=O)N[C@@H](CC(C)C)C(=O)N[C@@H](CCCNC(N)=[NH2+])C(=O)N[C@@H](CC(C)C)C(=O)N[C@@H](CC(C)C)C(=O)N[C@@H](CCCNC(N)=[NH2+])C(N)=O,1,3.2645183,4
C[C@H](NC(=O)[C@H](CCCC[NH3+])NC(=O)[C@H](CO)NC(=O)[C@H](CCCNC(N)=[NH2+])NC(=O)[C@H](C)NC(O)C(CC1CNCN1)NC(O)C(CC1CNCN1)NC(=O)[C@H](CCCNC(N)=[NH2+])NC(=O)[C@H](CCCNC(N)=[NH2+])NC(=O)[C@@H](N)CO)C(=O)N[C@@H](CCCC[NH3+])C(=O)N[C@@H](CCCNC(N)=[NH2+])C(=O)N[C@@H](CO)C(=O)N[C@@H](CCCNC(N)=[NH2+])C(=O)NC(CC1CNCN1)C(O)NC(CO)CC1CNCN1,1,4.928104,4
NC(=[NH2+])NCCC[C@@H](C=O)NC(=O)[C@H](CCCNC(N)=[NH2+])NC(=O)[C@H](CCCNC(N)=[NH2+])NC(=O)[C@H](CCCNC(N)=[NH2+])NC(=O)[C@H](CCCNC(N)=[NH2+])NC(=O)[C@H](CCCNC(N)=[NH2+])NC(=O)[C@H](CCCNC(N)=[NH2+])NC(=O)[C@H](CCCNC(N)=[NH2+])NC(=O)[C@H](CCCNC(N)=[NH2+])NC(=O)[C@H](CCCNC(N)=[NH2+])NC(=O)[C@@H](N)CCCNC(N)=[NH2+],1,8.086323,4
C[C@H](NC(=O)[C@H](CCC(N)=O)NC(=O)[C@@H](N)CCCNC(N)=[NH2+])C(=O)N[C@@H](CCCNC(N)=[NH2+])C(=O)N[C@@H](CCCNC(N)=[NH2+])C(=O)N[C@@H](CC(N)=O)C(=O)N[C@@H](CCCNC(N)=[NH2+])C(=O)N[C@@H](CCCNC(N)=[NH2+])C(=O)N[C@@H](CCCNC(N)=[NH2+])C(=O)N[C@H](C=O)CS,1,7.041992,4
CC[C@H](C)[C@H](NC(=O)[C@H](CCCC[NH3+])NC(=O)[C@@H](NC(=O)[C@H](CCC(N)=O)NC(=O)[C@@H]([NH3+])CCCNC(N)=[NH2+])[C@@H](C)CC)C(=O)N[C@@H](Cc1c[nH]c2ccccc12)C(=O)N[C@@H](Cc1ccccc1)C(=O)N[C@@H](CCC(N)=O)C(=O)N[C@@H](CC(N)=O)C(=O)N[C@@H](CCCNC(N)=[NH2+])C(=O)N[C@@H](CCCNC(N)=[NH2+])C(=O)N[C@@H](CCSC)C(=O)N[C@@H](CCCC[NH3+])C(=O)N[C@@H](Cc1c[nH]c2ccccc12)C(=O)N[C@@H](CCCC[NH3+])C(=O)N[C@@H](CCCC[NH3+])C(=O)O,1,3.591557,4
NC(=[NH2+])NCCC[C@@H](NC(=O)[C@H](N)CS)C(=O)N[C@H](Cc1c[nH]c2ccccc12)C(=O)N[C@H](CCCNC(N)=[NH2+])C(=O)N[C@H](Cc1c[nH]c2ccccc12)C(=O)N[C@H](CCCC[NH3+])C(=O)N[C@H](CS)C(=O)N[C@H](CS)C(=O)N[C@H](CCCC[NH3+])C(=O)N[C@@H](C=O)CCCC[NH3+],1,4.6375704,4
NC(=[NH2+])NCCC[C@H](NC(=O)[C@H](Cc1c[nH]c2ccccc12)NC(=O)[C@@H](CCCNC(N)=[NH2+])NC(=O)[C@@H](N)CS)C(=O)N[C@@H](Cc1c[nH]c2ccccc12)C(=O)N[C@@H](CCCC[NH3+])C(=O)N[C@@H](CS)C(=O)N[C@@H](CS)C(=O)N[C@@H](CCCC[NH3+])C(=O)N[C@H](C=O)CCCC[NH3+],1,4.4123306,4
CC[C@H](C)[C@H](NC(=O)[C@H](CC(C)C)NC(=O)[C@@H](N)CCCC[NH3+])C(=O)N[C@@H](CCCC[NH3+])C(=O)NCC(=O)N[C@@H](CCCNC(N)=[NH2+])C(=O)N[C@H](C(=O)N1CCC[C@H]1C(=O)N[C@H](C(=O)N[C@@H](CCCC[NH3+])C(=O)N[C@@H](Cc1ccccc1)C(=O)NCC(=O)N[C@@H](CCCC[NH3+])C(=O)N[C@@H](C)C(=O)N[C@@H](CC(=O)O)C(=O)N[C@@H](CS)C(=O)N[C@@H](CC(=O)O)C(=O)N[C@@H](CCCNC(N)=[NH2+])C(=O)N1CCC[C@H]1C(=O)N1CCC[C@H]1C(=O)N[C@@H](CCCC[NH3+])C(=O)NC(CC1CNCN1)C(O)N[C@@H](CO)C(=O)NCC(=O)N[C@H](C=O)CCCC[NH3+])[C@@H](C)CC)[C@@H](C)O,1,4.9720435,4
CC[C@H](C)[C@H](NC(=O)[C@H](CCCC[NH3+])NC(=O)[C@@H](NC(=O)[C@H](CCC(N)=O)NC(=O)[C@@H]([NH3+])CCCNC(N)=[NH2+])[C@@H](C)CC)C(=O)N[C@@H](Cc1c[nH]c2ccccc12)C(=O)N[C@@H](Cc1ccccc1)C(=O)N[C@@H](CCC(N)=O)C(=O)N[C@@H](CC(N)=O)C(=O)N[C@@H](CCCNC(N)=[NH2+])C(=O)N[C@@H](CCCNC(N)=[NH2+])C(=O)N[C@@H](CCSC)C(=O)N[C@@H](CCCC[NH3+])C(=O)N[C@@H](Cc1c[nH]c2ccccc12)C(=O)N[C@@H](CCCC[NH3+])C(=O)N[C@@H](CCCC[NH3+])C(=O)O,1,3.591557,4
C[C@H](NC(=O)[C@H](CCCNC(N)=[NH2+])NC(=O)[C@H](CCCNC(N)=[NH2+])NC(=O)[C@H](CCC(=O)O)NC(=O)[C@H](CCCNC(N)=[NH2+])NC(=O)[C@H](CCCNC(N)=[NH2+])NC(=O)[C@@H](N)CCCNC(N)=[NH2+])C(=O)N[C@@H](CCC(=O)O)C(=O)N[C@H](C=O)CCCC[NH3+],1,8.344602,4
NCC(=O)N[C@@H](CCCNC(N)=[NH2+])C(=O)N[C@@H](CCCC[NH3+])C(=O)N[C@@H](CCCC[NH3+])C(=O)N[C@@H](CCCNC(N)=[NH2+])C(=O)N[C@@H](CCCNC(N)=[NH2+])C(=O)N[C@@H](CCC(N)=O)C(=O)N[C@@H](CCCNC(N)=[NH2+])C(=O)N[C@@H](CCCNC(N)=[NH2+])C(=O)N[C@@H](CCCNC(N)=[NH2+])C(=O)N1CCC[C@H]1C(=O)N1CCC[C@H]1C(=O)N[C@H](C=O)CCC(N)=O,1,7.9633446,4
NC(=[NH2+])NCCC[C@@H](C=O)NC(=O)[C@H](CCCNC(N)=[NH2+])NC(=O)[C@H](CCCNC(N)=[NH2+])NC(=O)[C@H](CCCNC(N)=[NH2+])NC(=O)[C@H](CCCNC(N)=[NH2+])NC(=O)[C@H](CCCNC(N)=[NH2+])NC(=O)[C@H](CCCNC(N)=[NH2+])NC(=O)[C@H](CCCNC(N)=[NH2+])NC(=O)[C@H](Cc1c[nH]c2ccccc12)NC(=O)[C@H](Cc1c[nH]c2ccccc12)NC(=O)[C@H](Cc1c[nH]c2ccccc12)NC(=O)[C@@H](N)Cc1c[nH]c2ccccc12,1,3.8218107,4
CC[C@H](C)[C@H](NC(=O)[C@H](CCCNC(N)=[NH2+])NC(=O)[C@@H](NC(=O)[C@H](CCC(N)=O)NC(=O)[C@@H](N)CCCNC(N)=[NH2+])[C@@H](C)CC)C(=O)N[C@@H](Cc1c[nH]c2ccccc12)C(=O)N[C@@H](Cc1ccccc1)C(=O)N[C@@H](CCC(N)=O)C(=O)N[C@@H](CC(N)=O)C(=O)N[C@@H](CCCNC(N)=[NH2+])C(=O)N[C@@H](CCCNC(N)=[NH2+])C(=O)N[C@@H](CCSC)C(=O)N[C@@H](CCCNC(N)=[NH2+])C(=O)N[C@@H](Cc1c[nH]c2ccccc12)C(=O)N[C@@H](CCCNC(N)=[NH2+])C(=O)N[C@H](C=O)CCCNC(N)=[NH2+],1,8.362763,4
CC(C)C[C@H](NC(=O)[C@H](CO)NC(=O)[C@H](CO)NC(=O)[C@H](Cc1c[nH]c2ccccc12)NC(=O)[C@H](CC(C)C)NC(=O)[C@H](CO)NC(=O)[C@@H]1CCCN1C(=O)[C@H](Cc1c[nH]c2ccccc12)NC(=O)[C@H](C)NC(=O)[C@H](CO)NC(=O)[C@H](Cc1c[nH]c2ccccc12)NC(=O)[C@H](CC(C)C)NC(=O)[C@@H](N)CCCC[NH3+])C(=O)N[C@@H](Cc1c[nH]c2ccccc12)C(=O)N[C@@H](CCCC[NH3+])C(=O)N1CCC[C@H]1C(N)=O,1,-4.0852895,4
CC[C@H](C)[C@@H]1NC(=O)[C@@H]2CCCN2C(=O)[C@@H]2CCCN2C(=O)[C@H]([C@@H](C)CC)NC(=O)[C@H](CO)NC(=O)[C@H](CCCC[NH3+])NC(=O)[C@H]([C@@H](C)O)NC(=O)[C@@H]2CSSC[C@H](NC1=O)C(=O)N[C@@H](Cc1ccccc1)C(=O)N1CCC[C@H]1C(=O)N[C@@H](CC(=O)O)C(=O)NCC(=O)N[C@@H](CCCNC(N)=[NH2+])C(=O)N2,1,-4.944414,4
CC(C)C[C@H](NC(=O)[C@@H](NC(=O)[C@H](CCCCN)NC(=O)[C@H](Cc1ccc(O)cc1)NC(=O)[C@@H](NC(=O)[C@H](Cc1ccc(O)cc1)NC(=O)[C@@H](NC(=O)[C@H](CO)NC(=O)[C@H](Cc1ccc(O)cc1)NC(=O)[C@H](CO)NC(=O)[C@H](CCC(=O)O)NC(=O)[C@H](CCCCN)NC(=O)[C@H](CCCNC(=N)N)NC(=O)[C@H](CO)NC(=O)[C@H](CCCNC(=N)N)NC1=[O+]C(CN)CC[C@@H]1NC(=O)[C@H](CCCNC(=N)N)NC(=O)[C@H](CCCCN)NC(=O)[C@H](CCCCN)NC(=O)CNC(=O)[C@H](CC(=O)O)NC(=O)[C@H](CCCCN)NC(=O)[C@H](CCCCN)NC(=O)[C@H](CCC(N)=O)NC(=O)[C@H](C)NC(=O)[C@H](CCCCN)NC(=O)[C@@H](NC(=O)[C@@H](NC(=O)[C@H](C)NC(=O)[C@H](CCCCN)NC(=O)[C@H](CCCCN)NC(=O)[C@H](CO)NC(=O)CNC(=O)[C@@H](N)CCCCN)C(C)C)[C@@H](C)O)C(C)C)C(C)C)C(C)C)C(=O)N[C@@H](CCCCN)C(=O)N[C@H](C=O)CCC(N)=O,1,6.2146072,4
C[C@@H](O)[C@@H](C=O)NC(=O)[C@H](CCCNC(N)=[NH2+])NC(=O)[C@H](CCCC[NH3+])NC(=O)[C@H](CCCC[NH3+])NC(=O)[C@H](CCCNC(N)=[NH2+])NC(=O)[C@H](CCCC[NH3+])NC(=O)[C@H](CCCNC(N)=[NH2+])NC(=O)CN,1,4.1824784,4
C[C@H](NC(=O)[C@H](CCCNC(N)=[NH2+])NC(=O)[C@H](CCCNC(N)=[NH2+])NC(=O)[C@H](CCCNC(N)=[NH2+])NC(=O)[C@H](CCCNC(N)=[NH2+])NC(=O)CN)C(=O)N[C@H](C(=O)N[C@@H](C)C(=O)N[C@@H](CCCC[NH3+])C(=O)N[C@@H](Cc1ccc(O)cc1)C(=O)N[C@@H](CCCNC(N)=[NH2+])C(=O)N[C@H](C(=O)N[C@@H](C)C(=O)NC(CO)CC1CNCN1)[C@@H](C)O)[C@@H](C)O,1,1.9779074,4
CC[C@H](C)[C@H](NC(=O)[C@H](CCCC[NH3+])NC(=O)[C@H](C)NC(=O)[C@H](CCC(N)=O)NC(=O)[C@@H](N)CCCNC(N)=[NH2+])C(=O)N[C@@H](Cc1c[nH]c2ccccc12)C(=O)N[C@@H](Cc1ccccc1)C(=O)N[C@@H](CCC(N)=O)C(=O)N[C@@H](CC(N)=O)C(=O)N[C@@H](CCCNC(N)=[NH2+])C(=O)N[C@@H](CCCNC(N)=[NH2+])C(=O)N[C@@H](CCSC)C(=O)N[C@@H](CCCC[NH3+])C(=O)N[C@@H](Cc1c[nH]c2ccccc12)C(=O)N[C@@H](CCCC[NH3+])C(=O)N[C@H](C=O)CCCC[NH3+],1,8.520778,4
CC[C@H](C)[C@H](NC(=O)[C@H](CCCC[NH3+])NC(=O)[C@@H](NC(=O)[C@H](CCC(N)=O)NC(=O)[C@@H](N)CCCNC(N)=[NH2+])[C@@H](C)CC)C(=O)N[C@@H](Cc1c[nH]c2ccccc12)C(=O)N[C@@H](Cc1ccccc1)C(=O)N[C@@H](CCC(N)=O)C(=O)N[C@@H](CC(N)=O)C(=O)N[C@@H](CCCNC(N)=[NH2+])C(=O)N[C@@H](CCCNC(N)=[NH2+])C(=O)N[C@H](C=O)CCSC,1,8.35087,4
CC[C@H](C)[C@H](NC(=O)[C@@H](NC(=O)[C@@H]1CCCN1C(=O)[C@H](CCCC[NH3+])NC(=O)[C@H](CCCC[NH3+])NC(=O)[C@@H](NC(=O)[C@@H]1CCCN1C(=O)[C@H](CCCC[NH3+])NC(=O)[C@@H](NC(=O)[C@@H](NC(=O)[C@@H](NC(=O)[C@H](CCCC[NH3+])NC(=O)[C@H](CCCC[NH3+])NC(=O)CNC(=O)[C@@H]1CCCN1C(=O)[C@H](CCCC[NH3+])NC(=O)[C@H](CCCC[NH3+])NC(=O)[C@H](CC(N)=O)NC(=O)[C@@H]1CCCN1C(=O)[C@@H](NC(=O)[C@H](CCCNC(N)=[NH2+])NC(=O)[C@@H](N)CCCC[NH3+])[C@@H](C)CC)[C@@H](C)O)[C@@H](C)O)[C@@H](C)O)[C@@H](C)O)[C@@H](C)O)C(=O)N[C@@H](CCCC[NH3+])C(=O)N[C@H](C(=O)N[C@H](C(=O)N[C@@H](CCCC[NH3+])C(=O)N[C@H](C=O)CCCC[NH3+])[C@@H](C)O)[C@@H](C)O,1,4.747658,4
NC(=[NH2+])NCCC[C@@H](N)C(=O)N[C@H](CCCNC(N)=[NH2+])C(=O)N[C@H](CCCNC(N)=[NH2+])C(=O)N[C@H](CCCNC(N)=[NH2+])C(=O)N[C@H](CCCNC(N)=[NH2+])C(=O)N[C@H](CCCNC(N)=[NH2+])C(=O)N[C@H](CCCNC(N)=[NH2+])C(=O)N[C@H](CCCNC(N)=[NH2+])C(=O)N[C@H](CCCNC(N)=[NH2+])C(=O)N[C@H](CCCNC(N)=[NH2+])C(=O)N[C@H](CCCNC(N)=[NH2+])C(=O)N[C@H](CCCNC(N)=[NH2+])C(N)=O,1,5.414856,4
C[C@@H](O)[C@H](NC(=O)[C@H](CCCNC(N)=[NH2+])NC(=O)[C@H](CCCC[NH3+])NC(=O)[C@H](CC(N)=O)NC(=O)CNC(=O)[C@@H](N)CS)C(=O)N[C@@H](CCCNC(N)=[NH2+])C(=O)NCC(=O)N[C@H](C=O)CS,1,2.632194,4
CC(C)C[C@H](NC(=O)CN)C(=O)N[C@@H](CCCC[NH3+])C(=O)N[C@@H](CCCC[NH3+])C(=O)N[C@@H](CC(C)C)C(=O)N[C@@H](C)C(=O)N[C@@H](CCC(=O)O)C(=O)N[C@@H](CC(C)C)C(=O)N[C@@H](C)C(=O)NC(CC1CNCN1)C(O)N[C@@H](CCCC[NH3+])C(=O)N[C@@H](CC(C)C)C(=O)N[C@@H](CC(C)C)C(=O)N[C@@H](CCCC[NH3+])C(=O)N[C@@H](CC(C)C)C(=O)NCC(=O)N[C@@H](CS)C(N)=O,1,-1.3308719,4
CC[C@H](C)[C@H](NC(=O)[C@H](CCCNC(N)=[NH2+])NC(=O)[C@@H](N)CCCC[NH3+])C(=O)N1CCC[C@H]1C(=O)N[C@@H](CC(N)=O)C(=O)N[C@@H](CCCC[NH3+])C(=O)N[C@@H](CCCC[NH3+])C(=O)N1CCC[C@H]1C(=O)N[C@@H](CCCC[NH3+])C(=O)N[C@H](C=O)CCCC[NH3+],1,8.310746,4
CCC[C@@H](C=O)NC(=O)[C@H](C)NC(=O)[C@H](C)NC(=O)[C@H](Cc1c[nH]c2ccccc12)NC(=O)[C@H](CCC(=O)O)NC(=O)CNC(=O)[C@@H](NC(=O)[C@H](CC(C)C)NC(=O)[C@H](CCCNC(=N)N)NC(=O)[C@H](CCC)NC(=O)[C@@H](NC(=O)[C@H](Cc1c[nH]cn1)NC(=O)[C@@H](NC(=O)[C@@H](NC(=O)[C@H](Cc1ccccc1)NC(=O)[C@@H](NC(=O)[C@H](CCCNC(=N)N)NC(=O)[C@@H](NC(=O)[C@H](CCCNC(=N)N)NC(=O)[C@H](CCC)NC(=O)[C@H](CCC)NC(=O)CNC(=O)[C@H](CS)NC(=O)[C@H](C)NC(=O)[C@H](CCCNC(=N)N)NC(=O)[C@H](CCCNC(=N)N)NC(=O)[C@@H](NC(=O)[C@H](CCCNC(=N)N)NC(=O)[C@H](CC(C)C)NC(=O)[C@@H](NC(=O)[C@@H](NC(=O)[C@H](CC(C)C)NC(=O)[C@H](Cc1ccccc1)NC(=O)[C@H](CCCNC(=N)N)NC(=O)[C@H](CCCNC(=N)N)NC(=O)[C@@H](NC(=O)[C@@H](N)CCSC)C(C)C)C(C)C)[C@@H](C)O)[C@@H](C)CC)C(C)C)C(C)C)C(C)C)C(C)C)[C@@H](C)CC)[C@@H](C)O,1,-1.2344929,4
CC(C)C[C@H](NC(=O)[C@H](CCCC[NH3+])NC(=O)[C@H](CCCNC(N)=[NH2+])NC(=O)[C@H](Cc1ccccc1)NC(=O)[C@H](Cc1ccccc1)NC(=O)[C@H](CCCC[NH3+])NC(=O)[C@H](CCCC[NH3+])NC(=O)[C@H](Cc1ccccc1)NC(=O)[C@H](CCCNC(N)=[NH2+])NC(=O)[C@H](CCCC[NH3+])NC(=O)[C@@H](N)C(C)C)C(=O)N[C@@H](CCCC[NH3+])C(=O)N[C@@H](CCCC[NH3+])C(=O)N[C@@H](CC(C)C)C(=O)N[C@H](C(N)=O)C(C)C,1,1.4420248,4
CC[C@H](C)[C@H](NC(=O)[C@H](CC(C)C)NC(=O)[C@@H](NC(=O)[C@H](CCCNC(N)=[NH2+])NC(=O)[C@H](Cc1ccccc1)NC(=O)[C@@H](NC(=O)[C@@H](NC(=O)[C@@H](N)CC(C)C)[C@@H](C)CC)[C@@H](C)CC)[C@@H](C)CC)C(=O)N[C@@H](CO)C(=O)NC(CC1CNCN1)C(O)N[C@@H](CCCNC(N)=[NH2+])C(=O)N[C@H](C=O)CCCNC(N)=[NH2+],1,8.76546,4
CC[C@H](C)[C@H](NC(=O)[C@H](C)NC(=O)[C@@H](NC(=O)[C@@H](N)Cc1ccc(O)cc1)[C@@H](C)O)C(=O)N[C@@H](C)C(=O)N[C@@H](Cc1c[nH]c2ccccc12)C(=O)N[C@H](C(=O)N[C@@H](CCCC[NH3+])C(=O)N[C@@H](C)C(=O)N[C@@H](Cc1ccccc1)C(=O)N[C@H](C(=O)N[C@@H](CCCNC(N)=[NH2+])C(=O)N[C@@H](CCCC[NH3+])C(=O)N[C@@H](CC(C)C)C(=O)N[C@@H](CCCNC(N)=[NH2+])C(=O)N[C@H](C=O)CCCC[NH3+])[C@@H](C)CC)C(C)C,1,6.6791277,4
CCC(NC(=O)[C@H](CC(=O)O)NC(=O)CN)C(O)N[C@@H](CC(C)C)C(=O)N1CCC[C@H]1C(=O)NC(CC1CNCN1)C(O)N[C@@H](CC(C)C)C(=O)N[C@@H](CCCCN)C(=O)N[C@@H](CC(C)C)C(=O)N[C@@H](CS)C(=O)O,1,-2.5435174,4
CC[C@H](C)[C@H](NC(=O)[C@H](CS)NC(=O)[C@H](CO)NC(=O)[C@@H](NC(=O)[C@@H]1CCCN1C(=O)[C@@H]1CCCN1C(=O)CNC(=O)[C@H](CCCNC(N)=[NH2+])NC(=O)[C@@H](NC(=O)[C@H](CCCC[NH3+])NC(=O)[C@H](CCCNC(N)=[NH2+])NC(=O)[C@H](CCSC)NC(=O)[C@H](CC(N)=O)NC(=O)[C@H](CCCNC(N)=[NH2+])NC(=O)[C@H](CCC(N)=O)NC(=O)[C@H](Cc1c[nH]c2ccccc12)NC(=O)[C@@H](N)CCC(N)=O)C(C)C)C(C)C)C(=O)N[C@@H](CCCC[NH3+])C(=O)N[C@H](C=O)CCCNC(N)=[NH2+],1,6.575041,4
C[C@H](N)C(=O)N[C@@H](CS)C(=O)N[C@@H](CCCNC(N)=[NH2+])C(=O)NCC(=O)N[C@@H](CCCNC(N)=[NH2+])C(=O)NCC(=O)N[C@@H](CCCNC(N)=[NH2+])C(=O)NCC(=O)N[C@@H](CS)C(=O)N[C@@H](CCCNC(N)=[NH2+])C(=O)NCC(=O)N[C@@H](CCCNC(N)=[NH2+])C(=O)NCC(=O)N[C@@H](CCCNC(N)=[NH2+])C(=O)NCC(=O)N[C@@H](CS)C(=O)NCC=O,1,3.7089107,4
CC[C@H](C)[C@H](NC(=O)[C@H](CCCC[NH3+])NC(=O)[C@H](Cc1ccccc1)NC(=O)[C@@H](NC(=O)[C@@H](NC(=O)[C@@H](N)CCSC)[C@@H](C)CC)[C@@H](C)CC)C(=O)N[C@@H](C)C(=O)N[C@@H](C)C(=O)N[C@@H](CO)C(=O)NC(CC1CNCN1)C(O)N[C@@H](CCCC[NH3+])C(=O)N[C@H](C=O)CCCC[NH3+],1,9.156682,4
CC[C@H](C)[C@H](NC(=O)[C@H](CCCNC(N)=[NH2+])NC(=O)[C@H](CCCNC(N)=[NH2+])NC(=O)[C@H](CCCNC(N)=[NH2+])NC(=O)[C@H](CC(C)C)NC(=O)[C@@H](NC(=O)[C@@H](NC(=O)[C@H](CC(C)C)NC(=O)[C@@H](N)CC(C)C)[C@@H](C)CC)[C@@H](C)CC)C(=O)N[C@@H](CCCNC(N)=[NH2+])C(=O)N[C@@H](CCCC[NH3+])C(=O)N[C@@H](CCC(N)=O)C(=O)N[C@@H](C)C(=O)NC(CC1CNCN1)C(O)N[C@H](C)C(=O)NC(CC1CNCN1)C(O)N[C@@H](CO)C(=O)N[C@H](C=O)CCCC[NH3+],1,8.859048,4
CC[C@H](C)[C@H](NC(=O)[C@H](CC(C)C)NC(=O)[C@H](CC(=O)O)NC(=O)[C@H](CCCNC(N)=[NH2+])NC(=O)[C@H](C)NC(=O)[C@@H](NC(=O)[C@@H](NC(=O)[C@@H](N)CCSC)[C@@H](C)CC)[C@@H](C)CC)C(=O)N[C@H](C=O)CO,1,9.148633,4
CC[C@H](C)[C@H](NC(=O)[C@H](CCCC[NH3+])NC(=O)[C@H](CCCC[NH3+])NC(=O)[C@H](C)NC(=O)[C@H](CC(C)C)NC(=O)[C@H](C)NC(=O)[C@H](C)NC(=O)[C@H](CC(C)C)NC(=O)[C@H](C)NC(=O)[C@H](CCCC[NH3+])NC(=O)[C@H](CC(C)C)NC(=O)[C@H](CC(N)=O)NC(=O)[C@@H](NC(=O)[C@H](CCCC[NH3+])NC(=O)CNC(=O)[C@H](CC(C)C)NC(=O)[C@H](CC(C)C)NC(=O)[C@H](Cc1ccc(O)cc1)NC(=O)CNC(=O)[C@H](C)NC(=O)[C@H](CO)NC(=O)[C@H](CC(N)=O)NC(=O)[C@H](CC(C)C)NC(=O)[C@@H](NC(=O)[C@H](Cc1c[nH]c2ccccc12)NC(=O)CN)[C@@H](C)O)[C@@H](C)CC)C(=O)N[C@H](C=O)CC(C)C,1,4.5183554,4
CC[C@H](C)[C@H](NC(=O)CNC(=O)[C@H](CC(=O)O)NC(=O)[C@H](CO)NC(=O)[C@@H]([NH3+])Cc1c[nH]cn1)C(=O)N[C@@H](Cc1ccccc1)C(=O)N[C@H](C(=O)N[C@@H](CC(=O)O)C(=O)N[C@@H](CO)C(=O)N[C@@H](Cc1ccc(O)cc1)C(=O)N[C@@H](CO)C(=O)N[C@@H](CCCNC(N)=[NH2+])C(=O)N[C@@H](Cc1ccc(O)cc1)C(=O)N[C@@H](CCCNC(N)=[NH2+])C(=O)N[C@@H](CCCC[NH3+])C(=O)N[C@@H](CCC(N)=O)C(=O)N[C@@H](CCSC)C(=O)N[C@@H](C)C(=O)N[C@H](C(=O)N[C@@H](CCCC[NH3+])C(=O)N[C@@H](CCCC[NH3+])C(=O)N[C@@H](Cc1ccc(O)cc1)C(=O)N[C@@H](CC(C)C)C(=O)N[C@@H](C)C(=O)N[C@@H](C)C(=O)N[C@H](C(=O)N[C@@H](CC(C)C)C(=O)NCC(=O)N[C@@H](CCCC[NH3+])C(=O)N[C@@H](CCCNC(N)=[NH2+])C(=O)N[C@@H](Cc1ccc(O)cc1)C(=O)N[C@@H](CCCC[NH3+])C(=O)N[C@@H](CCC(N)=O)C(=O)N[C@@H](CCCNC(N)=[NH2+])C(=O)N[C@H](C(=O)N[C@@H](CCCC[NH3+])C(=O)N[C@@H](CC(N)=O)C(=O)N[C@@H](CCCC[NH3+])C(N)=O)C(C)C)C(C)C)C(C)C)[C@@H](C)O,1,-1.9217855,4
CC[C@H](C)[C@H](NC(=O)[C@H](CC(N)=O)NC(=O)[C@H](C)NC(=O)[C@H](CC(C)C)NC(=O)[C@H](CC(C)C)NC(=O)[C@H](CC(N)=O)NC(=O)[C@H](CO)NC(O)C(CC1CNCN1)NC(O)C(CC1CNCN1)NC(=O)[C@H](CCCNC(N)=[NH2+])NC(=O)[C@H](CC(C)C)NC(O)C(CC1CNCN1)NC(=O)[C@H](CCCNC(N)=[NH2+])NC(=O)[C@H](CC(C)C)NC(=O)[C@H](CC(C)C)NC(=O)[C@H](CC(C)C)NC(=O)CNC(=O)[C@H](CC(C)C)NC(C)=O)C(N)=O,1,-1.0871179,4
NC(=[NH2+])NCCC[C@@H](N)C(=O)N[C@H](CCCNC(N)=[NH2+])C(=O)N[C@H](CCCNC(N)=[NH2+])C(=O)N[C@H](CCCNC(N)=[NH2+])C(=O)N[C@H](CCCNC(N)=[NH2+])C(=O)N[C@H](CCCNC(N)=[NH2+])C(=O)N[C@H](CCCNC(N)=[NH2+])C(=O)N[C@H](CCCNC(N)=[NH2+])C(=O)N[C@H](CCCNC(N)=[NH2+])C(=O)N[C@H](CCCNC(N)=[NH2+])C(=O)N[C@H](CCCNC(N)=[NH2+])C(=O)N[C@H](CCCNC(N)=[NH2+])C(=O)NCC(=O)N[C@@H](CS)C(N)=O,1,6.904131,4
CC(C)[C@H](NC(=O)[C@H](CCCNC(N)=[NH2+])NC(=O)[C@H](CCCNC(N)=[NH2+])NC(=O)[C@H](CCCNC(N)=[NH2+])NC(=O)[C@H](CC(N)=O)NC(=O)[C@H](CCCNC(N)=[NH2+])NC(=O)[C@H](CCCNC(N)=[NH2+])NC(=O)[C@@H](NC(=O)[C@@H](N)CCCNC(N)=[NH2+])[C@@H](C)O)C(=O)N[C@H](C=O)CCCNC(N)=[NH2+],1,8.272185,4
CC[C@H](C)[C@H](NC(=O)[C@H](CO)NC(=O)[C@H](CCCCN)NC(=O)[C@@H](NC(=O)[C@H](CCCNC(=N)N)NC(=O)[C@H](CCC(=O)O)NC(=O)[C@H](Cc1c[nH]c2ccccc12)NC(=O)[C@H](CCSC)NC(=O)[C@H](CO)NC(=O)[C@H](C)N)C(C)C)C(=O)N[C@H](C(=O)N[C@@H](CCCCN)C(=O)N[C@@H](CO)C(=O)N[C@@H](CO)C(=O)N[C@@H](CC(C)C)C(=O)N[C@@H](C)C(=O)N[C@@H](C)C(=O)N[C@@H](C)C(=O)N[C@@H](CO)C(=O)N[C@@H](CC(N)=O)C(=O)N[C@H](C=O)[C@@H](C)CC)[C@@H](C)CC,1,2.4745698,4
C[C@H](NC(=O)[C@H](CCC(N)=O)NC(=O)[C@H](CCCC[NH3+])NC(=O)[C@H](CCC(=O)O)NC(=O)[C@H](C)NC(=O)[C@H](CCCNC(N)=[NH2+])NC(=O)[C@H](CCCNC(N)=[NH2+])NC(=O)[C@H](CCC(=O)O)NC(=O)[C@H](CCCNC(N)=[NH2+])NC(=O)[C@H](CCCNC(N)=[NH2+])NC(=O)[C@H](CCCNC(N)=[NH2+])NC(=O)[C@@H](NC(=O)[C@@H](N)CCC(N)=O)[C@@H](C)O)C(=O)N[C@@H](CCC(N)=O)C(=O)N[C@H](C=O)Cc1c[nH]c2ccccc12,1,8.46633,4
CC[C@H](C)[C@H](NC(=O)[C@H](C)NC(=O)[C@H](CC(C)C)NC(=O)[C@H](CCCC[NH3+])NC(=O)[C@H](CC(C)C)NC(=O)[C@@H](NC(=O)[C@@H](NC(=O)[C@@H](N)CCCC[NH3+])[C@@H](C)CC)[C@@H](C)O)C(=O)N[C@@H](CCCC[NH3+])C(=O)N[C@@H](C)C(=O)N[C@@H](Cc1c[nH]c2ccccc12)C(=O)N[C@@H](CCCC[NH3+])C(=O)N[C@@H](CC(C)C)C(=O)N[C@@H](C)C(=O)N[C@@H](CC(C)C)C(=O)N[C@@H](CCCC[NH3+])C(=O)N[C@@H](C)C(=O)N[C@@H](C)C(N)=O,1,1.3306506,4
NCC(=O)N[C@@H](CCCNC(N)=[NH2+])C(=O)NCC(=O)N[C@@H](CC(=O)O)C(=O)N[C@@H](CO)C(=O)N1CCC[C@H]1C(=O)N[C@@H](CCCNC(N)=[NH2+])C(=O)N[C@@H](CCCNC(N)=[NH2+])C(=O)N[C@@H](CO)C(=O)N1CCC[C@H]1C(=O)N[C@@H](CCCNC(N)=[NH2+])C(=O)N[C@H](C=O)CCCNC(N)=[NH2+],1,7.220732,4
CC[C@H](C)[C@H](NC(=O)[C@H](CC(C)C)NC(=O)[C@@H](N)CCCC[NH3+])C(=O)N[C@@H](CCCC[NH3+])C(=O)NCC(=O)N[C@@H](CCCNC(N)=[NH2+])C(=O)N[C@H](C(=O)N1CCC[C@H]1C(=O)N[C@H](C(=O)N[C@@H](CCCC[NH3+])C(=O)N[C@@H](Cc1ccccc1)C(=O)NCC(=O)N[C@@H](CCCC[NH3+])C(=O)N[C@@H](C)C(=O)N[C@@H](CCCNC(N)=[NH2+])C(=O)N[C@@H](CS)C(=O)N[C@@H](CCCNC(N)=[NH2+])C(=O)N[C@@H](CCCNC(N)=[NH2+])C(=O)N1CCC[C@H]1C(=O)N1CCC[C@H]1C(=O)N[C@@H](CCCC[NH3+])C(=O)NC(CC1CNCN1)C(O)N[C@@H](CO)C(=O)NCC(=O)N[C@H](C=O)CCCC[NH3+])[C@@H](C)CC)[C@@H](C)O,1,6.057186,4
CC[C@H](C)[C@H](NC(=O)[C@H](CCCNC(N)=[NH2+])NC(=O)[C@H](CC(C)C)NC(=O)[C@H](CCC(N)=O)NC(=O)[C@@H](N)CCCNC(N)=[NH2+])C(=O)N[C@@H](C)C(=O)NCC(=O)N[C@@H](CCCNC(N)=[NH2+])C(=O)N[C@@H](CCCNC(N)=[NH2+])C(=O)N[C@@H](CC(C)C)C(=O)N[C@@H](CCCNC(N)=[NH2+])C(=O)NCC(=O)N[C@@H](CCCNC(N)=[NH2+])C(=O)N[C@@H](CO)C(=O)N[C@H](C=O)CCCNC(N)=[NH2+],1,9.371467,4
NC(=[NH2+])NCCC[C@H](NC(=O)[C@H](CCCNC(N)=[NH2+])NC(=O)[C@H](CCCNC(N)=[NH2+])NC(=O)[C@H](CCCNC(N)=[NH2+])NC(=O)[C@H](CCCNC(N)=[NH2+])NC(=O)[C@H](CCCNC(N)=[NH2+])NC(=O)[C@H](CCCNC(N)=[NH2+])NC(=O)[C@H](CCCNC(N)=[NH2+])NC(=O)[C@@H](N)CCCNC(N)=[NH2+])C(N)=O,1,4.0851803,4
CC(C)C[C@H](NC(=O)CN)C(=O)N[C@@H](Cc1c[nH]c2ccccc12)C(=O)N[C@@H](CCCNC(N)=[NH2+])C(=O)N[C@@H](C)C(=O)N[C@@H](CC(C)C)C(=O)N[C@@H](Cc1c[nH]c2ccccc12)C(=O)N[C@@H](CCCNC(N)=[NH2+])C(=O)N[C@@H](CC(C)C)C(=O)N[C@@H](CC(C)C)C(=O)N[C@@H](CCCNC(N)=[NH2+])C(=O)N[C@@H](CO)C(=O)N[C@@H](CC(C)C)C(=O)N[C@@H](Cc1c[nH]c2ccccc12)C(=O)N[C@@H](CCCNC(N)=[NH2+])C(=O)N[C@@H](CC(C)C)C(=O)N[C@@H](CC(C)C)C(=O)N[C@@H](Cc1c[nH]c2ccccc12)C(=O)N[C@@H](CCCNC(N)=[NH2+])C(=O)N[C@@H](C)C=O,1,3.8537803,4
CC(C)C[C@H](NC(=O)CN)C(=O)N[C@@H](CCCC[NH3+])C(=O)N[C@@H](CCCC[NH3+])C(=O)N[C@@H](CC(C)C)C(=O)N[C@@H](C)C(=O)N[C@@H](CCC(=O)O)C(=O)N[C@@H](CC(C)C)C(=O)N[C@@H](Cc1ccccc1)C(=O)NC(CC1CNCN1)C(O)N[C@@H](CCCC[NH3+])C(=O)N[C@@H](CC(C)C)C(=O)N[C@@H](CC(C)C)C(=O)N[C@@H](CCCC[NH3+])C(=O)N[C@@H](CC(C)C)C(=O)NCC(=O)N[C@@H](CS)C(N)=O,1,-1.593516,4
CSCC[C@H](NC(=O)[C@@H](NC(=O)[C@H](CO)NC(=O)CNC(=O)[C@H](C)NC(=O)[C@H](C)NC(=O)CNC(=O)[C@H](CC(C)C)NC(=O)[C@H](Cc1ccccc1)NC(=O)CNC(=O)[C@H](CC(C)C)NC(=O)[C@H](Cc1ccccc1)NC(=O)[C@H](CC(C)C)NC(=O)[C@H](C)NC(=O)CN)[C@@H](C)O)C(=O)NCC(=O)N[C@@H](C)C(=O)N[C@@H](Cc1c[nH]c2ccccc12)C(=O)N[C@@H](CO)C(=O)N[C@@H](CCC(N)=O)C(=O)N1CCC[C@H]1C(=O)N[C@@H](CCCC[NH3+])C(=O)N[C@@H](CO)C(=O)N[C@@H](CCCC[NH3+])C(=O)N[C@@H](CCCNC(N)=[NH2+])C(=O)N[C@@H](CCCC[NH3+])C(=O)N[C@H](C=O)C(C)C,1,4.141764,4
CC[C@H](C)[C@H](NC(=O)[C@H](C)NC(=O)[C@H](C)NC(=O)[C@@H]1CCCN1C(=O)[C@H](CCCNC(N)=[NH2+])NC(=O)[C@@H](N)CCCC[NH3+])C(=O)N[C@@H](CCCC[NH3+])C(=O)N[C@@H](CCCC[NH3+])C(=O)N[C@@H](C)C(=O)NCC(=O)N[C@@H](CCC(N)=O)C(=O)N[C@@H](C)C(=O)N[C@@H](CCCC[NH3+])C(=O)N[C@@H](CCCC[NH3+])C(=O)N[C@@H](CCCC[NH3+])C(=O)N[C@H](C=O)CCCC[NH3+],1,9.741135,4
C[C@H](NC(=O)[C@H](CCCC[NH3+])NC(=O)[C@H](CO)NC(=O)[C@H](CCCNC(N)=[NH2+])NC(=O)[C@H](CS)NC(O)C(CC1CNCN1)NC(O)C(CC1CNCN1)NC(=O)[C@H](CCCNC(N)=[NH2+])NC(=O)[C@H](CCCNC(N)=[NH2+])NC(=O)CN)C(=O)N[C@@H](CCCC[NH3+])C(=O)N[C@@H](CCCNC(N)=[NH2+])C(=O)N[C@@H](CO)C(=O)N[C@@H](CCCNC(N)=[NH2+])C(=O)NC(CC1CNCN1)C(O)NC(CO)CC1CNCN1,1,2.8773222,4
C[C@H](N)C(=O)N[C@@H](CS)C(=O)N[C@@H](CO)C(=O)NCC(=O)N[C@@H](CO)C(=O)NCC(=O)N[C@@H](CO)C(=O)NCC(=O)N[C@@H](CS)C(=O)NCC(=O)N[C@@H](CO)C(=O)NCC(=O)N[C@@H](CO)C(=O)NCC(=O)N[C@@H](CO)C(=O)N[C@@H](CS)C(=O)NCC=O,1,-1.677442,4
NC(=[NH2+])NCCC[C@@H](C=O)NC(=O)[C@H](CCCNC(N)=[NH2+])NC(=O)[C@H](CCCNC(N)=[NH2+])NC(=O)[C@H](CCCNC(N)=[NH2+])NC(=O)[C@H](CCCNC(N)=[NH2+])NC(=O)[C@H](CCCNC(N)=[NH2+])NC(=O)[C@H](CCCNC(N)=[NH2+])NC(=O)[C@@H](N)CCCNC(N)=[NH2+],1,7.968088,4
NCC(=O)N[C@@H](CCCC[NH3+])C(=O)NC(CC1CNCN1)C(O)N[C@@H](CCCNC(N)=[NH2+])C(=O)NC(CC1CNCN1)C(O)N[C@@H](CCC(=O)O)C(=O)N[C@@H](CCCNC(N)=[NH2+])C(=O)NCC(=O)NC(CC1CNCN1)C(O)NC(CC1CNCN1)C(O)N[C@@H](CCCNC(N)=[NH2+])C(=O)N[C@@H](CC(=O)O)C(=O)N[C@@H](CCCNC(N)=[NH2+])C(=O)N[C@@H](CCCNC(N)=[NH2+])C(=O)N[C@@H](CCC(=O)O)C(=O)N[C@H](C=O)CCCNC(N)=[NH2+],1,4.8530335,4
NC(=[NH2+])NCCC[C@@H](C=O)NC(=O)[C@H](CCCNC(N)=[NH2+])NC(=O)[C@H](CCCNC(N)=[NH2+])NC(=O)[C@H](CCCNC(N)=[NH2+])NC(=O)[C@H](CCCNC(N)=[NH2+])NC(=O)[C@H](CCCNC(N)=[NH2+])NC(=O)[C@H](CCCNC(N)=[NH2+])NC(=O)[C@H](CCCNC(N)=[NH2+])NC(=O)[C@@H](N)Cc1c[nH]c2ccccc12,1,6.028157,4
CC[C@H](C)[C@H](NC(=O)[C@H](CCCC[NH3+])NC(=O)[C@H](CC(C)C)NC(=O)[C@@H](NC(=O)[C@H](CO)NC(=O)[C@H](CCCC[NH3+])NC(=O)[C@H](Cc1c[nH]c2ccccc12)NC(=O)[C@@H](NC(=O)[C@H](CCCC[NH3+])NC(=O)[C@H](C)NC(=O)[C@@H](NC(=O)[C@H](CO)NC(=O)[C@H](CCCC[NH3+])NC(=O)[C@H](C)NC(=O)[C@H](C)NC(=O)[C@@H](NC(=O)[C@@H](N)CCCC[NH3+])[C@@H](C)CC)[C@@H](C)CC)[C@@H](C)CC)[C@@H](C)CC)C(=O)N[C@@H](C)C(N)=O,1,-1.3601795,4
CC[C@H](C)[C@H](NC(=O)[C@H](CCCC[NH3+])NC(=O)[C@@H](NC(=O)[C@H](CCC(N)=O)NC(=O)[C@@H]([NH3+])CCCNC(N)=[NH2+])[C@@H](C)CC)C(=O)N[C@@H](Cc1c[nH]c2ccccc12)C(=O)N[C@@H](Cc1ccccc1)C(=O)N[C@@H](CCC(N)=O)C(=O)N[C@@H](CC(N)=O)C(=O)N[C@@H](CCCNC(N)=[NH2+])C(=O)N[C@@H](CCCNC(N)=[NH2+])C(=O)N[C@@H](CCSC)C(=O)N[C@@H](CCCC[NH3+])C(=O)N[C@@H](Cc1c[nH]c2ccccc12)C(=O)N[C@@H](CCCC[NH3+])C(=O)N[C@@H](CCCC[NH3+])C(=O)O,1,3.591557,4
CC(C)[C@@H](N)C(=O)N[C@H](CS)C(=O)N[C@@H](C(=O)N[C@@H](C=O)CCCNC(N)=[NH2+])C(C)C,1,5.7640696,4
CC(C)C[C@@H](C=O)NC(=O)[C@H](CCC(=O)O)NC(=O)[C@@H](NC(=O)[C@H](CC(C)C)NC(=O)[C@@H](NC(=O)[C@H](CCCC[NH3+])NC(=O)[C@@H](NC(=O)[C@H](CC(C)C)NC(=O)[C@H](CCC(=O)O)NC(=O)[C@H](CCCC[NH3+])NC(=O)[C@H](CC(C)C)NC(=O)[C@@H](NC(=O)[C@H](CCC(=O)O)NC(=O)[C@@H](NC(=O)[C@H](CC(C)C)NC(=O)[C@@H](NC(=O)[C@H](CCCC[NH3+])NC(=O)[C@@H](N)CC(C)C)[C@@H](C)O)[C@@H](C)O)[C@@H](C)O)[C@@H](C)O)[C@@H](C)O)[C@@H](C)O,1,1.9718834,4
CC(C)C[C@H](NC(=O)CNC(=O)[C@H](C)NC(=O)[C@H](CCCNC(=N)N)NC(=O)[C@H](CO)NC(=O)[C@H](CO)NC(=O)[C@H](CCCNC(=N)N)NC(=O)[C@@H](NC(=O)[C@H](CCCCN)NC(=O)[C@H](C)NC(=O)[C@H](CCCCN)NC(=O)[C@H](C)NC(=O)[C@H](CCCNC(=N)N)NC(=O)[C@H](C)NC(=O)[C@H](CCCCN)NC(=O)CNC(=O)CNC(=O)[C@H](CCC(N)=O)NC(=O)[C@H](CCCCN)NC(=O)CNC(=O)[C@H](CCCNC(=N)N)NC(=O)CNC(=O)[C@@H](N)CO)[C@@H](C)O)C(=O)N[C@@H](CCC(N)=O)C(=O)N[C@@H](Cc1ccccc1)C(=O)N1CCC[C@H]1C(=O)N[C@H](C(=O)NCC(=O)N[C@@H](CCCNC(=N)N)C(=O)N[C@H](C(=O)N[C@@H](Cc1c[nH]cn1)C(=O)N[C@@H](CCCNC(=N)N)C(=O)N[C@@H](CC(C)C)C(=O)N[C@@H](CC(C)C)C(=O)N[C@@H](CCCNC(=N)N)C(=O)N[C@@H](CCCCN)C(=O)NCC=O)C(C)C)C(C)C,1,5.8253603,4
CC[C@H](C)[C@H](NC(=O)[C@H](CCCC[NH3+])NC(=O)[C@@H](NC(=O)[C@H](CCC(N)=O)NC(=O)[C@@H]([NH3+])CCCNC(N)=[NH2+])[C@@H](C)CC)C(=O)N[C@@H](Cc1c[nH]c2ccccc12)C(=O)N[C@@H](Cc1ccccc1)C(=O)N[C@@H](CCC(N)=O)C(=O)N[C@@H](CC(N)=O)C(=O)N[C@@H](CCCNC(N)=[NH2+])C(=O)N[C@@H](CCCNC(N)=[NH2+])C(=O)N[C@@H](CCSC)C(=O)N[C@@H](CCCC[NH3+])C(=O)N[C@@H](Cc1c[nH]c2ccccc12)C(=O)N[C@@H](CCCC[NH3+])C(=O)N[C@@H](CCCC[NH3+])C(=O)O,1,3.591557,4
NC(=[NH2+])NCCC[C@@H](N)C(=O)N[C@@H](CCCNC(N)=[NH2+])C(=O)N[C@H](CCCNC(N)=[NH2+])C(=O)NCC(=O)N[C@H](CCCNC(N)=[NH2+])C(=O)N[C@@H](CCCC[NH3+])C(=O)N[C@H](CCCC[NH3+])C(=O)N[C@@H](CCCNC(N)=[NH2+])C(=O)N[C@@H](C=O)CCCNC(N)=[NH2+],1,7.978505,4
CC[C@H](C)[C@H](NC(=O)[C@H](CCCC[NH3+])NC(=O)[C@@H](NC(=O)[C@H](CCC(N)=O)NC(=O)[C@@H](N)CCCNC(N)=[NH2+])[C@@H](C)CC)C(=O)N[C@@H](Cc1c[nH]c2ccccc12)C(=O)N[C@@H](Cc1ccccc1)C(=O)N[C@@H](CCC(N)=O)C(=O)N[C@H](C=O)CC(N)=O,1,6.5639405,4
C[C@H](NC(=O)[C@H](C)NC(=O)[C@H](CO)NC(=O)[C@H](CCCNC(N)=[NH2+])NC(=O)[C@H](CS)NC(O)C(CC1CNCN1)NC(O)C(CC1CNCN1)NC(=O)[C@H](CCCNC(N)=[NH2+])NC(=O)[C@H](CCCNC(N)=[NH2+])NC(=O)[C@@H](N)CO)C(=O)N[C@@H](CCCC[NH3+])C(=O)N[C@@H](CCCNC(N)=[NH2+])C(=O)N[C@@H](CO)C(=O)N[C@@H](CCCNC(N)=[NH2+])C(=O)NC(CC1CNCN1)C(O)NC(CO)CC1CNCN1,1,4.5846195,4
NC(=[NH2+])NCCC[C@H](NC(=O)[C@H](Cc1ccccc1)NC(=O)[C@H](CCCC[NH3+])NC(=O)[C@H](CCCC[NH3+])NC(=O)[C@@H](N)Cc1ccccc1)C(=O)N[C@@H](CCCC[NH3+])C(=O)N[C@H](C=O)Cc1ccccc1,1,5.8255196,4
CCC[C@@H]1NC(=O)[C@@H]2CS34SC[C@H](NC(=O)[C@H]([C@@H](C)CC)NC(=O)[C@H](CS)NC(=O)[C@H](C)NC(=O)CNC1=O)C(=O)N[C@@H](CCCNC(=N)N)C(=O)NCC(=O)N[C@@H](CC(N)=O)C(=O)NCC(=O)N[C@@H](Cc1ccc(O)cc1)C(=O)N[C@H](C(=O)NCC(=O)N[C@@H](CO)C(=O)NCC(=O)N[C@@H](CO)C(=O)N[C@H](C=O)CC(=O)O)C[SH]3[SH]4C[C@H](NC(=O)[C@H](CCCCN)NC(=O)[C@H](CCCCN)NC(=O)[C@H](CC(C)C)NC(=O)[C@@H](NC(=O)[C@H](C)NC(=O)[C@H](CCC)NC(=O)[C@H](CS)NC(=O)[C@@H](NC(=O)CNC(=O)CN)C(C)C)[C@@H](C)CC)C(=O)N[C@@H](CCCNC(=N)N)C(=O)N[C@@H](CCCNC(=N)N)C(=O)N[C@@H](CC(=O)O)C(=O)N[C@@H](CO)C(=O)N[C@@H](CC(=O)O)C(=O)N2,1,0.8848006,4
C[C@H](N)C(=O)N[C@@H](CS)C(=O)N[C@@H](CO)C(=O)NCC(=O)N[C@@H](CCCNC(N)=[NH2+])C(=O)NCC(=O)N[C@@H](CCCNC(N)=[NH2+])C(=O)NCC(=O)N[C@@H](CS)C(=O)NCC(=O)N[C@@H](CO)C(=O)NCC(=O)N[C@@H](CO)C(=O)NCC(=O)N[C@@H](CO)C(=O)N[C@@H](CS)C(=O)NCC=O,1,2.2993844,4
CC[C@H](C)[C@H](NC(=O)[C@H](CC(C)C)NC(=O)[C@H](C)NC(=O)[C@H](CCCNC(N)=[NH2+])NC(=O)[C@H](Cc1ccccc1)NC(=O)[C@@H](NC(=O)[C@@H](NC(=O)[C@@H](N)CCSC)[C@@H](C)CC)[C@@H](C)CC)C(=O)N[C@@H](CO)C(=O)NC(CC1CNCN1)C(O)N[C@@H](CCCC[NH3+])C(=O)N[C@H](C=O)CCCC[NH3+],1,9.343703,4
CC(C)C[C@H](NC(=O)[C@H](CCCNC(N)=[NH2+])NC(=O)[C@H](CCCNC(N)=[NH2+])NC(=O)[C@H](CC(C)C)NC(=O)[C@H](CC(C)C)NC(=O)[C@H](CCCNC(N)=[NH2+])NC(=O)[C@@H](N)CCCNC(N)=[NH2+])C(=O)N[C@@H](CCCNC(N)=[NH2+])C(=O)N[C@H](C=O)CCCNC(N)=[NH2+],1,8.048992,4
CC[C@H](C)[C@H](NC(=O)[C@H](CCCNC(N)=[NH2+])NC(=O)[C@@H](N)CCCC[NH3+])C(=O)N1CCC[C@H]1C(=O)N[C@@H](CC(N)=O)C(=O)N[C@@H](CCCC[NH3+])C(=O)N[C@@H](CCCC[NH3+])C(=O)N1CCC[C@H]1C(=O)NCC(=O)N[C@@H](CCCC[NH3+])C(=O)N[C@H](C=O)CCCC[NH3+],1,8.3626585,4
CC[C@H](C)[C@H](NC(=O)[C@H](CCCC[NH3+])NC(=O)[C@@H](NC(=O)[C@H](CCC(N)=O)NC(=O)[C@@H](N)CCCNC(N)=[NH2+])[C@@H](C)CC)C(=O)N[C@@H](Cc1c[nH]c2ccccc12)C(=O)N[C@@H](Cc1ccccc1)C(=O)N1CCC[C@H]1C(=O)N[C@@H](CC(N)=O)C(=O)N[C@@H](CCCNC(N)=[NH2+])C(=O)N[C@@H](CCCNC(N)=[NH2+])C(=O)N[C@@H](CCSC)C(=O)N[C@@H](CCCC[NH3+])C(=O)N[C@@H](Cc1c[nH]c2ccccc12)C(=O)N[C@@H](CCCC[NH3+])C(=O)N[C@H](C=O)CCCC[NH3+],1,8.385615,4
CC[C@H](C)[C@H](NC(=O)[C@H](CCCNC(N)=[NH2+])NC(=O)[C@@H](NC(=O)[C@@H](N)CCCNC(N)=[NH2+])C(C)C)C(=O)N[C@@H](CC(C)C)C(=O)N[C@@H](C)C(=O)N[C@@H](CCCNC(N)=[NH2+])C(=O)N[C@@H](Cc1ccccc1)C(=O)N[C@@H](CC(C)C)C(=O)N[C@@H](CCCNC(N)=[NH2+])C(=O)N[C@H](C(=O)N[C@@H](CCCNC(N)=[NH2+])C(=O)N[C@H](C=O)C(C)C)[C@@H](C)O,1,7.5541697,4
CC[C@H](C)[C@H](NC(=O)[C@H](CCCCN)NC(=O)[C@H](CCCCN)NC(=O)[C@H](C)NC(=O)[C@H](CC(C)C)NC(=O)[C@H](C)NC(=O)[C@H](C)NC(=O)[C@H](CC(C)C)NC(=O)[C@H](C)NC(=O)[C@H](CCCCN)NC(=O)[C@H](CC(C)C)NC(=O)[C@H](CC(N)=O)NC(=O)[C@@H](NC(=O)[C@H](CCCCN)NC(=O)CNC(=O)[C@H](CC(C)C)NC(=O)[C@H](CC(C)C)NC(=O)[C@H](Cc1ccc(O)cc1)NC(=O)CNC(=O)[C@H](C)N)[C@@H](C)O)C(=O)N[C@H](C=O)CC(C)C,1,9.194652,4
NC(=[NH2+])NCCC[C@H](NC(=O)CNC(=O)[C@H](CCCNC(N)=[NH2+])NC(=O)[C@@H](N)CCCNC(N)=[NH2+])C(=O)N[C@@H](CCCNC(N)=[NH2+])C(=O)NCC=O,1,5.236153,4
CC[C@H](C)[C@H](NC(=O)[C@H](CCCNC(N)=[NH2+])NC(=O)[C@H](CC(C)C)NC(=O)[C@@H](NC(=O)[C@@H](NC(=O)[C@H](CC(C)C)NC(=O)[C@H](Cc1ccccc1)NC(=O)[C@H](CCCNC(N)=[NH2+])NC(=O)[C@H](CCCNC(N)=[NH2+])NC(=O)[C@@H](N)C(C)C)C(C)C)[C@@H](C)O)C(=O)N[C@@H](CCCNC(N)=[NH2+])C(=O)N[C@@H](CCCNC(N)=[NH2+])C(=O)N[C@@H](C)C=O,1,4.108023,4
CCC[C@H](NC(=O)[C@@H](NC(=O)[C@H](CC(C)C)NC(=O)[C@H](CC(N)=O)NC(=O)[C@H](CCCNC(=N)N)NC(=O)[C@H](CC(C)C)NC(=O)[C@H](Cc1ccccc1)NC(=O)[C@H](CC(=O)O)NC(=O)[C@H](CCCCN)NC(=O)[C@@H](NC(=O)[C@H](CCCNC(=N)N)NC(=O)[C@H](CCC(N)=O)NC(=O)[C@@H](NC(=O)[C@@H](NC(=O)[C@H](CCCNC(=N)N)NC(=O)[C@H](CCCCN)NC(=O)[C@H](Cc1ccccc1)NC(=O)[C@H](CCC(=O)O)NC(=O)[C@H](CCCCN)NC(=O)CNC(=O)[C@@H](NC(=O)[C@H](CCCCN)NC(=O)[C@H](CCC(=O)O)NC(=O)[C@H](CCCCN)NC(=O)[C@H](CO)NC(=O)[C@H](CCCCN)NC(=O)[C@H](CCCNC(=N)N)NC(=O)[C@H](Cc1ccccc1)NC(=O)[C@H](Cc1ccccc1)NC(=O)[C@H](CC(=O)O)NC(=O)CNC(=O)[C@H](CC(C)C)NC(=O)[C@@H](N)CC(C)C)[C@@H](C)CC)[C@@H](C)CC)C(C)C)[C@@H](C)CC)C(C)C)C(=O)N[C@@H](CCCNC(=N)N)C(=O)N[C@H](C(=O)N[C@@H](CCC(=O)O)C(=O)N[C@@H](CO)C(=O)N[C@H](C=O)CS)[C@@H](C)O,1,-0.038569305,4
CC[C@H](C)[C@H](NC(=O)[C@H](C)NC(=O)[C@@H](NC(=O)[C@H](CCC(N)=O)NC(=O)[C@@H]1CCCN1C(=O)[C@H](Cc1ccccc1)NC(=O)[C@@H](NC(O)C(CC1CNCN1)NC(=O)[C@H](Cc1ccccc1)NC(=O)[C@H](CCCC[NH3+])NC(=O)[C@H](CC(N)=O)NC(=O)[C@H](Cc1ccccc1)NC(=O)[C@H](CC(=O)O)NC(=O)[C@H](CCC(N)=O)NC(=O)[C@@H](NC(=O)[C@H](Cc1ccc(O)cc1)NC(=O)[C@@H](NC(=O)CNC(=O)[C@@H](N)CC(C)C)[C@@H](C)O)[C@@H](C)O)[C@@H](C)O)[C@@H](C)O)C(=O)NCC(=O)N[C@H](C(=O)NCC(=O)N[C@@H](C)C(=O)N1CCC[C@H]1C=O)C(C)C,1,-1.6473768,4
CSCC[C@H](NC(=O)[C@H](CC(N)=O)NC(=O)[C@H](CCCNC(N)=[NH2+])NC(=O)[C@H](CCC(N)=O)NC(=O)[C@H](Cc1c[nH]c2ccccc12)NC(=O)[C@H](CCC(N)=O)NC(=O)[C@@H](N)Cc1ccccc1)C(=O)N[C@@H](CCCNC(N)=[NH2+])C(=O)N[C@@H](CCCC[NH3+])C(=O)N[C@H](C(=O)N[C@@H](CCCNC(N)=[NH2+])C(=O)NCC(=O)N1CCC[C@H]1C(=O)N1CCC[C@H]1C(=O)N[C@H](C(=O)N[C@H](C=O)CO)C(C)C)C(C)C,1,5.531426,4
C[C@H](N)C(=O)N[C@@H](CS)C(=O)N[C@@H](CCCNC(N)=[NH2+])C(=O)NCC(=O)N[C@@H](CO)C(=O)NCC(=O)N[C@@H](CCCNC(N)=[NH2+])C(=O)NCC(=O)N[C@@H](CS)C(=O)NCC(=O)N[C@@H](CCCNC(N)=[NH2+])C(=O)NCC(=O)N[C@@H](CO)C(=O)NCC(=O)N[C@@H](CCCNC(N)=[NH2+])C(=O)N[C@@H](CS)C(=O)NCC=O,1,3.455498,4
CC[C@H](C)[C@H](NC(=O)[C@H](CCCCN)NC(=O)[C@H](CCCCN)NC(=O)[C@H](C)NC(=O)[C@H](CC(C)C)NC(=O)[C@H](CCCCN)NC(=O)[C@H](C)NC(=O)[C@H](CC(C)C)NC(=O)[C@H](CCCCN)NC(=O)[C@H](C)NC(=O)[C@H](CC(C)C)NC(=O)[C@H](CCCCN)NC(=O)[C@H](C)NC(=O)[C@H](CC(C)C)NC(=O)[C@H](CCCCN)NC(=O)[C@H](C)NC(=O)[C@H](CC(C)C)NC(=O)[C@H](CCCCN)NC(=O)[C@H](C)NC(=O)[C@H](CC(C)C)NC(=O)[C@H](C)NC(=O)[C@H](CC(C)C)NC(=O)[C@H](C)NC(=O)[C@H](CC(C)C)NC(=O)[C@H](C)NC(=O)[C@H](CC(C)C)NC(=O)[C@H](C)NC(=O)[C@H](CC(C)C)NC(=O)[C@H](C)NC(=O)[C@H](CC(C)C)NC(=O)[C@H](C)NC(=O)[C@H](CC(C)C)NC(=O)[C@H](C)NC(=O)[C@@H](N)CC(C)C)C(=O)N[C@H](C=O)CCCCN,1,9.243655,4
CC(C)C[C@H](NC(=O)[C@H](C)NC(=O)[C@H](CC(C)C)NC(=O)[C@H](CC(C)C)NC(=O)[C@@H](NC(=O)[C@H](C)NC(=O)[C@@H]1CCCN1C(=O)[C@H](CC(C)C)NC(=O)[C@H](CC(C)C)NC(=O)[C@H](C)NC(=O)[C@@H](NC(=O)[C@H](C)NC(=O)[C@H](C)NC(=O)[C@H](CCCC[NH3+])NC(=O)[C@H](Cc1ccccc1)NC(=O)[C@H](CCCNC(N)=[NH2+])NC(=O)[C@@H](N)Cc1c[nH]c2ccccc12)C(C)C)C(C)C)C(=O)N[C@@H](CC(C)C)C(=O)N[C@@H](C)C(=O)N1CCC[C@H]1C=O,1,0.52192736,4
CC(C)C[C@H](NC(=O)[C@H](C)NC(=O)[C@H](CC(C)C)NC(=O)[C@H](CCCC[NH3+])NC(=O)[C@H](CC(C)C)NC(=O)[C@H](CCCC[NH3+])NC(=O)[C@H](CC(C)C)NC(=O)[C@H](C)NC(=O)[C@@H](N)CCCC[NH3+])C(=O)N[C@@H](C)C(=O)N[C@@H](CC(C)C)C(=O)N[C@@H](CC(C)C)C(=O)N[C@@H](C)C(=O)N[C@@H](CCCC[NH3+])C(=O)N[C@@H](CC(C)C)C(=O)N[C@@H](CCCC[NH3+])C(=O)N[C@@H](CC(C)C)C(=O)N[C@@H](C)C=O,1,4.0702066,4
CC[C@H](C)[C@H](NC(=O)[C@H](CC(C)C)NC(=O)[C@H](CC(=O)O)NC(=O)[C@H](CCCNC(N)=[NH2+])NC(=O)[C@H](Cc1ccc(O)cc1)NC(=O)[C@H](C)NC(=O)[C@@H](NC(=O)[C@@H](N)CCSC)[C@@H](C)CC)C(=O)N[C@H](C=O)CO,1,8.063646,4
CC(C)C[C@@H](NC(=O)[C@H](NC(=O)[C@H]1CCCN1C(=O)[C@H](N)C(C)C)[C@@H](C)O)C(=O)N[C@@H](C=O)CCCC[NH3+],1,7.79311,4
CC(C)C[C@H](NC(=O)[C@H](C)NC(=O)[C@H](CCCC[NH3+])NC(=O)[C@H](CC(C)C)NC(=O)[C@H](C)NC(=O)[C@H](CC(C)C)NC(=O)[C@H](CCCC[NH3+])NC(=O)[C@H](CC(C)C)NC(=O)[C@H](C)NC(=O)[C@H](CC(C)C)NC(=O)[C@@H](N)CCCC[NH3+])C(=O)N[C@@H](CCC(N)=O)C(=O)N[C@@H](C)C(=O)N[C@@H](C)C(=O)N[C@@H](CC(C)C)C(=O)N[C@@H](CCC(N)=O)C(=O)N[C@@H](CC(C)C)C(=O)N[C@@H](C)C=O,1,4.84797,4
CC[C@H](C)[C@H](NC(=O)[C@H](CCCC[NH3+])NC(=O)[C@@H](NC(=O)[C@H](CCC(N)=O)NC(=O)[C@@H](N)CCCNC(N)=[NH2+])[C@@H](C)CC)C(=O)N[C@@H](Cc1c[nH]c2ccccc12)C(=O)N[C@@H](Cc1ccccc1)C(=O)N[C@@H](CCC(N)=O)C(=O)N[C@@H](CC(N)=O)C(=O)N[C@@H](CCCNC(N)=[NH2+])C(=O)N[C@@H](CCCNC(N)=[NH2+])C(=O)N[C@@H](C)C(=O)N[C@@H](CCCC[NH3+])C(=O)N[C@@H](Cc1c[nH]c2ccccc12)C(=O)N[C@@H](CCCC[NH3+])C(=O)N[C@H](C=O)CCCC[NH3+],1,8.689668,4
NC(=[NH2+])NCCC[C@@H](C=O)NC(=O)[C@H](CCCNC(N)=[NH2+])NC(=O)[C@H](CCCNC(N)=[NH2+])NC(=O)[C@H](CCC(N)=O)NC(=O)[C@H](CCCNC(N)=[NH2+])NC(=O)[C@H](CCCNC(N)=[NH2+])NC(=O)[C@H](CCCC[NH3+])NC(=O)[C@H](CCCC[NH3+])NC(=O)[C@H](CCCNC(N)=[NH2+])NC(=O)CNC(=O)[C@H](Cc1ccc(O)cc1)NC(=O)[C@H](CCCC[NH3+])NC(=O)[C@@H](N)CS,1,6.5092926,4
CC(C)C[C@H](NC(=O)CNC(=O)[C@H](CO)NC(=O)[C@H](C)NC(=O)CNC(=O)[C@H](CO)NC(=O)[C@@H]1CCCN1C(=O)[C@H](C)NC(=O)[C@H](CC(C)C)NC(=O)[C@H](CC(C)C)NC(=O)[C@H](C)NC(=O)[C@H](CC(C)C)NC(=O)[C@H](CC(C)C)NC(=O)[C@@H](NC(=O)[C@H](C)NC(=O)[C@@H]1CCCN1C(=O)[C@H](CC(C)C)NC(=O)[C@H](CC(C)C)NC(=O)[C@H](C)NC(=O)[C@@H](NC(=O)[C@H](C)NC(=O)[C@H](C)N)C(C)C)C(C)C)C(=O)N[C@@H](CC(=O)O)C(=O)N[C@@H](CCCC[NH3+])C(=O)N[C@@H](CCCNC(N)=[NH2+])C(=O)N[C@@H](CC(=O)O)C(=O)N[C@@H](Cc1ccc(O)cc1)C(=O)N[C@H](C(N)=O)C(C)C,1,-0.2438514,4
CC[C@H](C)[C@H](NC(=O)[C@H](CCCNC(N)=[NH2+])NC(=O)[C@H](Cc1ccccc1)NC(=O)[C@@H](NC(=O)[C@@H](NC(=O)[C@@H](N)CCSC)[C@@H](C)CC)[C@@H](C)CC)C(=O)N[C@@H](C)C(=O)N[C@@H](C)C(=O)N[C@@H](CO)C(=O)NC(CC1CNCN1)C(O)N[C@@H](CCCC[NH3+])C(=O)N[C@H](C=O)CCCC[NH3+],1,9.541877,4
CC(=O)NC(CC1CNCN1)C(O)NC(CC1CNCN1)C(O)NC(CC1CNCN1)C(O)NC(CC1CNCN1)C(O)NC(CC1CNCN1)C(O)NC(CC1CNCN1)C(O)NC(CC1CNCN1)C(O)NC(CC1CNCN1)C(O)N[C@@H](CCCNC(N)=[NH2+])C(=O)N[C@@H](CCCNC(N)=[NH2+])C(=O)N[C@@H](CCCNC(N)=[NH2+])C(=O)N[C@@H](CCCNC(N)=[NH2+])C(=O)N[C@@H](CCCNC(N)=[NH2+])C(=O)N[C@@H](CCCNC(N)=[NH2+])C(=O)N[C@@H](CCCNC(N)=[NH2+])C(=O)N[C@@H](CCCNC(N)=[NH2+])C(=O)N[C@@H](CCCNC(N)=[NH2+])C(=O)N[C@@H](CCCNC(N)=[NH2+])C(=O)N[C@@H](CCCNC(N)=[NH2+])C(=O)N[C@@H](CCCNC(N)=[NH2+])C(=O)N[C@@H](CCCNC(N)=[NH2+])C(=O)N[C@@H](CCCNC(N)=[NH2+])C(=O)N[C@@H](CCCNC(N)=[NH2+])C(N)=O,1,3.8229437,4
CC[C@H](C)[C@H](NC(=O)[C@H](CCCC[NH3+])NC(=O)[C@@H](NC(=O)[C@H](CCC(N)=O)NC(=O)[C@@H]([NH3+])CCCNC(N)=[NH2+])[C@@H](C)CC)C(=O)N[C@@H](Cc1c[nH]c2ccccc12)C(=O)N[C@@H](Cc1ccccc1)C(=O)N[C@@H](CCC(N)=O)C(=O)N[C@@H](CC(N)=O)C(=O)N[C@@H](CCCNC(N)=[NH2+])C(=O)N[C@@H](CCCNC(N)=[NH2+])C(=O)N[C@@H](CCSC)C(=O)N[C@@H](CCCC[NH3+])C(=O)N[C@@H](Cc1c[nH]c2ccccc12)C(=O)N[C@@H](CCCC[NH3+])C(=O)N[C@@H](CCCC[NH3+])C(=O)O,1,3.591557,4
NC(=[NH2+])NCCC[C@H](NC(=O)[C@H](Cc1c[nH]c2ccccc12)NC(=O)[C@H](CCCNC(N)=[NH2+])NC(=O)[C@@H](N)CS)C(=O)N[C@H](Cc1c[nH]c2ccccc12)C(=O)N[C@@H](CCCC[NH3+])C(=O)N[C@@H](CS)C(=O)N[C@@H](CS)C(=O)N[C@@H](CCCC[NH3+])C(=O)N[C@H](C=O)CCCC[NH3+],1,4.5476966,4
CC[C@H](C)[C@H](NC(=O)[C@H](CCCC[NH3+])NC(=O)[C@@H](NC(=O)[C@H](CCC(N)=O)NC(=O)[C@@H](N)CCCNC(N)=[NH2+])[C@@H](C)CC)C(=O)N[C@@H](Cc1ccccc1)C(=O)N[C@@H](Cc1ccccc1)C(=O)N[C@@H](CCC(N)=O)C(=O)N[C@@H](CC(N)=O)C(=O)N[C@@H](CCCNC(N)=[NH2+])C(=O)N[C@@H](CCCNC(N)=[NH2+])C(=O)N[C@@H](CCSC)C(=O)N[C@@H](CCCC[NH3+])C(=O)N[C@@H](Cc1c[nH]c2ccccc12)C(=O)N[C@@H](CCCC[NH3+])C(=O)N[C@H](C=O)CCCC[NH3+],1,8.928235,4
CC[C@H](C)[C@H](NC(=O)[C@H](CCCC[NH3+])NC(=O)[C@@H](NC(=O)[C@H](CCC(N)=O)NC(=O)[C@@H](N)CCCNC(N)=[NH2+])[C@@H](C)CC)C(=O)N[C@H](C=O)Cc1c[nH]c2ccccc12,1,6.9205527,4
NC(=[NH2+])NCCC[C@H](NC(=O)[C@@H](N)CS)C(=O)N[C@H](Cc1c[nH]c2ccccc12)C(=O)N[C@@H](CCCNC(N)=[NH2+])C(=O)N[C@@H](Cc1c[nH]c2ccccc12)C(=O)N[C@@H](CCCC[NH3+])C(=O)N[C@@H](CS)C(=O)N[C@@H](CS)C(=O)N[C@@H](CCCC[NH3+])C(=O)N[C@H](C=O)CCCC[NH3+],1,4.389042,4
CC[C@H](C)[C@H](NC(=O)[C@H](CCCC[NH3+])NC(=O)[C@@H](NC(=O)[C@H](CCC(N)=O)NC(=O)[C@@H]([NH3+])CCCNC(N)=[NH2+])[C@@H](C)CC)C(=O)N[C@@H](Cc1c[nH]c2ccccc12)C(=O)N[C@@H](Cc1ccccc1)C(=O)N[C@@H](CCC(N)=O)C(=O)N[C@@H](CC(N)=O)C(=O)N[C@@H](CCCNC(N)=[NH2+])C(=O)N[C@@H](CCCNC(N)=[NH2+])C(=O)N[C@@H](CCSC)C(=O)N[C@@H](CCCC[NH3+])C(=O)N[C@@H](Cc1c[nH]c2ccccc12)C(=O)N[C@@H](CCCC[NH3+])C(=O)N[C@@H](CCCC[NH3+])C(=O)O,1,3.591557,4
CC(C)C[C@@H](C=O)NC(=O)[C@@H](NC(=O)[C@@H](NC(=O)[C@H](CC(C)C)NC(=O)[C@@H](NC(=O)[C@H](CCCC[NH3+])NC(=O)[C@H](C)NC(=O)[C@H](CC(C)C)NC(=O)[C@H](CCCC[NH3+])NC(=O)[C@@H](NC(=O)[C@H](CC(C)C)NC(=O)[C@H](C)NC(=O)[C@@H](NC(=O)[C@H](C)NC(=O)[C@H](CC(C)C)NC(=O)[C@@H](NC(=O)[C@H](CCCC[NH3+])NC(=O)[C@@H](N)CC(C)C)[C@@H](C)O)[C@@H](C)O)[C@@H](C)O)[C@@H](C)O)[C@@H](C)O)[C@@H](C)O,1,3.2891717,4
CC(=O)NCC(=O)N[C@@H](CCCNC(N)=[NH2+])C(=O)NCC(=O)N[C@@H](CC(=O)O)C(=O)NCC(=O)N1CCC[C@H]1C(=O)N[C@@H](CCCNC(N)=[NH2+])C(=O)N[C@@H](CCCNC(N)=[NH2+])C(=O)N[C@@H](CCCC[NH3+])C(=O)N[C@@H](CCCC[NH3+])C(=O)N[C@@H](CCCC[NH3+])C(=O)N[C@@H](CCCC[NH3+])C(=O)NCC(=O)N1CCC[C@H]1C(=O)N[C@@H](CCCNC(N)=[NH2+])C(=O)N[C@@H](CCCNC(N)=[NH2+])C(=O)N[C@@H](CCCC[NH3+])C(=O)N[C@@H](CCCC[NH3+])C(=O)N[C@@H](CCCC[NH3+])C(=O)N[C@@H](CCCC[NH3+])C(=O)NCC(=O)N1CCC[C@H]1C(=O)N[C@@H](CCCNC(N)=[NH2+])C(=O)N[C@H](C=O)CCCNC(N)=[NH2+],1,7.4051275,4
N=C(N)NCCC[C@@H](C=O)NC(=O)[C@H](CCCNC(=N)N)NC(=O)[C@H](CCCNC(=N)N)NC(=O)[C@H](CCCNC(=N)N)NC(=O)[C@H](CCCNC(=N)N)NC(=O)[C@H](CCCNC(=N)N)NC(=O)[C@H](CCCNC(=N)N)NC(=O)[C@H](CCCNC(=N)N)NC(=O)[C@H](CCCNC(=N)N)NC(=O)[C@H](CCCNC(=N)N)NC(=O)[C@H](CCCNC(=N)N)NC(=O)[C@H](CCCNC(=N)N)NC(=O)[C@H](CCCNC(=N)N)NC(=O)[C@H](CCCNC(=N)N)NC(=O)[C@H](CCCNC(=N)N)NC(=O)[C@H](Cc1c[nH]cn1)NC(=O)[C@H](Cc1c[nH]cn1)NC(=O)[C@H](Cc1c[nH]cn1)NC(=O)[C@H](Cc1c[nH]cn1)NC(=O)[C@H](Cc1c[nH]cn1)NC(=O)[C@H](Cc1c[nH]cn1)NC(=O)[C@H](Cc1c[nH]cn1)NC(=O)[C@H](Cc1c[nH]cn1)NC(=O)[C@H](Cc1c[nH]cn1)NC(=O)[C@H](Cc1c[nH]cn1)NC(=O)[C@H](Cc1c[nH]cn1)NC(=O)[C@H](Cc1c[nH]cn1)NC(=O)[C@H](Cc1c[nH]cn1)NC(=O)[C@H](Cc1c[nH]cn1)NC(=O)[C@H](Cc1c[nH]cn1)NC(=O)[C@H](Cc1c[nH]cn1)NC(=O)[C@H](Cc1c[nH]cn1)NC(=O)[C@H](Cc1c[nH]cn1)NC(=O)[C@H](Cc1c[nH]cn1)NC(=O)[C@@H](N)Cc1c[nH]cn1,1,6.725455,4
CC(C)C[C@H](NC(=O)[C@H](C)NC(=O)[C@@H](NC(=O)[C@@H](NC(=O)[C@H](CCCC[NH3+])NC(=O)[C@H](CC(C)C)NC(=O)[C@@H](N)CC(C)C)[C@@H](C)O)[C@@H](C)O)C(=O)N[C@@H](CC(C)C)C(=O)N[C@@H](CCCC[NH3+])C(=O)N[C@H](C(=O)N[C@H](C(=O)N[C@@H](C)C(=O)N[C@@H](CC(C)C)C(=O)N[C@@H](CC(C)C)C(=O)N[C@@H](CCCC[NH3+])C(=O)N[C@H](C(=O)N[C@H](C(=O)N[C@@H](C)C=O)[C@@H](C)O)[C@@H](C)O)[C@@H](C)O)[C@@H](C)O,1,1.6623684,4
NC(=[NH2+])NCCC[C@H](NC(=O)CNC(=O)[C@@H](N)CCCC[NH3+])C(=O)N[C@@H](CCCC[NH3+])C(=O)N[C@@H](CCCC[NH3+])C(=O)N[C@@H](CCCNC(N)=[NH2+])C(=O)N[C@@H](CCCNC(N)=[NH2+])C(=O)N[C@@H](CCC(N)=O)C(=O)N[C@@H](CCCNC(N)=[NH2+])C(=O)N[C@@H](CCCNC(N)=[NH2+])C(=O)N[C@@H](CCCNC(N)=[NH2+])C(=O)N1CCC[C@H]1C(=O)N1CCC[C@H]1C(=O)N[C@H](C=O)CCC(N)=O,1,8.681075,4
NCC(=O)N[C@@H](CCCNC(N)=[NH2+])C(=O)N[C@@H](CCCC[NH3+])C(=O)N[C@@H](CCCC[NH3+])C(=O)N[C@@H](CCCNC(N)=[NH2+])C(=O)N[C@@H](CCCNC(N)=[NH2+])C(=O)N[C@@H](CCC(N)=O)C(=O)N[C@@H](CCCNC(N)=[NH2+])C(=O)N[C@@H](CCCNC(N)=[NH2+])C(=O)N[C@@H](CCCNC(N)=[NH2+])C(=O)N1CCC[C@H]1C(=O)N[C@@H](Cc1c[nH]c2ccccc12)C(=O)N[C@H](C=O)CCC(N)=O,1,6.350166,4
CC[C@H](C)[C@@H](C=O)NC(=O)[C@H](CC(C)C)NC(=O)[C@H](Cc1ccc(O)cc1)NC(=O)[C@@H](NC(=O)[C@H](Cc1ccccc1)NC(=O)[C@@H]1CCCN1)C(C)C,1,0.45043948,4
N[C@@H](CCCC[NH3+])C(=O)N[C@@H](CCCC[NH3+])C(=O)N[C@@H](CCCC[NH3+])C(=O)N[C@@H](CCCC[NH3+])C(=O)N[C@@H](CCCC[NH3+])C(=O)N[C@@H](CCCC[NH3+])C(=O)N[C@@H](CCCC[NH3+])C(=O)N[C@@H](CCCC[NH3+])C(=O)N[C@H](C=O)CCCC[NH3+],1,7.3341084,4
CC(=O)N[C@@H](CCCC[NH3+])C(=O)N[C@@H](CCC(=O)O)C(=O)N[C@H](C(=O)N[C@@H](Cc1c[nH]c2ccccc12)C(=O)N[C@@H](Cc1c[nH]c2ccccc12)C(=O)N[C@@H](CCC(=O)O)C(=O)N[C@H](C(=O)N[C@@H](Cc1c[nH]c2ccccc12)C(=O)N[C@@H](Cc1c[nH]c2ccccc12)C(=O)N[C@H](C(=O)N[C@@H](CCC(=O)O)C(=O)N[C@@H](Cc1c[nH]c2ccccc12)C(=O)N[C@@H](CO)C(=O)N[C@@H](CCC(N)=O)C(=O)N1CCC[C@H]1C(=O)N[C@@H](CCCC[NH3+])C(=O)N[C@@H](CCCC[NH3+])C(=O)N[C@@H](CCCC[NH3+])C(=O)N[C@@H](CCCNC(N)=[NH2+])C(=O)N[C@@H](CCCC[NH3+])C(=O)N[C@H](C(N)=O)C(C)C)[C@@H](C)O)[C@@H](C)O)[C@@H](C)O,1,-1.0572052,4
NC(=[NH2+])NCCC[C@@H](C=O)NC(=O)[C@H](CCCNC(N)=[NH2+])NC(=O)[C@H](CCCNC(N)=[NH2+])NC(=O)[C@H](CCCNC(N)=[NH2+])NC(=O)[C@H](CCCNC(N)=[NH2+])NC(=O)[C@H](CCCNC(N)=[NH2+])NC(=O)[C@H](CCCNC(N)=[NH2+])NC(=O)[C@H](CCCNC(N)=[NH2+])NC(=O)[C@@H](N)CCCNC(N)=[NH2+],1,7.981481,4
CC[C@H](C)[C@H](NC(=O)[C@H](CCCC[NH3+])NC(=O)[C@@H](NC(=O)[C@H](CCC(N)=O)NC(=O)[C@H](CCCNC(N)=[NH2+])NC(=O)[C@@H](N)CS)[C@@H](C)CC)C(=O)N[C@@H](Cc1c[nH]c2ccccc12)C(=O)N[C@@H](Cc1ccccc1)C(=O)N1CCC[C@H]1C(=O)N[C@@H](CC(N)=O)C(=O)N[C@@H](CCCNC(N)=[NH2+])C(=O)N[C@@H](CCCNC(N)=[NH2+])C(=O)N[C@@H](CCSC)C(=O)N[C@@H](CCCC[NH3+])C(=O)N[C@@H](Cc1c[nH]c2ccccc12)C(=O)N[C@@H](CCCC[NH3+])C(=O)N[C@@H](CCCC[NH3+])C(=O)N[C@H](C=O)CS,1,6.571666,4
NCC(=O)N[C@@H](CCCNC(N)=[NH2+])C(=O)N[C@@H](CCCC[NH3+])C(=O)N[C@@H](CCCC[NH3+])C(=O)N[C@@H](CCCNC(N)=[NH2+])C(=O)N[C@@H](CCCNC(N)=[NH2+])C(=O)N[C@@H](CCC(N)=O)C(=O)N[C@@H](CCCNC(N)=[NH2+])C(=O)N[C@@H](CCCNC(N)=[NH2+])C(=O)N[C@@H](CCCNC(N)=[NH2+])C(=O)N1CCC[C@H]1C(=O)N1CCC[C@H]1C(=O)N[C@H](C=O)CCC(N)=O,1,7.9633446,4
CC(C)C[C@H](NC(=O)CN)C(=O)N[C@@H](Cc1c[nH]c2ccccc12)C(=O)N[C@@H](CCCNC(N)=[NH2+])C(=O)N[C@@H](C)C(=O)N[C@@H](CC(C)C)C(=O)N[C@@H](Cc1c[nH]c2ccccc12)C(=O)N[C@@H](CCCNC(N)=[NH2+])C(=O)N[C@@H](C)C(=O)N[C@@H](CC(C)C)C(=O)N[C@@H](Cc1c[nH]c2ccccc12)C(=O)N[C@@H](CCCNC(N)=[NH2+])C(=O)N[C@@H](CO)C(=O)N[C@@H](CC(C)C)C(=O)N[C@@H](Cc1c[nH]c2ccccc12)C(=O)N[C@@H](CCCC[NH3+])C(=O)N[C@@H](CCCC[NH3+])C(=O)N[C@@H](CCCC[NH3+])C(=O)N[C@@H](CCCNC(N)=[NH2+])C(=O)N[C@@H](CCCC[NH3+])C(=O)N[C@H](C=O)C(C)C,1,6.5115914,4
NC(=[NH2+])NCCC[C@H](NC(=O)[C@H](CCCNC(N)=[NH2+])NC(=O)[C@H](CCCNC(N)=[NH2+])NC(=O)[C@H](CCCNC(N)=[NH2+])NC(=O)[C@H](CCCNC(N)=[NH2+])NC(=O)[C@H](CCCNC(N)=[NH2+])NC(=O)[C@@H](N)CCCNC(N)=[NH2+])C(=O)N[C@H](C=O)Cc1c[nH]c2ccccc12,1,6.7077956,4
CC[C@H](C)[C@H](NC(=O)[C@H](CCCNC(N)=[NH2+])NC(=O)[C@H](CCCNC(N)=[NH2+])NC(=O)[C@H](CCCNC(N)=[NH2+])NC(=O)[C@H](CC(C)C)NC(=O)[C@@H](NC(=O)[C@@H](NC(=O)[C@H](CC(C)C)NC(=O)[C@@H](N)CC(C)C)[C@@H](C)CC)[C@@H](C)CC)C(=O)N[C@@H](CCCNC(N)=[NH2+])C(=O)N[C@@H](CCCC[NH3+])C(=O)N[C@@H](CCC(N)=O)C(=O)N[C@@H](C)C(=O)NC(CC1CNCN1)C(O)N[C@@H](C)C(=O)NC(CC1CNCN1)C(O)N[C@@H](CO)C(=O)N[C@@H](C)C=O,1,6.2344265,4
CC(C)[C@@H](C=O)NC(=O)[C@H](CCCC[NH3+])NC(=O)[C@H](CCCNC(N)=[NH2+])NC(=O)[C@H](CCCC[NH3+])NC(=O)[C@H](CO)NC(=O)[C@H](CCCC[NH3+])NC(=O)[C@H](CCCC[NH3+])NC(=O)[C@H](Cc1ccccc1)NC(=O)[C@H](CCCNC(N)=[NH2+])NC(=O)[C@@H](N)Cc1c[nH]c2ccccc12,1,2.9430218,4
CC(C)C[C@H](NC(=O)[C@H](C)NC(=O)[C@H](CC(C)C)NC(=O)[C@H](CCCC[NH3+])NC(=O)[C@H](CC(C)C)NC(=O)[C@H](CCCC[NH3+])NC(=O)[C@H](CC(C)C)NC(=O)[C@H](C)NC(=O)[C@@H](N)CCCC[NH3+])C(=O)N[C@@H](C)C(=O)N[C@@H](CC(C)C)C(=O)N[C@@H](CC(C)C)C(=O)N[C@@H](C)C(=O)N[C@@H](CCCC[NH3+])C(=O)N[C@@H](CC(C)C)C(=O)N[C@@H](CCCC[NH3+])C(=O)N[C@@H](CC(C)C)C(=O)N[C@@H](C)C(N)=O,1,2.344533,4
CC[C@H](C)[C@H](NC(=O)[C@H](CCCC[NH3+])NC(=O)[C@@H](NC(=O)[C@H](CCC(N)=O)NC(=O)[C@@H](N)CCCNC(N)=[NH2+])[C@@H](C)CC)C(=O)N[C@@H](C)C(=O)N[C@@H](Cc1ccccc1)C(=O)N[C@@H](CCC(N)=O)C(=O)N[C@@H](CC(N)=O)C(=O)N[C@@H](CCCNC(N)=[NH2+])C(=O)N[C@@H](CCCNC(N)=[NH2+])C(=O)N[C@@H](CCSC)C(=O)N[C@@H](CCCC[NH3+])C(=O)N[C@@H](Cc1c[nH]c2ccccc12)C(=O)N[C@@H](CCCC[NH3+])C(=O)N[C@H](C=O)CCCC[NH3+],1,9.140912,4
CC(C)C[C@H](NC(=O)CNC(=O)[C@H](CCCC[NH3+])NC(=O)[C@H](CC(C)C)NC(=O)CNC(=O)[C@H](CC(C)C)NC(=O)[C@H](CCCC[NH3+])NC(=O)[C@H](CC(C)C)NC(=O)CNC(=O)[C@H](CC(C)C)NC(=O)[C@@H](N)CCCC[NH3+])C(=O)N[C@@H](CCCC[NH3+])C(=O)NCC(=O)NCC(=O)N[C@@H](CC(C)C)C(=O)N[C@@H](CCCC[NH3+])C(=O)N[C@@H](CC(C)C)C(=O)NCC=O,1,1.3063011,4
C[C@H](N)C(=O)N[C@@H](CS)C(=O)N[C@@H](CO)C(=O)NCC(=O)N[C@@H](CO)C(=O)NCC(=O)N[C@@H](CO)C(=O)NCC(=O)N[C@@H](CS)C(=O)NCC(=O)N[C@@H](CO)C(=O)NCC(=O)N[C@@H](CO)C(=O)NCC(=O)N[C@@H](CO)C(=O)N[C@@H](CS)C(=O)NCC(=O)N[C@@H](CCCNC(N)=[NH2+])C(=O)N[C@@H](CCCNC(N)=[NH2+])C(=O)N[C@@H](CCCNC(N)=[NH2+])C(=O)N[C@@H](CCCNC(N)=[NH2+])C(=O)N[C@@H](CCCNC(N)=[NH2+])C(=O)N[C@@H](CCCNC(N)=[NH2+])C(=O)N[C@@H](CCCNC(N)=[NH2+])C(=O)N[C@H](C=O)CCCNC(N)=[NH2+],1,6.826311,4
CC[C@H](C)[C@H](NC(=O)[C@H](CCCNC(N)=[NH2+])NC(=O)[C@H](C)NC(O)C(N)CC1CNCN1)C(=O)N[C@@H](CCCC[NH3+])C(=O)N1CCC[C@H]1C(=O)N[C@H](C(=O)N[C@@H](Cc1ccccc1)C(=O)N[C@@H](CCCNC(N)=[NH2+])C(=O)N[C@@H](CCCNC(N)=[NH2+])C(=O)N[C@@H](CC(C)C)C(=O)N[C@@H](CCCC[NH3+])C(=O)N[C@@H](Cc1c[nH]c2ccccc12)C(=O)N[C@@H](CCCC[NH3+])C(=O)N[C@@H](Cc1ccc(O)cc1)C(=O)N[C@@H](CCCC[NH3+])C(=O)NCC(=O)N[C@@H](CCCC[NH3+])C(=O)N[C@@H](Cc1ccccc1)C(=O)N[C@H](C=O)Cc1c[nH]c2ccccc12)[C@@H](C)O,1,5.39239,4
CC(C)[C@@H](C=O)NC(=O)[C@H](CCCC[NH3+])NC(=O)[C@H](CCCNC(N)=[NH2+])NC(=O)[C@H](CCCC[NH3+])NC(=O)[C@H](CCCC[NH3+])NC(=O)[C@H](CCCC[NH3+])NC(=O)[C@@H]1CCCN1C(=O)[C@H](CCC(N)=O)NC(=O)[C@H](CO)NC(=O)[C@H](Cc1c[nH]c2ccccc12)NC(=O)[C@H](CCC(=O)O)NC(=O)[C@@H](NC(=O)[C@H](Cc1c[nH]c2ccccc12)NC(=O)[C@H](Cc1c[nH]c2ccccc12)NC(=O)[C@@H](NC(=O)[C@H](CCC(=O)O)NC(=O)[C@H](Cc1c[nH]c2ccccc12)NC(=O)[C@H](Cc1c[nH]c2ccccc12)NC(=O)[C@@H](NC(=O)[C@H](CCC(=O)O)NC(=O)[C@@H](N)CCCC[NH3+])[C@@H](C)O)[C@@H](C)O)[C@@H](C)O,1,1.4911406,4
CC(C)C[C@H](NC(=O)[C@H](C)NC(=O)[C@H](CCCC[NH3+])NC(=O)[C@H](CC(C)C)NC(=O)[C@H](C)NC(=O)[C@H](CC(C)C)NC(=O)[C@@H](N)CCCC[NH3+])C(=O)N[C@@H](CCCC[NH3+])C(=O)N[C@@H](C)C(=O)N[C@@H](C)C(=O)N[C@@H](CC(C)C)C(=O)N[C@@H](CCCC[NH3+])C(=O)N[C@@H](CC(C)C)C(=O)N[C@@H](C)C=O,1,4.301754,4
CSCC[C@H](NC(=O)[C@H](CC(C)C)NC(=O)CNC(=O)[C@H](Cc1ccccc1)NC(=O)[C@H](Cc1ccccc1)NC(=O)[C@H](CCC(N)=O)NC(=O)[C@H](CCC(N)=O)NC(=O)[C@H](CC(C)C)NC(=O)[C@H](CC(C)C)NC(=O)[C@H](CCCC[NH3+])NC(=O)[C@H](Cc1c[nH]c2ccccc12)NC(=O)[C@@H](NC(=O)[C@H](CCCC[NH3+])NC(=O)[C@H](CCCNC(N)=[NH2+])NC(=O)[C@H](CCCC[NH3+])NC(=O)[C@H](CCCC[NH3+])NC(=O)[C@H](CCCC[NH3+])NC(=O)[C@@H]1CCCN1)C(C)C)C(N)=O,1,-2.331762,4
CC[C@H](C)[C@H](NC(=O)[C@H](C)NC(=O)[C@H](Cc1ccccc1)NC(=O)[C@@H](NC(=O)[C@@H](NC(=O)[C@@H](N)CCSC)[C@@H](C)CC)[C@@H](C)CC)C(=O)N[C@@H](C)C(=O)N[C@@H](C)C(=O)N[C@@H](CO)C(=O)NC(CC1CNCN1)C(O)N[C@@H](CCCC[NH3+])C(=O)N[C@H](C=O)CCCC[NH3+],1,9.422943,4
CC[C@H](C)[C@H](NC(=O)[C@H](CCCNC(N)=[NH2+])NC(=O)[C@H](Cc1ccc(O)cc1)NC(O)C(N)CC1CNCN1)C(=O)N[C@@H](CCCC[NH3+])C(=O)N1CCC[C@H]1C(=O)N[C@H](C(=O)N[C@@H](Cc1ccccc1)C(=O)N[C@@H](CCCNC(N)=[NH2+])C(=O)N[C@@H](CCCNC(N)=[NH2+])C(=O)N[C@@H](CC(C)C)C(=O)N[C@@H](CCCC[NH3+])C(=O)N[C@@H](Cc1c[nH]c2ccccc12)C(=O)N[C@@H](CCCC[NH3+])C(=O)N[C@@H](Cc1ccc(O)cc1)C(=O)N[C@@H](CCCC[NH3+])C(=O)NCC(=O)N[C@@H](CCCC[NH3+])C(=O)N[C@@H](Cc1ccccc1)C(=O)N[C@@H](C)C=O)[C@@H](C)O,1,1.5978465,4
NC(=[NH2+])NCCC[C@H](NC(=O)[C@H](CCCNC(N)=[NH2+])NC(=O)[C@H](CCCNC(N)=[NH2+])NC(=O)[C@H](CCC(N)=O)NC(=O)[C@H](CCCNC(N)=[NH2+])NC(=O)[C@H](CCCNC(N)=[NH2+])NC(=O)[C@H](CCCC[NH3+])NC(=O)[C@H](CCCC[NH3+])NC(=O)[C@H](CCCNC(N)=[NH2+])NC(=O)CNC(=O)[C@@H](N)Cc1ccc(O)cc1)C(N)=O,1,1.9497457,4
CCC[C@H](NC(=O)[C@H](CS)NC(=O)[C@@H](NC(=O)CNC(=O)CN)C(C)C)C(=O)N[C@@H](CCCCN)C(=O)N[C@H](C(=O)N[C@@H](CC(C)C)C(=O)N[C@@H](C)C(=O)N[C@@H](CCCCN)C(=O)N[C@H]1C[SH]2[SH]3C[C@@H](C(=O)NCC(=O)N[C@@H](CO)C(=O)NCC(=O)N[C@@H](CO)C(=O)N[C@H](C=O)CC(=O)O)NC(=O)[C@H](Cc4ccc(O)cc4)NC(=O)CNC(=O)[C@H](CC(N)=O)NC(=O)CNC(=O)[C@H](CCCNC(=N)N)NC(=O)[C@@H]4CSS32C[C@H](NC(=O)[C@H](CC(=O)O)NC(=O)[C@H](CO)NC(=O)[C@H](CC(=O)O)NC(=O)[C@H](CCCNC(=N)N)NC(=O)[C@H](CCCNC(=N)N)NC1=O)C(=O)N1CCC[C@H]1C(=O)NCC(=O)N[C@@H](C)C(=O)N[C@@H](CS)C(=O)N[C@@H]([C@@H](C)CC)C(=O)N4)[C@@H](C)CC,1,1.3847018,4
CC[C@H](C)[C@H](NC(=O)[C@H](CCCC[NH3+])NC(=O)[C@@H](NC(=O)[C@H](CCC(N)=O)NC(=O)[C@@H]([NH3+])CCCNC(N)=[NH2+])[C@@H](C)CC)C(=O)N[C@@H](Cc1c[nH]c2ccccc12)C(=O)N[C@@H](Cc1ccccc1)C(=O)N[C@@H](CCC(N)=O)C(=O)N[C@@H](CC(N)=O)C(=O)N[C@@H](CCCNC(N)=[NH2+])C(=O)N[C@@H](CCCNC(N)=[NH2+])C(=O)N[C@@H](CCSC)C(=O)N[C@@H](CCCC[NH3+])C(=O)N[C@@H](Cc1c[nH]c2ccccc12)C(=O)N[C@@H](CCCC[NH3+])C(=O)N[C@@H](CCCC[NH3+])C(=O)O,1,3.591557,4
CC[C@H](C)[C@H](NC(=O)[C@H](CCCC[NH3+])NC(=O)[C@@H](NC(=O)[C@H](CCC(N)=O)NC(=O)[C@@H]([NH3+])CCCNC(N)=[NH2+])[C@@H](C)CC)C(=O)N[C@@H](Cc1c[nH]c2ccccc12)C(=O)N[C@@H](Cc1ccccc1)C(=O)N[C@@H](CCC(N)=O)C(=O)N[C@@H](CC(N)=O)C(=O)N[C@@H](CCCNC(N)=[NH2+])C(=O)N[C@@H](CCCNC(N)=[NH2+])C(=O)N[C@@H](CCSC)C(=O)N[C@@H](CCCC[NH3+])C(=O)N[C@@H](Cc1c[nH]c2ccccc12)C(=O)N[C@@H](CCCC[NH3+])C(=O)N[C@@H](CCCC[NH3+])C(=O)O,1,3.591557,4
NC(=[NH2+])NCCC[C@@H](C=O)NC(=O)[C@H](CCCNC(N)=[NH2+])NC(=O)[C@H](CCCNC(N)=[NH2+])NC(=O)[C@H](CCC(N)=O)NC(=O)[C@H](CCCNC(N)=[NH2+])NC(=O)[C@H](CCCNC(N)=[NH2+])NC(=O)[C@H](CCCC[NH3+])NC(=O)[C@H](CCCC[NH3+])NC(=O)[C@H](CCCNC(N)=[NH2+])NC(=O)CNC(=O)[C@@H](N)Cc1ccc(O)cc1,1,6.934524,4
NC(=[NH2+])NCCC[C@@H](N)C(=O)N[C@H](CCCNC(N)=[NH2+])C(=O)N[C@H](CCCNC(N)=[NH2+])C(=O)N[C@H](CCCNC(N)=[NH2+])C(=O)N[C@H](CCCNC(N)=[NH2+])C(=O)N[C@H](CCCNC(N)=[NH2+])C(=O)N[C@H](CCCNC(N)=[NH2+])C(=O)N[C@@H](C=O)CCCNC(N)=[NH2+],1,7.936129,4
CC[C@H](C)[C@H](NC(=O)[C@@H](NC(=O)[C@H](CO)NC(=O)[C@H](C)NC(=O)[C@@H](NC(=O)[C@H](CCCC[NH3+])NC(=O)[C@H](CCCC[NH3+])NC(=O)[C@@H](NC(=O)[C@@H](NC(=O)[C@H](CCCC[NH3+])NC(=O)[C@H](Cc1ccccc1)NC(=O)[C@H](CC(C)C)NC(=O)CN)C(C)C)[C@@H](C)CC)C(C)C)C(C)C)C(=O)NCC(=O)NCC(=O)N[C@@H](CC(C)C)C(N)=O,0,-4.216139,4
CC(C)[C@H](NC(=O)[C@H](CCCNC(N)=[NH2+])NC(=O)[C@H](CS)NC(=O)[C@H](C)NC(=O)[C@@H]1CCCN1C(O)C(CC1CNCN1)NC(=O)[C@H](CO)NC(=O)[C@H](CS)NC(=O)[C@H](CS)NC(=O)CN)C(=O)NC(CC1CNCN1)C(O)N[C@@H](Cc1ccc(O)cc1)C(=O)N1CCC[C@H]1C(=O)NC(CC1CNCN1)C(O)N[C@H](C(=O)N[C@@H](CS)C(=O)N[C@@H](Cc1ccc(O)cc1)C(N)=O)C(C)C,0,-5.4499865,4
CSCC[C@H](NC(=O)[C@H](C)NC(C)=O)C(=O)N[C@H](C(=O)N[C@@H](CO)C(=O)N[C@H](C=O)CO)C(C)C,0,3.9956307,4
CSCC[C@H](NC(=O)CNC(=O)[C@H](Cc1ccccc1)NC(=O)CN)C(=O)N[C@@H](C)C(=O)N[C@@H](CC(C)C)C(=O)NC(CCC[NH3+])C(O)N[C@@H](CC(C)C)C(=O)N[C@@H](CC(C)C)C(=O)NC(CCC[NH3+])C(O)NC(CCC[NH3+])C(O)N[C@H](C(=O)N[C@@H](CC(C)C)C(N)=O)C(C)C,0,-4.6343884,4
CC[C@H](C)[C@H](NC(=O)CNC(=O)[C@H](CCCC[NH3+])NC(=O)[C@@H](NC(=O)[C@H](CC(C)C)NC(=O)[C@H](CO)NC(=O)CNC(=O)[C@H](CC(C)C)NC(=O)CNC(=O)[C@H](C)NC(=O)[C@H](CCCC[NH3+])NC(=O)[C@H](Cc1ccccc1)NC(=O)[C@@H](NC(=O)[C@H](CC(=O)O)NC(=O)[C@H](CCCC[NH3+])NC(=O)[C@H](CC(C)C)NC(=O)CN)[C@@H](C)CC)C(C)C)C(=O)N[C@@H](C)C(=O)N[C@@H](C)C(=O)NC(CC1CNCN1)C(O)N[C@H](C(=O)N[C@@H](C)C(=O)N[C@@H](CC(N)=O)C(N)=O)C(C)C,0,-4.347443,4
CC(C)[C@H](N)C(=O)NCC(=O)N[C@@H](CCC(=O)O)C(=O)N[C@@H](C)C(=O)N[C@@H](CS)C(=O)N[C@@H](CS)C(=O)N[C@@H](CCCC[NH3+])C(=O)N[C@@H](CC(N)=O)C(=O)NCC(=O)N[C@@H](CCCC[NH3+])C(=O)N[C@@H](CCCNC(N)=[NH2+])C(=O)NCC(=O)N[C@@H](CS)C(=O)NCC(=O)N[C@@H](CCCNC(N)=[NH2+])C(=O)N[C@@H](Cc1c[nH]c2ccccc12)C(=O)N[C@@H](CS)C(=O)N[C@@H](CCCNC(N)=[NH2+])C(=O)N[C@@H](CC(=O)O)C(=O)NC(CC1CNCN1)C(O)N[C@@H](CO)C(=O)N[C@@H](CCCNC(N)=[NH2+])C(=O)N[C@@H](CS)C(=O)N[C@@H](CS)C(N)=O,0,-4.512133,4
CC[C@H](C)[C@H](NC(=O)[C@H](Cc1ccccc1)NC(=O)[C@H](CO)NC(=O)[C@H](CCCC[NH3+])NC(=O)[C@H](Cc1c[nH]c2ccccc12)NC(=O)[C@@H](N)CCCC[NH3+])C(=O)N[C@@H](CCCC[NH3+])C(=O)N[C@@H](CCCC[NH3+])C(=O)N[C@@H](CC(C)C)C(=O)N[C@H](C(=O)N[C@@H](CO)C(=O)N[C@@H](CCCC[NH3+])C(=O)N[C@@H](Cc1ccccc1)C(=O)N[C@@H](CC(C)C)C(=O)NC(CC1CNCN1)C(O)N[C@@H](CO)C(=O)N[C@@H](C)C(=O)N[C@@H](CC(=O)O)C(=O)N[C@@H](CCCC[NH3+])C(=O)N[C@@H](Cc1ccccc1)C(N)=O)[C@@H](C)O,0,-4.343562,4
CC[C@H](C)[C@H](NC(=O)[C@H](CC(C)C)NC(=O)[C@H](CCCC[NH3+])NC(=O)CNC(=O)[C@H](CC(C)C)NC(=O)[C@@H](NC(=O)[C@H](CCCC[NH3+])NC(=O)[C@H](CCCC[NH3+])NC(=O)[C@H](Cc1c[nH]c2ccccc12)NC(=O)[C@H](CCCC[NH3+])NC(=O)CN)[C@@H](C)CC)C(=O)N[C@@H](CCCNC(N)=[NH2+])C(N)=O,0,-5.5634327,4
CC[C@H](C)[C@H](NC(=O)[C@H](CO)NC(=O)[C@H](C)NC(=O)[C@@H](NC(=O)[C@H](CCCC[NH3+])NC(=O)[C@H](CCCC[NH3+])NC(=O)[C@H](Cc1c[nH]c2ccccc12)NC(=O)[C@@H](NC(=O)[C@@H](N)CC(N)=O)[C@@H](C)CC)[C@@H](C)CC)C(=O)N[C@@H](C)C(=O)N[C@@H](CCCC[NH3+])C(=O)N[C@@H](CCC(=O)O)C(=O)N[C@H](C(=O)N[C@@H](CC(C)C)C(=O)N[C@@H](CCCC[NH3+])C(=O)N[C@@H](C)C(=O)N[C@@H](CC(C)C)C(N)=O)C(C)C,0,-2.6117618,4
CC[C@H](C)[C@H](NC(=O)[C@H](CCCC[NH3+])NC(=O)CNC(=O)[C@H](CC(C)C)NC(=O)[C@H](CO)NC(=O)[C@H](CCCC[NH3+])NC(=O)[C@H](CCCC[NH3+])NC(=O)[C@H](Cc1c[nH]c2ccccc12)NC(=O)[C@H](CO)NC(=O)[C@@H](N)C(C)C)C(=O)N[C@H](C(=O)N[C@@H](CCCC[NH3+])C(=O)N[C@H](C(=O)N[C@H](C(=O)N[C@@H](CCCC[NH3+])C(N)=O)C(C)C)C(C)C)[C@@H](C)CC,0,-4.8601913,4
CSCC[C@H](N)C(=O)N[C@@H](CS)C(=O)N1CCC[C@H]1C(=O)N1CCC[C@H]1C(=O)N[C@@H](CC(C)C)C(=O)N[C@@H](CS)C(=O)N[C@@H](C)C(=O)N1CCC[C@H]1C(=O)N[C@@H](CO)C(=O)N[C@@H](CS)C(=O)N[C@H](C(=O)N[C@@H](CC(N)=O)C(=O)N[C@@H](CS)C(N)=O)[C@@H](C)O,0,-6.2508254,4
CC[C@H](C)[C@H](N)C(=O)N[C@@H](CC(C)C)C(=O)N1CCC[C@H]1C(=O)N[C@@H](Cc1c[nH]c2ccccc12)C(=O)N[C@@H](CCCC[NH3+])C(=O)N[C@@H](C)C(=O)N1CCC[C@H]1C(=O)N[C@@H](C)C(=O)N[C@@H](C)C(=O)N1CCC[C@H]1C(=O)N[C@@H](C)C(=O)N[C@@H](CCCNC(N)=[NH2+])C(=O)N[C@@H](CCCNC(N)=[NH2+])C(N)=O,0,-2.9569023,4
CC[C@H](C)[C@H](NC(=O)[C@H](CO)NC(=O)[C@@H](NC(=O)[C@H](CS)NC(=O)[C@H](CCCC[NH3+])NC(=O)CNC(=O)[C@H](CCCNC(N)=[NH2+])NC(=O)[C@H](CO)NC(=O)[C@H](CS)NC(=O)[C@H](CCSC)NC(=O)[C@H](CC(C)C)NC(=O)CNC(=O)[C@H](CCSC)NC(=O)[C@H](CS)NC(=O)[C@H](CS)NC(=O)[C@@H](NC(O)C1CC(O)CN1C(O)C1CC(O)CN1C(=O)[C@H](CS)NC(=O)[C@H](CCCNC(N)=[NH2+])NC(=O)[C@H](CO)NC(=O)[C@H](CC(=O)O)NC(=O)[C@H](CCCNC(N)=[NH2+])NC(=O)CNC(=O)[C@H](CO)NC(=O)[C@H](CS)NC(=O)[C@@H](N)CO)C(C)C)C(C)C)C(=O)N[C@@H](Cc1ccc(O)cc1)C(=O)NCC(=O)N[C@H](C=O)CCC(=O)O,0,-2.845662,4
CC[C@H](C)[C@H](NC(=O)CN)C(=O)NCC(=O)N[C@@H](CO)C(=O)N[C@@H](C)C(=O)N[C@H](C(=O)N[C@@H](CC(C)C)C(=O)N[C@@H](CO)C(=O)N[C@@H](C)C(=O)NCC(=O)N[C@@H](CCCC[NH3+])C(=O)N[C@@H](CO)C(=O)N[C@@H](C)C(=O)N[C@@H](CC(C)C)C(=O)N[C@@H](CCCC[NH3+])C(=O)NCC(=O)N[C@@H](CC(C)C)C(=O)N[C@@H](C)C(=O)N[C@@H](CCCC[NH3+])C(=O)NCC(=O)N[C@@H](CC(C)C)C(=O)N[C@@H](C)C(=O)N[C@@H](CCC(=O)O)C(=O)NC(CC1CNCN1)C(O)N[C@@H](Cc1ccccc1)C(=O)N[C@@H](C)C(=O)N[C@@H](CC(N)=O)C(N)=O)[C@@H](C)CC,0,-3.83824,4
CC[C@H](C)[C@H](N)C(=O)N[C@@H](CC(C)C)C(=O)NCC(=O)N[C@@H](CCCC[NH3+])C(=O)N[C@@H](CC(C)C)C(=O)N[C@@H](CC(C)C)C(=O)N[C@@H](CCCC[NH3+])C(=O)N[C@H](C(=O)N[C@@H](C)C(=O)N[C@@H](C)C(=O)N[C@@H](CCCC[NH3+])C(=O)N[C@@H](CC(C)C)C(=O)N[C@@H](CC(C)C)C(=O)N[C@@H](CO)C(=O)N[C@@H](CC(N)=O)C(=O)N[C@@H](CC(C)C)C(N)=O)[C@@H](C)O,0,-3.8378682,4
C[C@H](NC(=O)[C@@H]1CCCN1C(O)C(CC1CNCN1)NC(=O)[C@H](CS)NC(=O)[C@H](CS)NC(=O)[C@@H](N)CCC(=O)O)C(=O)N[C@@H](CS)C(=O)NCC(=O)N[C@@H](CCCC[NH3+])C(=O)NC(CC1CNCN1)C(O)N[C@@H](Cc1ccccc1)C(=O)N[C@@H](CO)C(=O)N[C@@H](CS)C(N)=O,0,-5.889586,4
C[C@H](NC(=O)[C@H](C)NC(=O)[C@H](CCCC[NH3+])NC(=O)[C@H](C)NC(=O)[C@H](Cc1ccccc1)NC(=O)[C@H](Cc1c[nH]c2ccccc12)NC(=O)[C@H](CCCC[NH3+])NC(=O)[C@H](Cc1ccccc1)NC(=O)[C@H](CCCC[NH3+])NC(=O)[C@H](CCCC[NH3+])NC(=O)[C@H](C)NC(=O)[C@H](Cc1ccccc1)NC(=O)[C@@H](N)CCCC[NH3+])C(=O)N[C@@H](Cc1ccccc1)C(=O)N[C@@H](CCCC[NH3+])C(=O)N[C@@H](Cc1ccccc1)C(=O)N[C@@H](Cc1ccccc1)C(=O)N[C@@H](CCCC[NH3+])C(=O)N[C@@H](CCCC[NH3+])C(N)=O,0,-1.960724,4
CC(C)C[C@H](NC(=O)[C@H](CCCC[NH3+])NC(=O)[C@@H](N)CCCC[NH3+])C(=O)N[C@@H](Cc1ccccc1)C(=O)N[C@@H](CCCC[NH3+])C(=O)N[C@@H](CCCC[NH3+])C(=O)N[C@H](CC(C)C)C(=O)N[C@H](CC(C)C)C(=O)N[C@H](CCCC[NH3+])C(=O)N[C@H](Cc1ccc(O)cc1)C(=O)N[C@H](CC(C)C)C(N)=O,0,-2.5171993,4
CC[C@H](C)[C@H](NC(=O)[C@H](Cc1ccccc1)NC(=O)[C@H](CCCC[NH3+])NC(=O)[C@H](C)NC(=O)[C@@H](NC(=O)[C@H](CO)NC(=O)[C@H](CCCC[NH3+])NC(=O)[C@H](CCSC)NC(=O)[C@H](C)NC(=O)[C@H](CCCC[NH3+])NC(=O)[C@H](Cc1ccccc1)NC(=O)[C@H](Cc1c[nH]c2ccccc12)NC(=O)CNC(=O)[C@H](CCCC[NH3+])NC(=O)[C@@H](N)CCCNC(N)=[NH2+])[C@@H](C)CC)C(=O)N[C@@H](C)C(=O)N[C@@H](CCCC[NH3+])C(=O)N[C@@H](CCC(=O)O)C(=O)N[C@@H](CCCC[NH3+])C(=O)N[C@@H](CC(C)C)C(=O)N[C@@H](CCCC[NH3+])C(=O)N[C@@H](CCC(=O)O)C(=O)NC(CC1CNCN1)C(O)N[C@@H](CC(C)C)C(N)=O,0,-1.9119782,4
C[C@H](NC(=O)[C@H](C)NC(=O)[C@H](Cc1ccccc1)NC(=O)[C@H](C)NC(=O)[C@H](C)NC(=O)[C@H](Cc1c[nH]c2ccccc12)NC(=O)[C@H](C)NC(=O)[C@H](C)NC(=O)[C@H](Cc1ccccc1)NC(=O)[C@H](C)NC(=O)[C@H](C)NC(=O)[C@H](CCCC[NH3+])NC(=O)[C@H](CCCC[NH3+])NC(=O)[C@H](CCCC[NH3+])NC(=O)[C@H](CCCC[NH3+])NC(=O)[C@H](CCCC[NH3+])NC(=O)[C@@H](N)CCCC[NH3+])C(N)=O,0,-1.2292095,4
CC(C)C[C@@H](NC(=O)[C@@H](C)NC(=O)[C@H]1CCCN1C(=O)[C@@H](CC(C)C)NC(=O)[C@@H](Cc1c[nH]c2ccccc12)NC(O)C(CC1CNCN1)NC(=O)[C@@H](CCCC[NH3+])NC(=O)[C@@H](CC(C)C)NC(=O)[C@@H](C)NC(=O)[C@@H](CCCC[NH3+])NC(=O)[C@@H](C)NC(=O)[C@@H](CC(C)C)NC(=O)[C@@H](C)NC(=O)[C@@H](CCCC[NH3+])NC(=O)[C@H](N)CCCC[NH3+])C(=O)NC(CC1CNCN1)C(O)N[C@H](CCCC[NH3+])C(=O)N[C@H](CC(C)C)C(=O)N[C@H](C)C(=O)N[C@H](CCCC[NH3+])C(=O)N[C@H](C)C(=O)N[C@H](CC(C)C)C(=O)N[C@H](C)C(=O)N[C@H](CCCC[NH3+])C(=O)N[C@H](CCCC[NH3+])C(N)=O,0,-0.8851437,4
CC[C@H](C)[C@H](NC(=O)CN)C(=O)NCC(=O)N[C@@H](C)C(=O)N[C@H](C(=O)N[C@@H](CC(C)C)C(=O)N[C@@H](CCCC[NH3+])C(=O)N[C@H](C(=O)N[C@@H](CC(C)C)C(=O)N[C@@H](C)C(=O)N[C@@H](CC(C)C)C(=O)N[C@H](C(=O)N[C@@H](CO)C(=O)N[C@@H](Cc1c[nH]c2ccccc12)C(=O)N[C@H](C(=O)N[C@@H](CCCC[NH3+])C(=O)N[C@@H](CCCNC(N)=[NH2+])C(=O)N[C@@H](CCCC[NH3+])C(=O)N[C@@H](CCCNC(N)=[NH2+])C(N)=O)[C@@H](C)CC)[C@@H](C)CC)C(C)C)C(C)C,0,-3.7004747,4
CC[C@H](C)[C@H](NC(=O)[C@H](CCCC[NH3+])NC(=O)[C@H](CCCC[NH3+])NC(=O)[C@H](C)NC(=O)[C@@H](NC(=O)CNC(=O)[C@H](CCCNC(N)=[NH2+])NC(=O)[C@H](CC(C)C)NC(=O)[C@@H](NC(=O)[C@@H](N)CCCC[NH3+])[C@@H](C)CC)C(C)C)C(=O)N[C@@H](CCSC)C(=O)N[C@@H](CCCNC(N)=[NH2+])C(=O)N[C@H](C(=O)N[C@@H](Cc1ccccc1)C(=O)N[C@@H](CC(C)C)C(=O)N[C@@H](CCCNC(N)=[NH2+])C(=O)N[C@@H](CCCNC(N)=[NH2+])C(=O)N[C@H](C(=O)N[C@@H](CO)C(=O)N[C@@H](CCCC[NH3+])C(=O)N[C@@H](CC(=O)O)C(=O)N[C@H](C(=O)N[C@@H](CC(C)C)C(=O)N[C@H](C(=O)NCC(=O)N[C@@H](CCCC[NH3+])C(=O)N[C@@H](CCCC[NH3+])C(N)=O)[C@@H](C)O)[C@@H](C)CC)[C@@H](C)CC)[C@@H](C)O,0,-1.766417,4
CC[C@H](C)[C@H](NC(=O)[C@H](C)NC(O)C(CC1CNCN1)NC(=O)[C@@H]1CCCN1C(=O)[C@@H](NC(=O)[C@H](CC(C)C)NC(=O)[C@H](CO)NC(=O)[C@H](CC(C)C)NC(=O)[C@@H](N)Cc1ccccc1)[C@@H](C)CC)C(=O)N[C@@H](CC(N)=O)C(=O)N[C@@H](C)C(=O)N[C@H](C(=O)N[C@@H](CO)C(=O)N[C@H](C(=O)N[C@@H](CC(C)C)C(=O)N[C@H](C(=O)NC(CC1CNCN1)C(O)NC(CC1CNCN1)C(O)N[C@@H](CO)C(N)=O)C(C)C)[C@@H](C)O)C(C)C,0,-3.9260495,4
CC(C)C[C@H](NC(=O)[C@H](CCCC[NH3+])NC(=O)[C@H](Cc1ccc(O)cc1)NC(=O)CNC(=O)[C@H](CS)NC(=O)[C@H](CS)NC(=O)[C@@H](NC(=O)CNC(=O)[C@@H](N)CC(N)=O)C(C)C)C(=O)N[C@@H](CS)C(=O)NC(CC1CNCN1)C(O)N1CC(O)CC1C(O)N[C@H](C=O)CS,0,-2.5427468,4
CC[C@H](C)[C@H](N)C(=O)N[C@@H](Cc1c[nH]c2ccccc12)C(=O)N[C@@H](CC(C)C)C(=O)N[C@H](C(=O)N[C@@H](C)C(=O)N[C@@H](CC(C)C)C(=O)N[C@@H](CCCC[NH3+])C(=O)N[C@@H](Cc1ccccc1)C(=O)N[C@@H](CC(C)C)C(=O)NCC(=O)N[C@@H](CCCC[NH3+])C(=O)NC(CC1CNCN1)C(O)N[C@@H](C)C(=O)N[C@@H](C)C(=O)N[C@@H](CCCC[NH3+])C(=O)NC(CC1CNCN1)C(O)N[C@@H](CC(C)C)C(=O)N[C@@H](C)C(=O)N[C@@H](CCCC[NH3+])C(=O)N[C@@H](CCC(N)=O)C(=O)N[C@@H](CCC(N)=O)C(=O)N[C@@H](CC(C)C)C(=O)N[C@@H](CO)C(=O)N[C@@H](CCCC[NH3+])C(=O)N[C@@H](CC(C)C)C(N)=O)[C@@H](C)O,0,-1.3029228,4
CCCC(CO)NC(=O)[C@@H]1CCCN1C(=O)[C@@H](NC(=O)[C@@H](NC(=O)[C@H](CC(=O)O)NC(C)=O)[C@@H](C)CC)C(C)C,0,-3.4818726,4
CC(C)C[C@H](NC(=O)[C@H](CC(C)C)NC(=O)[C@H](CCCC[NH3+])NC(=O)[C@H](CCCC[NH3+])NC(=O)[C@H](CC(C)C)NC(=O)[C@H](CC(C)C)NC(=O)[C@H](CCCC[NH3+])NC(=O)[C@H](CC(C)C)NC(=O)[C@@H]1CCCN1C(=O)[C@H](CCCC[NH3+])NC(=O)[C@H](CCCC[NH3+])NC(=O)[C@H](CC(C)C)NC(=O)[C@H](CC(C)C)NC(=O)[C@H](CCCC[NH3+])NC(=O)[C@H](CCCC[NH3+])NC(=O)[C@H](Cc1c[nH]c2ccccc12)NC(=O)[C@@H](N)CCCC[NH3+])C(N)=O,0,-3.6008568,4
N=C(N)NCCC[C@H](NC(=O)[C@@H]1CCCN1C(=O)[C@@H]1CSSC[C@H](N)C(=O)N[C@@H](Cc2ccc(O)cc2)C(=O)N[C@@H](Cc2ccccc2)C(=O)N[C@@H](CCC(N)=O)C(=O)N[C@@H](CC(N)=O)C(=O)N1)C(=O)NCC(N)=O,0,-5.152246,4
CC[C@H](C)[C@@H](NC(=O)[C@@H](C)NC(=O)[C@@H](CCCC[NH3+])NC(=O)[C@@H](CC(C)C)NC(=O)[C@@H](CC(C)C)NC(=O)[C@H](NC(O)C(CC1CNCN1)NC(=O)[C@@H](CC(C)C)NC(=O)[C@H](NC(=O)[C@H](NC(=O)[C@@H](CCCC[NH3+])NC(=O)[C@@H](CCCC[NH3+])NC(=O)[C@@H](CC(C)C)NC(=O)[C@@H](CO)NC(=O)[C@@H](CCCC[NH3+])NC(=O)[C@@H](Cc1ccccc1)NC(=O)[C@H](NC(=O)[C@@H](CCCC[NH3+])NC(=O)[C@@H](CC(C)C)NC(=O)[C@@H](Cc1ccccc1)NC(=O)[C@@H](CO)NC(=O)[C@@H](CCCC[NH3+])NC(=O)[C@@H](Cc1c[nH]c2ccccc12)NC(=O)[C@@H](CCCC[NH3+])NC(C)=O)[C@@H](C)O)[C@@H](C)O)C(C)C)[C@@H](C)O)C(=O)N[C@H](CO)C(=O)N[C@@H](CO)C(N)=O,0,-4.812005,4
C[C@@H]1NC(=O)[C@@H]2CSSC[C@H](NC(=O)C[NH3+])C(=O)N[C@@H](CSSC[C@@H](C(N)=O)NC(=O)[C@H](CCCNC(N)=[NH2+])NC(=O)[C@H](Cc3c[nH]c4ccccc34)NC1=O)C(=O)N[C@@H](CO)C(=O)N[C@@H](CC(=O)O)C(=O)N1CCC[C@H]1C(=O)N[C@@H](CCCNC(N)=[NH2+])C(=O)N2,0,-4.8009653,4
CC(C)C[C@@H]1NC(=O)[C@@H](Cc2c[nH]c3ccccc23)NC(=O)[C@H](CCCC[NH3+])NC(O)C(CO)N(C)C(=O)[C@H](CC(N)=O)NC(=O)[C@@H](CCC(=O)O)NC(=O)[C@H](CO)NC(O)C(CC2CNC3CCCCC23)N(C)C1=O,0,-7.5259624,4
CC[C@H](C)[C@H](NC(O)C(CC1CNCN1)NC(=O)[C@H](CCCC[NH3+])NC(=O)[C@H](CC(C)C)NC(=O)[C@H](CC(C)C)NC(=O)[C@H](CO)NC(=O)[C@H](CCSC)NC(=O)[C@H](Cc1c[nH]c2ccccc12)NC(=O)[C@H](CCCC[NH3+])NC(=O)CN)C(=O)N[C@@H](CC(C)C)C(=O)N[C@@H](CCCC[NH3+])C(N)=O,0,-6.336851,4
CSCC[C@H](NC(=O)[C@H](CCC(=O)O)NC(=O)[C@H](CC(=O)O)NC(C)=O)C(=O)N[C@@H](CCC(=O)O)C(=O)NC(CC1CCC2CCCCC2C1)C(O)N[C@H](C=O)CS,0,-1.1826725,4
CC(C)C[C@H]1NC(=O)CNC(=O)[C@@H](CC(N)=O)NC(=O)[C@H](CCCNC(N)=[NH2+])NC(=O)[C@H]([C@@H](C)O)NC(=O)[C@H](CS)NC(=O)[C@H](C(C)C)NC(=O)[C@@H]2CCCN2C(=O)[C@H](Cc2c[nH]c3ccccc23)NC(=O)[C@H](CO)NC(=O)[C@H](CS)NC(=O)[C@H](CO)NC(=O)[C@H](CS)NC(=O)CNC(=O)[C@@H]2CCCN2C(=O)[C@H]([C@@H](C)O)NC(=O)[C@H](Cc2ccc(O)cc2)NC(=O)[C@H](CS)NC(=O)[C@H](CO)NC(=O)CNC(=O)[C@H](Cc2ccccc2)NC(=O)[C@H](C)NC(=O)[C@H](CS)NC(=O)[C@H]([C@@H](C)O)NC(=O)[C@H](CCC(=O)O)NC(=O)CNC(=O)[C@H](CS)NC(=O)[C@H](C(C)C)NC(=O)[C@@H]2CCCN2C1=O,0,-5.3709936,4
CC(C)[C@@H]1NC(=O)[C@H](CCCC[NH3+])NC(=O)[C@H](C)NC(=O)[C@@H]2CCCN2C(=O)[C@@H](Cc2ccc(O)cc2)NC(=O)[C@H](C(C)C)NC(=O)[C@@H](CCCC[NH3+])NC(=O)[C@H](C)NC(=O)[C@H](CCCC[NH3+])NC(=O)[C@H](C(C)C)NC(=O)[C@H]2CCCN2C(=O)[C@@H](Cc2ccc(O)cc2)NC(=O)[C@H](C)NC(=O)[C@H](CCCC[NH3+])NC1=O,0,-6.3100667,4
CC[C@H](C)[C@H](NC(=O)CNC(=O)[C@H](C)NC(=O)[C@H](CS)NC(=O)[C@H](C)NC(=O)[C@H](C)NC(=O)[C@H](CCCNC(N)=[NH2+])NC(=O)[C@H](CO)NC(=O)[C@H](CS)NC(=O)[C@H](CS)NC(=O)CN)C(=O)NC(CC1CNCN1)C(O)N[C@@H](CCC(N)=O)C(=O)N[C@@H](CCC(=O)O)C(=O)N[C@@H](CC(C)C)C(=O)N[C@@H](CS)C(N)=O,0,-5.6793017,4
CC(C)C[C@H](NC(=O)[C@H](CCCNC(N)=[NH2+])NC(=O)[C@H](CCCC[NH3+])NC(=O)[C@H](CCCC[NH3+])NC(=O)[C@H](CC(C)C)NC(=O)[C@H](CC(N)=O)NC(=O)[C@H](C)NC(=O)[C@H](Cc1ccccc1)NC(=O)[C@H](CCCNC(N)=[NH2+])NC(=O)[C@H](CCCNC(N)=[NH2+])NC(=O)[C@H](CCCC[NH3+])NC(=O)[C@H](Cc1ccccc1)NC(=O)[C@H](CO)NC(=O)[C@H](C)NC(=O)CNC(=O)[C@H](Cc1ccccc1)NC(=O)[C@H](CCCC[NH3+])NC(=O)[C@H](CCCC[NH3+])NC(=O)[C@H](Cc1ccccc1)NC(=O)[C@H](Cc1ccc(O)cc1)NC(=O)[C@H](CCC(=O)O)NC(=O)[C@H](CCCC[NH3+])NC(=O)[C@H](CCCNC(N)=[NH2+])NC(=O)[C@H](CCCC[NH3+])NC(=O)CNC(=O)[C@H](Cc1ccccc1)NC(=O)[C@H](Cc1ccccc1)NC(=O)CN)C(N)=O,0,-1.4875017,4
CC[C@H](C)[C@H](NC(=O)[C@@H](N)CCCC[NH3+])C(=O)N[C@@H](CCCC[NH3+])C(=O)N[C@H](C(=O)N1CCC[C@H]1C(=O)N[C@@H](Cc1c[nH]c2ccccc12)C(=O)NCC(=O)N[C@@H](CCCC[NH3+])C(=O)N[C@H](C(=O)N[C@@H](CCCC[NH3+])C(=O)N[C@@H](CC(=O)O)C(=O)N[C@@H](Cc1ccccc1)C(=O)N[C@@H](CC(C)C)C(=O)N[C@H](C(=O)NCC(=O)NCC(=O)N[C@@H](CCSC)C(=O)N[C@@H](CCCC[NH3+])C(=O)N[C@@H](C)C(=O)N[C@H](C(N)=O)C(C)C)C(C)C)C(C)C)[C@@H](C)CC,0,-3.027865,4
CC[C@H](C)[C@H](NC(=O)[C@H](Cc1ccccc1)NC(=O)[C@@H]1CCCN1C(=O)[C@H](C)NC(=O)[C@@H](NC(=O)[C@@H](N)CC(C)C)[C@@H](C)CC)C(=O)N[C@@H](CCCNC(N)=[NH2+])C(=O)N[C@@H](CC(=O)O)C(=O)N[C@@H](Cc1ccc(O)cc1)C(=O)N[C@@H](CS)C(=O)N[C@@H](CS)C(=O)N1CCC[C@H]1C(=O)N[C@@H](CCCNC(N)=[NH2+])C(=O)NCC(=O)N1CCC[C@H]1C(=O)N[C@@H](CS)C(=O)N[C@@H](CCSC)C(=O)N[C@H](C(=O)N[C@@H](Cc1c[nH]c2ccccc12)C(=O)N[C@@H](CS)C(N)=O)C(C)C,0,-4.043993,4
C[C@H](NC(=O)[C@H](C)NC(=O)[C@H](C)NC(=O)[C@H](Cc1ccccc1)NC(=O)[C@H](C)NC(=O)[C@H](C)NC(=O)[C@H](Cc1c[nH]c2ccccc12)NC(=O)[C@H](C)NC(=O)[C@H](C)NC(=O)[C@H](Cc1ccccc1)NC(=O)[C@H](C)NC(=O)[C@H](C)NC(=O)[C@H](C)NC(=O)[C@H](C)NC(=O)[C@H](C)NC(=O)[C@H](Cc1ccccc1)NC(=O)[C@H](C)NC(=O)[C@H](C)NC(=O)[C@H](C)NC(=O)[C@H](CCCC[NH3+])NC(=O)[C@H](CCCC[NH3+])NC(=O)[C@H](CCCC[NH3+])NC(=O)[C@H](CCCC[NH3+])NC(=O)[C@H](CCCC[NH3+])NC(=O)[C@@H](N)CCCC[NH3+])C(N)=O,0,1.4283439,4
CC(C)C[C@H](NC(=O)[C@H](C)NC(=O)[C@H](CC(C)C)NC(=O)[C@H](C)NC(=O)[C@@H](N)Cc1c[nH]c2ccccc12)C(N)=O,0,-5.7454185,4
CC[C@H](C)[C@H](NC(=O)[C@H](CC(C)C)NC(=O)[C@H](CO)NC(=O)[C@@H](NC(=O)[C@@H](NC(=O)[C@H](CC(C)C)NC(=O)CN)C(C)C)[C@@H](C)O)C(=O)N[C@@H](CCCC[NH3+])C(=O)NCC(=O)N[C@@H](C)C(=O)NCC(=O)N[C@@H](CCCC[NH3+])C(=O)N[C@@H](CC(C)C)C(=O)N[C@@H](CC(C)C)C(=O)NCC(=O)NCC(=O)N[C@@H](CC(C)C)C(=O)N[C@@H](Cc1ccccc1)C(=O)NCC(=O)N[C@@H](CO)C(=O)N[C@H](C(=O)N[C@H](C(=O)NCC(N)=O)[C@@H](C)O)C(C)C,0,-1.4929723,4
CC[C@H](C)[C@H](NC(=O)[C@@H](NC(=O)[C@@H]1CCCN1C(=O)[C@H](CC(C)C)NC(=O)[C@@H](N)Cc1ccccc1)[C@@H](C)CC)C(=O)N[C@H](C(=O)N[C@@H](CC(N)=O)C(=O)N[C@@H](CC(C)C)C(=O)N[C@@H](CC(C)C)C(=O)NCC(=O)N[C@@H](CCCC[NH3+])C(=O)N[C@@H](CC(C)C)C(=O)N[C@@H](CC(C)C)C(N)=O)[C@@H](C)O,0,-3.9682531,4
CC[C@H](C)[C@H](NC(=O)[C@@H]1CCCN1C(=O)[C@H](CC(C)C)NC(=O)[C@@H](N)Cc1ccccc1)C(=O)N[C@H](C(=O)NCC(=O)N[C@@H](CCCC[NH3+])C(=O)N[C@@H](CC(C)C)C(=O)N[C@@H](CC(C)C)C(=O)N[C@@H](CO)C(=O)NCC(=O)N[C@@H](CC(C)C)C(=O)N[C@@H](CC(C)C)C(N)=O)C(C)C,0,-5.0109596,4
C[C@H](NC(O)C(CC1CNCN1)NC(=O)[C@H](Cc1ccc(O)cc1)NC(=O)[C@H](CCC(=O)O)NC(=O)[C@H](Cc1c[nH]c2ccccc12)NC(=O)[C@@H](N)CC(=O)O)C(=O)NC(CC1CNCN1)C(O)N1CCC[C@H]1C(=O)N[C@@H](CCCC[NH3+])C(=O)N1CC(O)CC1C(O)N[C@@H](CC(N)=O)C(=O)N[C@@H](CO)C(=O)N[C@H](Cc1ccccc1)C(=O)N[C@@H](Cc1c[nH]c2ccccc12)C(=O)N[C@H](C=O)[C@@H](C)O,0,-0.25123197,4
CC[C@H](C)[C@H](NC(=O)[C@H](CC(=O)O)NC(=O)[C@H](CCSC)NC(=O)[C@@H](NC(=O)[C@@H](NC(=O)[C@H](CCC(=O)O)NC(=O)[C@H](Cc1ccc(O)cc1)NC(=O)[C@H](Cc1ccccc1)NC(=O)[C@H](CCCCN)NC(=O)[C@H](CCC(N)=O)NC(=O)[C@H](CCC(N)=O)NC(=O)[C@H](CC(C)C)NC(=O)[C@H](CC(=O)O)NC(=O)[C@H](CCCCN)NC(=O)[C@@H](NC(=O)[C@H](CCC(N)=O)NC(=O)[C@H](CC(N)=O)NC(=O)[C@H](Cc1ccc(O)cc1)NC(=O)[C@H](Cc1c[nH]c2ccccc12)NC(=O)[C@H](CCC(=O)O)NC(=O)CNC(=O)[C@H](CC(C)C)NC(=O)[C@@H](NC(=O)[C@@H](NC(=O)[C@H](CC(N)=O)NC(=O)CNC(=O)[C@H](Cc1c[nH]cn1)NC(=O)[C@H](CC(N)=O)NC(=O)[C@@H](N)Cc1c[nH]c2ccccc12)[C@@H](C)CC)[C@@H](C)O)[C@@H](C)O)[C@@H](C)CC)[C@@H](C)CC)C(=O)N[C@@H](CCC(=O)O)C(=O)N[C@@H](CCC(N)=O)C(=O)N[C@@H](CC(N)=O)C(=O)N[C@@H](CC(N)=O)C(=O)N[C@H](C(=O)N[C@@H](CCC(N)=O)C(=O)O)C(C)C,0,-1.6004634,4
CC[C@H](C)[C@@H]1NC(=O)[C@H](C)NC(=O)[C@H](CO)NC(=O)[C@H](CO)NC(=O)[C@H]([C@@H](C)CC)NC(=O)[C@H](CS)NC(=O)[C@@H]2CCCN2C(=O)[C@H]([C@@H](C)CC)NC(=O)[C@H](Cc2c[nH]c3ccccc23)NC(=O)[C@H](C(C)C)NC(=O)[C@H](CS)NC(=O)[C@H](CO)NC(=O)[C@H](CCC(=O)O)NC(=O)CNC(=O)[C@H](CS)NC(=O)[C@H]2CCCN2C(=O)[C@H]([C@@H](C)CC)NC(=O)CNC(=O)[C@H](CC(N)=O)NC(=O)[C@H](CCCNC(N)=[NH2+])NC(=O)[C@H](Cc2ccc(O)cc2)NC(=O)[C@H](CS)NC(=O)[C@H](C(C)C)NC(=O)[C@H](CCCC[NH3+])NC(=O)[C@H](CO)NC(=O)[C@H](CCCC[NH3+])NC(=O)[C@H](CS)NC(=O)[C@H](CO)NC(=O)[C@H](CS)NC(=O)CNC1=O,0,-5.1629505,4
CSCC[C@@H](C=O)NC(=O)[C@H](CC(C)C)NC(=O)CNC(=O)[C@@H](NC(=O)[C@H](Cc1ccccc1)NC(=O)[C@H](CCC(N)=O)NC(=O)[C@H](CC(=O)O)NC(=O)[C@H](CO)NC(=O)[C@H](CCCCN)NC(=O)[C@@H]1CCCN1C(=O)[C@@H](NC(=O)[C@@H](N)CC(=O)O)C(C)C)C(C)C,0,3.887384,4
CC[C@H](C)[C@H](NC(=O)[C@H](CCC(N)=O)NC(=O)[C@@H]1CCCN1C(=O)[C@H](CC(N)=O)NC(O)C(CC1CNCN1)NC(=O)[C@@H](NC(=O)[C@@H](NC(=O)[C@H](CS)NC(=O)[C@@H](NC(=O)[C@@H]1CCCN1C(=O)[C@H](CC(N)=O)NC(=O)[C@H](CO)NC(=O)[C@H](CS)NC(=O)[C@@H](N)CS)C(C)C)[C@@H](C)O)C(C)C)C(=O)N[C@@H](CS)C(N)=O,0,-4.570237,4
CC(=O)N[C@@H](CC(=O)O)C(=O)N[C@@H](CCC(=O)O)C(=O)N[C@@H](Cc1ccccc1)C(=O)N[C@@H](CCC(=O)O)C(=O)NC(CC1CCCCC1)C(O)N[C@H](C=O)CS,0,-0.929358,4
CC(C)C[C@H](NC(=O)[C@H](CCCC[NH3+])NC(=O)[C@H](CC(C)C)NC(=O)[C@H](CCCC[NH3+])NC(=O)[C@H](CC(C)C)NC(=O)[C@H](C)NC(=O)[C@H](CCCC[NH3+])NC(=O)[C@H](C)NC(=O)[C@H](CC(C)C)NC(=O)[C@H](CC(C)C)NC(=O)[C@H](CCCC[NH3+])NC(=O)[C@H](C)NC(=O)[C@@H](N)Cc1ccccc1)C(N)=O,0,-4.8250284,4
CC(C)C[C@H](NC(=O)[C@H](CC(N)=O)NC(=O)[C@H](CO)NC(O)C(CC1CNCN1)NC(=O)[C@H](CCC(=O)O)NC(=O)[C@H](CC(C)C)NC(O)C(CC1CNCN1)NC(=O)[C@H](CS)NC(=O)[C@@H](NC(=O)[C@@H]1CCCN1C(=O)[C@H](CC(N)=O)NC(=O)[C@H](CO)NC(=O)[C@H](CS)NC(=O)[C@H](CS)NC(=O)CNC(=O)[C@@H]1CCCN1C(=O)[C@H](CC(=O)O)NC(=O)[C@@H](N)CCCNC(N)=[NH2+])C(C)C)C(=O)N[C@@H](CS)C(N)=O,0,-4.633064,4
C[C@H](NC(=O)[C@H](CS)NC(=O)[C@H](CCCNC(N)=[NH2+])NC(=O)[C@@H]1CCCN1C(=O)[C@H](CC(=O)O)NC(=O)[C@H](CO)NC(=O)[C@H](CS)NC(=O)[C@H](CS)NC(=O)CN)C(=O)N[C@H](C(=O)N[C@@H](CCCNC(N)=[NH2+])C(=O)N[C@@H](CS)C(N)=O)[C@@H](C)O,0,-6.3574686,4
CC(C)C[C@@H](NC(=O)[C@@H](C)NC(=O)[C@@H](CC(C)C)NC(=O)[C@@H](CCCC[NH3+])NC(=O)[C@@H](CCCC[NH3+])NC(=O)[C@@H](CC(C)C)NC(=O)[C@@H](C)NC(=O)[C@H]1CCCN1C(=O)[C@@H](CC(C)C)NC(=O)[C@@H](Cc1c[nH]c2ccccc12)NC(=O)[C@@H](CCCC[NH3+])NC(=O)[C@@H](CCCC[NH3+])NC(=O)[C@@H](CC(C)C)NC(=O)[C@@H](C)NC(=O)[C@@H](CC(C)C)NC(=O)[C@@H](CC(C)C)NC(=O)[C@@H](C)NC(=O)[C@@H](CC(C)C)NC(=O)[C@@H](CCCC[NH3+])NC(=O)[C@H](N)CCCC[NH3+])C(=O)N[C@H](CC(C)C)C(=O)N[C@H](C)C(=O)N[C@H](CC(C)C)C(=O)N[C@H](CCCC[NH3+])C(=O)N[C@H](CCCC[NH3+])C(N)=O,0,0.72028047,4
C[C@@H]1NC(=O)[C@@H]2CSSC[C@H](NC(=O)[C@@H](NC(=O)CN)CSSC[C@@H](C(=O)O)NC(=O)[C@H](CCCNC(N)=[NH2+])NC(=O)[C@H](Cc3c[nH]c4ccccc34)NC1=O)C(=O)N[C@@H](CO)C(=O)N[C@@H](CC(=O)O)C(=O)N[C@@H](CCCCN)C(=O)N[C@@H](CCCNC(N)=[NH2+])C(=O)N2,0,-4.366309,4
CC[C@H](C)[C@H](NC(=O)[C@@H](NC(=O)[C@@H]1CCCN1C(=O)[C@@H](NC(=O)[C@@H](NC(O)C(CC1CNCN1)NC(=O)[C@@H]1CCCN1C(=O)[C@H](CC(C)C)NC(=O)[C@H](CC(C)C)NC(O)C(CC1CNCN1)NC(=O)[C@H](CCCC[NH3+])NC(=O)[C@H](C)NC(=O)[C@@H](NC(=O)[C@H](CO)NC(=O)CNC(=O)[C@H](CC(C)C)NC(=O)[C@@H](NC(=O)[C@H](CO)NC(=O)[C@H](Cc1ccccc1)NC(=O)[C@H](CC(C)C)NC(=O)CN)C(C)C)C(C)C)C(C)C)C(C)C)C(C)C)C(=O)N[C@@H](C)C(=O)N[C@@H](CCC(=O)O)C(=O)N[C@@H](CCCC[NH3+])C(=O)N[C@@H](CC(C)C)C(N)=O,0,-3.6864388,4
CC[C@H](C)[C@H](NC(=O)CNC(=O)[C@H](CO)NC(=O)[C@H](CC(C)C)NC(=O)[C@H](C)NC(=O)[C@H](CCCNC(N)=[NH2+])NC(=O)CNC(=O)[C@@H](NC(=O)[C@H](CC(C)C)NC(=O)[C@@H]1CCCN1C(=O)[C@H](CC(C)C)NC(=O)[C@@H](N)Cc1ccccc1)[C@@H](C)CC)C(=O)N[C@@H](CC(C)C)C(N)=O,0,-4.2506313,4
CC(C)C[C@H](NC(=O)[C@H](CCCC[NH3+])NC(=O)[C@H](CCCC[NH3+])NC(=O)[C@H](CC(C)C)NC(=O)[C@H](C)NC(=O)[C@H](CCCC[NH3+])NC(=O)[C@H](CC(C)C)NC(=O)[C@H](C)NC(=O)[C@H](CC(C)C)NC(=O)[C@H](C)NC(=O)[C@@H](N)C(C)C)C(N)=O,0,-4.866524,4
C[C@H](NC(=O)[C@@H]1CCCN1C(=O)[C@H](CC(N)=O)NC(=O)[C@H](CCCNC(N)=[NH2+])NC(=O)[C@H](CS)NC(=O)[C@H](CS)NC(=O)CNC(=O)[C@@H](N)CC(N)=O)C(=O)N[C@@H](CS)C(=O)N[C@@H](CCC(=O)O)C(=O)N[C@@H](CO)C(=O)NC(CC1CNCN1)C(O)N[C@@H](CCCNC(N)=[NH2+])C(=O)N[C@@H](CS)C(N)=O,0,-5.448827,4
C[C@H](NC(=O)[C@H](CS)NC(=O)[C@H](CC(=O)O)NC(=O)[C@@H]1CCCN1C(=O)[C@H](CCCNC(N)=[NH2+])NC(=O)[C@H](CO)NC(=O)[C@H](CS)NC(=O)[C@H](CS)NC(=O)CN)C(=O)N[C@@H](Cc1c[nH]c2ccccc12)C(=O)N[C@@H](CCCNC(N)=[NH2+])C(=O)N[C@@H](CS)C(N)=O,0,-6.846057,4
CC(C)C[C@H]1NC(=O)CNC(=O)[C@H](CC(N)=O)NC(=O)[C@@H](CCCNC(N)=[NH2+])NC(=O)[C@H]([C@@H](C)O)NC(=O)[C@H](CS)NC(=O)[C@H](CCCC[NH3+])NC(=O)[C@@H]2CCCN2C(=O)[C@H](Cc2c[nH]c3ccccc23)NC(=O)[C@H](CO)NC(=O)[C@H](CS)NC(=O)[C@H]([C@@H](C)O)NC(=O)[C@H](CS)NC(=O)CNC(=O)[C@@H]2CCCN2C(=O)[C@H]([C@@H](C)O)NC(=O)[C@H](CC(N)=O)NC(=O)[C@H](CS)NC(=O)[C@H]([C@@H](C)O)NC(=O)CNC(=O)CNC(=O)[C@H](C(C)C)NC(=O)[C@H](CS)NC(=O)[C@H]([C@@H](C)O)NC(=O)[C@H](CCC(=O)O)NC(=O)CNC(=O)[C@H](CS)NC(=O)[C@H](C(C)C)NC(=O)[C@@H]2CCCN2C1=O,0,-5.607234,4
CC(C)C[C@H](NC(=O)[C@H](Cc1ccc(O)cc1)NC(=O)[C@@H]1CCCN1C(=O)[C@@H](N)Cc1c[nH]c2ccccc12)C(=O)N1CCC[C@H]1C(=O)N[C@@H](Cc1c[nH]c2ccccc12)C(=O)N[C@@H](CCCNC(N)=[NH2+])C(=O)N[C@@H](CCCNC(N)=[NH2+])C(N)=O,0,-4.7886324,4
CC[C@H](C)[C@H](NC(=O)[C@H](C)NC(=O)[C@H](CO)NC(=O)CNC(=O)[C@@H]1CCCN1C(=O)CN)C(=O)N[C@@H](CS)C(=O)N[C@@H](CC(N)=O)C(=O)N[C@@H](CCSC)C(=O)N[C@@H](C)C(=O)N[C@@H](CS)C(=O)N[C@@H](CCCNC(N)=[NH2+])C(=O)N[C@@H](CC(C)C)C(=O)N[C@@H](CCC(=O)O)C(=O)NC(CC1CNCN1)C(O)NCC(=O)NC(CC1CNCN1)C(O)N[C@@H](CC(C)C)C(=O)N[C@@H](Cc1ccc(O)cc1)C(=O)N1CCC[C@H]1C(=O)N[C@@H](Cc1ccccc1)C(=O)N[C@@H](CS)C(=O)N[C@@H](CC(N)=O)C(=O)N[C@@H](CS)C(=O)N[C@@H](CC(=O)O)C(N)=O,0,-5.571584,4
CC(C)C[C@H](NC(=O)[C@H](C)NC(=O)[C@H](CC(C)C)NC(=O)[C@H](C)NC(=O)[C@H](CCCC[NH3+])NC(=O)[C@H](CCCC[NH3+])NC(=O)[C@H](C)NC(=O)[C@H](CC(C)C)NC(=O)[C@H](CCCC[NH3+])NC(=O)[C@H](C)NC(=O)[C@H](CC(C)C)NC(=O)[C@H](CCCC[NH3+])NC(=O)[C@H](CCCC[NH3+])NC(=O)[C@H](C)NC(=O)[C@@H](N)Cc1ccccc1)C(N)=O,0,-3.9646418,4
CC[C@H](C)[C@H](NC(=O)[C@@H](N)Cc1ccccc1)C(=O)N[C@H](C(=O)N[C@H](C(=O)NC(CC1CNCN1)C(N)O)C(C)C)[C@@H](C)O,0,-1.1746653,4
CC[C@H](C)[C@H](NC(=O)[C@H](CC(=O)O)NC(=O)[C@H](Cc1ccccc1)NC(=O)[C@H](CC(C)C)NC(=O)CN)C(=O)N[C@H](C(=O)N[C@@H](CCCC[NH3+])C(=O)N[C@@H](CCCC[NH3+])C(=O)N[C@H](C(=O)N[C@H](C(=O)NCC(=O)N[C@@H](C)C(=O)N[C@@H](CC(C)C)C(=O)NCC(=O)N[C@@H](CO)C(=O)N[C@@H](CC(C)C)C(N)=O)C(C)C)C(C)C)C(C)C,0,-5.414188,4
CC[C@H](C)[C@@H]1NC(=O)[C@H](CC(C)C)NC(=O)[C@H](C)NC(=O)[C@H]([C@@H](C)O)NC(=O)[C@H](C(C)C)NC(=O)[C@H]([C@@H](C)O)NC(=O)[C@H](CS)NC(=O)[C@@H]2CCCN2C(=O)[C@H]([C@@H](C)CC)NC(=O)[C@H](Cc2c[nH]c3ccccc23)NC(=O)[C@H](C(C)C)NC(=O)[C@H](CS)NC(=O)[C@H](CO)NC(=O)[C@H](CCC(=O)O)NC(=O)[C@H](C)NC(=O)[C@H](CS)NC(=O)[C@@H]2CCCN2C(=O)[C@@H]([C@@H](C)CC)NC(=O)CNC(=O)[C@H](CC(N)=O)NC(=O)[C@@H](Cc2ccc(O)cc2)NC(=O)[C@H](CS)NC(=O)[C@H](C(C)C)NC(=O)[C@H](CCCC[NH3+])NC(=O)[C@H](CC(N)=O)NC(=O)[C@H](CO)NC(=O)[C@H](CS)NC(=O)CNC(=O)[C@H](CS)NC(=O)CNC1=O,0,-4.9953203,4
CC(C)C[C@H](NC(=O)[C@H](CCCC[NH3+])NC(=O)[C@H](CCCC[NH3+])NC(=O)[C@H](Cc1c[nH]c2ccccc12)NC(=O)[C@@H](N)CCCC[NH3+])C(=O)N[C@@H](CC(C)C)C(=O)N[C@@H](CCCC[NH3+])C(=O)N[C@@H](CCCC[NH3+])C(=O)N1CCC[C@H]1C(=O)N[C@@H](CC(C)C)C(=O)N[C@@H](CC(C)C)C(=O)N[C@@H](CCCC[NH3+])C(=O)N[C@@H](CCCC[NH3+])C(N)=O,0,-3.4321265,4
CC[C@H](C)[C@H](NC(=O)[C@H](CO)NC(=O)[C@H](CCCC[NH3+])NC(=O)[C@H](CC(C)C)NC(=O)[C@H](CCCC[NH3+])NC(=O)[C@@H](N)CC(C)C)C(=O)N[C@H](C(=O)N[C@@H](CO)C(=O)N[C@@H](Cc1c[nH]c2ccccc12)C(=O)N[C@@H](C)C(=O)N[C@@H](CCCC[NH3+])C(=O)N[C@@H](CC(C)C)C(=O)N[C@H](C(=O)N[C@@H](CC(C)C)C(N)=O)C(C)C)C(C)C,0,-5.016365,4
CC[C@H](C)[C@@H]1NC(=O)[C@H](CS)NC(=O)[C@@H]2CCCN2C(=O)[C@H]([C@@H](C)CC)NC(=O)[C@H](Cc2c[nH]c3ccccc23)NC(=O)[C@H](C(C)C)NC(=O)[C@H](CS)NC(=O)[C@H](CO)NC(=O)[C@H](CCC(=O)O)NC(=O)[C@@H](CS)NC(=O)[C@H]2CCCN2C(=O)[C@H](CC(C)C)NC(=O)[C@@H]([C@@H](C)O)NC(=O)CNC(=O)[C@H](CC(N)=O)NC(=O)[C@H](CCCC[NH3+])NC(=O)[C@H](Cc2ccc(O)cc2)NC(=O)[C@H](CS)NC(=O)[C@H](C(C)C)NC(=O)[C@H](CCCC[NH3+])NC(=O)[C@H](CO)NC(=O)[C@H](CCCC[NH3+])NC(=O)[C@H](CS)NC(=O)[C@H](CO)NC(=O)[C@H](CS)NC(=O)CNC(=O)[C@H](C(C)C)NC(=O)[C@H](C(C)C)NC(=O)[C@H](CO)NC(=O)[C@H](CO)NC1=O,0,-5.5296254,4
CC(=O)N[C@@H](CCCNC(N)=[NH2+])C(=O)N[C@@H](CCCNC(N)=[NH2+])C(=O)N[C@@H](Cc1c[nH]c2ccccc12)C(=O)N[C@@H](Cc1c[nH]c2ccccc12)C(=O)N[C@@H](CS)C(=O)N[C@@H](CCCNC(N)=[NH2+])C(=O)N[C@H](C(N)=O)C(C)C,0,-3.7812247,4
CCCC(CO)NC(=O)[C@@H]1CCCN1C(=O)[C@@H](NC(=O)[C@@H](NC(=O)[C@H](CC(=O)O)NC(=O)[C@@H](CC(=O)O)NC(C)=O)[C@@H](C)CC)C(C)C,0,-4.415148,4
CC[C@H](C)[C@H](NC(O)C(C)(C)NC(=O)[C@H](CCCC[NH3+])NC(=O)CNC(=O)[C@H](CC(C)C)NC(O)C(C)(C)NC(=O)[C@H](CCCC[NH3+])NC(=O)[C@H](CCCC[NH3+])NC(=O)[C@H](Cc1c[nH]c2ccccc12)NC(=O)[C@H](CC(N)=O)NC(=O)[C@@H](N)C(C)C)C(=O)N[C@@H](CCCC[NH3+])C(=O)NC(C)(C)C(O)N[C@H](C(=O)N[C@@H](CCCC[NH3+])C(N)=O)C(C)C,0,-5.8703065,4
CC[C@H](C)[C@H](NC(=O)[C@H](CC(C)C)NC(=O)[C@H](CCC(=O)O)NC(=O)[C@@H](CC(=O)O)NC(C)=O)C(=O)NC(CC1CCCCC1)C(O)N[C@@H](CS)C(=O)N1CCC[C@H]1C(=O)NC(CC1CCCCC1)C(O)N[C@@H](CC(=O)O)C(=O)N[C@@H](CC(C)C)C(=O)N1CCC[C@@H]1C(=O)N[C@@H](Cc1ccc(O)cc1)C(=O)N[C@@H](CCCC[NH3+])C(N)=O,0,-4.4460583,4
CC(C)C[C@H](NC(=O)[C@H](CCCNC(N)=[NH2+])NC(=O)[C@H](CCCNC(N)=[NH2+])NC(=O)[C@H](Cc1ccc(O)cc1)NC(=O)[C@H](CC(C)C)NC(=O)[C@H](CCCNC(N)=[NH2+])NC(=O)[C@H](CCCNC(N)=[NH2+])NC(=O)[C@H](Cc1ccc(O)cc1)NC(=O)[C@H](CC(C)C)NC(=O)[C@H](CCCNC(N)=[NH2+])NC(=O)[C@H](CCCNC(N)=[NH2+])NC(=O)[C@H](Cc1ccc(O)cc1)NC(=O)[C@H](CC(C)C)NC(=O)[C@@H](N)CCCNC(N)=[NH2+])C(=O)N[C@@H](Cc1ccc(O)cc1)C(=O)N[C@@H](CCCNC(N)=[NH2+])C(=O)N[C@@H](CCCC[NH3+])C(=O)N[C@@H](CCCC[NH3+])C(=O)N[C@@H](CCCC[NH3+])C(N)=O,0,5.2603254,4
CC[C@H](C)[C@H](NC(=O)[C@H](CCCC[NH3+])NC(=O)[C@H](CCCNC(N)=[NH2+])NC(=O)[C@H](CCCC[NH3+])NC(=O)[C@H](CC(C)C)NC(=O)[C@H](CCCNC(N)=[NH2+])NC(=O)[C@H](CCCNC(N)=[NH2+])NC(=O)[C@H](CC(C)C)NC(=O)[C@H](CCCC[NH3+])NC(=O)[C@@H](N)CCCNC(N)=[NH2+])C(=O)N[C@@H](C)C(=O)NC(CC1CNCN1)C(O)N[C@@H](CCCC[NH3+])C(=O)N[C@H](C(=O)N[C@@H](CCCC[NH3+])C(=O)N[C@@H](CCCC[NH3+])C(=O)N[C@@H](Cc1ccc(O)cc1)C(N)=O)C(C)C,0,0.11786971,4
CC[C@H](C)[C@H](NC(=O)[C@@H](NC(=O)[C@H](CO)NC(=O)[C@H](C)NC(=O)[C@@H](NC(=O)[C@H](CCCC[NH3+])NC(=O)[C@H](CCCC[NH3+])NC(=O)[C@@H](NC(=O)[C@@H](NC(=O)[C@H](CC(=O)O)NC(=O)[C@H](Cc1ccccc1)NC(=O)[C@H](CC(C)C)NC(=O)CN)C(C)C)[C@@H](C)CC)C(C)C)C(C)C)C(=O)N[C@@H](CCCC[NH3+])C(=O)N[C@@H](CCCC[NH3+])C(=O)N[C@@H](CC(C)C)C(N)=O,0,-4.395573,4
CC(C)C[C@H](NC(=O)[C@H](CCCNC(N)=[NH2+])NC(=O)[C@@H](N)CCCNC(N)=[NH2+])C(=O)N[C@@H](CO)C(=O)N[C@@H](Cc1ccc(O)cc1)C(=O)N[C@@H](CO)C(=O)N[C@@H](CCCNC(N)=[NH2+])C(=O)N[C@@H](CCCNC(N)=[NH2+])C(=O)N[C@@H](CCCNC(N)=[NH2+])C(=O)N[C@@H](Cc1ccccc1)C(N)=O,0,-0.8246951,4
C[C@H](NC(=O)[C@H](CCC(=O)O)NC(=O)[C@@H]1CCCN1C(O)C(CC1CNCN1)NC(=O)[C@H](CC(=O)O)NC(=O)[C@H](Cc1ccc(O)cc1)NC(=O)[C@H](CC(N)=O)NC(=O)[C@H](CS)NC(=O)[C@H](CCCNC(N)=[NH2+])NC(=O)[C@@H]1CCCN1C(=O)[C@H](CC(=O)O)NC(=O)[C@H](CO)NC(=O)[C@H](CS)NC(=O)[C@H](CS)NC(=O)CN)C(=O)N[C@@H](CS)C(N)=O,0,-6.2146745,4
CSCC[C@H](NC(=O)[C@@H](NC(=O)[C@H](CCCC[NH3+])NC(=O)[C@H](CCCNC(N)=[NH2+])NC(=O)[C@H](CS)NC(=O)[C@H](CO)NC(=O)[C@H](C)NC(=O)CNC(=O)[C@H](CCCC[NH3+])NC(=O)CNC(=O)[C@H](CCCC[NH3+])NC(=O)[C@@H](N)CS)[C@@H](C)O)C(=O)N[C@@H](Cc1ccc(O)cc1)C(=O)N[C@@H](CC(=O)O)C(=O)N[C@@H](CS)C(=O)N[C@@H](CS)C(=O)N[C@@H](CCCNC(N)=[NH2+])C(=O)NCC(=O)N[C@@H](CO)C(=O)N[C@@H](CS)C(=O)N[C@@H](CCCNC(N)=[NH2+])C(=O)N[C@@H](CO)C(=O)NCC(=O)N[C@@H](CCCNC(N)=[NH2+])C(=O)N[C@@H](CS)C(N)=O,0,-4.426509,4
CC[C@H](C)[C@H](NC(O)C(CC1CNCN1)NC(=O)[C@H](CCCC[NH3+])NC(=O)[C@H](CC(C)C)NC(=O)[C@H](CC(C)C)NC(=O)[C@H](CO)NC(=O)[C@H](CCCC[NH3+])NC(=O)[C@H](Cc1c[nH]c2ccccc12)NC(=O)[C@H](CCCC[NH3+])NC(=O)CN)C(=O)N[C@@H](CC(C)C)C(=O)N[C@@H](CCCC[NH3+])C(N)=O,0,-6.043083,4
CC[C@H](C)[C@H](N)C(=O)N[C@@H](CC(C)C)C(=O)N1CCC[C@H]1C(=O)N[C@H](C(=O)N[C@@H](CC(C)C)C(=O)NCC(=O)N[C@@H](CC(N)=O)C(=O)N[C@@H](CC(C)C)C(=O)N[C@@H](CC(C)C)C(=O)N[C@@H](CC(N)=O)C(=O)N[C@@H](CO)C(=O)N[C@@H](CC(C)C)C(=O)N[C@@H](CC(C)C)C(N)=O)[C@@H](C)CC,0,-5.302084,4
CC[C@H](C)[C@@H]1NC(=O)[C@H](CC(C)C)NC(=O)[C@H](Cc2ccccc2)NC(=O)[C@H](Cc2ccccc2)NC(=O)[C@H](C)NC(=O)[C@@H]2CCCN2C(=O)[C@H](C(C)C)NC(=O)[C@H](CC(C)C)NC(=O)[C@H]([C@@H](C)CC)NC1=O,0,-6.664067,4
CC[C@H](C)[C@H](NC(=O)[C@H](CCCC[NH3+])NC(=O)[C@H](CC(N)=O)NC(=O)[C@H](Cc1c[nH]c2ccccc12)NC(=O)[C@H](CC(C)C)NC(=O)CN)C(=O)N[C@@H](CCCC[NH3+])C(=O)N[C@@H](CCC(=O)O)C(=O)N[C@@H](C)C(=O)N[C@@H](C)C(=O)N[C@@H](CO)C(=O)N[C@@H](CCCC[NH3+])C(=O)N[C@@H](C)C(=O)N[C@@H](C)C(=O)NCC(=O)N[C@@H](CCCC[NH3+])C(=O)N[C@@H](C)C(=O)N[C@@H](C)C(=O)N[C@@H](CC(C)C)C(=O)NCC(=O)N[C@@H](Cc1ccccc1)C(=O)N[C@H](C(=O)N[C@@H](CC(N)=O)C(=O)N[C@@H](CCC(=O)O)C(=O)N[C@@H](CCSC)C(=O)N[C@H](C(N)=O)C(C)C)C(C)C,0,-1.7211382,4
CC[C@H](C)[C@H](NC(=O)[C@H](CCCC[NH3+])NC(=O)[C@@H]1CCCN1C(=O)[C@H](CC(C)C)NC(=O)[C@H](Cc1ccccc1)NC(=O)[C@H](CC(N)=O)NC(=O)[C@H](C)NC(=O)[C@H](C)NC(=O)[C@H](CC(C)C)NC(=O)CNC(=O)[C@H](C)NC(=O)[C@H](CC(C)C)NC(=O)[C@H](CC(C)C)NC(=O)[C@@H]1CCCN1C(=O)[C@H](CC(C)C)NC(=O)[C@@H](N)Cc1ccccc1)C(=O)N[C@@H](Cc1ccccc1)C(=O)N[C@@H](CS)C(=O)N[C@@H](CCCC[NH3+])C(=O)N[C@H](C(=O)N[C@H](C(=O)N[C@@H](CCCNC(N)=[NH2+])C(=O)N[C@@H](CCCC[NH3+])C(=O)N[C@@H](CS)C(N)=O)[C@@H](C)O)[C@@H](C)CC,0,-1.5097417,4
C[C@H](NC(O)C(CC1CNCN1)NC(=O)[C@H](Cc1ccc(O)cc1)NC(=O)[C@H](CCC(=O)O)NC(=O)[C@H](Cc1c[nH]c2ccccc12)NC(=O)[C@@H](N)CC(=O)O)C(=O)NC(CC1CNCN1)C(O)N1CCC[C@H]1C(=O)N[C@@H](CCCC[NH3+])C(=O)N1CC(O)CC1C(O)N[C@@H](CC(N)=O)C(=O)N[C@@H](CO)C(=O)N[C@@H](Cc1ccccc1)C(=O)N[C@@H](Cc1c[nH]c2ccccc12)C(=O)N[C@H](C=O)[C@@H](C)O,0,-0.23487027,4
CC[C@H](C)[C@H](NC(=O)CNC(=O)[C@H](CO)NC(=O)[C@@H](NC(=O)[C@H](CC(C)C)NC(=O)[C@H](CCCNC(N)=[NH2+])NC(=O)CNC(=O)[C@@H](NC(=O)[C@@H](NC(=O)[C@@H]1CCCN1C(=O)[C@H](CC(C)C)NC(=O)[C@@H](N)Cc1ccccc1)[C@@H](C)CC)C(C)C)[C@@H](C)CC)C(=O)N[C@@H](CC(C)C)C(N)=O,0,-3.913464,4
CC[C@H](C)[C@H](NC(=O)[C@H](CC(C)C)NC(=O)[C@H](CC(N)=O)NC(=O)[C@@H](NC(=O)[C@H](CC(C)C)NC(=O)[C@@H](NC(=O)[C@@H]1CCCN1C(=O)[C@H](CC(C)C)NC(=O)[C@@H](N)Cc1ccccc1)[C@@H](C)CC)[C@@H](C)CC)C(=O)NC(CC1CNCN1)C(O)N[C@@H](CCCC[NH3+])C(=O)NCC(=O)N[C@@H](CC(C)C)C(=O)N[C@@H](CC(C)C)C(N)=O,0,-1.4417218,4
CC[C@H](C)[C@@H]1NC(=O)[C@H](Cc2c[nH]c[nH+]2)NC(=O)[C@H](CCC(N)=O)NC(=O)[C@H](CC(N)=O)NC(=O)[C@H](CC(N)=O)NC(=O)CNC(=O)[C@H](C)NC(=O)[C@@H]2CSSC[C@H](NC(=O)C[NH3+])C(=O)N[C@@H](CSSC[C@@H](C(N)=O)NC1=O)C(=O)N[C@@H](CO)C(=O)N[C@@H](Cc1c[nH]c[nH+]1)C(=O)N1CCC[C@H]1C(=O)N[C@@H](C)C(=O)N2,0,-5.2187734,4
CC[C@H](C)[C@H](NC(=O)CN)C(=O)NCC(=O)N[C@@H](CCCC[NH3+])C(=O)N[C@@H](Cc1ccccc1)C(=O)N[C@@H](CC(C)C)C(=O)NC(CC1CNCN1)C(O)N[C@@H](CO)C(=O)N[C@H](C)C(=O)N[C@@H](CCCC[NH3+])C(=O)N[C@@H](CCCC[NH3+])C(=O)N[C@@H](Cc1ccccc1)C(=O)N[C@H](C)C(=O)N[C@@H](CCCC[NH3+])C(=O)N[C@@H](C)C(=O)N[C@@H](Cc1ccccc1)C(=O)N[C@H](C(=O)N[C@H](C)C(=O)N[C@@H](CCC(=O)O)C(=O)N[C@H](C(=O)N[C@@H](CCSC)C(=O)N[C@@H](CC(N)=O)C(=O)N[C@@H](CO)C(N)=O)[C@@H](C)CC)C(C)C,0,-3.6854913,4
CC(C)C[C@@H]1NC(=O)[C@H](CC(=O)O)NC(=O)[C@@H]2CCCN2C(=O)[C@H](Cc2c[nH]c[nH+]2)NC(=O)[C@H](CCCC[NH3+])NC(=O)[C@H](CC(N)=O)NC(=O)[C@H](CCCNC(N)=[NH2+])NC(=O)[C@@H]2CSSC[C@H](NC(=O)C[NH3+])C(=O)N[C@@H](CSSC[C@@H](C(N)=O)NC1=O)C(=O)N[C@@H](CO)C(=O)N[C@@H](CC(=O)O)C(=O)N1CCC[C@H]1C(=O)N1CCC[C@H]1C(=O)N2,0,-4.9522586,4
CC[C@H](C)[C@H](NC(=O)CN)C(=O)NCC(=O)NCC(=O)N[C@@H](C)C(=O)N[C@@H](CC(C)C)C(=O)N[C@@H](CC(C)C)C(=O)N[C@@H](CO)C(=O)N[C@@H](C)C(=O)NCC(=O)N[C@@H](CCCC[NH3+])C(=O)N[C@@H](C)C(=O)N[C@@H](C)C(=O)N[C@@H](CC(C)C)C(=O)N[C@@H](CCCC[NH3+])C(=O)NCC(=O)N[C@@H](CC(C)C)C(=O)N[C@@H](C)C(=O)N[C@@H](CCCC[NH3+])C(=O)N[C@H](C(=O)N[C@@H](CC(C)C)C(=O)N[C@H](C(N)=O)C(C)C)C(C)C,0,-0.960839,4
CC(C)C[C@H](NC(=O)[C@@H](NC(=O)[C@H](C)NC(=O)[C@H](CS)NC(=O)[C@@H]1CCCN1C(=O)[C@@H]1CCCN1C(=O)[C@@H](NC(=O)[C@H](CO)NC(=O)[C@H](CS)NC(=O)[C@H](CS)NC(=O)CN)[C@@H](C)O)C(C)C)C(=O)N[C@@H](C)C(=O)N[C@@H](CS)C(N)=O,0,-5.5639105,4
CC(=O)NCC(=O)N[C@@H](CCCC[NH3+])C(=O)N[C@@H](CCCC[NH3+])C(=O)N[C@@H](CC(C)C)C(=O)N[C@@H](CC(C)C)C(=O)N[C@@H](CCCC[NH3+])C(=O)N[C@@H](CCCC[NH3+])C(=O)N[C@@H](Cc1c[nH]c2ccccc12)C(=O)N[C@@H](CCCC[NH3+])C(=O)N[C@@H](CCCC[NH3+])C(=O)N[C@@H](CC(C)C)C(=O)N[C@@H](Cc1c[nH]c2ccccc12)C(=O)N[C@@H](CCCC[NH3+])C(=O)N[C@@H](CCCC[NH3+])C(=O)N[C@@H](Cc1c[nH]c2ccccc12)C(N)=O,0,-4.6664257,4
CC(C)C[C@H](NC(=O)[C@H](C)NC(=O)[C@H](CCCC[NH3+])NC(=O)[C@H](CCCC[NH3+])NC(=O)[C@H](CC(C)C)NC(=O)[C@H](C)NC(=O)[C@H](CCCC[NH3+])NC(=O)[C@H](CC(C)C)NC(=O)[C@H](C)NC(=O)[C@H](CC(C)C)NC(=O)[C@H](C)NC(=O)[C@@H](N)Cc1ccccc1)C(N)=O,0,-4.835448,4
CSCC[C@@H]1NC(=O)[C@H](CCCNC(N)=[NH2+])NC(=O)[C@H](C)NC(=O)[C@H](C)NC(=O)[C@H](Cc2c[nH]c3ccccc23)NC(=O)[C@H](CCCNC(N)=[NH2+])NC(=O)[C@H](Cc2ccccc2)NC(=O)[C@H](C)NC(=O)[C@H](CCCC[NH3+])NC(=O)[C@H](CCCNC(N)=[NH2+])NC(=O)[C@H](Cc2c[nH]c3ccccc23)NC(=O)[C@H](C)NC(=O)[C@@H]2CCCN2C(=O)[C@H](C)NC(=O)[C@H](C)NC(=O)[C@H](CCCC[NH3+])NC(=O)[C@H](CCCC[NH3+])NC(=O)[C@H](CC(C)C)NC1=O,0,-3.9980648,4
CC[C@H](C)[C@H](NC(=O)[C@@H](NC(=O)CN)C(C)C)C(=O)N[C@@H](CC(=O)O)C(=O)N[C@@H](C)C(=O)N[C@@H](C)C(=O)N[C@@H](CCCC[NH3+])C(=O)N[C@@H](CCCC[NH3+])C(=O)N[C@H](C(=O)N[C@H](C(=O)N[C@@H](CC(N)=O)C(=O)N[C@H](C(=O)N[C@@H](CC(C)C)C(=O)N[C@@H](CCCC[NH3+])C(=O)N[C@@H](CC(N)=O)C(=O)N[C@@H](CC(C)C)C(=O)N1CCC[C@H]1C(N)=O)C(C)C)C(C)C)C(C)C,0,-4.84863,4
CC[C@H](C)[C@H](NC(=O)[C@H](C)NC(=O)[C@H](C)NC(=O)[C@H](CCC(=O)O)NC(=O)[C@H](CCCC[NH3+])NC(=O)CNC(=O)[C@@H](NC(=O)[C@H](CC(N)=O)NC(=O)[C@H](CCCC[NH3+])NC(=O)[C@@H](NC(=O)[C@@H](NC(=O)[C@H](CO)NC(=O)[C@H](Cc1c[nH]c2ccccc12)NC(=O)[C@H](CC(C)C)NC(=O)CN)[C@@H](C)O)[C@@H](C)CC)C(C)C)C(=O)N[C@@H](C)C(=O)N[C@@H](C)C(=O)NCC(=O)N[C@@H](CCCC[NH3+])C(=O)N[C@@H](C)C(=O)N[C@H](C(=O)N[C@@H](CC(C)C)C(=O)NCC(=O)N[C@@H](CO)C(=O)N[C@@H](CC(C)C)C(N)=O)C(C)C,0,-2.9178286,4
CC[C@H](C)[C@H](NC(=O)[C@H](CCCC[NH3+])NC(=O)[C@H](CCCC[NH3+])NC(=O)[C@H](CC(C)C)NC(=O)[C@H](CC(=O)O)NC(=O)[C@@H](NC(=O)[C@@H](N)Cc1ccccc1)C(C)C)C(=O)N[C@@H](C)C(=O)N[C@@H](CC(N)=O)C(=O)N[C@H](C(=O)N[C@H](C(=O)N[C@@H](CC(N)=O)C(=O)N[C@@H](CO)C(=O)N[C@H](C(=O)N[C@@H](Cc1ccccc1)C(=O)NCC(=O)N[C@@H](CCCC[NH3+])C(N)=O)[C@@H](C)CC)[C@@H](C)CC)[C@@H](C)CC,0,-4.073813,4
CC[C@H](C)[C@H](N)C(=O)N[C@@H](CC(C)C)C(=O)N1CCC[C@H]1C(=O)N[C@@H](CC(C)C)C(=O)N[C@@H](CCCC[NH3+])C(=O)N[C@@H](Cc1c[nH]c2ccccc12)C(=O)N1CCC[C@H]1C(=O)N[C@@H](Cc1c[nH]c2ccccc12)C(=O)N[C@@H](Cc1c[nH]c2ccccc12)C(=O)N1CCC[C@H]1C(=O)N[C@@H](Cc1c[nH]c2ccccc12)C(=O)N[C@@H](CCCNC(N)=[NH2+])C(=O)N[C@@H](CCCNC(N)=[NH2+])C(N)=O,0,-4.848543,4
CC[C@H](C)[C@H](NC(=O)[C@H](CO)NC(=O)[C@@H]1CCCN1C(=O)[C@H](CC(C)C)NC(=O)[C@@H](NC(=O)CNC(=O)[C@H](C)NC(=O)[C@H](CC(C)C)NC(=O)[C@@H](NC(=O)[C@H](CCCC[NH3+])NC(=O)[C@H](CC(C)C)NC(=O)[C@H](C)NC(=O)[C@H](CO)NC(=O)CNC(=O)[C@@H](NC(=O)[C@@H](N)Cc1ccccc1)[C@@H](C)CC)C(C)C)C(C)C)C(=O)N[C@H](C(=O)N[C@@H](CO)C(=O)N[C@@H](Cc1c[nH]c2ccccc12)C(=O)N[C@H](C(=O)N[C@@H](CCCC[NH3+])C(=O)N[C@@H](CCC(N)=O)C(N)=O)C(C)C)C(C)C,0,-2.8621964,4
CC(C)C[C@H](NC(=O)[C@H](CCC(=O)O)NC(=O)[C@@H]1CCCN1C(=O)[C@H](C)NC(=O)[C@H](CC(N)=O)NC(=O)[C@@H](NC(=O)[C@H](CO)NC(=O)[C@H](CS)NC(=O)[C@H](C)NC(=O)[C@@H]1CCCN1C(O)C(CC1CNCN1)NC(=O)[C@H](CO)NC(=O)[C@H](CS)NC(=O)[C@H](CS)NC(=O)CN)C(C)C)C(=O)N[C@@H](CS)C(N)=O,0,-6.418953,4
CC[C@H](C)[C@H](N)C(=O)N[C@@H](CC(C)C)C(=O)N1CCC[C@H]1C(=O)N[C@H](C(=O)N[C@@H](CC(C)C)C(=O)N[C@@H](C)C(=O)N1CCC[C@H]1C(=O)N[C@@H](CC(C)C)C(=O)N[C@H](C(=O)NCC(=O)NCC(=O)N[C@@H](CC(C)C)C(=O)N[C@@H](CC(C)C)C(N)=O)[C@@H](C)CC)[C@@H](C)CC,0,-3.3161693,4
CC[C@H](C)[C@H](NC(=O)[C@H](C)NC(=O)[C@H](CCCC[NH3+])NC(=O)[C@H](CC(C)C)NC(=O)[C@H](CC(C)C)NC(=O)CNC(O)C(CC1CNCN1)NC(=O)[C@H](CC(C)C)NC(=O)[C@@H](NC(=O)[C@@H](NC(=O)[C@H](CCCC[NH3+])NC(=O)[C@H](CCCC[NH3+])NC(=O)[C@H](C)NC(=O)[C@H](CO)NC(=O)[C@H](CCCC[NH3+])NC(=O)[C@H](Cc1ccccc1)NC(=O)[C@@H](NC(=O)[C@H](CCCC[NH3+])NC(=O)[C@H](CC(C)C)NC(=O)[C@H](Cc1ccccc1)NC(=O)[C@H](CO)NC(=O)[C@H](CCCC[NH3+])NC(=O)[C@H](Cc1c[nH]c2ccccc12)NC(=O)[C@H](CCCC[NH3+])NC(C)=O)[C@@H](C)O)[C@@H](C)O)C(C)C)C(=O)N[C@@H](CO)C(=O)N[C@@H](CO)C(N)=O,0,-3.713304,4
CC[C@H](C)[C@H](NC(=O)[C@H](CCCC[NH3+])NC(=O)CNC(=O)[C@H](CC(C)C)NC(=O)[C@H](Cc1ccccc1)NC(=O)[C@H](CCCC[NH3+])NC(=O)[C@H](CO)NC(=O)[C@H](Cc1ccccc1)NC(=O)[C@H](Cc1c[nH]c2ccccc12)NC(=O)[C@H](CCC(N)=O)NC(=O)[C@@H](NC(=O)[C@@H](N)Cc1ccccc1)C(C)C)C(=O)N[C@@H](CC(C)C)C(N)=O,0,-5.142871,4
CSCC[C@H](NC(=O)CNC(=O)[C@H](CCCNC(N)=[NH2+])NC(=O)[C@H](CO)NC(=O)[C@H](CS)NC(O)C1CC(O)CN1C(=O)[C@@H](NC(=O)CNC(O)C1CC(O)CN1C(=O)[C@H](CO)NC(=O)[C@H](CCCC[NH3+])NC(=O)[C@@H](N)CS)[C@@H](C)O)C(=O)N[C@@H](CCCNC(N)=[NH2+])C(=O)N[C@@H](CC(=O)O)C(=O)N[C@@H](CS)C(=O)N[C@@H](CS)C(=O)N[C@H](C(=O)N[C@@H](CO)C(=O)N[C@@H](CS)C(=O)N[C@@H](CC(C)C)C(=O)N[C@@H](CC(C)C)C(=O)N[C@@H](Cc1ccc(O)cc1)C(=O)N[C@@H](CO)C(=O)N[C@@H](CC(N)=O)C(=O)N[C@@H](CCCC[NH3+])C(=O)N[C@@H](CS)C(=O)N[C@@H](CCCNC(N)=[NH2+])C(=O)N[C@@H](CCCNC(N)=[NH2+])C(=O)N[C@H](C=O)Cc1ccc(O)cc1)[C@@H](C)O,0,-2.5015228,4
CC(C)C[C@@H]1NC(=O)[C@H](CC(C)C)NC(=O)[C@H](CCC(N)=O)NC(=O)[C@H](CCCNC(=N)N)NC(=O)[C@H](Cc2c[nH]cn2)NC(=O)[C@@H]2CSSC[C@@H](C(=O)N[C@@H](CC(C)C)C(=O)N[C@@H](CCCNC(=N)N)C(=O)N[C@@H](Cc3ccccc3)C(=O)N[C@H](C(N)=O)C(C)C)NC(=O)[C@H](CSSC[C@H](NC(=O)[C@@H](N)CCC(=O)O)C(=O)N2)NC1=O,0,-5.4202785,4
CC(=O)N[C@@H](CCCNC(N)=[NH2+])C(=O)N[C@@H](Cc1c[nH]c2ccccc12)C(=O)N[C@@H](Cc1ccc(O)cc1)C(=O)N[C@@H](CS)C(=O)NCC(N)=O,0,-4.6685166,4
CC(=O)N[C@@H](CC(C)C)C(=O)N[C@@H](CC(C)C)C(=O)N[C@@H](CCCNC(N)=[NH2+])C(=O)N[C@H](C(=O)N[C@@H](CCCC[NH3+])C(=O)N[C@@H](CCCNC(N)=[NH2+])C(N)=O)C(C)C,0,-5.1072073,4
CC(C)[C@H](NC(=O)[C@@H](NC(=O)[C@H](CS)NC(=O)CNC(=O)[C@H](CS)NC(O)C1CC(O)CN1C(O)C(CC1CNCN1)NC(=O)[C@H](CS)NC(=O)[C@H](C)NC(=O)[C@H](C)NC(=O)[C@H](CC(N)=O)NC(O)C1CC(O)CN1C(=O)[C@H](Cc1ccc(O)cc1)NC(=O)[C@H](CCCC[NH3+])NC(=O)CNC(=O)[C@H](CS)NC(=O)[C@H](CS)NC(=O)CN)[C@@H](C)O)C(=O)NCC(=O)N[C@@H](CCCNC(N)=[NH2+])C(=O)N1CC(O)CC1C(O)N1CC(O)CC1C(O)N[C@@H](Cc1ccc(O)cc1)C(=O)N[C@@H](CS)C(=O)N[C@@H](CC(=O)O)C(=O)N[C@@H](CCCNC(N)=[NH2+])C(=O)N1CC(O)CC1C(O)N[C@@H](CO)C(=O)NCC(=O)NCC=O,0,-5.7346873,4
CC[C@H](C)[C@H](NC(=O)[C@@H](N)CCC(N)=O)C(=O)N1CCC[C@H]1C(=O)N[C@@H](Cc1c[nH]c2ccccc12)C(=O)N[C@@H](Cc1ccccc1)C(=O)NC(CC1CNCN1)C(O)N[C@@H](CCCNC(N)=[NH2+])C(N)=O,0,-3.992639,4
CC(C)C[C@H](NC(=O)[C@H](CC(C)C)NC(=O)[C@@H](CCCC[NH3+])NC(=O)[C@H](CC(C)C)NC(=O)[C@H](CC(C)C)NC(=O)[C@H](CCCC[NH3+])NC(=O)[C@@H](CCCC[NH3+])NC(=O)[C@@H](CC(C)C)NC(=O)[C@H](CC(C)C)NC(=O)[C@@H](CCCC[NH3+])NC(=O)[C@H](CCCC[NH3+])NC(=O)[C@H](CC(C)C)NC(=O)[C@@H](CC(C)C)NC(=O)[C@H](CCCC[NH3+])NC(=O)[C@@H](N)CC(C)C)C(N)=O,0,-2.2602863,4
CC[C@H](C)[C@H](NC(=O)[C@H](CCCC[NH3+])NC(=O)[C@H](CCCC[NH3+])NC(=O)[C@H](Cc1ccccc1)NC(=O)[C@H](CC(C)C)NC(=O)[C@H](CCCC[NH3+])NC(=O)[C@@H](N)CC(C)C)C(=O)N[C@@H](CC(C)C)C(=O)N[C@@H](CCCC[NH3+])C(=O)N[C@@H](Cc1ccc(O)cc1)C(=O)N[C@@H](CC(C)C)C(N)=O,0,-4.5206594,4
CC[C@H](C)[C@H](N)C(=O)N[C@@H](CC(N)=O)C(=O)N[C@@H](Cc1c[nH]c2ccccc12)C(=O)N[C@@H](CC(C)C)C(=O)N[C@@H](CCCC[NH3+])C(=O)N[C@@H](CC(C)C)C(=O)NCC(=O)N[C@@H](CCCC[NH3+])C(=O)N[C@@H](CCCC[NH3+])C(=O)N[C@H](C(=O)N[C@@H](CC(C)C)C(=O)NCC(=O)N[C@@H](C)C(=O)N[C@H](C(N)=O)[C@@H](C)CC)[C@@H](C)CC,0,-1.0771189,4
C[C@H](NC(=O)[C@H](C)NC(=O)[C@H](Cc1ccccc1)NC(=O)[C@H](C)NC(=O)[C@H](C)NC(=O)[C@H](CCCNC(N)=[NH2+])NC(=O)[C@H](CCCNC(N)=[NH2+])NC(=O)[C@@H](N)CCCNC(N)=[NH2+])C(=O)N[C@@H](Cc1c[nH]c2ccccc12)C(=O)N[C@@H](C)C(=O)N[C@@H](C)C(=O)N[C@@H](Cc1ccccc1)C(=O)N[C@@H](C)C(=O)N[C@@H](C)C(=O)N[C@@H](CCCNC(N)=[NH2+])C(=O)N[C@@H](CCCNC(N)=[NH2+])C(=O)N[C@@H](CCCNC(N)=[NH2+])C(N)=O,0,2.3078086,4
CC(C)C[C@H](NC(=O)[C@H](CC(N)=O)NC(=O)[C@H](CO)NC(O)C(CC1CNCN1)NC(=O)[C@H](CCC(=O)O)NC(=O)[C@H](C)NC(O)C(CC1CNCN1)NC(=O)[C@H](CS)NC(=O)[C@@H](NC(=O)[C@@H]1CCCN1C(=O)[C@H](CC(N)=O)NC(=O)[C@H](CO)NC(=O)[C@H](CS)NC(=O)[C@H](CS)NC(=O)CN)C(C)C)C(=O)N[C@@H](CS)C(N)=O,0,-6.049636,4
CC[C@H](C)[C@H](NC(=O)[C@@H](N)CCCNC(N)=[NH2+])C(=O)N[C@@H](CC(C)C)C(=O)N[C@@H](CCCNC(N)=[NH2+])C(=O)NCC(N)=O,0,1.9125305,4
CC[C@H](C)[C@H](NC(=O)CN)C(=O)NCC(=O)NCC(=O)N[C@@H](CCCC[NH3+])C(=O)N[C@H](C(=O)N[C@@H](CC(C)C)C(=O)NCC(=O)NCC(=O)N[C@@H](CC(C)C)C(=O)N[C@@H](CCCC[NH3+])C(=O)N[C@H](C(=O)N[C@@H](C)C(=O)N[C@@H](CC(C)C)C(=O)N[C@@H](CCCC[NH3+])C(=O)NCC(=O)N[C@@H](C)C(=O)N[C@@H](C)C(=O)N[C@@H](CCCC[NH3+])C(=O)N[C@@H](CCC(=O)O)C(=O)N[C@@H](CC(C)C)C(=O)N[C@@H](C)C(=O)N[C@@H](CO)C(=O)N[C@H](C(=O)N[C@@H](Cc1ccc(O)cc1)C(=O)N[C@@H](CC(C)C)C(=O)NC(CC1CNCN1)C(N)O)[C@@H](C)O)[C@@H](C)O)[C@@H](C)CC,0,-2.7520998,4
CC[C@H](C)[C@H](NC(=O)[C@H](CCC(N)=O)NC(=O)[C@@H]1CCCN1C(=O)[C@H](CC(N)=O)NC(O)C(CC1CNCN1)NC(=O)[C@@H](NC(=O)[C@@H](NC(=O)[C@H](CS)NC(=O)[C@@H](NC(=O)[C@@H]1CCCN1C(=O)[C@H](CC(N)=O)NC(=O)[C@H](CO)NC(=O)[C@H](CS)NC(=O)[C@H](CS)NC(=O)[C@@H]1CCCN1C(=O)[C@H](CC(=O)O)NC(O)C(N)CCCNC(N)N(C)C)C(C)C)[C@@H](C)O)C(C)C)C(=O)N[C@@H](CS)C(N)=O,0,-4.7476454,4
CC[C@H](C)[C@H](NC(=O)CN)C(=O)NCC(=O)N[C@@H](CCCC[NH3+])C(=O)N[C@@H](Cc1ccccc1)C(=O)N[C@@H](CC(C)C)C(=O)NC(CC1CNCN1)C(O)N[C@@H](CCCC[NH3+])C(=O)N[C@H](C(=O)NCC(=O)N[C@@H](CO)C(=O)N[C@@H](Cc1ccccc1)C(=O)N[C@H](C(=O)N[C@@H](CCCC[NH3+])C(=O)N[C@@H](CO)C(=O)N[C@@H](Cc1c[nH]c2ccccc12)C(=O)N[C@@H](CCCC[NH3+])C(=O)NCC(=O)N[C@@H](CCC(=O)O)C(=O)N[C@H](C(=O)N[C@@H](CCSC)C(=O)N[C@@H](CC(N)=O)C(=O)N[C@@H](CO)C(N)=O)[C@@H](C)CC)[C@@H](C)CC)C(C)C,0,-4.8904715,4
CCCCC(NC(=O)[C@@H](NC(=O)[C@H](CCCC[NH3+])NC(=O)[C@@H]1CCCN1C(=O)[C@H](CC(C)C)NC(=O)[C@H](CO)NC(=O)[C@H](CCCC[NH3+])NC(=O)[C@H](CCCC[NH3+])NC(=O)[C@H](CC(C)C)NC(=O)[C@H](CO)NC(=O)[C@H](CO)NC(=O)[C@H](CC(C)C)NC(=O)[C@H](Cc1ccccc1)NC(=O)CN)C(C)C)C(O)N[C@@H](C)C(=O)NC(CC1CNCN1)C(O)NC(CCCC)C(O)N[C@@H](CCCC[NH3+])C(N)=O,0,-4.8201013,4
CC(C)C[C@@H]1NC(=O)[C@H](CCCC[NH3+])NC(=O)[C@H](C(C)C)NC(=O)[C@@H]2CCCN2C(=O)[C@@H](Cc2ccc(O)cc2)NC(=O)[C@H](CC(C)C)NC(=O)[C@H](CCCC[NH3+])NC(=O)[C@H](C(C)C)NC(=O)[C@H](CCCC[NH3+])NC(=O)[C@H](CC(C)C)NC(=O)[C@H]2CCCN2C(=O)[C@@H](Cc2ccc(O)cc2)NC(=O)[C@H](C(C)C)NC(=O)[C@H](CCCC[NH3+])NC1=O,0,-6.926001,4
CC[C@H](C)[C@H](NC(=O)[C@H](CCCC[NH3+])NC(=O)[C@H](CCCC[NH3+])NC(=O)[C@H](CCC(N)=O)NC(=O)CN)C(=O)N[C@@H](CCCNC(N)=[NH2+])C(=O)N[C@H](C(=O)N[C@@H](CCCNC(N)=[NH2+])C(=O)N[C@@H](CC(C)C)C(=O)N[C@@H](CO)C(N)=O)C(C)C,0,-3.2643557,4
CC[C@H](C)[C@H](NC(=O)[C@H](CCCC[NH3+])NC(=O)CNC(=O)[C@@H](NC(=O)[C@H](CC(C)C)NC(O)C(CC1CNCN1)NC(=O)[C@H](C)NC(=O)[C@H](CC(C)C)NC(=O)[C@H](CC(C)C)NC(=O)[C@H](CC(=O)O)NC(=O)[C@H](CCCC[NH3+])NC(=O)CNC(=O)[C@H](C)NC(=O)CNC(=O)[C@H](CCCC[NH3+])NC(=O)[C@H](CC(C)C)NC(=O)[C@@H](NC(=O)[C@H](CC(=O)O)NC(=O)[C@@H](NC(=O)[C@@H](NC(=O)CN)C(C)C)C(C)C)[C@@H](C)CC)C(C)C)C(=O)N[C@@H](CO)C(=O)N[C@@H](CCC(=O)O)C(=O)N[C@@H](CCCC[NH3+])C(=O)N[C@H](C(N)=O)C(C)C,0,-3.2080057,4
CC[C@H](C)[C@@H]1NC(=O)[C@H](CCCNC(=N)N)NC(=O)CNC(=O)[C@@H]2CSSC[C@@H](C(=O)N3CCC[C@H]3C(=O)N[C@@H](CCC(=O)O)C(=O)N[C@H](C(=O)N[C@H](C(=O)N[C@@H](CS)C(=O)N3CCC[C@H]3C(=O)N[C@@H](CCCCN)C(=O)N[C@@H](CC(N)=O)C(=O)O)C(C)C)C(C)C)NC(=O)[C@H]([C@@H](C)CC)NC(=O)[C@H](CS)NC(=O)[C@H](CCCNC(=N)N)NC(=O)[C@H](CO)NC(=O)[C@H](CSSC[C@H](NC(=O)[C@H](CCC(=O)O)NC(=O)[C@@H](NC(=O)[C@H](Cc3c[nH]c4ccccc34)NC(=O)[C@H](Cc3ccc(O)cc3)NC(=O)[C@H](CCC(N)=O)NC(=O)[C@@H]3CCCN3C(=O)[C@@H](NC(=O)[C@H](CC(C)C)NC(=O)[C@H](CC(=O)O)NC(=O)[C@H](CC(N)=O)NC(=O)[C@@H](N)CC(C)C)C(C)C)[C@@H](C)O)C(=O)N2)NC(=O)[C@H](Cc2c[nH]cn2)NC(=O)[C@@H]2CCCN2C(=O)CNC1=O,0,-3.599596,4
CC(C)C[C@H](NC(=O)[C@H](Cc1ccccc1)NC(=O)[C@H](C)NC(=O)CNC(=O)[C@H](Cc1c[nH]c2ccccc12)NC(=O)[C@H](CC(N)=O)NC(=O)[C@@H](N)CC(C)C)C(=O)N[C@@H](CCCC[NH3+])C(=O)NC(CC1CNCN1)C(O)N[C@@H](Cc1ccccc1)C(=O)N[C@@H](Cc1ccccc1)C(=O)N[C@@H](CCCC[NH3+])C(N)=O,0,-5.5745826,4
CC[C@H](C)[C@H](N)C(=O)N[C@@H](CC(N)=O)C(=O)N[C@@H](Cc1c[nH]c2ccccc12)C(=O)N[C@@H](CCCC[NH3+])C(=O)N[C@@H](CCCC[NH3+])C(=O)N[C@H](C(=O)N[C@@H](C)C(=O)N[C@@H](CO)C(=O)N[C@H](C(=O)NCC(=O)N[C@@H](CCCC[NH3+])C(=O)N[C@@H](CCC(=O)O)C(=O)N[C@H](C(=O)N[C@@H](CC(C)C)C(=O)N[C@@H](CCCC[NH3+])C(=O)N[C@@H](C)C(=O)N[C@@H](CC(C)C)C(N)=O)C(C)C)[C@@H](C)CC)[C@@H](C)CC,0,-4.750576,4
CC[C@H](C)[C@H](NC(=O)[C@H](CCC(=O)O)NC(=O)[C@@H]1CCCN1C(O)C(CC1CNCN1)NC(=O)[C@H](CC(=O)O)NC(=O)[C@H](Cc1ccc(O)cc1)NC(=O)[C@H](CC(N)=O)NC(=O)[C@H](CS)NC(=O)[C@H](CCCNC(N)=[NH2+])NC(=O)[C@@H]1CCCN1C(=O)[C@H](CC(=O)O)NC(=O)[C@H](CO)NC(=O)[C@H](CS)NC(=O)[C@H](CS)NC(=O)[C@H](C)N)C(=O)N[C@@H](CS)C(N)=O,0,-4.898387,4
CC[C@H](C)[C@H](NC(=O)[C@H](CCC(=O)O)NC(=O)[C@@H]1CCCN1C(O)C(CC1CNCN1)NC(=O)[C@H](CC(=O)O)NC(=O)[C@H](Cc1ccc(O)cc1)NC(=O)[C@H](C)NC(=O)[C@H](CS)NC(=O)[C@H](CCCNC(N)=[NH2+])NC(=O)[C@@H]1CCCN1C(=O)[C@H](CC(=O)O)NC(=O)[C@H](CO)NC(=O)[C@H](CS)NC(=O)[C@H](CS)NC(=O)CN)C(=O)N[C@@H](CS)C(N)=O,0,-6.030013,4
CC[C@H](C)[C@H](NC(=O)[C@@H](NC(=O)[C@@H]1CCCN1C(=O)[C@@H](NC(=O)[C@@H](NC(=O)[C@H](CCCNC(N)=[NH2+])NC(=O)[C@@H]1CCCN1C(=O)[C@@H](NC(=O)[C@@H](NC(O)C(CC1CNCN1)NC(=O)[C@H](CCCC[NH3+])NC(=O)[C@H](C)NC(=O)[C@@H](NC(=O)[C@H](CO)NC(=O)CNC(=O)[C@H](CC(C)C)NC(=O)[C@@H](NC(=O)[C@H](CO)NC(=O)[C@H](Cc1ccccc1)NC(=O)[C@H](CC(C)C)NC(=O)CN)C(C)C)C(C)C)C(C)C)C(C)C)C(C)C)C(C)C)C(C)C)C(=O)N[C@@H](C)C(=O)N[C@@H](CCC(=O)O)C(=O)NC(CC1CNCN1)C(O)N[C@@H](CC(C)C)C(N)=O,0,-3.8827448,4
CC(C)[C@H](NC(=O)[C@H](CCCC[NH3+])NC(=O)[C@@H](NC(=O)[C@H](CCCC[NH3+])NC(=O)[C@@H](NC(=O)[C@H](CCCC[NH3+])NC(=O)[C@@H](NC(=O)[C@@H]1CCCN1C(=O)[C@H]1CCCN1C(=O)[C@@H](NC(=O)[C@H](CCCC[NH3+])NC(=O)[C@@H](NC(=O)[C@H](CCCC[NH3+])NC(=O)[C@@H](NC(=O)[C@H](CCCC[NH3+])NC(=O)[C@@H](NC(=O)[C@@H](N)CCCC[NH3+])C(C)C)C(C)C)C(C)C)C(C)C)[C@@H](C)O)C(C)C)C(C)C)C(=O)N[C@@H](CCCC[NH3+])C(N)=O,0,-3.0833075,4
CC(C)C[C@H](NC(=O)[C@H](CC(C)C)NC(=O)[C@H](CCCC[NH3+])NC(=O)CNC(=O)[C@H](CC(C)C)NC(=O)[C@H](CC(C)C)NC(=O)[C@H](CO)NC(=O)[C@H](C)NC(=O)[C@H](Cc1ccccc1)NC(=O)[C@H](Cc1ccccc1)NC(=O)[C@@H]1CCCN1C(=O)[C@H](CC(C)C)NC(=O)[C@@H](N)Cc1ccccc1)C(N)=O,0,-5.956416,4
C[C@H](NC(=O)[C@H](Cc1ccc(O)cc1)NC(=O)[C@H](CC(N)=O)NC(=O)[C@H](CCCC[NH3+])NC(=O)CNC(=O)[C@H](CS)NC(=O)[C@H](C)NC(=O)[C@@H]1CCCN1C(O)C(CC1CNCN1)NC(=O)[C@H](CS)NC(=O)[C@H](CS)NC(=O)[C@H](CCCNC(N)=[NH2+])NC(=O)CN)C(=O)N[C@@H](CS)C(N)=O,0,-6.7641993,4
CC(C)C[C@H]1NC(=O)[C@@H](C(C)C)NC(=O)[C@@H]2CCCN2C(=O)[C@@H](CC(=O)O)NC(=O)[C@@H](Cc2c[nH]c3ccccc23)NC1=O,0,-7.1379204,4
CC[C@H](C)[C@@H]1NC(=O)CNC(=O)[C@H](CCCNC(N)=[NH2+])NC(=O)[C@H](Cc2ccc(O)cc2)NC(=O)[C@@H]2CSSC[C@H](NC1=O)C(=O)N[C@@H](Cc1ccc(O)cc1)C(=O)N[C@@H](CCCNC(N)=[NH2+])C(=O)N[C@@H](CCCNC(N)=[NH2+])C(=O)N[C@H](C(=O)N[C@@H](CCCNC(N)=[NH2+])C(=O)O)CSSC[C@H](NC(=O)[C@H](Cc1c[nH]c3ccccc13)NC(=O)[C@@H]([NH3+])CCCC[NH3+])C(=O)N[C@@H](Cc1ccccc1)C(=O)N[C@@H](CCCNC(N)=[NH2+])C(=O)N[C@@H](C(C)C)C(=O)N2,0,-1.8986877,4
CC[C@H](C)[C@H](NC(=O)[C@H](CO)NC(=O)[C@H](C)NC(=O)[C@@H]1CCCN1C(=O)[C@H](CC(C)C)NC(=O)CN)C(=O)N[C@@H](CO)C(=O)N[C@@H](Cc1c[nH]c2ccccc12)C(=O)N[C@H](C(=O)N[C@@H](CCCC[NH3+])C(=O)N[C@@H](CCCNC(N)=[NH2+])C(=O)N[C@@H](CCCC[NH3+])C(=O)N[C@@H](CCCNC(N)=[NH2+])C(=O)N[C@@H](CCC(N)=O)C(=O)N[C@@H](CCC(N)=O)C(N)=O)[C@@H](C)CC,0,-3.5431743,4
CC[C@H](C)[C@H](NC(=O)[C@H](CC(C)C)NC(=O)[C@@H]1CCCN1C(=O)[C@H](CC(C)C)NC(=O)[C@@H](N)C(C)C)C(=O)N[C@@H](CO)C(=O)N[C@@H](CCSC)C(=O)N[C@@H](C)C(=O)N[C@@H](CC(C)C)C(=O)NCC(=O)N[C@@H](CCCC[NH3+])C(=O)N[C@@H](CC(C)C)C(=O)N[C@@H](CC(C)C)C(N)=O,0,-3.5249877,4
C[C@H](NC(=O)CNC(=O)[C@H](CS)NC(=O)[C@H](C)NC(=O)[C@@H]1CCCN1C(=O)[C@H](CC(N)=O)NC(=O)[C@H](CS)NC(=O)[C@H](CS)NC(=O)[C@@H](N)CCC(=O)O)C(=O)NC(CC1CNCN1)C(O)N[C@@H](Cc1ccc(O)cc1)C(=O)N[C@@H](CO)C(=O)N[C@@H](CS)C(N)=O,0,-6.7968893,4
CC[C@H](C)[C@H](NC(=O)[C@H](Cc1c[nH]c2ccccc12)NC(=O)[C@H](CS)NC(=O)[C@H](CS)NC(=O)[C@@H](N)CC(C)C)C(=O)NC(CC1CNCN1)C(O)N[C@@H](Cc1c[nH]c2ccccc12)C(=O)N[C@@H](CS)C(=O)NC(CC1CNCN1)C(O)N[C@@H](C)C(=O)N[C@@H](CCCNC(N)=[NH2+])C(=O)N[C@@H](CS)C(=O)N[C@H](C(=O)N[C@@H](CS)C(=O)N[C@@H](CS)C(N)=O)[C@@H](C)O,0,-5.725726,4
CC(C)C[C@@H]1NC(O)C(CCC[NH3+])NC(=O)[C@H](C(C)C)NC(=O)[C@@H]2CCCN2C(O)C(CC2CCCC3CCCCC32)NC(=O)[C@H](CC(C)C)NC(O)C(CCC[NH3+])NC(=O)[C@H](C(C)C)NC(=O)[C@@H]2CCCN2C(O)C(CC2CCCC3CCCCC32)NC1=O,0,-5.3678145,4
NC(=O)[C@H](Cc1c[nH]c2ccccc12)NC(O)C(CC1CNCN1)NC(=O)[C@H](CS)NC(=O)[C@H](CS)NC(=O)[C@H](CCC(=O)O)NC(=O)[C@H](Cc1ccccc1)NC=O,0,-6.402748,4
CC(C)C[C@H](NC(=O)[C@H](C)NC(=O)[C@H](CCCC[NH3+])NC(=O)[C@H](CCCC[NH3+])NC(=O)[C@H](C)NC(=O)CNC(=O)[C@H](CCCC[NH3+])NC(=O)[C@H](CC(C)C)NC(=O)[C@H](CC(C)C)NC(=O)[C@H](CC(=O)O)NC(=O)[C@H](CCCC[NH3+])NC(=O)[C@H](Cc1ccccc1)NC(=O)CN)C(=O)N[C@H](C(=O)N[C@@H](CCCC[NH3+])C(=O)N[C@H](C(=O)N[C@H](C(=O)N[C@@H](CC(C)C)C(=O)N[C@@H](Cc1ccccc1)C(N)=O)C(C)C)[C@@H](C)O)C(C)C,0,-4.9820166,4
CC[C@H](C)[C@H](NC(=O)[C@H](CC(C)C)NC(O)C(CC1CNCN1)NC(=O)CNC(=O)[C@H](CC(C)C)NC(=O)[C@@H](NC(=O)[C@H](CCCC[NH3+])NC(=O)[C@H](CO)NC(=O)[C@H](Cc1c[nH]c2ccccc12)NC(=O)[C@H](CCSC)NC(=O)CN)[C@@H](C)CC)C(=O)N[C@@H](CCCC[NH3+])C(N)=O,0,-5.730215,4
CC[C@H](C)[C@H](NC(=O)[C@H](CCCNC(N)=[NH2+])NC(=O)[C@H](CS)NC(=O)[C@H](Cc1c[nH]c2ccccc12)NC(=O)[C@H](Cc1c[nH]c2ccccc12)NC(=O)[C@H](CCCNC(N)=[NH2+])NC(=O)[C@H](CCCNC(N)=[NH2+])NC(C)=O)C(N)=O,0,-5.315056,4
CSCC[C@@H]1NC(=O)[C@H](CCCNC(N)=[NH2+])NC(=O)[C@H](Cc2c[nH]c3ccccc23)NC(=O)[C@H](C)NC(=O)[C@H](C)NC(=O)[C@H](CCCNC(N)=[NH2+])NC(=O)[C@H](Cc2ccccc2)NC(=O)[C@H](C)NC(=O)[C@H](CCCC[NH3+])NC(=O)[C@H](CCCNC(N)=[NH2+])NC(=O)[C@H](Cc2c[nH]c3ccccc23)NC(=O)[C@H](C)NC(=O)[C@H]2CCCN2C(=O)[C@@H](C)NC(=O)[C@H](C)NC(=O)[C@H](CCCC[NH3+])NC(=O)[C@H](CCCC[NH3+])NC(=O)[C@H](CC(C)C)NC1=O,0,-4.205215,4
CC[C@H](C)[C@H]([NH3+])C(=O)N[C@H](C(=O)NCC(=O)N1CCC[C@H]1C(=O)N[C@H](C(=O)N[C@@H](CC(C)C)C(=O)NCC(=O)N[C@@H](CC(C)C)C(=O)N[C@H](C(=O)NCC(=O)N[C@@H](CO)C(=O)N[C@@H](C)C(=O)N[C@@H](CC(C)C)C(=O)NCC(=O)NCC(=O)N[C@@H](CC(C)C)C(=O)N[C@@H](CC(C)C)C(=O)N[C@@H](CCCC[NH3+])C(=O)N[C@@H](CCCC[NH3+])C(=O)N[C@H](C(=O)O)[C@@H](C)CC)C(C)C)C(C)C)[C@@H](C)CC,0,-2.7606826,4
CC[C@H](C)[C@H](NC(=O)[C@H](CCCC[NH3+])NC(=O)[C@H](Cc1ccc(O)cc1)NC(=O)CNC(O)C(CC1CNCN1)NC(O)C(CC1CNCN1)NC(=O)[C@H](CCCNC(N)=[NH2+])NC(=O)[C@H](CCCC[NH3+])NC(=O)[C@H](C)NC(O)C(CC1CNCN1)NC(=O)[C@H](CO)NC(=O)[C@@H](N)CC(=O)O)C(=O)N[C@@H](CCCC[NH3+])C(=O)N[C@@H](Cc1ccccc1)C(=O)NC(CC1CNCN1)C(O)N[C@@H](CCC(=O)O)C(=O)N[C@@H](CC(N)=O)C(=O)NC(CC1CNCN1)C(O)NC(CC1CNCN1)C(O)N[C@@H](CO)C(=O)NC(CC1CNCN1)C(O)N[C@@H](CCCNC(N)=[NH2+])C(=O)NCC(=O)N[C@@H](Cc1ccc(O)cc1)C(N)=O,0,-1.3257431,4
CC[C@@H](C)[C@H]1NC(=O)[C@H]2CCCN2C(=O)[C@H](Cc2c[nH]c3ccccc23)NC(=O)[C@H](CO)NC(=O)[C@@H](CS)NC(=O)[C@H]([C@@H](C)O)NC(=O)[C@@H](CS)NC(=O)CNC(=O)[C@H](CCC(N)=O)NC(=O)[C@H]([C@@H](C)O)NC(=O)[C@H](Cc2ccc(O)cc2)NC(=O)[C@H](CS)NC(=O)[C@H]([C@@H](C)O)NC(=O)CNC(=O)[C@H](CC(C)C)NC(=O)[C@H]([C@@H](C)O)NC(=O)[C@H](CS)NC(=O)[C@H]([C@@H](C)O)NC(=O)[C@H](CCC(=O)O)NC(=O)CNC(=O)[C@H](CS)NC(=O)[C@H](C(C)C)NC(=O)[C@@H]2CCCN2C(=O)[C@H](CC(C)C)NC(=O)CNC(=O)[C@H](CC(N)=O)NC(=O)[C@H](CCCNC(N)=[NH2+])NC(=O)[C@H](CCCC[NH3+])NC(=O)[C@H](CS)NC1=O,0,-4.983678,4
CC(C)C[C@H](NC(=O)[C@H](CCC(=O)O)NC(O)C1CC(O)CN1C(O)C(CC1CNCN1)NC(=O)[C@H](CC(N)=O)NC(=O)[C@@H](NC(=O)[C@H](CO)NC(=O)[C@H](CS)NC(=O)[C@H](C)NC(=O)[C@@H]1CCCN1C(O)C(CC1CNCN1)NC(=O)[C@H](CO)NC(=O)[C@H](CS)NC(=O)[C@H](CS)NC(=O)CN)C(C)C)C(=O)N[C@H](C=O)CS,0,-2.7552562,4
