smiles,true_label,predicted_label,fold
CC(C)C[C@H](NC(=O)[C@H](CCCC[NH3+])NC(=O)[C@H](CCCNC(N)=[NH2+])NC(=O)[C@H](Cc1ccccc1)NC(=O)[C@H](Cc1ccccc1)NC(=O)[C@H](CCCC[NH3+])NC(=O)[C@H](CCCC[NH3+])NC(=O)[C@H](Cc1ccccc1)NC(=O)[C@H](CCCNC(N)=[NH2+])NC(=O)[C@H](CCCC[NH3+])NC(=O)[C@@H](N)C(C)C)C(=O)N[C@@H](CCCC[NH3+])C(=O)N[C@@H](CCCC[NH3+])C(=O)N[C@@H](CCCC[NH3+])C(=O)N[C@H](C(N)=O)C(C)C,1,3.3900654,0
NC(=[NH2+])NCCC[C@H](NC(=O)[C@H](CCCNC(N)=[NH2+])NC(=O)[C@H](CCCNC(N)=[NH2+])NC(=O)[C@H](CCC(N)=O)NC(=O)[C@H](CCCNC(N)=[NH2+])NC(=O)[C@H](CCCNC(N)=[NH2+])NC(=O)[C@H](CCCC[NH3+])NC(=O)[C@H](CCCC[NH3+])NC(=O)[C@@H](N)CCCNC(N)=[NH2+])C(=O)NCC(=O)NCC(=O)NCC(N)=O,1,7.2286854,0
CNCCC[C@H](NC(=O)[C@H](CCCNC)NC(=O)[C@H](CCCNC)NC(=O)[C@H](CCCNC)NC(=O)[C@H](CCCNC)NC(=O)[C@H](CCCNC)NC(=O)[C@H](CCCNC)NC(O)C(C)CN)C(N)=O,1,-2.3383863,0
CC(C)C[C@H](NC(=O)[C@H](CC(C)C)NC(=O)[C@H](C)NC(=O)[C@H](C)NC(=O)[C@H](C)NC(=O)[C@H](CC(C)C)NC(=O)[C@H](CCCC[NH3+])NC(=O)[C@H](CCCC[NH3+])NC(=O)[C@H](Cc1c[nH]c2ccccc12)NC(=O)[C@H](CCCC[NH3+])NC(=O)[C@H](CCCC[NH3+])NC(=O)[C@H](CC(C)C)NC(=O)[C@H](CC(C)C)NC(=O)[C@H](C)NC(=O)[C@H](C)NC(=O)[C@H](C)NC(=O)[C@H](CC(C)C)NC(=O)[C@@H](N)CCCC[NH3+])C(N)=O,1,-1.05142,0
CC[C@H](C)[C@H](NC(=O)[C@H](CC(C)C)NC(=O)[C@@H](NC(=O)[C@H](CCCNC(N)=[NH2+])NC(=O)[C@H](Cc1ccccc1)NC(=O)[C@@H](NC(=O)[C@@H](NC(=O)[C@@H](N)CC(C)C)[C@@H](C)CC)[C@@H](C)CC)[C@@H](C)CC)C(=O)N[C@@H](CO)C(=O)NC(CC1CNCN1)C(O)NC(CC1CNCN1)C(O)NC(CO)CC1CNCN1,1,2.9452996,0
CC[C@H](C)[C@H](NC(=O)[C@H](CCCNC(N)=[NH2+])NC(=O)[C@H](CCCNC(N)=[NH2+])NC(=O)[C@H](CCCNC(N)=[NH2+])NC(=O)[C@H](CC(C)C)NC(=O)[C@@H](NC(=O)[C@@H](NC(=O)[C@H](CC(C)C)NC(=O)[C@H](C)N)[C@@H](C)CC)[C@@H](C)CC)C(=O)N[C@@H](CCCNC(N)=[NH2+])C(=O)N[C@@H](CCCC[NH3+])C(=O)N[C@@H](CCC(N)=O)C(=O)N[C@@H](C)C(=O)NC(CC1CNCN1)C(O)N[C@@H](C)C(=O)NC(CC1CNCN1)C(O)N[C@@H](CO)C(=O)N[C@H](C=O)CCCC[NH3+],1,9.78847,0
CC[C@H](C)[C@H](NC(=O)[C@H](CCCC[NH3+])NC(=O)[C@H](CCCC[NH3+])NC(=O)[C@H](C)NC(=O)[C@H](CC(C)C)NC(=O)[C@H](C)NC(=O)[C@H](C)NC(=O)[C@H](CC(C)C)NC(=O)[C@H](C)NC(=O)[C@H](CCCC[NH3+])NC(=O)[C@H](CC(C)C)NC(=O)[C@H](CC(N)=O)NC(=O)[C@@H](NC(=O)[C@H](CCCC[NH3+])NC(=O)CNC(=O)[C@H](CC(C)C)NC(=O)[C@H](CC(C)C)NC(=O)[C@H](Cc1ccc(O)cc1)NC(=O)CNC(=O)[C@H](C)N)[C@@H](C)CC)C(=O)N[C@H](C=O)CC(C)C,1,8.084321,0
C[C@H](N)C(=O)N[C@@H](CS)C(=O)N[C@@H](CCCNC(N)=[NH2+])C(=O)NCC(=O)N[C@@H](CCCNC(N)=[NH2+])C(=O)NCC(=O)N[C@@H](CCCNC(N)=[NH2+])C(=O)NCC(=O)N[C@@H](CS)C(=O)NCC(=O)N[C@@H](CO)C(=O)NCC(=O)N[C@@H](CO)C(=O)N[C@@H](CCCNC(N)=[NH2+])C(=O)N[C@@H](CO)C(=O)N[C@@H](CS)C(=O)NCC=O,1,5.8633127,0
CC[C@H](C)[C@H](NC(=O)[C@H](C)NC(=O)[C@@H](NC(=O)[C@H](CCC(N)=O)NC(=O)[C@@H](N)CCCNC(N)=[NH2+])[C@@H](C)CC)C(=O)N[C@@H](Cc1c[nH]c2ccccc12)C(=O)N[C@@H](Cc1ccccc1)C(=O)N[C@@H](CCC(N)=O)C(=O)N[C@@H](CC(N)=O)C(=O)N[C@@H](CCCNC(N)=[NH2+])C(=O)N[C@@H](CCCNC(N)=[NH2+])C(=O)N[C@@H](CCSC)C(=O)N[C@@H](CCCC[NH3+])C(=O)N[C@@H](Cc1c[nH]c2ccccc12)C(=O)N[C@@H](CCCC[NH3+])C(=O)N[C@H](C=O)CCCC[NH3+],1,8.980523,0
NCC(=O)N[C@@H](CCCNC(N)=[NH2+])C(=O)N[C@@H](CCCC[NH3+])C(=O)N[C@@H](CCCC[NH3+])C(=O)N[C@@H](CCCNC(N)=[NH2+])C(=O)N[C@@H](CCCNC(N)=[NH2+])C(=O)N[C@@H](CCC(N)=O)C(=O)N[C@@H](CCCNC(N)=[NH2+])C(=O)N[C@@H](CCCNC(N)=[NH2+])C(=O)N[C@@H](CCCNC(N)=[NH2+])C(=O)N1CCC[C@H]1C(=O)N1CCC[C@H]1C(=O)N[C@@H](CCC(N)=O)C(=O)N[C@H](C=O)Cc1ccc(O)cc1,1,9.791825,0
CC(=O)N[C@@H](CCCNC(N)=[NH2+])C(=O)N[C@@H](CCCNC(N)=[NH2+])C(=O)N[C@@H](CCCNC(N)=[NH2+])C(=O)N[C@@H](CCCNC(N)=[NH2+])C(=O)N[C@@H](CCCNC(N)=[NH2+])C(=O)N[C@@H](CCCNC(N)=[NH2+])C(=O)N[C@@H](CCCNC(N)=[NH2+])C(=O)N[C@@H](CCCNC(N)=[NH2+])C(N)=O,1,2.4746158,0
NC(=[NH2+])NCCC[C@@H](N)C(=O)N[C@H](CCCNC(N)=[NH2+])C(=O)N[C@H](CCCNC(N)=[NH2+])C(=O)N[C@H](CCCNC(N)=[NH2+])C(=O)N[C@H](CCCNC(N)=[NH2+])C(=O)N[C@@H](C=O)CCCNC(N)=[NH2+],1,8.960353,0
NC(=[NH2+])NCCC[C@@H](C=O)NC(=O)[C@H](CCCNC(N)=[NH2+])NC(=O)[C@H](CCCNC(N)=[NH2+])NC(=O)[C@H](CCCNC(N)=[NH2+])NC(=O)[C@H](CCCNC(N)=[NH2+])NC(=O)[C@@H](N)CCCNC(N)=[NH2+],1,9.3347845,0
CC[C@H](C)[C@H](NC(=O)[C@@H](NC(=O)[C@@H](N)Cc1c[nH]c2ccccc12)[C@@H](C)CC)C(=O)N[C@@H](Cc1ccccc1)C(=O)N[C@@H](CCCNC(N)=[NH2+])C(=O)N[C@@H](C)C(=O)N[C@@H](C)C(=O)N[C@@H](C)C(=O)N[C@@H](CO)C(=O)NC(CC1CNCN1)C(O)N[C@@H](CCCC[NH3+])C(=O)N[C@H](C=O)CCCC[NH3+],1,7.709406,0
CC(C)C[C@H](NC(=O)[C@H](CCCNC(N)=[NH2+])NC(=O)[C@H](CCC(=O)O)NC(=O)[C@H](CC(=O)O)NC(=O)[C@H](C)NC(=O)[C@@H]1CCCN1C(=O)[C@H](CS)NC(=O)[C@H](CC(N)=O)NC(=O)[C@H](CCCNC(N)=[NH2+])NC(=O)[C@H](Cc1ccccc1)NC(=O)[C@H](CCCNC(N)=[NH2+])NC(=O)[C@H](CC(=O)O)NC(=O)[C@H](CCCNC(N)=[NH2+])NC(=O)[C@H](CS)NC(=O)[C@H](C)N)C(=O)N[C@@H](CS)C(=O)NCC=O,1,5.210927,0
CC(C)C[C@H](NC(=O)[C@H](C)NC(=O)[C@H](CCCC[NH3+])NC(=O)[C@H](CC(C)C)NC(=O)[C@H](C)NC(=O)[C@H](CC(C)C)NC(=O)[C@H](CCCC[NH3+])NC(=O)[C@H](CC(C)C)NC(=O)[C@H](C)NC(=O)[C@H](CC(C)C)NC(=O)[C@@H](N)CCCC[NH3+])C(=O)N[C@@H](CCCC[NH3+])C(=O)N[C@@H](C)C(=O)N[C@@H](C)C(=O)N[C@@H](CC(C)C)C(=O)N[C@@H](CCCC[NH3+])C(=O)N[C@@H](CC(C)C)C(=O)N[C@@H](C)C(=O)NCC(=O)N[C@H](C=O)CS,1,7.6690073,0
NC(=[NH2+])NCCC[C@H](NC(=O)[C@H](CCCNC(N)=[NH2+])NC(=O)[C@H](CCCNC(N)=[NH2+])NC(=O)[C@H](CCCNC(N)=[NH2+])NC(=O)[C@H](CCCNC(N)=[NH2+])NC(=O)[C@H](CCCNC(N)=[NH2+])NC(=O)[C@H](CCCNC(N)=[NH2+])NC(=O)[C@@H](N)CCCNC(N)=[NH2+])C(=O)NCC(=O)N[C@@H](CS)C(N)=O,1,4.616126,0
CC[C@H](C)[C@H](NC(=O)[C@H](CCCC[NH3+])NC(=O)[C@H](CCCC[NH3+])NC(=O)[C@H](C)NC(=O)[C@H](CC(C)C)NC(=O)[C@H](C)NC(=O)[C@H](C)NC(=O)[C@H](CC(C)C)NC(=O)[C@H](C)NC(=O)[C@H](CCCC[NH3+])NC(=O)[C@H](CC(C)C)NC(=O)[C@H](CC(N)=O)NC(=O)[C@@H](NC(=O)[C@H](CCCC[NH3+])NC(=O)CNC(=O)[C@H](CC(C)C)NC(=O)[C@H](CC(C)C)NC(=O)[C@H](Cc1ccc(O)cc1)NC(=O)CNC(=O)[C@H](C)NC(=O)[C@H](CO)NC(=O)[C@H](CC(N)=O)NC(=O)[C@@H](N)CC(C)C)[C@@H](C)CC)C(=O)N[C@H](C=O)CC(C)C,1,7.28221,0
CC(=O)N[C@@H](CS)C(=O)N[C@@H](Cc1c[nH]c2ccccc12)C(=O)N[C@@H](CCCC[NH3+])C(=O)N[C@@H](CCCC[NH3+])C(=O)N[C@@H](CCCC[NH3+])C(=O)N[C@@H](CCCC[NH3+])C(=O)N[C@@H](CCCC[NH3+])C(=O)N[C@@H](CCCC[NH3+])C(=O)N[C@@H](CCCC[NH3+])C(=O)N[C@@H](CCCC[NH3+])C(=O)N[C@@H](CCCC[NH3+])C(=O)N[C@@H](CCCC[NH3+])C(=O)N[C@@H](CCCC[NH3+])C(=O)N[C@@H](CCCC[NH3+])C(=O)N[C@@H](CCCC[NH3+])C(=O)N[C@@H](CCCC[NH3+])C(=O)N[C@@H](CCCC[NH3+])C(=O)N[C@@H](CCCC[NH3+])C(=O)N[C@@H](CCCC[NH3+])C(=O)N[C@H](C=O)CCCC[NH3+],1,7.1405306,0
CC[C@H](C)[C@H](NC(=O)[C@H](CCCC[NH3+])NC(=O)[C@@H](NC(=O)[C@H](CCC(N)=O)NC(=O)[C@@H]([NH3+])CCCNC(N)=[NH2+])[C@@H](C)CC)C(=O)N[C@@H](Cc1c[nH]c2ccccc12)C(=O)N[C@@H](Cc1ccccc1)C(=O)N[C@@H](CCC(N)=O)C(=O)N[C@@H](CC(N)=O)C(=O)N[C@@H](CCCNC(N)=[NH2+])C(=O)N[C@@H](CCCNC(N)=[NH2+])C(=O)N[C@@H](CCSC)C(=O)N[C@@H](CCCC[NH3+])C(=O)N[C@@H](Cc1c[nH]c2ccccc12)C(=O)N[C@@H](CCCC[NH3+])C(=O)N[C@@H](CCCC[NH3+])C(=O)O,1,4.438748,0
C[C@H](N)C(=O)N[C@@H](CS)C(=O)N[C@@H](CCCNC(N)=[NH2+])C(=O)N[C@@H](CCCNC(N)=[NH2+])C(=O)N[C@@H](CO)C(=O)N[C@@H](CCCNC(N)=[NH2+])C(=O)N[C@@H](CCCNC(N)=[NH2+])C(=O)NCC(=O)N[C@@H](CS)C(=O)NCC(=O)N[C@@H](CCCNC(N)=[NH2+])C(=O)N[C@@H](CCCNC(N)=[NH2+])C(=O)N[C@@H](CO)C(=O)N[C@@H](CCCNC(N)=[NH2+])C(=O)N[C@@H](CCCNC(N)=[NH2+])C(=O)N[C@@H](CS)C(=O)NCC=O,1,7.706909,0
CC(=O)N[C@@H](CCCNC(N)=[NH2+])C(=O)N[C@@H](CC(C)C)C(=O)N[C@@H](CC(C)C)C(=O)N[C@@H](CCCNC(N)=[NH2+])C(=O)N[C@@H](CC(C)C)C(=O)N[C@@H](CC(C)C)C(=O)N[C@@H](CC(C)C)C(=O)N[C@@H](CCCNC(N)=[NH2+])C(=O)N[C@@H](CC(C)C)C(=O)N[C@@H](Cc1c[nH]c2ccccc12)C(=O)N[C@@H](CCCNC(N)=[NH2+])C(=O)N[C@@H](CCCNC(N)=[NH2+])C(=O)N[C@@H](CC(C)C)C(=O)N[C@@H](CC(C)C)C(=O)N[C@@H](CCCNC(N)=[NH2+])C(=O)N[C@@H](CC(C)C)C(=O)N[C@@H](CC(C)C)C(=O)N[C@@H](CCCNC(N)=[NH2+])C(N)=O,1,4.5793877,0
C[C@H](NC(=O)[C@H](CCCC[NH3+])NC(=O)[C@H](CO)NC(=O)[C@H](CCCNC(N)=[NH2+])NC(=O)[C@H](C)NC(O)C(CC1CNCN1)NC(O)C(CC1CNCN1)NC(=O)[C@H](CCCNC(N)=[NH2+])NC(=O)[C@H](CCCNC(N)=[NH2+])NC(=O)[C@@H](N)CO)C(=O)N[C@@H](CCCC[NH3+])C(=O)N[C@@H](CCCNC(N)=[NH2+])C(=O)N[C@@H](CO)C(=O)N[C@@H](CCCNC(N)=[NH2+])C(=O)NC(CC1CNCN1)C(O)NC(CO)CC1CNCN1,1,5.950796,0
NC(=[NH2+])NCCC[C@@H](C=O)NC(=O)[C@H](CCCNC(N)=[NH2+])NC(=O)[C@H](CCCNC(N)=[NH2+])NC(=O)[C@H](CCCNC(N)=[NH2+])NC(=O)[C@H](CCCNC(N)=[NH2+])NC(=O)[C@H](CCCNC(N)=[NH2+])NC(=O)[C@H](CCCNC(N)=[NH2+])NC(=O)[C@H](CCCNC(N)=[NH2+])NC(=O)[C@H](CCCNC(N)=[NH2+])NC(=O)[C@H](CCCNC(N)=[NH2+])NC(=O)[C@@H](N)CCCNC(N)=[NH2+],1,10.602641,0
C[C@H](NC(=O)[C@H](CCC(N)=O)NC(=O)[C@@H](N)CCCNC(N)=[NH2+])C(=O)N[C@@H](CCCNC(N)=[NH2+])C(=O)N[C@@H](CCCNC(N)=[NH2+])C(=O)N[C@@H](CC(N)=O)C(=O)N[C@@H](CCCNC(N)=[NH2+])C(=O)N[C@@H](CCCNC(N)=[NH2+])C(=O)N[C@@H](CCCNC(N)=[NH2+])C(=O)N[C@H](C=O)CS,1,9.530978,0
CC[C@H](C)[C@H](NC(=O)[C@H](CCCC[NH3+])NC(=O)[C@@H](NC(=O)[C@H](CCC(N)=O)NC(=O)[C@@H]([NH3+])CCCNC(N)=[NH2+])[C@@H](C)CC)C(=O)N[C@@H](Cc1c[nH]c2ccccc12)C(=O)N[C@@H](Cc1ccccc1)C(=O)N[C@@H](CCC(N)=O)C(=O)N[C@@H](CC(N)=O)C(=O)N[C@@H](CCCNC(N)=[NH2+])C(=O)N[C@@H](CCCNC(N)=[NH2+])C(=O)N[C@@H](CCSC)C(=O)N[C@@H](CCCC[NH3+])C(=O)N[C@@H](Cc1c[nH]c2ccccc12)C(=O)N[C@@H](CCCC[NH3+])C(=O)N[C@@H](CCCC[NH3+])C(=O)O,1,4.438748,0
NC(=[NH2+])NCCC[C@@H](NC(=O)[C@H](N)CS)C(=O)N[C@H](Cc1c[nH]c2ccccc12)C(=O)N[C@H](CCCNC(N)=[NH2+])C(=O)N[C@H](Cc1c[nH]c2ccccc12)C(=O)N[C@H](CCCC[NH3+])C(=O)N[C@H](CS)C(=O)N[C@H](CS)C(=O)N[C@H](CCCC[NH3+])C(=O)N[C@@H](C=O)CCCC[NH3+],1,5.142208,0
NC(=[NH2+])NCCC[C@H](NC(=O)[C@H](Cc1c[nH]c2ccccc12)NC(=O)[C@@H](CCCNC(N)=[NH2+])NC(=O)[C@@H](N)CS)C(=O)N[C@@H](Cc1c[nH]c2ccccc12)C(=O)N[C@@H](CCCC[NH3+])C(=O)N[C@@H](CS)C(=O)N[C@@H](CS)C(=O)N[C@@H](CCCC[NH3+])C(=O)N[C@H](C=O)CCCC[NH3+],1,4.5846825,0
CC[C@H](C)[C@H](NC(=O)[C@H](CC(C)C)NC(=O)[C@@H](N)CCCC[NH3+])C(=O)N[C@@H](CCCC[NH3+])C(=O)NCC(=O)N[C@@H](CCCNC(N)=[NH2+])C(=O)N[C@H](C(=O)N1CCC[C@H]1C(=O)N[C@H](C(=O)N[C@@H](CCCC[NH3+])C(=O)N[C@@H](Cc1ccccc1)C(=O)NCC(=O)N[C@@H](CCCC[NH3+])C(=O)N[C@@H](C)C(=O)N[C@@H](CC(=O)O)C(=O)N[C@@H](CS)C(=O)N[C@@H](CC(=O)O)C(=O)N[C@@H](CCCNC(N)=[NH2+])C(=O)N1CCC[C@H]1C(=O)N1CCC[C@H]1C(=O)N[C@@H](CCCC[NH3+])C(=O)NC(CC1CNCN1)C(O)N[C@@H](CO)C(=O)NCC(=O)N[C@H](C=O)CCCC[NH3+])[C@@H](C)CC)[C@@H](C)O,1,8.0710745,0
CC[C@H](C)[C@H](NC(=O)[C@H](CCCC[NH3+])NC(=O)[C@@H](NC(=O)[C@H](CCC(N)=O)NC(=O)[C@@H]([NH3+])CCCNC(N)=[NH2+])[C@@H](C)CC)C(=O)N[C@@H](Cc1c[nH]c2ccccc12)C(=O)N[C@@H](Cc1ccccc1)C(=O)N[C@@H](CCC(N)=O)C(=O)N[C@@H](CC(N)=O)C(=O)N[C@@H](CCCNC(N)=[NH2+])C(=O)N[C@@H](CCCNC(N)=[NH2+])C(=O)N[C@@H](CCSC)C(=O)N[C@@H](CCCC[NH3+])C(=O)N[C@@H](Cc1c[nH]c2ccccc12)C(=O)N[C@@H](CCCC[NH3+])C(=O)N[C@@H](CCCC[NH3+])C(=O)O,1,4.438748,0
C[C@H](NC(=O)[C@H](CCCNC(N)=[NH2+])NC(=O)[C@H](CCCNC(N)=[NH2+])NC(=O)[C@H](CCC(=O)O)NC(=O)[C@H](CCCNC(N)=[NH2+])NC(=O)[C@H](CCCNC(N)=[NH2+])NC(=O)[C@@H](N)CCCNC(N)=[NH2+])C(=O)N[C@@H](CCC(=O)O)C(=O)N[C@H](C=O)CCCC[NH3+],1,11.100129,0
NCC(=O)N[C@@H](CCCNC(N)=[NH2+])C(=O)N[C@@H](CCCC[NH3+])C(=O)N[C@@H](CCCC[NH3+])C(=O)N[C@@H](CCCNC(N)=[NH2+])C(=O)N[C@@H](CCCNC(N)=[NH2+])C(=O)N[C@@H](CCC(N)=O)C(=O)N[C@@H](CCCNC(N)=[NH2+])C(=O)N[C@@H](CCCNC(N)=[NH2+])C(=O)N[C@@H](CCCNC(N)=[NH2+])C(=O)N1CCC[C@H]1C(=O)N1CCC[C@H]1C(=O)N[C@H](C=O)CCC(N)=O,1,10.3635235,0
NC(=[NH2+])NCCC[C@@H](C=O)NC(=O)[C@H](CCCNC(N)=[NH2+])NC(=O)[C@H](CCCNC(N)=[NH2+])NC(=O)[C@H](CCCNC(N)=[NH2+])NC(=O)[C@H](CCCNC(N)=[NH2+])NC(=O)[C@H](CCCNC(N)=[NH2+])NC(=O)[C@H](CCCNC(N)=[NH2+])NC(=O)[C@H](CCCNC(N)=[NH2+])NC(=O)[C@H](Cc1c[nH]c2ccccc12)NC(=O)[C@H](Cc1c[nH]c2ccccc12)NC(=O)[C@H](Cc1c[nH]c2ccccc12)NC(=O)[C@@H](N)Cc1c[nH]c2ccccc12,1,7.1287546,0
CC[C@H](C)[C@H](NC(=O)[C@H](CCCNC(N)=[NH2+])NC(=O)[C@@H](NC(=O)[C@H](CCC(N)=O)NC(=O)[C@@H](N)CCCNC(N)=[NH2+])[C@@H](C)CC)C(=O)N[C@@H](Cc1c[nH]c2ccccc12)C(=O)N[C@@H](Cc1ccccc1)C(=O)N[C@@H](CCC(N)=O)C(=O)N[C@@H](CC(N)=O)C(=O)N[C@@H](CCCNC(N)=[NH2+])C(=O)N[C@@H](CCCNC(N)=[NH2+])C(=O)N[C@@H](CCSC)C(=O)N[C@@H](CCCNC(N)=[NH2+])C(=O)N[C@@H](Cc1c[nH]c2ccccc12)C(=O)N[C@@H](CCCNC(N)=[NH2+])C(=O)N[C@H](C=O)CCCNC(N)=[NH2+],1,8.782052,0
CC(C)C[C@H](NC(=O)[C@H](CO)NC(=O)[C@H](CO)NC(=O)[C@H](Cc1c[nH]c2ccccc12)NC(=O)[C@H](CC(C)C)NC(=O)[C@H](CO)NC(=O)[C@@H]1CCCN1C(=O)[C@H](Cc1c[nH]c2ccccc12)NC(=O)[C@H](C)NC(=O)[C@H](CO)NC(=O)[C@H](Cc1c[nH]c2ccccc12)NC(=O)[C@H](CC(C)C)NC(=O)[C@@H](N)CCCC[NH3+])C(=O)N[C@@H](Cc1c[nH]c2ccccc12)C(=O)N[C@@H](CCCC[NH3+])C(=O)N1CCC[C@H]1C(N)=O,1,-4.0330296,0
CC[C@H](C)[C@@H]1NC(=O)[C@@H]2CCCN2C(=O)[C@@H]2CCCN2C(=O)[C@H]([C@@H](C)CC)NC(=O)[C@H](CO)NC(=O)[C@H](CCCC[NH3+])NC(=O)[C@H]([C@@H](C)O)NC(=O)[C@@H]2CSSC[C@H](NC1=O)C(=O)N[C@@H](Cc1ccccc1)C(=O)N1CCC[C@H]1C(=O)N[C@@H](CC(=O)O)C(=O)NCC(=O)N[C@@H](CCCNC(N)=[NH2+])C(=O)N2,1,-3.8315246,0
CC(C)C[C@H](NC(=O)[C@@H](NC(=O)[C@H](CCCCN)NC(=O)[C@H](Cc1ccc(O)cc1)NC(=O)[C@@H](NC(=O)[C@H](Cc1ccc(O)cc1)NC(=O)[C@@H](NC(=O)[C@H](CO)NC(=O)[C@H](Cc1ccc(O)cc1)NC(=O)[C@H](CO)NC(=O)[C@H](CCC(=O)O)NC(=O)[C@H](CCCCN)NC(=O)[C@H](CCCNC(=N)N)NC(=O)[C@H](CO)NC(=O)[C@H](CCCNC(=N)N)NC1=[O+]C(CN)CC[C@@H]1NC(=O)[C@H](CCCNC(=N)N)NC(=O)[C@H](CCCCN)NC(=O)[C@H](CCCCN)NC(=O)CNC(=O)[C@H](CC(=O)O)NC(=O)[C@H](CCCCN)NC(=O)[C@H](CCCCN)NC(=O)[C@H](CCC(N)=O)NC(=O)[C@H](C)NC(=O)[C@H](CCCCN)NC(=O)[C@@H](NC(=O)[C@@H](NC(=O)[C@H](C)NC(=O)[C@H](CCCCN)NC(=O)[C@H](CCCCN)NC(=O)[C@H](CO)NC(=O)CNC(=O)[C@@H](N)CCCCN)C(C)C)[C@@H](C)O)C(C)C)C(C)C)C(C)C)C(=O)N[C@@H](CCCCN)C(=O)N[C@H](C=O)CCC(N)=O,1,5.7943645,0
C[C@@H](O)[C@@H](C=O)NC(=O)[C@H](CCCNC(N)=[NH2+])NC(=O)[C@H](CCCC[NH3+])NC(=O)[C@H](CCCC[NH3+])NC(=O)[C@H](CCCNC(N)=[NH2+])NC(=O)[C@H](CCCC[NH3+])NC(=O)[C@H](CCCNC(N)=[NH2+])NC(=O)CN,1,8.22502,0
C[C@H](NC(=O)[C@H](CCCNC(N)=[NH2+])NC(=O)[C@H](CCCNC(N)=[NH2+])NC(=O)[C@H](CCCNC(N)=[NH2+])NC(=O)[C@H](CCCNC(N)=[NH2+])NC(=O)CN)C(=O)N[C@H](C(=O)N[C@@H](C)C(=O)N[C@@H](CCCC[NH3+])C(=O)N[C@@H](Cc1ccc(O)cc1)C(=O)N[C@@H](CCCNC(N)=[NH2+])C(=O)N[C@H](C(=O)N[C@@H](C)C(=O)NC(CO)CC1CNCN1)[C@@H](C)O)[C@@H](C)O,1,2.6785734,0
CC[C@H](C)[C@H](NC(=O)[C@H](CCCC[NH3+])NC(=O)[C@H](C)NC(=O)[C@H](CCC(N)=O)NC(=O)[C@@H](N)CCCNC(N)=[NH2+])C(=O)N[C@@H](Cc1c[nH]c2ccccc12)C(=O)N[C@@H](Cc1ccccc1)C(=O)N[C@@H](CCC(N)=O)C(=O)N[C@@H](CC(N)=O)C(=O)N[C@@H](CCCNC(N)=[NH2+])C(=O)N[C@@H](CCCNC(N)=[NH2+])C(=O)N[C@@H](CCSC)C(=O)N[C@@H](CCCC[NH3+])C(=O)N[C@@H](Cc1c[nH]c2ccccc12)C(=O)N[C@@H](CCCC[NH3+])C(=O)N[C@H](C=O)CCCC[NH3+],1,8.94196,0
CC[C@H](C)[C@H](NC(=O)[C@H](CCCC[NH3+])NC(=O)[C@@H](NC(=O)[C@H](CCC(N)=O)NC(=O)[C@@H](N)CCCNC(N)=[NH2+])[C@@H](C)CC)C(=O)N[C@@H](Cc1c[nH]c2ccccc12)C(=O)N[C@@H](Cc1ccccc1)C(=O)N[C@@H](CCC(N)=O)C(=O)N[C@@H](CC(N)=O)C(=O)N[C@@H](CCCNC(N)=[NH2+])C(=O)N[C@@H](CCCNC(N)=[NH2+])C(=O)N[C@H](C=O)CCSC,1,8.417759,0
CC[C@H](C)[C@H](NC(=O)[C@@H](NC(=O)[C@@H]1CCCN1C(=O)[C@H](CCCC[NH3+])NC(=O)[C@H](CCCC[NH3+])NC(=O)[C@@H](NC(=O)[C@@H]1CCCN1C(=O)[C@H](CCCC[NH3+])NC(=O)[C@@H](NC(=O)[C@@H](NC(=O)[C@@H](NC(=O)[C@H](CCCC[NH3+])NC(=O)[C@H](CCCC[NH3+])NC(=O)CNC(=O)[C@@H]1CCCN1C(=O)[C@H](CCCC[NH3+])NC(=O)[C@H](CCCC[NH3+])NC(=O)[C@H](CC(N)=O)NC(=O)[C@@H]1CCCN1C(=O)[C@@H](NC(=O)[C@H](CCCNC(N)=[NH2+])NC(=O)[C@@H](N)CCCC[NH3+])[C@@H](C)CC)[C@@H](C)O)[C@@H](C)O)[C@@H](C)O)[C@@H](C)O)[C@@H](C)O)C(=O)N[C@@H](CCCC[NH3+])C(=O)N[C@H](C(=O)N[C@H](C(=O)N[C@@H](CCCC[NH3+])C(=O)N[C@H](C=O)CCCC[NH3+])[C@@H](C)O)[C@@H](C)O,1,7.724307,0
NC(=[NH2+])NCCC[C@@H](N)C(=O)N[C@H](CCCNC(N)=[NH2+])C(=O)N[C@H](CCCNC(N)=[NH2+])C(=O)N[C@H](CCCNC(N)=[NH2+])C(=O)N[C@H](CCCNC(N)=[NH2+])C(=O)N[C@H](CCCNC(N)=[NH2+])C(=O)N[C@H](CCCNC(N)=[NH2+])C(=O)N[C@H](CCCNC(N)=[NH2+])C(=O)N[C@H](CCCNC(N)=[NH2+])C(=O)N[C@H](CCCNC(N)=[NH2+])C(=O)N[C@H](CCCNC(N)=[NH2+])C(=O)N[C@H](CCCNC(N)=[NH2+])C(N)=O,1,6.994403,0
C[C@@H](O)[C@H](NC(=O)[C@H](CCCNC(N)=[NH2+])NC(=O)[C@H](CCCC[NH3+])NC(=O)[C@H](CC(N)=O)NC(=O)CNC(=O)[C@@H](N)CS)C(=O)N[C@@H](CCCNC(N)=[NH2+])C(=O)NCC(=O)N[C@H](C=O)CS,1,4.918871,0
CC(C)C[C@H](NC(=O)CN)C(=O)N[C@@H](CCCC[NH3+])C(=O)N[C@@H](CCCC[NH3+])C(=O)N[C@@H](CC(C)C)C(=O)N[C@@H](C)C(=O)N[C@@H](CCC(=O)O)C(=O)N[C@@H](CC(C)C)C(=O)N[C@@H](C)C(=O)NC(CC1CNCN1)C(O)N[C@@H](CCCC[NH3+])C(=O)N[C@@H](CC(C)C)C(=O)N[C@@H](CC(C)C)C(=O)N[C@@H](CCCC[NH3+])C(=O)N[C@@H](CC(C)C)C(=O)NCC(=O)N[C@@H](CS)C(N)=O,1,-1.6791153,0
CC[C@H](C)[C@H](NC(=O)[C@H](CCCNC(N)=[NH2+])NC(=O)[C@@H](N)CCCC[NH3+])C(=O)N1CCC[C@H]1C(=O)N[C@@H](CC(N)=O)C(=O)N[C@@H](CCCC[NH3+])C(=O)N[C@@H](CCCC[NH3+])C(=O)N1CCC[C@H]1C(=O)N[C@@H](CCCC[NH3+])C(=O)N[C@H](C=O)CCCC[NH3+],1,9.134038,0
CCC[C@@H](C=O)NC(=O)[C@H](C)NC(=O)[C@H](C)NC(=O)[C@H](Cc1c[nH]c2ccccc12)NC(=O)[C@H](CCC(=O)O)NC(=O)CNC(=O)[C@@H](NC(=O)[C@H](CC(C)C)NC(=O)[C@H](CCCNC(=N)N)NC(=O)[C@H](CCC)NC(=O)[C@@H](NC(=O)[C@H](Cc1c[nH]cn1)NC(=O)[C@@H](NC(=O)[C@@H](NC(=O)[C@H](Cc1ccccc1)NC(=O)[C@@H](NC(=O)[C@H](CCCNC(=N)N)NC(=O)[C@@H](NC(=O)[C@H](CCCNC(=N)N)NC(=O)[C@H](CCC)NC(=O)[C@H](CCC)NC(=O)CNC(=O)[C@H](CS)NC(=O)[C@H](C)NC(=O)[C@H](CCCNC(=N)N)NC(=O)[C@H](CCCNC(=N)N)NC(=O)[C@@H](NC(=O)[C@H](CCCNC(=N)N)NC(=O)[C@H](CC(C)C)NC(=O)[C@@H](NC(=O)[C@@H](NC(=O)[C@H](CC(C)C)NC(=O)[C@H](Cc1ccccc1)NC(=O)[C@H](CCCNC(=N)N)NC(=O)[C@H](CCCNC(=N)N)NC(=O)[C@@H](NC(=O)[C@@H](N)CCSC)C(C)C)C(C)C)[C@@H](C)O)[C@@H](C)CC)C(C)C)C(C)C)C(C)C)C(C)C)[C@@H](C)CC)[C@@H](C)O,1,1.0602922,0
CC(C)C[C@H](NC(=O)[C@H](CCCC[NH3+])NC(=O)[C@H](CCCNC(N)=[NH2+])NC(=O)[C@H](Cc1ccccc1)NC(=O)[C@H](Cc1ccccc1)NC(=O)[C@H](CCCC[NH3+])NC(=O)[C@H](CCCC[NH3+])NC(=O)[C@H](Cc1ccccc1)NC(=O)[C@H](CCCNC(N)=[NH2+])NC(=O)[C@H](CCCC[NH3+])NC(=O)[C@@H](N)C(C)C)C(=O)N[C@@H](CCCC[NH3+])C(=O)N[C@@H](CCCC[NH3+])C(=O)N[C@@H](CC(C)C)C(=O)N[C@H](C(N)=O)C(C)C,1,3.8616521,0
CC[C@H](C)[C@H](NC(=O)[C@H](CC(C)C)NC(=O)[C@@H](NC(=O)[C@H](CCCNC(N)=[NH2+])NC(=O)[C@H](Cc1ccccc1)NC(=O)[C@@H](NC(=O)[C@@H](NC(=O)[C@@H](N)CC(C)C)[C@@H](C)CC)[C@@H](C)CC)[C@@H](C)CC)C(=O)N[C@@H](CO)C(=O)NC(CC1CNCN1)C(O)N[C@@H](CCCNC(N)=[NH2+])C(=O)N[C@H](C=O)CCCNC(N)=[NH2+],1,8.427662,0
CC[C@H](C)[C@H](NC(=O)[C@H](C)NC(=O)[C@@H](NC(=O)[C@@H](N)Cc1ccc(O)cc1)[C@@H](C)O)C(=O)N[C@@H](C)C(=O)N[C@@H](Cc1c[nH]c2ccccc12)C(=O)N[C@H](C(=O)N[C@@H](CCCC[NH3+])C(=O)N[C@@H](C)C(=O)N[C@@H](Cc1ccccc1)C(=O)N[C@H](C(=O)N[C@@H](CCCNC(N)=[NH2+])C(=O)N[C@@H](CCCC[NH3+])C(=O)N[C@@H](CC(C)C)C(=O)N[C@@H](CCCNC(N)=[NH2+])C(=O)N[C@H](C=O)CCCC[NH3+])[C@@H](C)CC)C(C)C,1,7.620598,0
CCC(NC(=O)[C@H](CC(=O)O)NC(=O)CN)C(O)N[C@@H](CC(C)C)C(=O)N1CCC[C@H]1C(=O)NC(CC1CNCN1)C(O)N[C@@H](CC(C)C)C(=O)N[C@@H](CCCCN)C(=O)N[C@@H](CC(C)C)C(=O)N[C@@H](CS)C(=O)O,1,-4.0613937,0
CC[C@H](C)[C@H](NC(=O)[C@H](CS)NC(=O)[C@H](CO)NC(=O)[C@@H](NC(=O)[C@@H]1CCCN1C(=O)[C@@H]1CCCN1C(=O)CNC(=O)[C@H](CCCNC(N)=[NH2+])NC(=O)[C@@H](NC(=O)[C@H](CCCC[NH3+])NC(=O)[C@H](CCCNC(N)=[NH2+])NC(=O)[C@H](CCSC)NC(=O)[C@H](CC(N)=O)NC(=O)[C@H](CCCNC(N)=[NH2+])NC(=O)[C@H](CCC(N)=O)NC(=O)[C@H](Cc1c[nH]c2ccccc12)NC(=O)[C@@H](N)CCC(N)=O)C(C)C)C(C)C)C(=O)N[C@@H](CCCC[NH3+])C(=O)N[C@H](C=O)CCCNC(N)=[NH2+],1,7.4308805,0
C[C@H](N)C(=O)N[C@@H](CS)C(=O)N[C@@H](CCCNC(N)=[NH2+])C(=O)NCC(=O)N[C@@H](CCCNC(N)=[NH2+])C(=O)NCC(=O)N[C@@H](CCCNC(N)=[NH2+])C(=O)NCC(=O)N[C@@H](CS)C(=O)N[C@@H](CCCNC(N)=[NH2+])C(=O)NCC(=O)N[C@@H](CCCNC(N)=[NH2+])C(=O)NCC(=O)N[C@@H](CCCNC(N)=[NH2+])C(=O)NCC(=O)N[C@@H](CS)C(=O)NCC=O,1,6.4868965,0
CC[C@H](C)[C@H](NC(=O)[C@H](CCCC[NH3+])NC(=O)[C@H](Cc1ccccc1)NC(=O)[C@@H](NC(=O)[C@@H](NC(=O)[C@@H](N)CCSC)[C@@H](C)CC)[C@@H](C)CC)C(=O)N[C@@H](C)C(=O)N[C@@H](C)C(=O)N[C@@H](CO)C(=O)NC(CC1CNCN1)C(O)N[C@@H](CCCC[NH3+])C(=O)N[C@H](C=O)CCCC[NH3+],1,8.71922,0
CC[C@H](C)[C@H](NC(=O)[C@H](CCCNC(N)=[NH2+])NC(=O)[C@H](CCCNC(N)=[NH2+])NC(=O)[C@H](CCCNC(N)=[NH2+])NC(=O)[C@H](CC(C)C)NC(=O)[C@@H](NC(=O)[C@@H](NC(=O)[C@H](CC(C)C)NC(=O)[C@@H](N)CC(C)C)[C@@H](C)CC)[C@@H](C)CC)C(=O)N[C@@H](CCCNC(N)=[NH2+])C(=O)N[C@@H](CCCC[NH3+])C(=O)N[C@@H](CCC(N)=O)C(=O)N[C@@H](C)C(=O)NC(CC1CNCN1)C(O)N[C@H](C)C(=O)NC(CC1CNCN1)C(O)N[C@@H](CO)C(=O)N[C@H](C=O)CCCC[NH3+],1,9.949435,0
CC[C@H](C)[C@H](NC(=O)[C@H](CC(C)C)NC(=O)[C@H](CC(=O)O)NC(=O)[C@H](CCCNC(N)=[NH2+])NC(=O)[C@H](C)NC(=O)[C@@H](NC(=O)[C@@H](NC(=O)[C@@H](N)CCSC)[C@@H](C)CC)[C@@H](C)CC)C(=O)N[C@H](C=O)CO,1,9.430925,0
CC[C@H](C)[C@H](NC(=O)[C@H](CCCC[NH3+])NC(=O)[C@H](CCCC[NH3+])NC(=O)[C@H](C)NC(=O)[C@H](CC(C)C)NC(=O)[C@H](C)NC(=O)[C@H](C)NC(=O)[C@H](CC(C)C)NC(=O)[C@H](C)NC(=O)[C@H](CCCC[NH3+])NC(=O)[C@H](CC(C)C)NC(=O)[C@H](CC(N)=O)NC(=O)[C@@H](NC(=O)[C@H](CCCC[NH3+])NC(=O)CNC(=O)[C@H](CC(C)C)NC(=O)[C@H](CC(C)C)NC(=O)[C@H](Cc1ccc(O)cc1)NC(=O)CNC(=O)[C@H](C)NC(=O)[C@H](CO)NC(=O)[C@H](CC(N)=O)NC(=O)[C@H](CC(C)C)NC(=O)[C@@H](NC(=O)[C@H](Cc1c[nH]c2ccccc12)NC(=O)CN)[C@@H](C)O)[C@@H](C)CC)C(=O)N[C@H](C=O)CC(C)C,1,6.7461495,0
CC[C@H](C)[C@H](NC(=O)CNC(=O)[C@H](CC(=O)O)NC(=O)[C@H](CO)NC(=O)[C@@H]([NH3+])Cc1c[nH]cn1)C(=O)N[C@@H](Cc1ccccc1)C(=O)N[C@H](C(=O)N[C@@H](CC(=O)O)C(=O)N[C@@H](CO)C(=O)N[C@@H](Cc1ccc(O)cc1)C(=O)N[C@@H](CO)C(=O)N[C@@H](CCCNC(N)=[NH2+])C(=O)N[C@@H](Cc1ccc(O)cc1)C(=O)N[C@@H](CCCNC(N)=[NH2+])C(=O)N[C@@H](CCCC[NH3+])C(=O)N[C@@H](CCC(N)=O)C(=O)N[C@@H](CCSC)C(=O)N[C@@H](C)C(=O)N[C@H](C(=O)N[C@@H](CCCC[NH3+])C(=O)N[C@@H](CCCC[NH3+])C(=O)N[C@@H](Cc1ccc(O)cc1)C(=O)N[C@@H](CC(C)C)C(=O)N[C@@H](C)C(=O)N[C@@H](C)C(=O)N[C@H](C(=O)N[C@@H](CC(C)C)C(=O)NCC(=O)N[C@@H](CCCC[NH3+])C(=O)N[C@@H](CCCNC(N)=[NH2+])C(=O)N[C@@H](Cc1ccc(O)cc1)C(=O)N[C@@H](CCCC[NH3+])C(=O)N[C@@H](CCC(N)=O)C(=O)N[C@@H](CCCNC(N)=[NH2+])C(=O)N[C@H](C(=O)N[C@@H](CCCC[NH3+])C(=O)N[C@@H](CC(N)=O)C(=O)N[C@@H](CCCC[NH3+])C(N)=O)C(C)C)C(C)C)C(C)C)[C@@H](C)O,1,-1.3866187,0
CC[C@H](C)[C@H](NC(=O)[C@H](CC(N)=O)NC(=O)[C@H](C)NC(=O)[C@H](CC(C)C)NC(=O)[C@H](CC(C)C)NC(=O)[C@H](CC(N)=O)NC(=O)[C@H](CO)NC(O)C(CC1CNCN1)NC(O)C(CC1CNCN1)NC(=O)[C@H](CCCNC(N)=[NH2+])NC(=O)[C@H](CC(C)C)NC(O)C(CC1CNCN1)NC(=O)[C@H](CCCNC(N)=[NH2+])NC(=O)[C@H](CC(C)C)NC(=O)[C@H](CC(C)C)NC(=O)[C@H](CC(C)C)NC(=O)CNC(=O)[C@H](CC(C)C)NC(C)=O)C(N)=O,1,-1.9171987,0
NC(=[NH2+])NCCC[C@@H](N)C(=O)N[C@H](CCCNC(N)=[NH2+])C(=O)N[C@H](CCCNC(N)=[NH2+])C(=O)N[C@H](CCCNC(N)=[NH2+])C(=O)N[C@H](CCCNC(N)=[NH2+])C(=O)N[C@H](CCCNC(N)=[NH2+])C(=O)N[C@H](CCCNC(N)=[NH2+])C(=O)N[C@H](CCCNC(N)=[NH2+])C(=O)N[C@H](CCCNC(N)=[NH2+])C(=O)N[C@H](CCCNC(N)=[NH2+])C(=O)N[C@H](CCCNC(N)=[NH2+])C(=O)N[C@H](CCCNC(N)=[NH2+])C(=O)NCC(=O)N[C@@H](CS)C(N)=O,1,7.605761,0
CC(C)[C@H](NC(=O)[C@H](CCCNC(N)=[NH2+])NC(=O)[C@H](CCCNC(N)=[NH2+])NC(=O)[C@H](CCCNC(N)=[NH2+])NC(=O)[C@H](CC(N)=O)NC(=O)[C@H](CCCNC(N)=[NH2+])NC(=O)[C@H](CCCNC(N)=[NH2+])NC(=O)[C@@H](NC(=O)[C@@H](N)CCCNC(N)=[NH2+])[C@@H](C)O)C(=O)N[C@H](C=O)CCCNC(N)=[NH2+],1,10.506974,0
CC[C@H](C)[C@H](NC(=O)[C@H](CO)NC(=O)[C@H](CCCCN)NC(=O)[C@@H](NC(=O)[C@H](CCCNC(=N)N)NC(=O)[C@H](CCC(=O)O)NC(=O)[C@H](Cc1c[nH]c2ccccc12)NC(=O)[C@H](CCSC)NC(=O)[C@H](CO)NC(=O)[C@H](C)N)C(C)C)C(=O)N[C@H](C(=O)N[C@@H](CCCCN)C(=O)N[C@@H](CO)C(=O)N[C@@H](CO)C(=O)N[C@@H](CC(C)C)C(=O)N[C@@H](C)C(=O)N[C@@H](C)C(=O)N[C@@H](C)C(=O)N[C@@H](CO)C(=O)N[C@@H](CC(N)=O)C(=O)N[C@H](C=O)[C@@H](C)CC)[C@@H](C)CC,1,3.8413954,0
C[C@H](NC(=O)[C@H](CCC(N)=O)NC(=O)[C@H](CCCC[NH3+])NC(=O)[C@H](CCC(=O)O)NC(=O)[C@H](C)NC(=O)[C@H](CCCNC(N)=[NH2+])NC(=O)[C@H](CCCNC(N)=[NH2+])NC(=O)[C@H](CCC(=O)O)NC(=O)[C@H](CCCNC(N)=[NH2+])NC(=O)[C@H](CCCNC(N)=[NH2+])NC(=O)[C@H](CCCNC(N)=[NH2+])NC(=O)[C@@H](NC(=O)[C@@H](N)CCC(N)=O)[C@@H](C)O)C(=O)N[C@@H](CCC(N)=O)C(=O)N[C@H](C=O)Cc1c[nH]c2ccccc12,1,10.190114,0
CC[C@H](C)[C@H](NC(=O)[C@H](C)NC(=O)[C@H](CC(C)C)NC(=O)[C@H](CCCC[NH3+])NC(=O)[C@H](CC(C)C)NC(=O)[C@@H](NC(=O)[C@@H](NC(=O)[C@@H](N)CCCC[NH3+])[C@@H](C)CC)[C@@H](C)O)C(=O)N[C@@H](CCCC[NH3+])C(=O)N[C@@H](C)C(=O)N[C@@H](Cc1c[nH]c2ccccc12)C(=O)N[C@@H](CCCC[NH3+])C(=O)N[C@@H](CC(C)C)C(=O)N[C@@H](C)C(=O)N[C@@H](CC(C)C)C(=O)N[C@@H](CCCC[NH3+])C(=O)N[C@@H](C)C(=O)N[C@@H](C)C(N)=O,1,3.247785,0
NCC(=O)N[C@@H](CCCNC(N)=[NH2+])C(=O)NCC(=O)N[C@@H](CC(=O)O)C(=O)N[C@@H](CO)C(=O)N1CCC[C@H]1C(=O)N[C@@H](CCCNC(N)=[NH2+])C(=O)N[C@@H](CCCNC(N)=[NH2+])C(=O)N[C@@H](CO)C(=O)N1CCC[C@H]1C(=O)N[C@@H](CCCNC(N)=[NH2+])C(=O)N[C@H](C=O)CCCNC(N)=[NH2+],1,8.451599,0
CC[C@H](C)[C@H](NC(=O)[C@H](CC(C)C)NC(=O)[C@@H](N)CCCC[NH3+])C(=O)N[C@@H](CCCC[NH3+])C(=O)NCC(=O)N[C@@H](CCCNC(N)=[NH2+])C(=O)N[C@H](C(=O)N1CCC[C@H]1C(=O)N[C@H](C(=O)N[C@@H](CCCC[NH3+])C(=O)N[C@@H](Cc1ccccc1)C(=O)NCC(=O)N[C@@H](CCCC[NH3+])C(=O)N[C@@H](C)C(=O)N[C@@H](CCCNC(N)=[NH2+])C(=O)N[C@@H](CS)C(=O)N[C@@H](CCCNC(N)=[NH2+])C(=O)N[C@@H](CCCNC(N)=[NH2+])C(=O)N1CCC[C@H]1C(=O)N1CCC[C@H]1C(=O)N[C@@H](CCCC[NH3+])C(=O)NC(CC1CNCN1)C(O)N[C@@H](CO)C(=O)NCC(=O)N[C@H](C=O)CCCC[NH3+])[C@@H](C)CC)[C@@H](C)O,1,8.955533,0
CC[C@H](C)[C@H](NC(=O)[C@H](CCCNC(N)=[NH2+])NC(=O)[C@H](CC(C)C)NC(=O)[C@H](CCC(N)=O)NC(=O)[C@@H](N)CCCNC(N)=[NH2+])C(=O)N[C@@H](C)C(=O)NCC(=O)N[C@@H](CCCNC(N)=[NH2+])C(=O)N[C@@H](CCCNC(N)=[NH2+])C(=O)N[C@@H](CC(C)C)C(=O)N[C@@H](CCCNC(N)=[NH2+])C(=O)NCC(=O)N[C@@H](CCCNC(N)=[NH2+])C(=O)N[C@@H](CO)C(=O)N[C@H](C=O)CCCNC(N)=[NH2+],1,9.910582,0
NC(=[NH2+])NCCC[C@H](NC(=O)[C@H](CCCNC(N)=[NH2+])NC(=O)[C@H](CCCNC(N)=[NH2+])NC(=O)[C@H](CCCNC(N)=[NH2+])NC(=O)[C@H](CCCNC(N)=[NH2+])NC(=O)[C@H](CCCNC(N)=[NH2+])NC(=O)[C@H](CCCNC(N)=[NH2+])NC(=O)[C@H](CCCNC(N)=[NH2+])NC(=O)[C@@H](N)CCCNC(N)=[NH2+])C(N)=O,1,4.3473244,0
CC(C)C[C@H](NC(=O)CN)C(=O)N[C@@H](Cc1c[nH]c2ccccc12)C(=O)N[C@@H](CCCNC(N)=[NH2+])C(=O)N[C@@H](C)C(=O)N[C@@H](CC(C)C)C(=O)N[C@@H](Cc1c[nH]c2ccccc12)C(=O)N[C@@H](CCCNC(N)=[NH2+])C(=O)N[C@@H](CC(C)C)C(=O)N[C@@H](CC(C)C)C(=O)N[C@@H](CCCNC(N)=[NH2+])C(=O)N[C@@H](CO)C(=O)N[C@@H](CC(C)C)C(=O)N[C@@H](Cc1c[nH]c2ccccc12)C(=O)N[C@@H](CCCNC(N)=[NH2+])C(=O)N[C@@H](CC(C)C)C(=O)N[C@@H](CC(C)C)C(=O)N[C@@H](Cc1c[nH]c2ccccc12)C(=O)N[C@@H](CCCNC(N)=[NH2+])C(=O)N[C@@H](C)C=O,1,7.293809,0
CC(C)C[C@H](NC(=O)CN)C(=O)N[C@@H](CCCC[NH3+])C(=O)N[C@@H](CCCC[NH3+])C(=O)N[C@@H](CC(C)C)C(=O)N[C@@H](C)C(=O)N[C@@H](CCC(=O)O)C(=O)N[C@@H](CC(C)C)C(=O)N[C@@H](Cc1ccccc1)C(=O)NC(CC1CNCN1)C(O)N[C@@H](CCCC[NH3+])C(=O)N[C@@H](CC(C)C)C(=O)N[C@@H](CC(C)C)C(=O)N[C@@H](CCCC[NH3+])C(=O)N[C@@H](CC(C)C)C(=O)NCC(=O)N[C@@H](CS)C(N)=O,1,-2.1896791,0
CSCC[C@H](NC(=O)[C@@H](NC(=O)[C@H](CO)NC(=O)CNC(=O)[C@H](C)NC(=O)[C@H](C)NC(=O)CNC(=O)[C@H](CC(C)C)NC(=O)[C@H](Cc1ccccc1)NC(=O)CNC(=O)[C@H](CC(C)C)NC(=O)[C@H](Cc1ccccc1)NC(=O)[C@H](CC(C)C)NC(=O)[C@H](C)NC(=O)CN)[C@@H](C)O)C(=O)NCC(=O)N[C@@H](C)C(=O)N[C@@H](Cc1c[nH]c2ccccc12)C(=O)N[C@@H](CO)C(=O)N[C@@H](CCC(N)=O)C(=O)N1CCC[C@H]1C(=O)N[C@@H](CCCC[NH3+])C(=O)N[C@@H](CO)C(=O)N[C@@H](CCCC[NH3+])C(=O)N[C@@H](CCCNC(N)=[NH2+])C(=O)N[C@@H](CCCC[NH3+])C(=O)N[C@H](C=O)C(C)C,1,4.6769342,0
CC[C@H](C)[C@H](NC(=O)[C@H](C)NC(=O)[C@H](C)NC(=O)[C@@H]1CCCN1C(=O)[C@H](CCCNC(N)=[NH2+])NC(=O)[C@@H](N)CCCC[NH3+])C(=O)N[C@@H](CCCC[NH3+])C(=O)N[C@@H](CCCC[NH3+])C(=O)N[C@@H](C)C(=O)NCC(=O)N[C@@H](CCC(N)=O)C(=O)N[C@@H](C)C(=O)N[C@@H](CCCC[NH3+])C(=O)N[C@@H](CCCC[NH3+])C(=O)N[C@@H](CCCC[NH3+])C(=O)N[C@H](C=O)CCCC[NH3+],1,10.357469,0
C[C@H](NC(=O)[C@H](CCCC[NH3+])NC(=O)[C@H](CO)NC(=O)[C@H](CCCNC(N)=[NH2+])NC(=O)[C@H](CS)NC(O)C(CC1CNCN1)NC(O)C(CC1CNCN1)NC(=O)[C@H](CCCNC(N)=[NH2+])NC(=O)[C@H](CCCNC(N)=[NH2+])NC(=O)CN)C(=O)N[C@@H](CCCC[NH3+])C(=O)N[C@@H](CCCNC(N)=[NH2+])C(=O)N[C@@H](CO)C(=O)N[C@@H](CCCNC(N)=[NH2+])C(=O)NC(CC1CNCN1)C(O)NC(CO)CC1CNCN1,1,4.8479185,0
C[C@H](N)C(=O)N[C@@H](CS)C(=O)N[C@@H](CO)C(=O)NCC(=O)N[C@@H](CO)C(=O)NCC(=O)N[C@@H](CO)C(=O)NCC(=O)N[C@@H](CS)C(=O)NCC(=O)N[C@@H](CO)C(=O)NCC(=O)N[C@@H](CO)C(=O)NCC(=O)N[C@@H](CO)C(=O)N[C@@H](CS)C(=O)NCC=O,1,-3.28947,0
NC(=[NH2+])NCCC[C@@H](C=O)NC(=O)[C@H](CCCNC(N)=[NH2+])NC(=O)[C@H](CCCNC(N)=[NH2+])NC(=O)[C@H](CCCNC(N)=[NH2+])NC(=O)[C@H](CCCNC(N)=[NH2+])NC(=O)[C@H](CCCNC(N)=[NH2+])NC(=O)[C@H](CCCNC(N)=[NH2+])NC(=O)[C@@H](N)CCCNC(N)=[NH2+],1,10.063445,0
NCC(=O)N[C@@H](CCCC[NH3+])C(=O)NC(CC1CNCN1)C(O)N[C@@H](CCCNC(N)=[NH2+])C(=O)NC(CC1CNCN1)C(O)N[C@@H](CCC(=O)O)C(=O)N[C@@H](CCCNC(N)=[NH2+])C(=O)NCC(=O)NC(CC1CNCN1)C(O)NC(CC1CNCN1)C(O)N[C@@H](CCCNC(N)=[NH2+])C(=O)N[C@@H](CC(=O)O)C(=O)N[C@@H](CCCNC(N)=[NH2+])C(=O)N[C@@H](CCCNC(N)=[NH2+])C(=O)N[C@@H](CCC(=O)O)C(=O)N[C@H](C=O)CCCNC(N)=[NH2+],1,6.4542537,0
NC(=[NH2+])NCCC[C@@H](C=O)NC(=O)[C@H](CCCNC(N)=[NH2+])NC(=O)[C@H](CCCNC(N)=[NH2+])NC(=O)[C@H](CCCNC(N)=[NH2+])NC(=O)[C@H](CCCNC(N)=[NH2+])NC(=O)[C@H](CCCNC(N)=[NH2+])NC(=O)[C@H](CCCNC(N)=[NH2+])NC(=O)[C@H](CCCNC(N)=[NH2+])NC(=O)[C@@H](N)Cc1c[nH]c2ccccc12,1,8.869176,0
CC[C@H](C)[C@H](NC(=O)[C@H](CCCC[NH3+])NC(=O)[C@H](CC(C)C)NC(=O)[C@@H](NC(=O)[C@H](CO)NC(=O)[C@H](CCCC[NH3+])NC(=O)[C@H](Cc1c[nH]c2ccccc12)NC(=O)[C@@H](NC(=O)[C@H](CCCC[NH3+])NC(=O)[C@H](C)NC(=O)[C@@H](NC(=O)[C@H](CO)NC(=O)[C@H](CCCC[NH3+])NC(=O)[C@H](C)NC(=O)[C@H](C)NC(=O)[C@@H](NC(=O)[C@@H](N)CCCC[NH3+])[C@@H](C)CC)[C@@H](C)CC)[C@@H](C)CC)[C@@H](C)CC)C(=O)N[C@@H](C)C(N)=O,1,-1.0286322,0
CC[C@H](C)[C@H](NC(=O)[C@H](CCCC[NH3+])NC(=O)[C@@H](NC(=O)[C@H](CCC(N)=O)NC(=O)[C@@H]([NH3+])CCCNC(N)=[NH2+])[C@@H](C)CC)C(=O)N[C@@H](Cc1c[nH]c2ccccc12)C(=O)N[C@@H](Cc1ccccc1)C(=O)N[C@@H](CCC(N)=O)C(=O)N[C@@H](CC(N)=O)C(=O)N[C@@H](CCCNC(N)=[NH2+])C(=O)N[C@@H](CCCNC(N)=[NH2+])C(=O)N[C@@H](CCSC)C(=O)N[C@@H](CCCC[NH3+])C(=O)N[C@@H](Cc1c[nH]c2ccccc12)C(=O)N[C@@H](CCCC[NH3+])C(=O)N[C@@H](CCCC[NH3+])C(=O)O,1,4.438748,0
CC(C)[C@@H](N)C(=O)N[C@H](CS)C(=O)N[C@@H](C(=O)N[C@@H](C=O)CCCNC(N)=[NH2+])C(C)C,1,3.98267,0
CC(C)C[C@@H](C=O)NC(=O)[C@H](CCC(=O)O)NC(=O)[C@@H](NC(=O)[C@H](CC(C)C)NC(=O)[C@@H](NC(=O)[C@H](CCCC[NH3+])NC(=O)[C@@H](NC(=O)[C@H](CC(C)C)NC(=O)[C@H](CCC(=O)O)NC(=O)[C@H](CCCC[NH3+])NC(=O)[C@H](CC(C)C)NC(=O)[C@@H](NC(=O)[C@H](CCC(=O)O)NC(=O)[C@@H](NC(=O)[C@H](CC(C)C)NC(=O)[C@@H](NC(=O)[C@H](CCCC[NH3+])NC(=O)[C@@H](N)CC(C)C)[C@@H](C)O)[C@@H](C)O)[C@@H](C)O)[C@@H](C)O)[C@@H](C)O)[C@@H](C)O,1,5.750616,0
CC(C)C[C@H](NC(=O)CNC(=O)[C@H](C)NC(=O)[C@H](CCCNC(=N)N)NC(=O)[C@H](CO)NC(=O)[C@H](CO)NC(=O)[C@H](CCCNC(=N)N)NC(=O)[C@@H](NC(=O)[C@H](CCCCN)NC(=O)[C@H](C)NC(=O)[C@H](CCCCN)NC(=O)[C@H](C)NC(=O)[C@H](CCCNC(=N)N)NC(=O)[C@H](C)NC(=O)[C@H](CCCCN)NC(=O)CNC(=O)CNC(=O)[C@H](CCC(N)=O)NC(=O)[C@H](CCCCN)NC(=O)CNC(=O)[C@H](CCCNC(=N)N)NC(=O)CNC(=O)[C@@H](N)CO)[C@@H](C)O)C(=O)N[C@@H](CCC(N)=O)C(=O)N[C@@H](Cc1ccccc1)C(=O)N1CCC[C@H]1C(=O)N[C@H](C(=O)NCC(=O)N[C@@H](CCCNC(=N)N)C(=O)N[C@H](C(=O)N[C@@H](Cc1c[nH]cn1)C(=O)N[C@@H](CCCNC(=N)N)C(=O)N[C@@H](CC(C)C)C(=O)N[C@@H](CC(C)C)C(=O)N[C@@H](CCCNC(=N)N)C(=O)N[C@@H](CCCCN)C(=O)NCC=O)C(C)C)C(C)C,1,3.585652,0
CC[C@H](C)[C@H](NC(=O)[C@H](CCCC[NH3+])NC(=O)[C@@H](NC(=O)[C@H](CCC(N)=O)NC(=O)[C@@H]([NH3+])CCCNC(N)=[NH2+])[C@@H](C)CC)C(=O)N[C@@H](Cc1c[nH]c2ccccc12)C(=O)N[C@@H](Cc1ccccc1)C(=O)N[C@@H](CCC(N)=O)C(=O)N[C@@H](CC(N)=O)C(=O)N[C@@H](CCCNC(N)=[NH2+])C(=O)N[C@@H](CCCNC(N)=[NH2+])C(=O)N[C@@H](CCSC)C(=O)N[C@@H](CCCC[NH3+])C(=O)N[C@@H](Cc1c[nH]c2ccccc12)C(=O)N[C@@H](CCCC[NH3+])C(=O)N[C@@H](CCCC[NH3+])C(=O)O,1,4.438748,0
NC(=[NH2+])NCCC[C@@H](N)C(=O)N[C@@H](CCCNC(N)=[NH2+])C(=O)N[C@H](CCCNC(N)=[NH2+])C(=O)NCC(=O)N[C@H](CCCNC(N)=[NH2+])C(=O)N[C@@H](CCCC[NH3+])C(=O)N[C@H](CCCC[NH3+])C(=O)N[C@@H](CCCNC(N)=[NH2+])C(=O)N[C@@H](C=O)CCCNC(N)=[NH2+],1,9.06764,0
CC[C@H](C)[C@H](NC(=O)[C@H](CCCC[NH3+])NC(=O)[C@@H](NC(=O)[C@H](CCC(N)=O)NC(=O)[C@@H](N)CCCNC(N)=[NH2+])[C@@H](C)CC)C(=O)N[C@@H](Cc1c[nH]c2ccccc12)C(=O)N[C@@H](Cc1ccccc1)C(=O)N[C@@H](CCC(N)=O)C(=O)N[C@H](C=O)CC(N)=O,1,7.6216288,0
C[C@H](NC(=O)[C@H](C)NC(=O)[C@H](CO)NC(=O)[C@H](CCCNC(N)=[NH2+])NC(=O)[C@H](CS)NC(O)C(CC1CNCN1)NC(O)C(CC1CNCN1)NC(=O)[C@H](CCCNC(N)=[NH2+])NC(=O)[C@H](CCCNC(N)=[NH2+])NC(=O)[C@@H](N)CO)C(=O)N[C@@H](CCCC[NH3+])C(=O)N[C@@H](CCCNC(N)=[NH2+])C(=O)N[C@@H](CO)C(=O)N[C@@H](CCCNC(N)=[NH2+])C(=O)NC(CC1CNCN1)C(O)NC(CO)CC1CNCN1,1,5.8435526,0
NC(=[NH2+])NCCC[C@H](NC(=O)[C@H](Cc1ccccc1)NC(=O)[C@H](CCCC[NH3+])NC(=O)[C@H](CCCC[NH3+])NC(=O)[C@@H](N)Cc1ccccc1)C(=O)N[C@@H](CCCC[NH3+])C(=O)N[C@H](C=O)Cc1ccccc1,1,3.9942667,0
CCC[C@@H]1NC(=O)[C@@H]2CS34SC[C@H](NC(=O)[C@H]([C@@H](C)CC)NC(=O)[C@H](CS)NC(=O)[C@H](C)NC(=O)CNC1=O)C(=O)N[C@@H](CCCNC(=N)N)C(=O)NCC(=O)N[C@@H](CC(N)=O)C(=O)NCC(=O)N[C@@H](Cc1ccc(O)cc1)C(=O)N[C@H](C(=O)NCC(=O)N[C@@H](CO)C(=O)NCC(=O)N[C@@H](CO)C(=O)N[C@H](C=O)CC(=O)O)C[SH]3[SH]4C[C@H](NC(=O)[C@H](CCCCN)NC(=O)[C@H](CCCCN)NC(=O)[C@H](CC(C)C)NC(=O)[C@@H](NC(=O)[C@H](C)NC(=O)[C@H](CCC)NC(=O)[C@H](CS)NC(=O)[C@@H](NC(=O)CNC(=O)CN)C(C)C)[C@@H](C)CC)C(=O)N[C@@H](CCCNC(=N)N)C(=O)N[C@@H](CCCNC(=N)N)C(=O)N[C@@H](CC(=O)O)C(=O)N[C@@H](CO)C(=O)N[C@@H](CC(=O)O)C(=O)N2,1,-0.3263445,0
C[C@H](N)C(=O)N[C@@H](CS)C(=O)N[C@@H](CO)C(=O)NCC(=O)N[C@@H](CCCNC(N)=[NH2+])C(=O)NCC(=O)N[C@@H](CCCNC(N)=[NH2+])C(=O)NCC(=O)N[C@@H](CS)C(=O)NCC(=O)N[C@@H](CO)C(=O)NCC(=O)N[C@@H](CO)C(=O)NCC(=O)N[C@@H](CO)C(=O)N[C@@H](CS)C(=O)NCC=O,1,1.6972804,0
CC[C@H](C)[C@H](NC(=O)[C@H](CC(C)C)NC(=O)[C@H](C)NC(=O)[C@H](CCCNC(N)=[NH2+])NC(=O)[C@H](Cc1ccccc1)NC(=O)[C@@H](NC(=O)[C@@H](NC(=O)[C@@H](N)CCSC)[C@@H](C)CC)[C@@H](C)CC)C(=O)N[C@@H](CO)C(=O)NC(CC1CNCN1)C(O)N[C@@H](CCCC[NH3+])C(=O)N[C@H](C=O)CCCC[NH3+],1,9.583168,0
CC(C)C[C@H](NC(=O)[C@H](CCCNC(N)=[NH2+])NC(=O)[C@H](CCCNC(N)=[NH2+])NC(=O)[C@H](CC(C)C)NC(=O)[C@H](CC(C)C)NC(=O)[C@H](CCCNC(N)=[NH2+])NC(=O)[C@@H](N)CCCNC(N)=[NH2+])C(=O)N[C@@H](CCCNC(N)=[NH2+])C(=O)N[C@H](C=O)CCCNC(N)=[NH2+],1,10.360761,0
CC[C@H](C)[C@H](NC(=O)[C@H](CCCNC(N)=[NH2+])NC(=O)[C@@H](N)CCCC[NH3+])C(=O)N1CCC[C@H]1C(=O)N[C@@H](CC(N)=O)C(=O)N[C@@H](CCCC[NH3+])C(=O)N[C@@H](CCCC[NH3+])C(=O)N1CCC[C@H]1C(=O)NCC(=O)N[C@@H](CCCC[NH3+])C(=O)N[C@H](C=O)CCCC[NH3+],1,9.091912,0
CC[C@H](C)[C@H](NC(=O)[C@H](CCCC[NH3+])NC(=O)[C@@H](NC(=O)[C@H](CCC(N)=O)NC(=O)[C@@H](N)CCCNC(N)=[NH2+])[C@@H](C)CC)C(=O)N[C@@H](Cc1c[nH]c2ccccc12)C(=O)N[C@@H](Cc1ccccc1)C(=O)N1CCC[C@H]1C(=O)N[C@@H](CC(N)=O)C(=O)N[C@@H](CCCNC(N)=[NH2+])C(=O)N[C@@H](CCCNC(N)=[NH2+])C(=O)N[C@@H](CCSC)C(=O)N[C@@H](CCCC[NH3+])C(=O)N[C@@H](Cc1c[nH]c2ccccc12)C(=O)N[C@@H](CCCC[NH3+])C(=O)N[C@H](C=O)CCCC[NH3+],1,9.002009,0
CC[C@H](C)[C@H](NC(=O)[C@H](CCCNC(N)=[NH2+])NC(=O)[C@@H](NC(=O)[C@@H](N)CCCNC(N)=[NH2+])C(C)C)C(=O)N[C@@H](CC(C)C)C(=O)N[C@@H](C)C(=O)N[C@@H](CCCNC(N)=[NH2+])C(=O)N[C@@H](Cc1ccccc1)C(=O)N[C@@H](CC(C)C)C(=O)N[C@@H](CCCNC(N)=[NH2+])C(=O)N[C@H](C(=O)N[C@@H](CCCNC(N)=[NH2+])C(=O)N[C@H](C=O)C(C)C)[C@@H](C)O,1,8.730206,0
CC[C@H](C)[C@H](NC(=O)[C@H](CCCCN)NC(=O)[C@H](CCCCN)NC(=O)[C@H](C)NC(=O)[C@H](CC(C)C)NC(=O)[C@H](C)NC(=O)[C@H](C)NC(=O)[C@H](CC(C)C)NC(=O)[C@H](C)NC(=O)[C@H](CCCCN)NC(=O)[C@H](CC(C)C)NC(=O)[C@H](CC(N)=O)NC(=O)[C@@H](NC(=O)[C@H](CCCCN)NC(=O)CNC(=O)[C@H](CC(C)C)NC(=O)[C@H](CC(C)C)NC(=O)[C@H](Cc1ccc(O)cc1)NC(=O)CNC(=O)[C@H](C)N)[C@@H](C)O)C(=O)N[C@H](C=O)CC(C)C,1,8.317188,0
NC(=[NH2+])NCCC[C@H](NC(=O)CNC(=O)[C@H](CCCNC(N)=[NH2+])NC(=O)[C@@H](N)CCCNC(N)=[NH2+])C(=O)N[C@@H](CCCNC(N)=[NH2+])C(=O)NCC=O,1,4.377969,0
CC[C@H](C)[C@H](NC(=O)[C@H](CCCNC(N)=[NH2+])NC(=O)[C@H](CC(C)C)NC(=O)[C@@H](NC(=O)[C@@H](NC(=O)[C@H](CC(C)C)NC(=O)[C@H](Cc1ccccc1)NC(=O)[C@H](CCCNC(N)=[NH2+])NC(=O)[C@H](CCCNC(N)=[NH2+])NC(=O)[C@@H](N)C(C)C)C(C)C)[C@@H](C)O)C(=O)N[C@@H](CCCNC(N)=[NH2+])C(=O)N[C@@H](CCCNC(N)=[NH2+])C(=O)N[C@@H](C)C=O,1,7.2972136,0
CCC[C@H](NC(=O)[C@@H](NC(=O)[C@H](CC(C)C)NC(=O)[C@H](CC(N)=O)NC(=O)[C@H](CCCNC(=N)N)NC(=O)[C@H](CC(C)C)NC(=O)[C@H](Cc1ccccc1)NC(=O)[C@H](CC(=O)O)NC(=O)[C@H](CCCCN)NC(=O)[C@@H](NC(=O)[C@H](CCCNC(=N)N)NC(=O)[C@H](CCC(N)=O)NC(=O)[C@@H](NC(=O)[C@@H](NC(=O)[C@H](CCCNC(=N)N)NC(=O)[C@H](CCCCN)NC(=O)[C@H](Cc1ccccc1)NC(=O)[C@H](CCC(=O)O)NC(=O)[C@H](CCCCN)NC(=O)CNC(=O)[C@@H](NC(=O)[C@H](CCCCN)NC(=O)[C@H](CCC(=O)O)NC(=O)[C@H](CCCCN)NC(=O)[C@H](CO)NC(=O)[C@H](CCCCN)NC(=O)[C@H](CCCNC(=N)N)NC(=O)[C@H](Cc1ccccc1)NC(=O)[C@H](Cc1ccccc1)NC(=O)[C@H](CC(=O)O)NC(=O)CNC(=O)[C@H](CC(C)C)NC(=O)[C@@H](N)CC(C)C)[C@@H](C)CC)[C@@H](C)CC)C(C)C)[C@@H](C)CC)C(C)C)C(=O)N[C@@H](CCCNC(=N)N)C(=O)N[C@H](C(=O)N[C@@H](CCC(=O)O)C(=O)N[C@@H](CO)C(=O)N[C@H](C=O)CS)[C@@H](C)O,1,0.5095877,0
CC[C@H](C)[C@H](NC(=O)[C@H](C)NC(=O)[C@@H](NC(=O)[C@H](CCC(N)=O)NC(=O)[C@@H]1CCCN1C(=O)[C@H](Cc1ccccc1)NC(=O)[C@@H](NC(O)C(CC1CNCN1)NC(=O)[C@H](Cc1ccccc1)NC(=O)[C@H](CCCC[NH3+])NC(=O)[C@H](CC(N)=O)NC(=O)[C@H](Cc1ccccc1)NC(=O)[C@H](CC(=O)O)NC(=O)[C@H](CCC(N)=O)NC(=O)[C@@H](NC(=O)[C@H](Cc1ccc(O)cc1)NC(=O)[C@@H](NC(=O)CNC(=O)[C@@H](N)CC(C)C)[C@@H](C)O)[C@@H](C)O)[C@@H](C)O)[C@@H](C)O)C(=O)NCC(=O)N[C@H](C(=O)NCC(=O)N[C@@H](C)C(=O)N1CCC[C@H]1C=O)C(C)C,1,0.34660918,0
CSCC[C@H](NC(=O)[C@H](CC(N)=O)NC(=O)[C@H](CCCNC(N)=[NH2+])NC(=O)[C@H](CCC(N)=O)NC(=O)[C@H](Cc1c[nH]c2ccccc12)NC(=O)[C@H](CCC(N)=O)NC(=O)[C@@H](N)Cc1ccccc1)C(=O)N[C@@H](CCCNC(N)=[NH2+])C(=O)N[C@@H](CCCC[NH3+])C(=O)N[C@H](C(=O)N[C@@H](CCCNC(N)=[NH2+])C(=O)NCC(=O)N1CCC[C@H]1C(=O)N1CCC[C@H]1C(=O)N[C@H](C(=O)N[C@H](C=O)CO)C(C)C)C(C)C,1,6.3244524,0
C[C@H](N)C(=O)N[C@@H](CS)C(=O)N[C@@H](CCCNC(N)=[NH2+])C(=O)NCC(=O)N[C@@H](CO)C(=O)NCC(=O)N[C@@H](CCCNC(N)=[NH2+])C(=O)NCC(=O)N[C@@H](CS)C(=O)NCC(=O)N[C@@H](CCCNC(N)=[NH2+])C(=O)NCC(=O)N[C@@H](CO)C(=O)NCC(=O)N[C@@H](CCCNC(N)=[NH2+])C(=O)N[C@@H](CS)C(=O)NCC=O,1,4.7381186,0
CC[C@H](C)[C@H](NC(=O)[C@H](CCCCN)NC(=O)[C@H](CCCCN)NC(=O)[C@H](C)NC(=O)[C@H](CC(C)C)NC(=O)[C@H](CCCCN)NC(=O)[C@H](C)NC(=O)[C@H](CC(C)C)NC(=O)[C@H](CCCCN)NC(=O)[C@H](C)NC(=O)[C@H](CC(C)C)NC(=O)[C@H](CCCCN)NC(=O)[C@H](C)NC(=O)[C@H](CC(C)C)NC(=O)[C@H](CCCCN)NC(=O)[C@H](C)NC(=O)[C@H](CC(C)C)NC(=O)[C@H](CCCCN)NC(=O)[C@H](C)NC(=O)[C@H](CC(C)C)NC(=O)[C@H](C)NC(=O)[C@H](CC(C)C)NC(=O)[C@H](C)NC(=O)[C@H](CC(C)C)NC(=O)[C@H](C)NC(=O)[C@H](CC(C)C)NC(=O)[C@H](C)NC(=O)[C@H](CC(C)C)NC(=O)[C@H](C)NC(=O)[C@H](CC(C)C)NC(=O)[C@H](C)NC(=O)[C@H](CC(C)C)NC(=O)[C@H](C)NC(=O)[C@@H](N)CC(C)C)C(=O)N[C@H](C=O)CCCCN,1,9.03881,0
CC(C)C[C@H](NC(=O)[C@H](C)NC(=O)[C@H](CC(C)C)NC(=O)[C@H](CC(C)C)NC(=O)[C@@H](NC(=O)[C@H](C)NC(=O)[C@@H]1CCCN1C(=O)[C@H](CC(C)C)NC(=O)[C@H](CC(C)C)NC(=O)[C@H](C)NC(=O)[C@@H](NC(=O)[C@H](C)NC(=O)[C@H](C)NC(=O)[C@H](CCCC[NH3+])NC(=O)[C@H](Cc1ccccc1)NC(=O)[C@H](CCCNC(N)=[NH2+])NC(=O)[C@@H](N)Cc1c[nH]c2ccccc12)C(C)C)C(C)C)C(=O)N[C@@H](CC(C)C)C(=O)N[C@@H](C)C(=O)N1CCC[C@H]1C=O,1,4.497009,0
CC(C)C[C@H](NC(=O)[C@H](C)NC(=O)[C@H](CC(C)C)NC(=O)[C@H](CCCC[NH3+])NC(=O)[C@H](CC(C)C)NC(=O)[C@H](CCCC[NH3+])NC(=O)[C@H](CC(C)C)NC(=O)[C@H](C)NC(=O)[C@@H](N)CCCC[NH3+])C(=O)N[C@@H](C)C(=O)N[C@@H](CC(C)C)C(=O)N[C@@H](CC(C)C)C(=O)N[C@@H](C)C(=O)N[C@@H](CCCC[NH3+])C(=O)N[C@@H](CC(C)C)C(=O)N[C@@H](CCCC[NH3+])C(=O)N[C@@H](CC(C)C)C(=O)N[C@@H](C)C=O,1,7.7468157,0
CC[C@H](C)[C@H](NC(=O)[C@H](CC(C)C)NC(=O)[C@H](CC(=O)O)NC(=O)[C@H](CCCNC(N)=[NH2+])NC(=O)[C@H](Cc1ccc(O)cc1)NC(=O)[C@H](C)NC(=O)[C@@H](NC(=O)[C@@H](N)CCSC)[C@@H](C)CC)C(=O)N[C@H](C=O)CO,1,8.34352,0
CC(C)C[C@@H](NC(=O)[C@H](NC(=O)[C@H]1CCCN1C(=O)[C@H](N)C(C)C)[C@@H](C)O)C(=O)N[C@@H](C=O)CCCC[NH3+],1,7.4732084,0
CC(C)C[C@H](NC(=O)[C@H](C)NC(=O)[C@H](CCCC[NH3+])NC(=O)[C@H](CC(C)C)NC(=O)[C@H](C)NC(=O)[C@H](CC(C)C)NC(=O)[C@H](CCCC[NH3+])NC(=O)[C@H](CC(C)C)NC(=O)[C@H](C)NC(=O)[C@H](CC(C)C)NC(=O)[C@@H](N)CCCC[NH3+])C(=O)N[C@@H](CCC(N)=O)C(=O)N[C@@H](C)C(=O)N[C@@H](C)C(=O)N[C@@H](CC(C)C)C(=O)N[C@@H](CCC(N)=O)C(=O)N[C@@H](CC(C)C)C(=O)N[C@@H](C)C=O,1,8.882686,0
CC[C@H](C)[C@H](NC(=O)[C@H](CCCC[NH3+])NC(=O)[C@@H](NC(=O)[C@H](CCC(N)=O)NC(=O)[C@@H](N)CCCNC(N)=[NH2+])[C@@H](C)CC)C(=O)N[C@@H](Cc1c[nH]c2ccccc12)C(=O)N[C@@H](Cc1ccccc1)C(=O)N[C@@H](CCC(N)=O)C(=O)N[C@@H](CC(N)=O)C(=O)N[C@@H](CCCNC(N)=[NH2+])C(=O)N[C@@H](CCCNC(N)=[NH2+])C(=O)N[C@@H](C)C(=O)N[C@@H](CCCC[NH3+])C(=O)N[C@@H](Cc1c[nH]c2ccccc12)C(=O)N[C@@H](CCCC[NH3+])C(=O)N[C@H](C=O)CCCC[NH3+],1,9.198256,0
NC(=[NH2+])NCCC[C@@H](C=O)NC(=O)[C@H](CCCNC(N)=[NH2+])NC(=O)[C@H](CCCNC(N)=[NH2+])NC(=O)[C@H](CCC(N)=O)NC(=O)[C@H](CCCNC(N)=[NH2+])NC(=O)[C@H](CCCNC(N)=[NH2+])NC(=O)[C@H](CCCC[NH3+])NC(=O)[C@H](CCCC[NH3+])NC(=O)[C@H](CCCNC(N)=[NH2+])NC(=O)CNC(=O)[C@H](Cc1ccc(O)cc1)NC(=O)[C@H](CCCC[NH3+])NC(=O)[C@@H](N)CS,1,8.522822,0
CC(C)C[C@H](NC(=O)CNC(=O)[C@H](CO)NC(=O)[C@H](C)NC(=O)CNC(=O)[C@H](CO)NC(=O)[C@@H]1CCCN1C(=O)[C@H](C)NC(=O)[C@H](CC(C)C)NC(=O)[C@H](CC(C)C)NC(=O)[C@H](C)NC(=O)[C@H](CC(C)C)NC(=O)[C@H](CC(C)C)NC(=O)[C@@H](NC(=O)[C@H](C)NC(=O)[C@@H]1CCCN1C(=O)[C@H](CC(C)C)NC(=O)[C@H](CC(C)C)NC(=O)[C@H](C)NC(=O)[C@@H](NC(=O)[C@H](C)NC(=O)[C@H](C)N)C(C)C)C(C)C)C(=O)N[C@@H](CC(=O)O)C(=O)N[C@@H](CCCC[NH3+])C(=O)N[C@@H](CCCNC(N)=[NH2+])C(=O)N[C@@H](CC(=O)O)C(=O)N[C@@H](Cc1ccc(O)cc1)C(=O)N[C@H](C(N)=O)C(C)C,1,-0.18345425,0
CC[C@H](C)[C@H](NC(=O)[C@H](CCCNC(N)=[NH2+])NC(=O)[C@H](Cc1ccccc1)NC(=O)[C@@H](NC(=O)[C@@H](NC(=O)[C@@H](N)CCSC)[C@@H](C)CC)[C@@H](C)CC)C(=O)N[C@@H](C)C(=O)N[C@@H](C)C(=O)N[C@@H](CO)C(=O)NC(CC1CNCN1)C(O)N[C@@H](CCCC[NH3+])C(=O)N[C@H](C=O)CCCC[NH3+],1,9.951791,0
CC(=O)NC(CC1CNCN1)C(O)NC(CC1CNCN1)C(O)NC(CC1CNCN1)C(O)NC(CC1CNCN1)C(O)NC(CC1CNCN1)C(O)NC(CC1CNCN1)C(O)NC(CC1CNCN1)C(O)NC(CC1CNCN1)C(O)N[C@@H](CCCNC(N)=[NH2+])C(=O)N[C@@H](CCCNC(N)=[NH2+])C(=O)N[C@@H](CCCNC(N)=[NH2+])C(=O)N[C@@H](CCCNC(N)=[NH2+])C(=O)N[C@@H](CCCNC(N)=[NH2+])C(=O)N[C@@H](CCCNC(N)=[NH2+])C(=O)N[C@@H](CCCNC(N)=[NH2+])C(=O)N[C@@H](CCCNC(N)=[NH2+])C(=O)N[C@@H](CCCNC(N)=[NH2+])C(=O)N[C@@H](CCCNC(N)=[NH2+])C(=O)N[C@@H](CCCNC(N)=[NH2+])C(=O)N[C@@H](CCCNC(N)=[NH2+])C(=O)N[C@@H](CCCNC(N)=[NH2+])C(=O)N[C@@H](CCCNC(N)=[NH2+])C(=O)N[C@@H](CCCNC(N)=[NH2+])C(N)=O,1,5.7301216,0
CC[C@H](C)[C@H](NC(=O)[C@H](CCCC[NH3+])NC(=O)[C@@H](NC(=O)[C@H](CCC(N)=O)NC(=O)[C@@H]([NH3+])CCCNC(N)=[NH2+])[C@@H](C)CC)C(=O)N[C@@H](Cc1c[nH]c2ccccc12)C(=O)N[C@@H](Cc1ccccc1)C(=O)N[C@@H](CCC(N)=O)C(=O)N[C@@H](CC(N)=O)C(=O)N[C@@H](CCCNC(N)=[NH2+])C(=O)N[C@@H](CCCNC(N)=[NH2+])C(=O)N[C@@H](CCSC)C(=O)N[C@@H](CCCC[NH3+])C(=O)N[C@@H](Cc1c[nH]c2ccccc12)C(=O)N[C@@H](CCCC[NH3+])C(=O)N[C@@H](CCCC[NH3+])C(=O)O,1,4.438748,0
NC(=[NH2+])NCCC[C@H](NC(=O)[C@H](Cc1c[nH]c2ccccc12)NC(=O)[C@H](CCCNC(N)=[NH2+])NC(=O)[C@@H](N)CS)C(=O)N[C@H](Cc1c[nH]c2ccccc12)C(=O)N[C@@H](CCCC[NH3+])C(=O)N[C@@H](CS)C(=O)N[C@@H](CS)C(=O)N[C@@H](CCCC[NH3+])C(=O)N[C@H](C=O)CCCC[NH3+],1,4.79549,0
CC[C@H](C)[C@H](NC(=O)[C@H](CCCC[NH3+])NC(=O)[C@@H](NC(=O)[C@H](CCC(N)=O)NC(=O)[C@@H](N)CCCNC(N)=[NH2+])[C@@H](C)CC)C(=O)N[C@@H](Cc1ccccc1)C(=O)N[C@@H](Cc1ccccc1)C(=O)N[C@@H](CCC(N)=O)C(=O)N[C@@H](CC(N)=O)C(=O)N[C@@H](CCCNC(N)=[NH2+])C(=O)N[C@@H](CCCNC(N)=[NH2+])C(=O)N[C@@H](CCSC)C(=O)N[C@@H](CCCC[NH3+])C(=O)N[C@@H](Cc1c[nH]c2ccccc12)C(=O)N[C@@H](CCCC[NH3+])C(=O)N[C@H](C=O)CCCC[NH3+],1,9.501526,0
CC[C@H](C)[C@H](NC(=O)[C@H](CCCC[NH3+])NC(=O)[C@@H](NC(=O)[C@H](CCC(N)=O)NC(=O)[C@@H](N)CCCNC(N)=[NH2+])[C@@H](C)CC)C(=O)N[C@H](C=O)Cc1c[nH]c2ccccc12,1,6.586039,0
NC(=[NH2+])NCCC[C@H](NC(=O)[C@@H](N)CS)C(=O)N[C@H](Cc1c[nH]c2ccccc12)C(=O)N[C@@H](CCCNC(N)=[NH2+])C(=O)N[C@@H](Cc1c[nH]c2ccccc12)C(=O)N[C@@H](CCCC[NH3+])C(=O)N[C@@H](CS)C(=O)N[C@@H](CS)C(=O)N[C@@H](CCCC[NH3+])C(=O)N[C@H](C=O)CCCC[NH3+],1,5.0724506,0
CC[C@H](C)[C@H](NC(=O)[C@H](CCCC[NH3+])NC(=O)[C@@H](NC(=O)[C@H](CCC(N)=O)NC(=O)[C@@H]([NH3+])CCCNC(N)=[NH2+])[C@@H](C)CC)C(=O)N[C@@H](Cc1c[nH]c2ccccc12)C(=O)N[C@@H](Cc1ccccc1)C(=O)N[C@@H](CCC(N)=O)C(=O)N[C@@H](CC(N)=O)C(=O)N[C@@H](CCCNC(N)=[NH2+])C(=O)N[C@@H](CCCNC(N)=[NH2+])C(=O)N[C@@H](CCSC)C(=O)N[C@@H](CCCC[NH3+])C(=O)N[C@@H](Cc1c[nH]c2ccccc12)C(=O)N[C@@H](CCCC[NH3+])C(=O)N[C@@H](CCCC[NH3+])C(=O)O,1,4.438748,0
CC(C)C[C@@H](C=O)NC(=O)[C@@H](NC(=O)[C@@H](NC(=O)[C@H](CC(C)C)NC(=O)[C@@H](NC(=O)[C@H](CCCC[NH3+])NC(=O)[C@H](C)NC(=O)[C@H](CC(C)C)NC(=O)[C@H](CCCC[NH3+])NC(=O)[C@@H](NC(=O)[C@H](CC(C)C)NC(=O)[C@H](C)NC(=O)[C@@H](NC(=O)[C@H](C)NC(=O)[C@H](CC(C)C)NC(=O)[C@@H](NC(=O)[C@H](CCCC[NH3+])NC(=O)[C@@H](N)CC(C)C)[C@@H](C)O)[C@@H](C)O)[C@@H](C)O)[C@@H](C)O)[C@@H](C)O)[C@@H](C)O,1,6.9875107,0
CC(=O)NCC(=O)N[C@@H](CCCNC(N)=[NH2+])C(=O)NCC(=O)N[C@@H](CC(=O)O)C(=O)NCC(=O)N1CCC[C@H]1C(=O)N[C@@H](CCCNC(N)=[NH2+])C(=O)N[C@@H](CCCNC(N)=[NH2+])C(=O)N[C@@H](CCCC[NH3+])C(=O)N[C@@H](CCCC[NH3+])C(=O)N[C@@H](CCCC[NH3+])C(=O)N[C@@H](CCCC[NH3+])C(=O)NCC(=O)N1CCC[C@H]1C(=O)N[C@@H](CCCNC(N)=[NH2+])C(=O)N[C@@H](CCCNC(N)=[NH2+])C(=O)N[C@@H](CCCC[NH3+])C(=O)N[C@@H](CCCC[NH3+])C(=O)N[C@@H](CCCC[NH3+])C(=O)N[C@@H](CCCC[NH3+])C(=O)NCC(=O)N1CCC[C@H]1C(=O)N[C@@H](CCCNC(N)=[NH2+])C(=O)N[C@H](C=O)CCCNC(N)=[NH2+],1,9.29457,0
N=C(N)NCCC[C@@H](C=O)NC(=O)[C@H](CCCNC(=N)N)NC(=O)[C@H](CCCNC(=N)N)NC(=O)[C@H](CCCNC(=N)N)NC(=O)[C@H](CCCNC(=N)N)NC(=O)[C@H](CCCNC(=N)N)NC(=O)[C@H](CCCNC(=N)N)NC(=O)[C@H](CCCNC(=N)N)NC(=O)[C@H](CCCNC(=N)N)NC(=O)[C@H](CCCNC(=N)N)NC(=O)[C@H](CCCNC(=N)N)NC(=O)[C@H](CCCNC(=N)N)NC(=O)[C@H](CCCNC(=N)N)NC(=O)[C@H](CCCNC(=N)N)NC(=O)[C@H](CCCNC(=N)N)NC(=O)[C@H](Cc1c[nH]cn1)NC(=O)[C@H](Cc1c[nH]cn1)NC(=O)[C@H](Cc1c[nH]cn1)NC(=O)[C@H](Cc1c[nH]cn1)NC(=O)[C@H](Cc1c[nH]cn1)NC(=O)[C@H](Cc1c[nH]cn1)NC(=O)[C@H](Cc1c[nH]cn1)NC(=O)[C@H](Cc1c[nH]cn1)NC(=O)[C@H](Cc1c[nH]cn1)NC(=O)[C@H](Cc1c[nH]cn1)NC(=O)[C@H](Cc1c[nH]cn1)NC(=O)[C@H](Cc1c[nH]cn1)NC(=O)[C@H](Cc1c[nH]cn1)NC(=O)[C@H](Cc1c[nH]cn1)NC(=O)[C@H](Cc1c[nH]cn1)NC(=O)[C@H](Cc1c[nH]cn1)NC(=O)[C@H](Cc1c[nH]cn1)NC(=O)[C@H](Cc1c[nH]cn1)NC(=O)[C@H](Cc1c[nH]cn1)NC(=O)[C@@H](N)Cc1c[nH]cn1,1,7.6155987,0
CC(C)C[C@H](NC(=O)[C@H](C)NC(=O)[C@@H](NC(=O)[C@@H](NC(=O)[C@H](CCCC[NH3+])NC(=O)[C@H](CC(C)C)NC(=O)[C@@H](N)CC(C)C)[C@@H](C)O)[C@@H](C)O)C(=O)N[C@@H](CC(C)C)C(=O)N[C@@H](CCCC[NH3+])C(=O)N[C@H](C(=O)N[C@H](C(=O)N[C@@H](C)C(=O)N[C@@H](CC(C)C)C(=O)N[C@@H](CC(C)C)C(=O)N[C@@H](CCCC[NH3+])C(=O)N[C@H](C(=O)N[C@H](C(=O)N[C@@H](C)C=O)[C@@H](C)O)[C@@H](C)O)[C@@H](C)O)[C@@H](C)O,1,6.634287,0
NC(=[NH2+])NCCC[C@H](NC(=O)CNC(=O)[C@@H](N)CCCC[NH3+])C(=O)N[C@@H](CCCC[NH3+])C(=O)N[C@@H](CCCC[NH3+])C(=O)N[C@@H](CCCNC(N)=[NH2+])C(=O)N[C@@H](CCCNC(N)=[NH2+])C(=O)N[C@@H](CCC(N)=O)C(=O)N[C@@H](CCCNC(N)=[NH2+])C(=O)N[C@@H](CCCNC(N)=[NH2+])C(=O)N[C@@H](CCCNC(N)=[NH2+])C(=O)N1CCC[C@H]1C(=O)N1CCC[C@H]1C(=O)N[C@H](C=O)CCC(N)=O,1,10.134589,0
NCC(=O)N[C@@H](CCCNC(N)=[NH2+])C(=O)N[C@@H](CCCC[NH3+])C(=O)N[C@@H](CCCC[NH3+])C(=O)N[C@@H](CCCNC(N)=[NH2+])C(=O)N[C@@H](CCCNC(N)=[NH2+])C(=O)N[C@@H](CCC(N)=O)C(=O)N[C@@H](CCCNC(N)=[NH2+])C(=O)N[C@@H](CCCNC(N)=[NH2+])C(=O)N[C@@H](CCCNC(N)=[NH2+])C(=O)N1CCC[C@H]1C(=O)N[C@@H](Cc1c[nH]c2ccccc12)C(=O)N[C@H](C=O)CCC(N)=O,1,9.150362,0
CC[C@H](C)[C@@H](C=O)NC(=O)[C@H](CC(C)C)NC(=O)[C@H](Cc1ccc(O)cc1)NC(=O)[C@@H](NC(=O)[C@H](Cc1ccccc1)NC(=O)[C@@H]1CCCN1)C(C)C,1,0.021948686,0
N[C@@H](CCCC[NH3+])C(=O)N[C@@H](CCCC[NH3+])C(=O)N[C@@H](CCCC[NH3+])C(=O)N[C@@H](CCCC[NH3+])C(=O)N[C@@H](CCCC[NH3+])C(=O)N[C@@H](CCCC[NH3+])C(=O)N[C@@H](CCCC[NH3+])C(=O)N[C@@H](CCCC[NH3+])C(=O)N[C@H](C=O)CCCC[NH3+],1,7.9113626,0
CC(=O)N[C@@H](CCCC[NH3+])C(=O)N[C@@H](CCC(=O)O)C(=O)N[C@H](C(=O)N[C@@H](Cc1c[nH]c2ccccc12)C(=O)N[C@@H](Cc1c[nH]c2ccccc12)C(=O)N[C@@H](CCC(=O)O)C(=O)N[C@H](C(=O)N[C@@H](Cc1c[nH]c2ccccc12)C(=O)N[C@@H](Cc1c[nH]c2ccccc12)C(=O)N[C@H](C(=O)N[C@@H](CCC(=O)O)C(=O)N[C@@H](Cc1c[nH]c2ccccc12)C(=O)N[C@@H](CO)C(=O)N[C@@H](CCC(N)=O)C(=O)N1CCC[C@H]1C(=O)N[C@@H](CCCC[NH3+])C(=O)N[C@@H](CCCC[NH3+])C(=O)N[C@@H](CCCC[NH3+])C(=O)N[C@@H](CCCNC(N)=[NH2+])C(=O)N[C@@H](CCCC[NH3+])C(=O)N[C@H](C(N)=O)C(C)C)[C@@H](C)O)[C@@H](C)O)[C@@H](C)O,1,-1.4786495,0
NC(=[NH2+])NCCC[C@@H](C=O)NC(=O)[C@H](CCCNC(N)=[NH2+])NC(=O)[C@H](CCCNC(N)=[NH2+])NC(=O)[C@H](CCCNC(N)=[NH2+])NC(=O)[C@H](CCCNC(N)=[NH2+])NC(=O)[C@H](CCCNC(N)=[NH2+])NC(=O)[C@H](CCCNC(N)=[NH2+])NC(=O)[C@H](CCCNC(N)=[NH2+])NC(=O)[C@@H](N)CCCNC(N)=[NH2+],1,10.281902,0
CC[C@H](C)[C@H](NC(=O)[C@H](CCCC[NH3+])NC(=O)[C@@H](NC(=O)[C@H](CCC(N)=O)NC(=O)[C@H](CCCNC(N)=[NH2+])NC(=O)[C@@H](N)CS)[C@@H](C)CC)C(=O)N[C@@H](Cc1c[nH]c2ccccc12)C(=O)N[C@@H](Cc1ccccc1)C(=O)N1CCC[C@H]1C(=O)N[C@@H](CC(N)=O)C(=O)N[C@@H](CCCNC(N)=[NH2+])C(=O)N[C@@H](CCCNC(N)=[NH2+])C(=O)N[C@@H](CCSC)C(=O)N[C@@H](CCCC[NH3+])C(=O)N[C@@H](Cc1c[nH]c2ccccc12)C(=O)N[C@@H](CCCC[NH3+])C(=O)N[C@@H](CCCC[NH3+])C(=O)N[C@H](C=O)CS,1,7.228547,0
NCC(=O)N[C@@H](CCCNC(N)=[NH2+])C(=O)N[C@@H](CCCC[NH3+])C(=O)N[C@@H](CCCC[NH3+])C(=O)N[C@@H](CCCNC(N)=[NH2+])C(=O)N[C@@H](CCCNC(N)=[NH2+])C(=O)N[C@@H](CCC(N)=O)C(=O)N[C@@H](CCCNC(N)=[NH2+])C(=O)N[C@@H](CCCNC(N)=[NH2+])C(=O)N[C@@H](CCCNC(N)=[NH2+])C(=O)N1CCC[C@H]1C(=O)N1CCC[C@H]1C(=O)N[C@H](C=O)CCC(N)=O,1,10.3635235,0
CC(C)C[C@H](NC(=O)CN)C(=O)N[C@@H](Cc1c[nH]c2ccccc12)C(=O)N[C@@H](CCCNC(N)=[NH2+])C(=O)N[C@@H](C)C(=O)N[C@@H](CC(C)C)C(=O)N[C@@H](Cc1c[nH]c2ccccc12)C(=O)N[C@@H](CCCNC(N)=[NH2+])C(=O)N[C@@H](C)C(=O)N[C@@H](CC(C)C)C(=O)N[C@@H](Cc1c[nH]c2ccccc12)C(=O)N[C@@H](CCCNC(N)=[NH2+])C(=O)N[C@@H](CO)C(=O)N[C@@H](CC(C)C)C(=O)N[C@@H](Cc1c[nH]c2ccccc12)C(=O)N[C@@H](CCCC[NH3+])C(=O)N[C@@H](CCCC[NH3+])C(=O)N[C@@H](CCCC[NH3+])C(=O)N[C@@H](CCCNC(N)=[NH2+])C(=O)N[C@@H](CCCC[NH3+])C(=O)N[C@H](C=O)C(C)C,1,7.6267834,0
NC(=[NH2+])NCCC[C@H](NC(=O)[C@H](CCCNC(N)=[NH2+])NC(=O)[C@H](CCCNC(N)=[NH2+])NC(=O)[C@H](CCCNC(N)=[NH2+])NC(=O)[C@H](CCCNC(N)=[NH2+])NC(=O)[C@H](CCCNC(N)=[NH2+])NC(=O)[C@@H](N)CCCNC(N)=[NH2+])C(=O)N[C@H](C=O)Cc1c[nH]c2ccccc12,1,9.16912,0
CC[C@H](C)[C@H](NC(=O)[C@H](CCCNC(N)=[NH2+])NC(=O)[C@H](CCCNC(N)=[NH2+])NC(=O)[C@H](CCCNC(N)=[NH2+])NC(=O)[C@H](CC(C)C)NC(=O)[C@@H](NC(=O)[C@@H](NC(=O)[C@H](CC(C)C)NC(=O)[C@@H](N)CC(C)C)[C@@H](C)CC)[C@@H](C)CC)C(=O)N[C@@H](CCCNC(N)=[NH2+])C(=O)N[C@@H](CCCC[NH3+])C(=O)N[C@@H](CCC(N)=O)C(=O)N[C@@H](C)C(=O)NC(CC1CNCN1)C(O)N[C@@H](C)C(=O)NC(CC1CNCN1)C(O)N[C@@H](CO)C(=O)N[C@@H](C)C=O,1,9.329184,0
CC(C)[C@@H](C=O)NC(=O)[C@H](CCCC[NH3+])NC(=O)[C@H](CCCNC(N)=[NH2+])NC(=O)[C@H](CCCC[NH3+])NC(=O)[C@H](CO)NC(=O)[C@H](CCCC[NH3+])NC(=O)[C@H](CCCC[NH3+])NC(=O)[C@H](Cc1ccccc1)NC(=O)[C@H](CCCNC(N)=[NH2+])NC(=O)[C@@H](N)Cc1c[nH]c2ccccc12,1,5.137865,0
CC(C)C[C@H](NC(=O)[C@H](C)NC(=O)[C@H](CC(C)C)NC(=O)[C@H](CCCC[NH3+])NC(=O)[C@H](CC(C)C)NC(=O)[C@H](CCCC[NH3+])NC(=O)[C@H](CC(C)C)NC(=O)[C@H](C)NC(=O)[C@@H](N)CCCC[NH3+])C(=O)N[C@@H](C)C(=O)N[C@@H](CC(C)C)C(=O)N[C@@H](CC(C)C)C(=O)N[C@@H](C)C(=O)N[C@@H](CCCC[NH3+])C(=O)N[C@@H](CC(C)C)C(=O)N[C@@H](CCCC[NH3+])C(=O)N[C@@H](CC(C)C)C(=O)N[C@@H](C)C(N)=O,1,2.8225367,0
CC[C@H](C)[C@H](NC(=O)[C@H](CCCC[NH3+])NC(=O)[C@@H](NC(=O)[C@H](CCC(N)=O)NC(=O)[C@@H](N)CCCNC(N)=[NH2+])[C@@H](C)CC)C(=O)N[C@@H](C)C(=O)N[C@@H](Cc1ccccc1)C(=O)N[C@@H](CCC(N)=O)C(=O)N[C@@H](CC(N)=O)C(=O)N[C@@H](CCCNC(N)=[NH2+])C(=O)N[C@@H](CCCNC(N)=[NH2+])C(=O)N[C@@H](CCSC)C(=O)N[C@@H](CCCC[NH3+])C(=O)N[C@@H](Cc1c[nH]c2ccccc12)C(=O)N[C@@H](CCCC[NH3+])C(=O)N[C@H](C=O)CCCC[NH3+],1,9.713762,0
CC(C)C[C@H](NC(=O)CNC(=O)[C@H](CCCC[NH3+])NC(=O)[C@H](CC(C)C)NC(=O)CNC(=O)[C@H](CC(C)C)NC(=O)[C@H](CCCC[NH3+])NC(=O)[C@H](CC(C)C)NC(=O)CNC(=O)[C@H](CC(C)C)NC(=O)[C@@H](N)CCCC[NH3+])C(=O)N[C@@H](CCCC[NH3+])C(=O)NCC(=O)NCC(=O)N[C@@H](CC(C)C)C(=O)N[C@@H](CCCC[NH3+])C(=O)N[C@@H](CC(C)C)C(=O)NCC=O,1,2.1586044,0
C[C@H](N)C(=O)N[C@@H](CS)C(=O)N[C@@H](CO)C(=O)NCC(=O)N[C@@H](CO)C(=O)NCC(=O)N[C@@H](CO)C(=O)NCC(=O)N[C@@H](CS)C(=O)NCC(=O)N[C@@H](CO)C(=O)NCC(=O)N[C@@H](CO)C(=O)NCC(=O)N[C@@H](CO)C(=O)N[C@@H](CS)C(=O)NCC(=O)N[C@@H](CCCNC(N)=[NH2+])C(=O)N[C@@H](CCCNC(N)=[NH2+])C(=O)N[C@@H](CCCNC(N)=[NH2+])C(=O)N[C@@H](CCCNC(N)=[NH2+])C(=O)N[C@@H](CCCNC(N)=[NH2+])C(=O)N[C@@H](CCCNC(N)=[NH2+])C(=O)N[C@@H](CCCNC(N)=[NH2+])C(=O)N[C@H](C=O)CCCNC(N)=[NH2+],1,5.9913716,0
CC[C@H](C)[C@H](NC(=O)[C@H](CCCNC(N)=[NH2+])NC(=O)[C@H](C)NC(O)C(N)CC1CNCN1)C(=O)N[C@@H](CCCC[NH3+])C(=O)N1CCC[C@H]1C(=O)N[C@H](C(=O)N[C@@H](Cc1ccccc1)C(=O)N[C@@H](CCCNC(N)=[NH2+])C(=O)N[C@@H](CCCNC(N)=[NH2+])C(=O)N[C@@H](CC(C)C)C(=O)N[C@@H](CCCC[NH3+])C(=O)N[C@@H](Cc1c[nH]c2ccccc12)C(=O)N[C@@H](CCCC[NH3+])C(=O)N[C@@H](Cc1ccc(O)cc1)C(=O)N[C@@H](CCCC[NH3+])C(=O)NCC(=O)N[C@@H](CCCC[NH3+])C(=O)N[C@@H](Cc1ccccc1)C(=O)N[C@H](C=O)Cc1c[nH]c2ccccc12)[C@@H](C)O,1,7.0266,0
CC(C)[C@@H](C=O)NC(=O)[C@H](CCCC[NH3+])NC(=O)[C@H](CCCNC(N)=[NH2+])NC(=O)[C@H](CCCC[NH3+])NC(=O)[C@H](CCCC[NH3+])NC(=O)[C@H](CCCC[NH3+])NC(=O)[C@@H]1CCCN1C(=O)[C@H](CCC(N)=O)NC(=O)[C@H](CO)NC(=O)[C@H](Cc1c[nH]c2ccccc12)NC(=O)[C@H](CCC(=O)O)NC(=O)[C@@H](NC(=O)[C@H](Cc1c[nH]c2ccccc12)NC(=O)[C@H](Cc1c[nH]c2ccccc12)NC(=O)[C@@H](NC(=O)[C@H](CCC(=O)O)NC(=O)[C@H](Cc1c[nH]c2ccccc12)NC(=O)[C@H](Cc1c[nH]c2ccccc12)NC(=O)[C@@H](NC(=O)[C@H](CCC(=O)O)NC(=O)[C@@H](N)CCCC[NH3+])[C@@H](C)O)[C@@H](C)O)[C@@H](C)O,1,4.750008,0
CC(C)C[C@H](NC(=O)[C@H](C)NC(=O)[C@H](CCCC[NH3+])NC(=O)[C@H](CC(C)C)NC(=O)[C@H](C)NC(=O)[C@H](CC(C)C)NC(=O)[C@@H](N)CCCC[NH3+])C(=O)N[C@@H](CCCC[NH3+])C(=O)N[C@@H](C)C(=O)N[C@@H](C)C(=O)N[C@@H](CC(C)C)C(=O)N[C@@H](CCCC[NH3+])C(=O)N[C@@H](CC(C)C)C(=O)N[C@@H](C)C=O,1,8.227094,0
CSCC[C@H](NC(=O)[C@H](CC(C)C)NC(=O)CNC(=O)[C@H](Cc1ccccc1)NC(=O)[C@H](Cc1ccccc1)NC(=O)[C@H](CCC(N)=O)NC(=O)[C@H](CCC(N)=O)NC(=O)[C@H](CC(C)C)NC(=O)[C@H](CC(C)C)NC(=O)[C@H](CCCC[NH3+])NC(=O)[C@H](Cc1c[nH]c2ccccc12)NC(=O)[C@@H](NC(=O)[C@H](CCCC[NH3+])NC(=O)[C@H](CCCNC(N)=[NH2+])NC(=O)[C@H](CCCC[NH3+])NC(=O)[C@H](CCCC[NH3+])NC(=O)[C@H](CCCC[NH3+])NC(=O)[C@@H]1CCCN1)C(C)C)C(N)=O,1,-3.77057,0
CC[C@H](C)[C@H](NC(=O)[C@H](C)NC(=O)[C@H](Cc1ccccc1)NC(=O)[C@@H](NC(=O)[C@@H](NC(=O)[C@@H](N)CCSC)[C@@H](C)CC)[C@@H](C)CC)C(=O)N[C@@H](C)C(=O)N[C@@H](C)C(=O)N[C@@H](CO)C(=O)NC(CC1CNCN1)C(O)N[C@@H](CCCC[NH3+])C(=O)N[C@H](C=O)CCCC[NH3+],1,8.621987,0
CC[C@H](C)[C@H](NC(=O)[C@H](CCCNC(N)=[NH2+])NC(=O)[C@H](Cc1ccc(O)cc1)NC(O)C(N)CC1CNCN1)C(=O)N[C@@H](CCCC[NH3+])C(=O)N1CCC[C@H]1C(=O)N[C@H](C(=O)N[C@@H](Cc1ccccc1)C(=O)N[C@@H](CCCNC(N)=[NH2+])C(=O)N[C@@H](CCCNC(N)=[NH2+])C(=O)N[C@@H](CC(C)C)C(=O)N[C@@H](CCCC[NH3+])C(=O)N[C@@H](Cc1c[nH]c2ccccc12)C(=O)N[C@@H](CCCC[NH3+])C(=O)N[C@@H](Cc1ccc(O)cc1)C(=O)N[C@@H](CCCC[NH3+])C(=O)NCC(=O)N[C@@H](CCCC[NH3+])C(=O)N[C@@H](Cc1ccccc1)C(=O)N[C@@H](C)C=O)[C@@H](C)O,1,5.6221204,0
NC(=[NH2+])NCCC[C@H](NC(=O)[C@H](CCCNC(N)=[NH2+])NC(=O)[C@H](CCCNC(N)=[NH2+])NC(=O)[C@H](CCC(N)=O)NC(=O)[C@H](CCCNC(N)=[NH2+])NC(=O)[C@H](CCCNC(N)=[NH2+])NC(=O)[C@H](CCCC[NH3+])NC(=O)[C@H](CCCC[NH3+])NC(=O)[C@H](CCCNC(N)=[NH2+])NC(=O)CNC(=O)[C@@H](N)Cc1ccc(O)cc1)C(N)=O,1,2.9114788,0
CCC[C@H](NC(=O)[C@H](CS)NC(=O)[C@@H](NC(=O)CNC(=O)CN)C(C)C)C(=O)N[C@@H](CCCCN)C(=O)N[C@H](C(=O)N[C@@H](CC(C)C)C(=O)N[C@@H](C)C(=O)N[C@@H](CCCCN)C(=O)N[C@H]1C[SH]2[SH]3C[C@@H](C(=O)NCC(=O)N[C@@H](CO)C(=O)NCC(=O)N[C@@H](CO)C(=O)N[C@H](C=O)CC(=O)O)NC(=O)[C@H](Cc4ccc(O)cc4)NC(=O)CNC(=O)[C@H](CC(N)=O)NC(=O)CNC(=O)[C@H](CCCNC(=N)N)NC(=O)[C@@H]4CSS32C[C@H](NC(=O)[C@H](CC(=O)O)NC(=O)[C@H](CO)NC(=O)[C@H](CC(=O)O)NC(=O)[C@H](CCCNC(=N)N)NC(=O)[C@H](CCCNC(=N)N)NC1=O)C(=O)N1CCC[C@H]1C(=O)NCC(=O)N[C@@H](C)C(=O)N[C@@H](CS)C(=O)N[C@@H]([C@@H](C)CC)C(=O)N4)[C@@H](C)CC,1,-0.46189243,0
CC[C@H](C)[C@H](NC(=O)[C@H](CCCC[NH3+])NC(=O)[C@@H](NC(=O)[C@H](CCC(N)=O)NC(=O)[C@@H]([NH3+])CCCNC(N)=[NH2+])[C@@H](C)CC)C(=O)N[C@@H](Cc1c[nH]c2ccccc12)C(=O)N[C@@H](Cc1ccccc1)C(=O)N[C@@H](CCC(N)=O)C(=O)N[C@@H](CC(N)=O)C(=O)N[C@@H](CCCNC(N)=[NH2+])C(=O)N[C@@H](CCCNC(N)=[NH2+])C(=O)N[C@@H](CCSC)C(=O)N[C@@H](CCCC[NH3+])C(=O)N[C@@H](Cc1c[nH]c2ccccc12)C(=O)N[C@@H](CCCC[NH3+])C(=O)N[C@@H](CCCC[NH3+])C(=O)O,1,4.438748,0
CC[C@H](C)[C@H](NC(=O)[C@H](CCCC[NH3+])NC(=O)[C@@H](NC(=O)[C@H](CCC(N)=O)NC(=O)[C@@H]([NH3+])CCCNC(N)=[NH2+])[C@@H](C)CC)C(=O)N[C@@H](Cc1c[nH]c2ccccc12)C(=O)N[C@@H](Cc1ccccc1)C(=O)N[C@@H](CCC(N)=O)C(=O)N[C@@H](CC(N)=O)C(=O)N[C@@H](CCCNC(N)=[NH2+])C(=O)N[C@@H](CCCNC(N)=[NH2+])C(=O)N[C@@H](CCSC)C(=O)N[C@@H](CCCC[NH3+])C(=O)N[C@@H](Cc1c[nH]c2ccccc12)C(=O)N[C@@H](CCCC[NH3+])C(=O)N[C@@H](CCCC[NH3+])C(=O)O,1,4.438748,0
NC(=[NH2+])NCCC[C@@H](C=O)NC(=O)[C@H](CCCNC(N)=[NH2+])NC(=O)[C@H](CCCNC(N)=[NH2+])NC(=O)[C@H](CCC(N)=O)NC(=O)[C@H](CCCNC(N)=[NH2+])NC(=O)[C@H](CCCNC(N)=[NH2+])NC(=O)[C@H](CCCC[NH3+])NC(=O)[C@H](CCCC[NH3+])NC(=O)[C@H](CCCNC(N)=[NH2+])NC(=O)CNC(=O)[C@@H](N)Cc1ccc(O)cc1,1,8.8601885,0
NC(=[NH2+])NCCC[C@@H](N)C(=O)N[C@H](CCCNC(N)=[NH2+])C(=O)N[C@H](CCCNC(N)=[NH2+])C(=O)N[C@H](CCCNC(N)=[NH2+])C(=O)N[C@H](CCCNC(N)=[NH2+])C(=O)N[C@H](CCCNC(N)=[NH2+])C(=O)N[C@H](CCCNC(N)=[NH2+])C(=O)N[C@@H](C=O)CCCNC(N)=[NH2+],1,9.733474,0
CC[C@H](C)[C@H](NC(=O)[C@@H](NC(=O)[C@H](CO)NC(=O)[C@H](C)NC(=O)[C@@H](NC(=O)[C@H](CCCC[NH3+])NC(=O)[C@H](CCCC[NH3+])NC(=O)[C@@H](NC(=O)[C@@H](NC(=O)[C@H](CCCC[NH3+])NC(=O)[C@H](Cc1ccccc1)NC(=O)[C@H](CC(C)C)NC(=O)CN)C(C)C)[C@@H](C)CC)C(C)C)C(C)C)C(=O)NCC(=O)NCC(=O)N[C@@H](CC(C)C)C(N)=O,0,-5.285609,0
CC(C)[C@H](NC(=O)[C@H](CCCNC(N)=[NH2+])NC(=O)[C@H](CS)NC(=O)[C@H](C)NC(=O)[C@@H]1CCCN1C(O)C(CC1CNCN1)NC(=O)[C@H](CO)NC(=O)[C@H](CS)NC(=O)[C@H](CS)NC(=O)CN)C(=O)NC(CC1CNCN1)C(O)N[C@@H](Cc1ccc(O)cc1)C(=O)N1CCC[C@H]1C(=O)NC(CC1CNCN1)C(O)N[C@H](C(=O)N[C@@H](CS)C(=O)N[C@@H](Cc1ccc(O)cc1)C(N)=O)C(C)C,0,-5.8730655,0
CSCC[C@H](NC(=O)[C@H](C)NC(C)=O)C(=O)N[C@H](C(=O)N[C@@H](CO)C(=O)N[C@H](C=O)CO)C(C)C,0,0.4833522,0
CSCC[C@H](NC(=O)CNC(=O)[C@H](Cc1ccccc1)NC(=O)CN)C(=O)N[C@@H](C)C(=O)N[C@@H](CC(C)C)C(=O)NC(CCC[NH3+])C(O)N[C@@H](CC(C)C)C(=O)N[C@@H](CC(C)C)C(=O)NC(CCC[NH3+])C(O)NC(CCC[NH3+])C(O)N[C@H](C(=O)N[C@@H](CC(C)C)C(N)=O)C(C)C,0,-6.2499056,0
CC[C@H](C)[C@H](NC(=O)CNC(=O)[C@H](CCCC[NH3+])NC(=O)[C@@H](NC(=O)[C@H](CC(C)C)NC(=O)[C@H](CO)NC(=O)CNC(=O)[C@H](CC(C)C)NC(=O)CNC(=O)[C@H](C)NC(=O)[C@H](CCCC[NH3+])NC(=O)[C@H](Cc1ccccc1)NC(=O)[C@@H](NC(=O)[C@H](CC(=O)O)NC(=O)[C@H](CCCC[NH3+])NC(=O)[C@H](CC(C)C)NC(=O)CN)[C@@H](C)CC)C(C)C)C(=O)N[C@@H](C)C(=O)N[C@@H](C)C(=O)NC(CC1CNCN1)C(O)N[C@H](C(=O)N[C@@H](C)C(=O)N[C@@H](CC(N)=O)C(N)=O)C(C)C,0,-5.3629932,0
CC(C)[C@H](N)C(=O)NCC(=O)N[C@@H](CCC(=O)O)C(=O)N[C@@H](C)C(=O)N[C@@H](CS)C(=O)N[C@@H](CS)C(=O)N[C@@H](CCCC[NH3+])C(=O)N[C@@H](CC(N)=O)C(=O)NCC(=O)N[C@@H](CCCC[NH3+])C(=O)N[C@@H](CCCNC(N)=[NH2+])C(=O)NCC(=O)N[C@@H](CS)C(=O)NCC(=O)N[C@@H](CCCNC(N)=[NH2+])C(=O)N[C@@H](Cc1c[nH]c2ccccc12)C(=O)N[C@@H](CS)C(=O)N[C@@H](CCCNC(N)=[NH2+])C(=O)N[C@@H](CC(=O)O)C(=O)NC(CC1CNCN1)C(O)N[C@@H](CO)C(=O)N[C@@H](CCCNC(N)=[NH2+])C(=O)N[C@@H](CS)C(=O)N[C@@H](CS)C(N)=O,0,-6.2348948,0
CC[C@H](C)[C@H](NC(=O)[C@H](Cc1ccccc1)NC(=O)[C@H](CO)NC(=O)[C@H](CCCC[NH3+])NC(=O)[C@H](Cc1c[nH]c2ccccc12)NC(=O)[C@@H](N)CCCC[NH3+])C(=O)N[C@@H](CCCC[NH3+])C(=O)N[C@@H](CCCC[NH3+])C(=O)N[C@@H](CC(C)C)C(=O)N[C@H](C(=O)N[C@@H](CO)C(=O)N[C@@H](CCCC[NH3+])C(=O)N[C@@H](Cc1ccccc1)C(=O)N[C@@H](CC(C)C)C(=O)NC(CC1CNCN1)C(O)N[C@@H](CO)C(=O)N[C@@H](C)C(=O)N[C@@H](CC(=O)O)C(=O)N[C@@H](CCCC[NH3+])C(=O)N[C@@H](Cc1ccccc1)C(N)=O)[C@@H](C)O,0,-4.2094727,0
CC[C@H](C)[C@H](NC(=O)[C@H](CC(C)C)NC(=O)[C@H](CCCC[NH3+])NC(=O)CNC(=O)[C@H](CC(C)C)NC(=O)[C@@H](NC(=O)[C@H](CCCC[NH3+])NC(=O)[C@H](CCCC[NH3+])NC(=O)[C@H](Cc1c[nH]c2ccccc12)NC(=O)[C@H](CCCC[NH3+])NC(=O)CN)[C@@H](C)CC)C(=O)N[C@@H](CCCNC(N)=[NH2+])C(N)=O,0,-5.3952055,0
CC[C@H](C)[C@H](NC(=O)[C@H](CO)NC(=O)[C@H](C)NC(=O)[C@@H](NC(=O)[C@H](CCCC[NH3+])NC(=O)[C@H](CCCC[NH3+])NC(=O)[C@H](Cc1c[nH]c2ccccc12)NC(=O)[C@@H](NC(=O)[C@@H](N)CC(N)=O)[C@@H](C)CC)[C@@H](C)CC)C(=O)N[C@@H](C)C(=O)N[C@@H](CCCC[NH3+])C(=O)N[C@@H](CCC(=O)O)C(=O)N[C@H](C(=O)N[C@@H](CC(C)C)C(=O)N[C@@H](CCCC[NH3+])C(=O)N[C@@H](C)C(=O)N[C@@H](CC(C)C)C(N)=O)C(C)C,0,-3.292705,0
CC[C@H](C)[C@H](NC(=O)[C@H](CCCC[NH3+])NC(=O)CNC(=O)[C@H](CC(C)C)NC(=O)[C@H](CO)NC(=O)[C@H](CCCC[NH3+])NC(=O)[C@H](CCCC[NH3+])NC(=O)[C@H](Cc1c[nH]c2ccccc12)NC(=O)[C@H](CO)NC(=O)[C@@H](N)C(C)C)C(=O)N[C@H](C(=O)N[C@@H](CCCC[NH3+])C(=O)N[C@H](C(=O)N[C@H](C(=O)N[C@@H](CCCC[NH3+])C(N)=O)C(C)C)C(C)C)[C@@H](C)CC,0,-5.740366,0
CSCC[C@H](N)C(=O)N[C@@H](CS)C(=O)N1CCC[C@H]1C(=O)N1CCC[C@H]1C(=O)N[C@@H](CC(C)C)C(=O)N[C@@H](CS)C(=O)N[C@@H](C)C(=O)N1CCC[C@H]1C(=O)N[C@@H](CO)C(=O)N[C@@H](CS)C(=O)N[C@H](C(=O)N[C@@H](CC(N)=O)C(=O)N[C@@H](CS)C(N)=O)[C@@H](C)O,0,-4.9261374,0
CC[C@H](C)[C@H](N)C(=O)N[C@@H](CC(C)C)C(=O)N1CCC[C@H]1C(=O)N[C@@H](Cc1c[nH]c2ccccc12)C(=O)N[C@@H](CCCC[NH3+])C(=O)N[C@@H](C)C(=O)N1CCC[C@H]1C(=O)N[C@@H](C)C(=O)N[C@@H](C)C(=O)N1CCC[C@H]1C(=O)N[C@@H](C)C(=O)N[C@@H](CCCNC(N)=[NH2+])C(=O)N[C@@H](CCCNC(N)=[NH2+])C(N)=O,0,-2.1991127,0
CC[C@H](C)[C@H](NC(=O)[C@H](CO)NC(=O)[C@@H](NC(=O)[C@H](CS)NC(=O)[C@H](CCCC[NH3+])NC(=O)CNC(=O)[C@H](CCCNC(N)=[NH2+])NC(=O)[C@H](CO)NC(=O)[C@H](CS)NC(=O)[C@H](CCSC)NC(=O)[C@H](CC(C)C)NC(=O)CNC(=O)[C@H](CCSC)NC(=O)[C@H](CS)NC(=O)[C@H](CS)NC(=O)[C@@H](NC(O)C1CC(O)CN1C(O)C1CC(O)CN1C(=O)[C@H](CS)NC(=O)[C@H](CCCNC(N)=[NH2+])NC(=O)[C@H](CO)NC(=O)[C@H](CC(=O)O)NC(=O)[C@H](CCCNC(N)=[NH2+])NC(=O)CNC(=O)[C@H](CO)NC(=O)[C@H](CS)NC(=O)[C@@H](N)CO)C(C)C)C(C)C)C(=O)N[C@@H](Cc1ccc(O)cc1)C(=O)NCC(=O)N[C@H](C=O)CCC(=O)O,0,-2.292912,0
CC[C@H](C)[C@H](NC(=O)CN)C(=O)NCC(=O)N[C@@H](CO)C(=O)N[C@@H](C)C(=O)N[C@H](C(=O)N[C@@H](CC(C)C)C(=O)N[C@@H](CO)C(=O)N[C@@H](C)C(=O)NCC(=O)N[C@@H](CCCC[NH3+])C(=O)N[C@@H](CO)C(=O)N[C@@H](C)C(=O)N[C@@H](CC(C)C)C(=O)N[C@@H](CCCC[NH3+])C(=O)NCC(=O)N[C@@H](CC(C)C)C(=O)N[C@@H](C)C(=O)N[C@@H](CCCC[NH3+])C(=O)NCC(=O)N[C@@H](CC(C)C)C(=O)N[C@@H](C)C(=O)N[C@@H](CCC(=O)O)C(=O)NC(CC1CNCN1)C(O)N[C@@H](Cc1ccccc1)C(=O)N[C@@H](C)C(=O)N[C@@H](CC(N)=O)C(N)=O)[C@@H](C)CC,0,-4.4766583,0
CC[C@H](C)[C@H](N)C(=O)N[C@@H](CC(C)C)C(=O)NCC(=O)N[C@@H](CCCC[NH3+])C(=O)N[C@@H](CC(C)C)C(=O)N[C@@H](CC(C)C)C(=O)N[C@@H](CCCC[NH3+])C(=O)N[C@H](C(=O)N[C@@H](C)C(=O)N[C@@H](C)C(=O)N[C@@H](CCCC[NH3+])C(=O)N[C@@H](CC(C)C)C(=O)N[C@@H](CC(C)C)C(=O)N[C@@H](CO)C(=O)N[C@@H](CC(N)=O)C(=O)N[C@@H](CC(C)C)C(N)=O)[C@@H](C)O,0,-4.3796554,0
C[C@H](NC(=O)[C@@H]1CCCN1C(O)C(CC1CNCN1)NC(=O)[C@H](CS)NC(=O)[C@H](CS)NC(=O)[C@@H](N)CCC(=O)O)C(=O)N[C@@H](CS)C(=O)NCC(=O)N[C@@H](CCCC[NH3+])C(=O)NC(CC1CNCN1)C(O)N[C@@H](Cc1ccccc1)C(=O)N[C@@H](CO)C(=O)N[C@@H](CS)C(N)=O,0,-6.4066925,0
C[C@H](NC(=O)[C@H](C)NC(=O)[C@H](CCCC[NH3+])NC(=O)[C@H](C)NC(=O)[C@H](Cc1ccccc1)NC(=O)[C@H](Cc1c[nH]c2ccccc12)NC(=O)[C@H](CCCC[NH3+])NC(=O)[C@H](Cc1ccccc1)NC(=O)[C@H](CCCC[NH3+])NC(=O)[C@H](CCCC[NH3+])NC(=O)[C@H](C)NC(=O)[C@H](Cc1ccccc1)NC(=O)[C@@H](N)CCCC[NH3+])C(=O)N[C@@H](Cc1ccccc1)C(=O)N[C@@H](CCCC[NH3+])C(=O)N[C@@H](Cc1ccccc1)C(=O)N[C@@H](Cc1ccccc1)C(=O)N[C@@H](CCCC[NH3+])C(=O)N[C@@H](CCCC[NH3+])C(N)=O,0,-3.0253022,0
CC(C)C[C@H](NC(=O)[C@H](CCCC[NH3+])NC(=O)[C@@H](N)CCCC[NH3+])C(=O)N[C@@H](Cc1ccccc1)C(=O)N[C@@H](CCCC[NH3+])C(=O)N[C@@H](CCCC[NH3+])C(=O)N[C@H](CC(C)C)C(=O)N[C@H](CC(C)C)C(=O)N[C@H](CCCC[NH3+])C(=O)N[C@H](Cc1ccc(O)cc1)C(=O)N[C@H](CC(C)C)C(N)=O,0,-3.4376073,0
CC[C@H](C)[C@H](NC(=O)[C@H](Cc1ccccc1)NC(=O)[C@H](CCCC[NH3+])NC(=O)[C@H](C)NC(=O)[C@@H](NC(=O)[C@H](CO)NC(=O)[C@H](CCCC[NH3+])NC(=O)[C@H](CCSC)NC(=O)[C@H](C)NC(=O)[C@H](CCCC[NH3+])NC(=O)[C@H](Cc1ccccc1)NC(=O)[C@H](Cc1c[nH]c2ccccc12)NC(=O)CNC(=O)[C@H](CCCC[NH3+])NC(=O)[C@@H](N)CCCNC(N)=[NH2+])[C@@H](C)CC)C(=O)N[C@@H](C)C(=O)N[C@@H](CCCC[NH3+])C(=O)N[C@@H](CCC(=O)O)C(=O)N[C@@H](CCCC[NH3+])C(=O)N[C@@H](CC(C)C)C(=O)N[C@@H](CCCC[NH3+])C(=O)N[C@@H](CCC(=O)O)C(=O)NC(CC1CNCN1)C(O)N[C@@H](CC(C)C)C(N)=O,0,-0.009178698,0
C[C@H](NC(=O)[C@H](C)NC(=O)[C@H](Cc1ccccc1)NC(=O)[C@H](C)NC(=O)[C@H](C)NC(=O)[C@H](Cc1c[nH]c2ccccc12)NC(=O)[C@H](C)NC(=O)[C@H](C)NC(=O)[C@H](Cc1ccccc1)NC(=O)[C@H](C)NC(=O)[C@H](C)NC(=O)[C@H](CCCC[NH3+])NC(=O)[C@H](CCCC[NH3+])NC(=O)[C@H](CCCC[NH3+])NC(=O)[C@H](CCCC[NH3+])NC(=O)[C@H](CCCC[NH3+])NC(=O)[C@@H](N)CCCC[NH3+])C(N)=O,0,-2.8580873,0
CC(C)C[C@@H](NC(=O)[C@@H](C)NC(=O)[C@H]1CCCN1C(=O)[C@@H](CC(C)C)NC(=O)[C@@H](Cc1c[nH]c2ccccc12)NC(O)C(CC1CNCN1)NC(=O)[C@@H](CCCC[NH3+])NC(=O)[C@@H](CC(C)C)NC(=O)[C@@H](C)NC(=O)[C@@H](CCCC[NH3+])NC(=O)[C@@H](C)NC(=O)[C@@H](CC(C)C)NC(=O)[C@@H](C)NC(=O)[C@@H](CCCC[NH3+])NC(=O)[C@H](N)CCCC[NH3+])C(=O)NC(CC1CNCN1)C(O)N[C@H](CCCC[NH3+])C(=O)N[C@H](CC(C)C)C(=O)N[C@H](C)C(=O)N[C@H](CCCC[NH3+])C(=O)N[C@H](C)C(=O)N[C@H](CC(C)C)C(=O)N[C@H](C)C(=O)N[C@H](CCCC[NH3+])C(=O)N[C@H](CCCC[NH3+])C(N)=O,0,1.2933493,0
CC[C@H](C)[C@H](NC(=O)CN)C(=O)NCC(=O)N[C@@H](C)C(=O)N[C@H](C(=O)N[C@@H](CC(C)C)C(=O)N[C@@H](CCCC[NH3+])C(=O)N[C@H](C(=O)N[C@@H](CC(C)C)C(=O)N[C@@H](C)C(=O)N[C@@H](CC(C)C)C(=O)N[C@H](C(=O)N[C@@H](CO)C(=O)N[C@@H](Cc1c[nH]c2ccccc12)C(=O)N[C@H](C(=O)N[C@@H](CCCC[NH3+])C(=O)N[C@@H](CCCNC(N)=[NH2+])C(=O)N[C@@H](CCCC[NH3+])C(=O)N[C@@H](CCCNC(N)=[NH2+])C(N)=O)[C@@H](C)CC)[C@@H](C)CC)C(C)C)C(C)C,0,-4.3698754,0
CC[C@H](C)[C@H](NC(=O)[C@H](CCCC[NH3+])NC(=O)[C@H](CCCC[NH3+])NC(=O)[C@H](C)NC(=O)[C@@H](NC(=O)CNC(=O)[C@H](CCCNC(N)=[NH2+])NC(=O)[C@H](CC(C)C)NC(=O)[C@@H](NC(=O)[C@@H](N)CCCC[NH3+])[C@@H](C)CC)C(C)C)C(=O)N[C@@H](CCSC)C(=O)N[C@@H](CCCNC(N)=[NH2+])C(=O)N[C@H](C(=O)N[C@@H](Cc1ccccc1)C(=O)N[C@@H](CC(C)C)C(=O)N[C@@H](CCCNC(N)=[NH2+])C(=O)N[C@@H](CCCNC(N)=[NH2+])C(=O)N[C@H](C(=O)N[C@@H](CO)C(=O)N[C@@H](CCCC[NH3+])C(=O)N[C@@H](CC(=O)O)C(=O)N[C@H](C(=O)N[C@@H](CC(C)C)C(=O)N[C@H](C(=O)NCC(=O)N[C@@H](CCCC[NH3+])C(=O)N[C@@H](CCCC[NH3+])C(N)=O)[C@@H](C)O)[C@@H](C)CC)[C@@H](C)CC)[C@@H](C)O,0,-2.1989896,0
CC[C@H](C)[C@H](NC(=O)[C@H](C)NC(O)C(CC1CNCN1)NC(=O)[C@@H]1CCCN1C(=O)[C@@H](NC(=O)[C@H](CC(C)C)NC(=O)[C@H](CO)NC(=O)[C@H](CC(C)C)NC(=O)[C@@H](N)Cc1ccccc1)[C@@H](C)CC)C(=O)N[C@@H](CC(N)=O)C(=O)N[C@@H](C)C(=O)N[C@H](C(=O)N[C@@H](CO)C(=O)N[C@H](C(=O)N[C@@H](CC(C)C)C(=O)N[C@H](C(=O)NC(CC1CNCN1)C(O)NC(CC1CNCN1)C(O)N[C@@H](CO)C(N)=O)C(C)C)[C@@H](C)O)C(C)C,0,-4.462975,0
CC(C)C[C@H](NC(=O)[C@H](CCCC[NH3+])NC(=O)[C@H](Cc1ccc(O)cc1)NC(=O)CNC(=O)[C@H](CS)NC(=O)[C@H](CS)NC(=O)[C@@H](NC(=O)CNC(=O)[C@@H](N)CC(N)=O)C(C)C)C(=O)N[C@@H](CS)C(=O)NC(CC1CNCN1)C(O)N1CC(O)CC1C(O)N[C@H](C=O)CS,0,-3.436446,0
CC[C@H](C)[C@H](N)C(=O)N[C@@H](Cc1c[nH]c2ccccc12)C(=O)N[C@@H](CC(C)C)C(=O)N[C@H](C(=O)N[C@@H](C)C(=O)N[C@@H](CC(C)C)C(=O)N[C@@H](CCCC[NH3+])C(=O)N[C@@H](Cc1ccccc1)C(=O)N[C@@H](CC(C)C)C(=O)NCC(=O)N[C@@H](CCCC[NH3+])C(=O)NC(CC1CNCN1)C(O)N[C@@H](C)C(=O)N[C@@H](C)C(=O)N[C@@H](CCCC[NH3+])C(=O)NC(CC1CNCN1)C(O)N[C@@H](CC(C)C)C(=O)N[C@@H](C)C(=O)N[C@@H](CCCC[NH3+])C(=O)N[C@@H](CCC(N)=O)C(=O)N[C@@H](CCC(N)=O)C(=O)N[C@@H](CC(C)C)C(=O)N[C@@H](CO)C(=O)N[C@@H](CCCC[NH3+])C(=O)N[C@@H](CC(C)C)C(N)=O)[C@@H](C)O,0,-1.0306332,0
CCCC(CO)NC(=O)[C@@H]1CCCN1C(=O)[C@@H](NC(=O)[C@@H](NC(=O)[C@H](CC(=O)O)NC(C)=O)[C@@H](C)CC)C(C)C,0,-3.359374,0
CC(C)C[C@H](NC(=O)[C@H](CC(C)C)NC(=O)[C@H](CCCC[NH3+])NC(=O)[C@H](CCCC[NH3+])NC(=O)[C@H](CC(C)C)NC(=O)[C@H](CC(C)C)NC(=O)[C@H](CCCC[NH3+])NC(=O)[C@H](CC(C)C)NC(=O)[C@@H]1CCCN1C(=O)[C@H](CCCC[NH3+])NC(=O)[C@H](CCCC[NH3+])NC(=O)[C@H](CC(C)C)NC(=O)[C@H](CC(C)C)NC(=O)[C@H](CCCC[NH3+])NC(=O)[C@H](CCCC[NH3+])NC(=O)[C@H](Cc1c[nH]c2ccccc12)NC(=O)[C@@H](N)CCCC[NH3+])C(N)=O,0,-4.483428,0
N=C(N)NCCC[C@H](NC(=O)[C@@H]1CCCN1C(=O)[C@@H]1CSSC[C@H](N)C(=O)N[C@@H](Cc2ccc(O)cc2)C(=O)N[C@@H](Cc2ccccc2)C(=O)N[C@@H](CCC(N)=O)C(=O)N[C@@H](CC(N)=O)C(=O)N1)C(=O)NCC(N)=O,0,-4.16807,0
CC[C@H](C)[C@@H](NC(=O)[C@@H](C)NC(=O)[C@@H](CCCC[NH3+])NC(=O)[C@@H](CC(C)C)NC(=O)[C@@H](CC(C)C)NC(=O)[C@H](NC(O)C(CC1CNCN1)NC(=O)[C@@H](CC(C)C)NC(=O)[C@H](NC(=O)[C@H](NC(=O)[C@@H](CCCC[NH3+])NC(=O)[C@@H](CCCC[NH3+])NC(=O)[C@@H](CC(C)C)NC(=O)[C@@H](CO)NC(=O)[C@@H](CCCC[NH3+])NC(=O)[C@@H](Cc1ccccc1)NC(=O)[C@H](NC(=O)[C@@H](CCCC[NH3+])NC(=O)[C@@H](CC(C)C)NC(=O)[C@@H](Cc1ccccc1)NC(=O)[C@@H](CO)NC(=O)[C@@H](CCCC[NH3+])NC(=O)[C@@H](Cc1c[nH]c2ccccc12)NC(=O)[C@@H](CCCC[NH3+])NC(C)=O)[C@@H](C)O)[C@@H](C)O)C(C)C)[C@@H](C)O)C(=O)N[C@H](CO)C(=O)N[C@@H](CO)C(N)=O,0,-4.213129,0
C[C@@H]1NC(=O)[C@@H]2CSSC[C@H](NC(=O)C[NH3+])C(=O)N[C@@H](CSSC[C@@H](C(N)=O)NC(=O)[C@H](CCCNC(N)=[NH2+])NC(=O)[C@H](Cc3c[nH]c4ccccc34)NC1=O)C(=O)N[C@@H](CO)C(=O)N[C@@H](CC(=O)O)C(=O)N1CCC[C@H]1C(=O)N[C@@H](CCCNC(N)=[NH2+])C(=O)N2,0,-4.5990596,0
CC(C)C[C@@H]1NC(=O)[C@@H](Cc2c[nH]c3ccccc23)NC(=O)[C@H](CCCC[NH3+])NC(O)C(CO)N(C)C(=O)[C@H](CC(N)=O)NC(=O)[C@@H](CCC(=O)O)NC(=O)[C@H](CO)NC(O)C(CC2CNC3CCCCC23)N(C)C1=O,0,-6.172982,0
CC[C@H](C)[C@H](NC(O)C(CC1CNCN1)NC(=O)[C@H](CCCC[NH3+])NC(=O)[C@H](CC(C)C)NC(=O)[C@H](CC(C)C)NC(=O)[C@H](CO)NC(=O)[C@H](CCSC)NC(=O)[C@H](Cc1c[nH]c2ccccc12)NC(=O)[C@H](CCCC[NH3+])NC(=O)CN)C(=O)N[C@@H](CC(C)C)C(=O)N[C@@H](CCCC[NH3+])C(N)=O,0,-5.9178414,0
CSCC[C@H](NC(=O)[C@H](CCC(=O)O)NC(=O)[C@H](CC(=O)O)NC(C)=O)C(=O)N[C@@H](CCC(=O)O)C(=O)NC(CC1CCC2CCCCC2C1)C(O)N[C@H](C=O)CS,0,-1.8601606,0
CC(C)C[C@H]1NC(=O)CNC(=O)[C@@H](CC(N)=O)NC(=O)[C@H](CCCNC(N)=[NH2+])NC(=O)[C@H]([C@@H](C)O)NC(=O)[C@H](CS)NC(=O)[C@H](C(C)C)NC(=O)[C@@H]2CCCN2C(=O)[C@H](Cc2c[nH]c3ccccc23)NC(=O)[C@H](CO)NC(=O)[C@H](CS)NC(=O)[C@H](CO)NC(=O)[C@H](CS)NC(=O)CNC(=O)[C@@H]2CCCN2C(=O)[C@H]([C@@H](C)O)NC(=O)[C@H](Cc2ccc(O)cc2)NC(=O)[C@H](CS)NC(=O)[C@H](CO)NC(=O)CNC(=O)[C@H](Cc2ccccc2)NC(=O)[C@H](C)NC(=O)[C@H](CS)NC(=O)[C@H]([C@@H](C)O)NC(=O)[C@H](CCC(=O)O)NC(=O)CNC(=O)[C@H](CS)NC(=O)[C@H](C(C)C)NC(=O)[C@@H]2CCCN2C1=O,0,-5.4019413,0
CC(C)[C@@H]1NC(=O)[C@H](CCCC[NH3+])NC(=O)[C@H](C)NC(=O)[C@@H]2CCCN2C(=O)[C@@H](Cc2ccc(O)cc2)NC(=O)[C@H](C(C)C)NC(=O)[C@@H](CCCC[NH3+])NC(=O)[C@H](C)NC(=O)[C@H](CCCC[NH3+])NC(=O)[C@H](C(C)C)NC(=O)[C@H]2CCCN2C(=O)[C@@H](Cc2ccc(O)cc2)NC(=O)[C@H](C)NC(=O)[C@H](CCCC[NH3+])NC1=O,0,-5.6163397,0
CC[C@H](C)[C@H](NC(=O)CNC(=O)[C@H](C)NC(=O)[C@H](CS)NC(=O)[C@H](C)NC(=O)[C@H](C)NC(=O)[C@H](CCCNC(N)=[NH2+])NC(=O)[C@H](CO)NC(=O)[C@H](CS)NC(=O)[C@H](CS)NC(=O)CN)C(=O)NC(CC1CNCN1)C(O)N[C@@H](CCC(N)=O)C(=O)N[C@@H](CCC(=O)O)C(=O)N[C@@H](CC(C)C)C(=O)N[C@@H](CS)C(N)=O,0,-5.9443254,0
CC(C)C[C@H](NC(=O)[C@H](CCCNC(N)=[NH2+])NC(=O)[C@H](CCCC[NH3+])NC(=O)[C@H](CCCC[NH3+])NC(=O)[C@H](CC(C)C)NC(=O)[C@H](CC(N)=O)NC(=O)[C@H](C)NC(=O)[C@H](Cc1ccccc1)NC(=O)[C@H](CCCNC(N)=[NH2+])NC(=O)[C@H](CCCNC(N)=[NH2+])NC(=O)[C@H](CCCC[NH3+])NC(=O)[C@H](Cc1ccccc1)NC(=O)[C@H](CO)NC(=O)[C@H](C)NC(=O)CNC(=O)[C@H](Cc1ccccc1)NC(=O)[C@H](CCCC[NH3+])NC(=O)[C@H](CCCC[NH3+])NC(=O)[C@H](Cc1ccccc1)NC(=O)[C@H](Cc1ccc(O)cc1)NC(=O)[C@H](CCC(=O)O)NC(=O)[C@H](CCCC[NH3+])NC(=O)[C@H](CCCNC(N)=[NH2+])NC(=O)[C@H](CCCC[NH3+])NC(=O)CNC(=O)[C@H](Cc1ccccc1)NC(=O)[C@H](Cc1ccccc1)NC(=O)CN)C(N)=O,0,0.4363103,0
CC[C@H](C)[C@H](NC(=O)[C@@H](N)CCCC[NH3+])C(=O)N[C@@H](CCCC[NH3+])C(=O)N[C@H](C(=O)N1CCC[C@H]1C(=O)N[C@@H](Cc1c[nH]c2ccccc12)C(=O)NCC(=O)N[C@@H](CCCC[NH3+])C(=O)N[C@H](C(=O)N[C@@H](CCCC[NH3+])C(=O)N[C@@H](CC(=O)O)C(=O)N[C@@H](Cc1ccccc1)C(=O)N[C@@H](CC(C)C)C(=O)N[C@H](C(=O)NCC(=O)NCC(=O)N[C@@H](CCSC)C(=O)N[C@@H](CCCC[NH3+])C(=O)N[C@@H](C)C(=O)N[C@H](C(N)=O)C(C)C)C(C)C)C(C)C)[C@@H](C)CC,0,-3.3027406,0
CC[C@H](C)[C@H](NC(=O)[C@H](Cc1ccccc1)NC(=O)[C@@H]1CCCN1C(=O)[C@H](C)NC(=O)[C@@H](NC(=O)[C@@H](N)CC(C)C)[C@@H](C)CC)C(=O)N[C@@H](CCCNC(N)=[NH2+])C(=O)N[C@@H](CC(=O)O)C(=O)N[C@@H](Cc1ccc(O)cc1)C(=O)N[C@@H](CS)C(=O)N[C@@H](CS)C(=O)N1CCC[C@H]1C(=O)N[C@@H](CCCNC(N)=[NH2+])C(=O)NCC(=O)N1CCC[C@H]1C(=O)N[C@@H](CS)C(=O)N[C@@H](CCSC)C(=O)N[C@H](C(=O)N[C@@H](Cc1c[nH]c2ccccc12)C(=O)N[C@@H](CS)C(N)=O)C(C)C,0,-3.9206588,0
C[C@H](NC(=O)[C@H](C)NC(=O)[C@H](C)NC(=O)[C@H](Cc1ccccc1)NC(=O)[C@H](C)NC(=O)[C@H](C)NC(=O)[C@H](Cc1c[nH]c2ccccc12)NC(=O)[C@H](C)NC(=O)[C@H](C)NC(=O)[C@H](Cc1ccccc1)NC(=O)[C@H](C)NC(=O)[C@H](C)NC(=O)[C@H](C)NC(=O)[C@H](C)NC(=O)[C@H](C)NC(=O)[C@H](Cc1ccccc1)NC(=O)[C@H](C)NC(=O)[C@H](C)NC(=O)[C@H](C)NC(=O)[C@H](CCCC[NH3+])NC(=O)[C@H](CCCC[NH3+])NC(=O)[C@H](CCCC[NH3+])NC(=O)[C@H](CCCC[NH3+])NC(=O)[C@H](CCCC[NH3+])NC(=O)[C@@H](N)CCCC[NH3+])C(N)=O,0,0.26385817,0
CC(C)C[C@H](NC(=O)[C@H](C)NC(=O)[C@H](CC(C)C)NC(=O)[C@H](C)NC(=O)[C@@H](N)Cc1c[nH]c2ccccc12)C(N)=O,0,-5.129592,0
CC[C@H](C)[C@H](NC(=O)[C@H](CC(C)C)NC(=O)[C@H](CO)NC(=O)[C@@H](NC(=O)[C@@H](NC(=O)[C@H](CC(C)C)NC(=O)CN)C(C)C)[C@@H](C)O)C(=O)N[C@@H](CCCC[NH3+])C(=O)NCC(=O)N[C@@H](C)C(=O)NCC(=O)N[C@@H](CCCC[NH3+])C(=O)N[C@@H](CC(C)C)C(=O)N[C@@H](CC(C)C)C(=O)NCC(=O)NCC(=O)N[C@@H](CC(C)C)C(=O)N[C@@H](Cc1ccccc1)C(=O)NCC(=O)N[C@@H](CO)C(=O)N[C@H](C(=O)N[C@H](C(=O)NCC(N)=O)[C@@H](C)O)C(C)C,0,-4.054021,0
CC[C@H](C)[C@H](NC(=O)[C@@H](NC(=O)[C@@H]1CCCN1C(=O)[C@H](CC(C)C)NC(=O)[C@@H](N)Cc1ccccc1)[C@@H](C)CC)C(=O)N[C@H](C(=O)N[C@@H](CC(N)=O)C(=O)N[C@@H](CC(C)C)C(=O)N[C@@H](CC(C)C)C(=O)NCC(=O)N[C@@H](CCCC[NH3+])C(=O)N[C@@H](CC(C)C)C(=O)N[C@@H](CC(C)C)C(N)=O)[C@@H](C)O,0,-4.333344,0
CC[C@H](C)[C@H](NC(=O)[C@@H]1CCCN1C(=O)[C@H](CC(C)C)NC(=O)[C@@H](N)Cc1ccccc1)C(=O)N[C@H](C(=O)NCC(=O)N[C@@H](CCCC[NH3+])C(=O)N[C@@H](CC(C)C)C(=O)N[C@@H](CC(C)C)C(=O)N[C@@H](CO)C(=O)NCC(=O)N[C@@H](CC(C)C)C(=O)N[C@@H](CC(C)C)C(N)=O)C(C)C,0,-5.121373,0
C[C@H](NC(O)C(CC1CNCN1)NC(=O)[C@H](Cc1ccc(O)cc1)NC(=O)[C@H](CCC(=O)O)NC(=O)[C@H](Cc1c[nH]c2ccccc12)NC(=O)[C@@H](N)CC(=O)O)C(=O)NC(CC1CNCN1)C(O)N1CCC[C@H]1C(=O)N[C@@H](CCCC[NH3+])C(=O)N1CC(O)CC1C(O)N[C@@H](CC(N)=O)C(=O)N[C@@H](CO)C(=O)N[C@H](Cc1ccccc1)C(=O)N[C@@H](Cc1c[nH]c2ccccc12)C(=O)N[C@H](C=O)[C@@H](C)O,0,0.95285827,0
CC[C@H](C)[C@H](NC(=O)[C@H](CC(=O)O)NC(=O)[C@H](CCSC)NC(=O)[C@@H](NC(=O)[C@@H](NC(=O)[C@H](CCC(=O)O)NC(=O)[C@H](Cc1ccc(O)cc1)NC(=O)[C@H](Cc1ccccc1)NC(=O)[C@H](CCCCN)NC(=O)[C@H](CCC(N)=O)NC(=O)[C@H](CCC(N)=O)NC(=O)[C@H](CC(C)C)NC(=O)[C@H](CC(=O)O)NC(=O)[C@H](CCCCN)NC(=O)[C@@H](NC(=O)[C@H](CCC(N)=O)NC(=O)[C@H](CC(N)=O)NC(=O)[C@H](Cc1ccc(O)cc1)NC(=O)[C@H](Cc1c[nH]c2ccccc12)NC(=O)[C@H](CCC(=O)O)NC(=O)CNC(=O)[C@H](CC(C)C)NC(=O)[C@@H](NC(=O)[C@@H](NC(=O)[C@H](CC(N)=O)NC(=O)CNC(=O)[C@H](Cc1c[nH]cn1)NC(=O)[C@H](CC(N)=O)NC(=O)[C@@H](N)Cc1c[nH]c2ccccc12)[C@@H](C)CC)[C@@H](C)O)[C@@H](C)O)[C@@H](C)CC)[C@@H](C)CC)C(=O)N[C@@H](CCC(=O)O)C(=O)N[C@@H](CCC(N)=O)C(=O)N[C@@H](CC(N)=O)C(=O)N[C@@H](CC(N)=O)C(=O)N[C@H](C(=O)N[C@@H](CCC(N)=O)C(=O)O)C(C)C,0,-1.7858663,0
CC[C@H](C)[C@@H]1NC(=O)[C@H](C)NC(=O)[C@H](CO)NC(=O)[C@H](CO)NC(=O)[C@H]([C@@H](C)CC)NC(=O)[C@H](CS)NC(=O)[C@@H]2CCCN2C(=O)[C@H]([C@@H](C)CC)NC(=O)[C@H](Cc2c[nH]c3ccccc23)NC(=O)[C@H](C(C)C)NC(=O)[C@H](CS)NC(=O)[C@H](CO)NC(=O)[C@H](CCC(=O)O)NC(=O)CNC(=O)[C@H](CS)NC(=O)[C@H]2CCCN2C(=O)[C@H]([C@@H](C)CC)NC(=O)CNC(=O)[C@H](CC(N)=O)NC(=O)[C@H](CCCNC(N)=[NH2+])NC(=O)[C@H](Cc2ccc(O)cc2)NC(=O)[C@H](CS)NC(=O)[C@H](C(C)C)NC(=O)[C@H](CCCC[NH3+])NC(=O)[C@H](CO)NC(=O)[C@H](CCCC[NH3+])NC(=O)[C@H](CS)NC(=O)[C@H](CO)NC(=O)[C@H](CS)NC(=O)CNC1=O,0,-5.152605,0
CSCC[C@@H](C=O)NC(=O)[C@H](CC(C)C)NC(=O)CNC(=O)[C@@H](NC(=O)[C@H](Cc1ccccc1)NC(=O)[C@H](CCC(N)=O)NC(=O)[C@H](CC(=O)O)NC(=O)[C@H](CO)NC(=O)[C@H](CCCCN)NC(=O)[C@@H]1CCCN1C(=O)[C@@H](NC(=O)[C@@H](N)CC(=O)O)C(C)C)C(C)C,0,0.5134874,0
CC[C@H](C)[C@H](NC(=O)[C@H](CCC(N)=O)NC(=O)[C@@H]1CCCN1C(=O)[C@H](CC(N)=O)NC(O)C(CC1CNCN1)NC(=O)[C@@H](NC(=O)[C@@H](NC(=O)[C@H](CS)NC(=O)[C@@H](NC(=O)[C@@H]1CCCN1C(=O)[C@H](CC(N)=O)NC(=O)[C@H](CO)NC(=O)[C@H](CS)NC(=O)[C@@H](N)CS)C(C)C)[C@@H](C)O)C(C)C)C(=O)N[C@@H](CS)C(N)=O,0,-5.0242796,0
CC(=O)N[C@@H](CC(=O)O)C(=O)N[C@@H](CCC(=O)O)C(=O)N[C@@H](Cc1ccccc1)C(=O)N[C@@H](CCC(=O)O)C(=O)NC(CC1CCCCC1)C(O)N[C@H](C=O)CS,0,-1.947393,0
CC(C)C[C@H](NC(=O)[C@H](CCCC[NH3+])NC(=O)[C@H](CC(C)C)NC(=O)[C@H](CCCC[NH3+])NC(=O)[C@H](CC(C)C)NC(=O)[C@H](C)NC(=O)[C@H](CCCC[NH3+])NC(=O)[C@H](C)NC(=O)[C@H](CC(C)C)NC(=O)[C@H](CC(C)C)NC(=O)[C@H](CCCC[NH3+])NC(=O)[C@H](C)NC(=O)[C@@H](N)Cc1ccccc1)C(N)=O,0,-4.850301,0
CC(C)C[C@H](NC(=O)[C@H](CC(N)=O)NC(=O)[C@H](CO)NC(O)C(CC1CNCN1)NC(=O)[C@H](CCC(=O)O)NC(=O)[C@H](CC(C)C)NC(O)C(CC1CNCN1)NC(=O)[C@H](CS)NC(=O)[C@@H](NC(=O)[C@@H]1CCCN1C(=O)[C@H](CC(N)=O)NC(=O)[C@H](CO)NC(=O)[C@H](CS)NC(=O)[C@H](CS)NC(=O)CNC(=O)[C@@H]1CCCN1C(=O)[C@H](CC(=O)O)NC(=O)[C@@H](N)CCCNC(N)=[NH2+])C(C)C)C(=O)N[C@@H](CS)C(N)=O,0,-5.435095,0
C[C@H](NC(=O)[C@H](CS)NC(=O)[C@H](CCCNC(N)=[NH2+])NC(=O)[C@@H]1CCCN1C(=O)[C@H](CC(=O)O)NC(=O)[C@H](CO)NC(=O)[C@H](CS)NC(=O)[C@H](CS)NC(=O)CN)C(=O)N[C@H](C(=O)N[C@@H](CCCNC(N)=[NH2+])C(=O)N[C@@H](CS)C(N)=O)[C@@H](C)O,0,-6.355676,0
CC(C)C[C@@H](NC(=O)[C@@H](C)NC(=O)[C@@H](CC(C)C)NC(=O)[C@@H](CCCC[NH3+])NC(=O)[C@@H](CCCC[NH3+])NC(=O)[C@@H](CC(C)C)NC(=O)[C@@H](C)NC(=O)[C@H]1CCCN1C(=O)[C@@H](CC(C)C)NC(=O)[C@@H](Cc1c[nH]c2ccccc12)NC(=O)[C@@H](CCCC[NH3+])NC(=O)[C@@H](CCCC[NH3+])NC(=O)[C@@H](CC(C)C)NC(=O)[C@@H](C)NC(=O)[C@@H](CC(C)C)NC(=O)[C@@H](CC(C)C)NC(=O)[C@@H](C)NC(=O)[C@@H](CC(C)C)NC(=O)[C@@H](CCCC[NH3+])NC(=O)[C@H](N)CCCC[NH3+])C(=O)N[C@H](CC(C)C)C(=O)N[C@H](C)C(=O)N[C@H](CC(C)C)C(=O)N[C@H](CCCC[NH3+])C(=O)N[C@H](CCCC[NH3+])C(N)=O,0,1.2726188,0
C[C@@H]1NC(=O)[C@@H]2CSSC[C@H](NC(=O)[C@@H](NC(=O)CN)CSSC[C@@H](C(=O)O)NC(=O)[C@H](CCCNC(N)=[NH2+])NC(=O)[C@H](Cc3c[nH]c4ccccc34)NC1=O)C(=O)N[C@@H](CO)C(=O)N[C@@H](CC(=O)O)C(=O)N[C@@H](CCCCN)C(=O)N[C@@H](CCCNC(N)=[NH2+])C(=O)N2,0,-4.5981607,0
CC[C@H](C)[C@H](NC(=O)[C@@H](NC(=O)[C@@H]1CCCN1C(=O)[C@@H](NC(=O)[C@@H](NC(O)C(CC1CNCN1)NC(=O)[C@@H]1CCCN1C(=O)[C@H](CC(C)C)NC(=O)[C@H](CC(C)C)NC(O)C(CC1CNCN1)NC(=O)[C@H](CCCC[NH3+])NC(=O)[C@H](C)NC(=O)[C@@H](NC(=O)[C@H](CO)NC(=O)CNC(=O)[C@H](CC(C)C)NC(=O)[C@@H](NC(=O)[C@H](CO)NC(=O)[C@H](Cc1ccccc1)NC(=O)[C@H](CC(C)C)NC(=O)CN)C(C)C)C(C)C)C(C)C)C(C)C)C(C)C)C(=O)N[C@@H](C)C(=O)N[C@@H](CCC(=O)O)C(=O)N[C@@H](CCCC[NH3+])C(=O)N[C@@H](CC(C)C)C(N)=O,0,-4.182189,0
CC[C@H](C)[C@H](NC(=O)CNC(=O)[C@H](CO)NC(=O)[C@H](CC(C)C)NC(=O)[C@H](C)NC(=O)[C@H](CCCNC(N)=[NH2+])NC(=O)CNC(=O)[C@@H](NC(=O)[C@H](CC(C)C)NC(=O)[C@@H]1CCCN1C(=O)[C@H](CC(C)C)NC(=O)[C@@H](N)Cc1ccccc1)[C@@H](C)CC)C(=O)N[C@@H](CC(C)C)C(N)=O,0,-3.7400563,0
CC(C)C[C@H](NC(=O)[C@H](CCCC[NH3+])NC(=O)[C@H](CCCC[NH3+])NC(=O)[C@H](CC(C)C)NC(=O)[C@H](C)NC(=O)[C@H](CCCC[NH3+])NC(=O)[C@H](CC(C)C)NC(=O)[C@H](C)NC(=O)[C@H](CC(C)C)NC(=O)[C@H](C)NC(=O)[C@@H](N)C(C)C)C(N)=O,0,-5.222496,0
C[C@H](NC(=O)[C@@H]1CCCN1C(=O)[C@H](CC(N)=O)NC(=O)[C@H](CCCNC(N)=[NH2+])NC(=O)[C@H](CS)NC(=O)[C@H](CS)NC(=O)CNC(=O)[C@@H](N)CC(N)=O)C(=O)N[C@@H](CS)C(=O)N[C@@H](CCC(=O)O)C(=O)N[C@@H](CO)C(=O)NC(CC1CNCN1)C(O)N[C@@H](CCCNC(N)=[NH2+])C(=O)N[C@@H](CS)C(N)=O,0,-5.897554,0
C[C@H](NC(=O)[C@H](CS)NC(=O)[C@H](CC(=O)O)NC(=O)[C@@H]1CCCN1C(=O)[C@H](CCCNC(N)=[NH2+])NC(=O)[C@H](CO)NC(=O)[C@H](CS)NC(=O)[C@H](CS)NC(=O)CN)C(=O)N[C@@H](Cc1c[nH]c2ccccc12)C(=O)N[C@@H](CCCNC(N)=[NH2+])C(=O)N[C@@H](CS)C(N)=O,0,-6.3255463,0
CC(C)C[C@H]1NC(=O)CNC(=O)[C@H](CC(N)=O)NC(=O)[C@@H](CCCNC(N)=[NH2+])NC(=O)[C@H]([C@@H](C)O)NC(=O)[C@H](CS)NC(=O)[C@H](CCCC[NH3+])NC(=O)[C@@H]2CCCN2C(=O)[C@H](Cc2c[nH]c3ccccc23)NC(=O)[C@H](CO)NC(=O)[C@H](CS)NC(=O)[C@H]([C@@H](C)O)NC(=O)[C@H](CS)NC(=O)CNC(=O)[C@@H]2CCCN2C(=O)[C@H]([C@@H](C)O)NC(=O)[C@H](CC(N)=O)NC(=O)[C@H](CS)NC(=O)[C@H]([C@@H](C)O)NC(=O)CNC(=O)CNC(=O)[C@H](C(C)C)NC(=O)[C@H](CS)NC(=O)[C@H]([C@@H](C)O)NC(=O)[C@H](CCC(=O)O)NC(=O)CNC(=O)[C@H](CS)NC(=O)[C@H](C(C)C)NC(=O)[C@@H]2CCCN2C1=O,0,-5.5979276,0
CC(C)C[C@H](NC(=O)[C@H](Cc1ccc(O)cc1)NC(=O)[C@@H]1CCCN1C(=O)[C@@H](N)Cc1c[nH]c2ccccc12)C(=O)N1CCC[C@H]1C(=O)N[C@@H](Cc1c[nH]c2ccccc12)C(=O)N[C@@H](CCCNC(N)=[NH2+])C(=O)N[C@@H](CCCNC(N)=[NH2+])C(N)=O,0,-3.8064156,0
CC[C@H](C)[C@H](NC(=O)[C@H](C)NC(=O)[C@H](CO)NC(=O)CNC(=O)[C@@H]1CCCN1C(=O)CN)C(=O)N[C@@H](CS)C(=O)N[C@@H](CC(N)=O)C(=O)N[C@@H](CCSC)C(=O)N[C@@H](C)C(=O)N[C@@H](CS)C(=O)N[C@@H](CCCNC(N)=[NH2+])C(=O)N[C@@H](CC(C)C)C(=O)N[C@@H](CCC(=O)O)C(=O)NC(CC1CNCN1)C(O)NCC(=O)NC(CC1CNCN1)C(O)N[C@@H](CC(C)C)C(=O)N[C@@H](Cc1ccc(O)cc1)C(=O)N1CCC[C@H]1C(=O)N[C@@H](Cc1ccccc1)C(=O)N[C@@H](CS)C(=O)N[C@@H](CC(N)=O)C(=O)N[C@@H](CS)C(=O)N[C@@H](CC(=O)O)C(N)=O,0,-5.649439,0
CC(C)C[C@H](NC(=O)[C@H](C)NC(=O)[C@H](CC(C)C)NC(=O)[C@H](C)NC(=O)[C@H](CCCC[NH3+])NC(=O)[C@H](CCCC[NH3+])NC(=O)[C@H](C)NC(=O)[C@H](CC(C)C)NC(=O)[C@H](CCCC[NH3+])NC(=O)[C@H](C)NC(=O)[C@H](CC(C)C)NC(=O)[C@H](CCCC[NH3+])NC(=O)[C@H](CCCC[NH3+])NC(=O)[C@H](C)NC(=O)[C@@H](N)Cc1ccccc1)C(N)=O,0,-4.029198,0
CC[C@H](C)[C@H](NC(=O)[C@@H](N)Cc1ccccc1)C(=O)N[C@H](C(=O)N[C@H](C(=O)NC(CC1CNCN1)C(N)O)C(C)C)[C@@H](C)O,0,-3.6328769,0
CC[C@H](C)[C@H](NC(=O)[C@H](CC(=O)O)NC(=O)[C@H](Cc1ccccc1)NC(=O)[C@H](CC(C)C)NC(=O)CN)C(=O)N[C@H](C(=O)N[C@@H](CCCC[NH3+])C(=O)N[C@@H](CCCC[NH3+])C(=O)N[C@H](C(=O)N[C@H](C(=O)NCC(=O)N[C@@H](C)C(=O)N[C@@H](CC(C)C)C(=O)NCC(=O)N[C@@H](CO)C(=O)N[C@@H](CC(C)C)C(N)=O)C(C)C)C(C)C)C(C)C,0,-5.92485,0
CC[C@H](C)[C@@H]1NC(=O)[C@H](CC(C)C)NC(=O)[C@H](C)NC(=O)[C@H]([C@@H](C)O)NC(=O)[C@H](C(C)C)NC(=O)[C@H]([C@@H](C)O)NC(=O)[C@H](CS)NC(=O)[C@@H]2CCCN2C(=O)[C@H]([C@@H](C)CC)NC(=O)[C@H](Cc2c[nH]c3ccccc23)NC(=O)[C@H](C(C)C)NC(=O)[C@H](CS)NC(=O)[C@H](CO)NC(=O)[C@H](CCC(=O)O)NC(=O)[C@H](C)NC(=O)[C@H](CS)NC(=O)[C@@H]2CCCN2C(=O)[C@@H]([C@@H](C)CC)NC(=O)CNC(=O)[C@H](CC(N)=O)NC(=O)[C@@H](Cc2ccc(O)cc2)NC(=O)[C@H](CS)NC(=O)[C@H](C(C)C)NC(=O)[C@H](CCCC[NH3+])NC(=O)[C@H](CC(N)=O)NC(=O)[C@H](CO)NC(=O)[C@H](CS)NC(=O)CNC(=O)[C@H](CS)NC(=O)CNC1=O,0,-5.398959,0
CC(C)C[C@H](NC(=O)[C@H](CCCC[NH3+])NC(=O)[C@H](CCCC[NH3+])NC(=O)[C@H](Cc1c[nH]c2ccccc12)NC(=O)[C@@H](N)CCCC[NH3+])C(=O)N[C@@H](CC(C)C)C(=O)N[C@@H](CCCC[NH3+])C(=O)N[C@@H](CCCC[NH3+])C(=O)N1CCC[C@H]1C(=O)N[C@@H](CC(C)C)C(=O)N[C@@H](CC(C)C)C(=O)N[C@@H](CCCC[NH3+])C(=O)N[C@@H](CCCC[NH3+])C(N)=O,0,-4.1539903,0
CC[C@H](C)[C@H](NC(=O)[C@H](CO)NC(=O)[C@H](CCCC[NH3+])NC(=O)[C@H](CC(C)C)NC(=O)[C@H](CCCC[NH3+])NC(=O)[C@@H](N)CC(C)C)C(=O)N[C@H](C(=O)N[C@@H](CO)C(=O)N[C@@H](Cc1c[nH]c2ccccc12)C(=O)N[C@@H](C)C(=O)N[C@@H](CCCC[NH3+])C(=O)N[C@@H](CC(C)C)C(=O)N[C@H](C(=O)N[C@@H](CC(C)C)C(N)=O)C(C)C)C(C)C,0,-5.2543983,0
CC[C@H](C)[C@@H]1NC(=O)[C@H](CS)NC(=O)[C@@H]2CCCN2C(=O)[C@H]([C@@H](C)CC)NC(=O)[C@H](Cc2c[nH]c3ccccc23)NC(=O)[C@H](C(C)C)NC(=O)[C@H](CS)NC(=O)[C@H](CO)NC(=O)[C@H](CCC(=O)O)NC(=O)[C@@H](CS)NC(=O)[C@H]2CCCN2C(=O)[C@H](CC(C)C)NC(=O)[C@@H]([C@@H](C)O)NC(=O)CNC(=O)[C@H](CC(N)=O)NC(=O)[C@H](CCCC[NH3+])NC(=O)[C@H](Cc2ccc(O)cc2)NC(=O)[C@H](CS)NC(=O)[C@H](C(C)C)NC(=O)[C@H](CCCC[NH3+])NC(=O)[C@H](CO)NC(=O)[C@H](CCCC[NH3+])NC(=O)[C@H](CS)NC(=O)[C@H](CO)NC(=O)[C@H](CS)NC(=O)CNC(=O)[C@H](C(C)C)NC(=O)[C@H](C(C)C)NC(=O)[C@H](CO)NC(=O)[C@H](CO)NC1=O,0,-5.3834324,0
CC(=O)N[C@@H](CCCNC(N)=[NH2+])C(=O)N[C@@H](CCCNC(N)=[NH2+])C(=O)N[C@@H](Cc1c[nH]c2ccccc12)C(=O)N[C@@H](Cc1c[nH]c2ccccc12)C(=O)N[C@@H](CS)C(=O)N[C@@H](CCCNC(N)=[NH2+])C(=O)N[C@H](C(N)=O)C(C)C,0,-2.2701757,0
CCCC(CO)NC(=O)[C@@H]1CCCN1C(=O)[C@@H](NC(=O)[C@@H](NC(=O)[C@H](CC(=O)O)NC(=O)[C@@H](CC(=O)O)NC(C)=O)[C@@H](C)CC)C(C)C,0,-3.8965955,0
CC[C@H](C)[C@H](NC(O)C(C)(C)NC(=O)[C@H](CCCC[NH3+])NC(=O)CNC(=O)[C@H](CC(C)C)NC(O)C(C)(C)NC(=O)[C@H](CCCC[NH3+])NC(=O)[C@H](CCCC[NH3+])NC(=O)[C@H](Cc1c[nH]c2ccccc12)NC(=O)[C@H](CC(N)=O)NC(=O)[C@@H](N)C(C)C)C(=O)N[C@@H](CCCC[NH3+])C(=O)NC(C)(C)C(O)N[C@H](C(=O)N[C@@H](CCCC[NH3+])C(N)=O)C(C)C,0,-6.7391825,0
CC[C@H](C)[C@H](NC(=O)[C@H](CC(C)C)NC(=O)[C@H](CCC(=O)O)NC(=O)[C@@H](CC(=O)O)NC(C)=O)C(=O)NC(CC1CCCCC1)C(O)N[C@@H](CS)C(=O)N1CCC[C@H]1C(=O)NC(CC1CCCCC1)C(O)N[C@@H](CC(=O)O)C(=O)N[C@@H](CC(C)C)C(=O)N1CCC[C@@H]1C(=O)N[C@@H](Cc1ccc(O)cc1)C(=O)N[C@@H](CCCC[NH3+])C(N)=O,0,-4.379753,0
CC(C)C[C@H](NC(=O)[C@H](CCCNC(N)=[NH2+])NC(=O)[C@H](CCCNC(N)=[NH2+])NC(=O)[C@H](Cc1ccc(O)cc1)NC(=O)[C@H](CC(C)C)NC(=O)[C@H](CCCNC(N)=[NH2+])NC(=O)[C@H](CCCNC(N)=[NH2+])NC(=O)[C@H](Cc1ccc(O)cc1)NC(=O)[C@H](CC(C)C)NC(=O)[C@H](CCCNC(N)=[NH2+])NC(=O)[C@H](CCCNC(N)=[NH2+])NC(=O)[C@H](Cc1ccc(O)cc1)NC(=O)[C@H](CC(C)C)NC(=O)[C@@H](N)CCCNC(N)=[NH2+])C(=O)N[C@@H](Cc1ccc(O)cc1)C(=O)N[C@@H](CCCNC(N)=[NH2+])C(=O)N[C@@H](CCCC[NH3+])C(=O)N[C@@H](CCCC[NH3+])C(=O)N[C@@H](CCCC[NH3+])C(N)=O,0,5.7279162,0
CC[C@H](C)[C@H](NC(=O)[C@H](CCCC[NH3+])NC(=O)[C@H](CCCNC(N)=[NH2+])NC(=O)[C@H](CCCC[NH3+])NC(=O)[C@H](CC(C)C)NC(=O)[C@H](CCCNC(N)=[NH2+])NC(=O)[C@H](CCCNC(N)=[NH2+])NC(=O)[C@H](CC(C)C)NC(=O)[C@H](CCCC[NH3+])NC(=O)[C@@H](N)CCCNC(N)=[NH2+])C(=O)N[C@@H](C)C(=O)NC(CC1CNCN1)C(O)N[C@@H](CCCC[NH3+])C(=O)N[C@H](C(=O)N[C@@H](CCCC[NH3+])C(=O)N[C@@H](CCCC[NH3+])C(=O)N[C@@H](Cc1ccc(O)cc1)C(N)=O)C(C)C,0,-0.6274182,0
CC[C@H](C)[C@H](NC(=O)[C@@H](NC(=O)[C@H](CO)NC(=O)[C@H](C)NC(=O)[C@@H](NC(=O)[C@H](CCCC[NH3+])NC(=O)[C@H](CCCC[NH3+])NC(=O)[C@@H](NC(=O)[C@@H](NC(=O)[C@H](CC(=O)O)NC(=O)[C@H](Cc1ccccc1)NC(=O)[C@H](CC(C)C)NC(=O)CN)C(C)C)[C@@H](C)CC)C(C)C)C(C)C)C(=O)N[C@@H](CCCC[NH3+])C(=O)N[C@@H](CCCC[NH3+])C(=O)N[C@@H](CC(C)C)C(N)=O,0,-4.9482913,0
CC(C)C[C@H](NC(=O)[C@H](CCCNC(N)=[NH2+])NC(=O)[C@@H](N)CCCNC(N)=[NH2+])C(=O)N[C@@H](CO)C(=O)N[C@@H](Cc1ccc(O)cc1)C(=O)N[C@@H](CO)C(=O)N[C@@H](CCCNC(N)=[NH2+])C(=O)N[C@@H](CCCNC(N)=[NH2+])C(=O)N[C@@H](CCCNC(N)=[NH2+])C(=O)N[C@@H](Cc1ccccc1)C(N)=O,0,0.42831302,0
C[C@H](NC(=O)[C@H](CCC(=O)O)NC(=O)[C@@H]1CCCN1C(O)C(CC1CNCN1)NC(=O)[C@H](CC(=O)O)NC(=O)[C@H](Cc1ccc(O)cc1)NC(=O)[C@H](CC(N)=O)NC(=O)[C@H](CS)NC(=O)[C@H](CCCNC(N)=[NH2+])NC(=O)[C@@H]1CCCN1C(=O)[C@H](CC(=O)O)NC(=O)[C@H](CO)NC(=O)[C@H](CS)NC(=O)[C@H](CS)NC(=O)CN)C(=O)N[C@@H](CS)C(N)=O,0,-5.767489,0
CSCC[C@H](NC(=O)[C@@H](NC(=O)[C@H](CCCC[NH3+])NC(=O)[C@H](CCCNC(N)=[NH2+])NC(=O)[C@H](CS)NC(=O)[C@H](CO)NC(=O)[C@H](C)NC(=O)CNC(=O)[C@H](CCCC[NH3+])NC(=O)CNC(=O)[C@H](CCCC[NH3+])NC(=O)[C@@H](N)CS)[C@@H](C)O)C(=O)N[C@@H](Cc1ccc(O)cc1)C(=O)N[C@@H](CC(=O)O)C(=O)N[C@@H](CS)C(=O)N[C@@H](CS)C(=O)N[C@@H](CCCNC(N)=[NH2+])C(=O)NCC(=O)N[C@@H](CO)C(=O)N[C@@H](CS)C(=O)N[C@@H](CCCNC(N)=[NH2+])C(=O)N[C@@H](CO)C(=O)NCC(=O)N[C@@H](CCCNC(N)=[NH2+])C(=O)N[C@@H](CS)C(N)=O,0,-5.8182807,0
CC[C@H](C)[C@H](NC(O)C(CC1CNCN1)NC(=O)[C@H](CCCC[NH3+])NC(=O)[C@H](CC(C)C)NC(=O)[C@H](CC(C)C)NC(=O)[C@H](CO)NC(=O)[C@H](CCCC[NH3+])NC(=O)[C@H](Cc1c[nH]c2ccccc12)NC(=O)[C@H](CCCC[NH3+])NC(=O)CN)C(=O)N[C@@H](CC(C)C)C(=O)N[C@@H](CCCC[NH3+])C(N)=O,0,-6.070981,0
CC[C@H](C)[C@H](N)C(=O)N[C@@H](CC(C)C)C(=O)N1CCC[C@H]1C(=O)N[C@H](C(=O)N[C@@H](CC(C)C)C(=O)NCC(=O)N[C@@H](CC(N)=O)C(=O)N[C@@H](CC(C)C)C(=O)N[C@@H](CC(C)C)C(=O)N[C@@H](CC(N)=O)C(=O)N[C@@H](CO)C(=O)N[C@@H](CC(C)C)C(=O)N[C@@H](CC(C)C)C(N)=O)[C@@H](C)CC,0,-4.8759246,0
CC[C@H](C)[C@@H]1NC(=O)[C@H](CC(C)C)NC(=O)[C@H](Cc2ccccc2)NC(=O)[C@H](Cc2ccccc2)NC(=O)[C@H](C)NC(=O)[C@@H]2CCCN2C(=O)[C@H](C(C)C)NC(=O)[C@H](CC(C)C)NC(=O)[C@H]([C@@H](C)CC)NC1=O,0,-5.3050346,0
CC[C@H](C)[C@H](NC(=O)[C@H](CCCC[NH3+])NC(=O)[C@H](CC(N)=O)NC(=O)[C@H](Cc1c[nH]c2ccccc12)NC(=O)[C@H](CC(C)C)NC(=O)CN)C(=O)N[C@@H](CCCC[NH3+])C(=O)N[C@@H](CCC(=O)O)C(=O)N[C@@H](C)C(=O)N[C@@H](C)C(=O)N[C@@H](CO)C(=O)N[C@@H](CCCC[NH3+])C(=O)N[C@@H](C)C(=O)N[C@@H](C)C(=O)NCC(=O)N[C@@H](CCCC[NH3+])C(=O)N[C@@H](C)C(=O)N[C@@H](C)C(=O)N[C@@H](CC(C)C)C(=O)NCC(=O)N[C@@H](Cc1ccccc1)C(=O)N[C@H](C(=O)N[C@@H](CC(N)=O)C(=O)N[C@@H](CCC(=O)O)C(=O)N[C@@H](CCSC)C(=O)N[C@H](C(N)=O)C(C)C)C(C)C,0,-3.1434727,0
CC[C@H](C)[C@H](NC(=O)[C@H](CCCC[NH3+])NC(=O)[C@@H]1CCCN1C(=O)[C@H](CC(C)C)NC(=O)[C@H](Cc1ccccc1)NC(=O)[C@H](CC(N)=O)NC(=O)[C@H](C)NC(=O)[C@H](C)NC(=O)[C@H](CC(C)C)NC(=O)CNC(=O)[C@H](C)NC(=O)[C@H](CC(C)C)NC(=O)[C@H](CC(C)C)NC(=O)[C@@H]1CCCN1C(=O)[C@H](CC(C)C)NC(=O)[C@@H](N)Cc1ccccc1)C(=O)N[C@@H](Cc1ccccc1)C(=O)N[C@@H](CS)C(=O)N[C@@H](CCCC[NH3+])C(=O)N[C@H](C(=O)N[C@H](C(=O)N[C@@H](CCCNC(N)=[NH2+])C(=O)N[C@@H](CCCC[NH3+])C(=O)N[C@@H](CS)C(N)=O)[C@@H](C)O)[C@@H](C)CC,0,-3.0283556,0
C[C@H](NC(O)C(CC1CNCN1)NC(=O)[C@H](Cc1ccc(O)cc1)NC(=O)[C@H](CCC(=O)O)NC(=O)[C@H](Cc1c[nH]c2ccccc12)NC(=O)[C@@H](N)CC(=O)O)C(=O)NC(CC1CNCN1)C(O)N1CCC[C@H]1C(=O)N[C@@H](CCCC[NH3+])C(=O)N1CC(O)CC1C(O)N[C@@H](CC(N)=O)C(=O)N[C@@H](CO)C(=O)N[C@@H](Cc1ccccc1)C(=O)N[C@@H](Cc1c[nH]c2ccccc12)C(=O)N[C@H](C=O)[C@@H](C)O,0,0.95074636,0
CC[C@H](C)[C@H](NC(=O)CNC(=O)[C@H](CO)NC(=O)[C@@H](NC(=O)[C@H](CC(C)C)NC(=O)[C@H](CCCNC(N)=[NH2+])NC(=O)CNC(=O)[C@@H](NC(=O)[C@@H](NC(=O)[C@@H]1CCCN1C(=O)[C@H](CC(C)C)NC(=O)[C@@H](N)Cc1ccccc1)[C@@H](C)CC)C(C)C)[C@@H](C)CC)C(=O)N[C@@H](CC(C)C)C(N)=O,0,-4.0811157,0
CC[C@H](C)[C@H](NC(=O)[C@H](CC(C)C)NC(=O)[C@H](CC(N)=O)NC(=O)[C@@H](NC(=O)[C@H](CC(C)C)NC(=O)[C@@H](NC(=O)[C@@H]1CCCN1C(=O)[C@H](CC(C)C)NC(=O)[C@@H](N)Cc1ccccc1)[C@@H](C)CC)[C@@H](C)CC)C(=O)NC(CC1CNCN1)C(O)N[C@@H](CCCC[NH3+])C(=O)NCC(=O)N[C@@H](CC(C)C)C(=O)N[C@@H](CC(C)C)C(N)=O,0,-2.7722056,0
CC[C@H](C)[C@@H]1NC(=O)[C@H](Cc2c[nH]c[nH+]2)NC(=O)[C@H](CCC(N)=O)NC(=O)[C@H](CC(N)=O)NC(=O)[C@H](CC(N)=O)NC(=O)CNC(=O)[C@H](C)NC(=O)[C@@H]2CSSC[C@H](NC(=O)C[NH3+])C(=O)N[C@@H](CSSC[C@@H](C(N)=O)NC1=O)C(=O)N[C@@H](CO)C(=O)N[C@@H](Cc1c[nH]c[nH+]1)C(=O)N1CCC[C@H]1C(=O)N[C@@H](C)C(=O)N2,0,-4.3991885,0
CC[C@H](C)[C@H](NC(=O)CN)C(=O)NCC(=O)N[C@@H](CCCC[NH3+])C(=O)N[C@@H](Cc1ccccc1)C(=O)N[C@@H](CC(C)C)C(=O)NC(CC1CNCN1)C(O)N[C@@H](CO)C(=O)N[C@H](C)C(=O)N[C@@H](CCCC[NH3+])C(=O)N[C@@H](CCCC[NH3+])C(=O)N[C@@H](Cc1ccccc1)C(=O)N[C@H](C)C(=O)N[C@@H](CCCC[NH3+])C(=O)N[C@@H](C)C(=O)N[C@@H](Cc1ccccc1)C(=O)N[C@H](C(=O)N[C@H](C)C(=O)N[C@@H](CCC(=O)O)C(=O)N[C@H](C(=O)N[C@@H](CCSC)C(=O)N[C@@H](CC(N)=O)C(=O)N[C@@H](CO)C(N)=O)[C@@H](C)CC)C(C)C,0,-4.4124765,0
CC(C)C[C@@H]1NC(=O)[C@H](CC(=O)O)NC(=O)[C@@H]2CCCN2C(=O)[C@H](Cc2c[nH]c[nH+]2)NC(=O)[C@H](CCCC[NH3+])NC(=O)[C@H](CC(N)=O)NC(=O)[C@H](CCCNC(N)=[NH2+])NC(=O)[C@@H]2CSSC[C@H](NC(=O)C[NH3+])C(=O)N[C@@H](CSSC[C@@H](C(N)=O)NC1=O)C(=O)N[C@@H](CO)C(=O)N[C@@H](CC(=O)O)C(=O)N1CCC[C@H]1C(=O)N1CCC[C@H]1C(=O)N2,0,-4.3535337,0
CC[C@H](C)[C@H](NC(=O)CN)C(=O)NCC(=O)NCC(=O)N[C@@H](C)C(=O)N[C@@H](CC(C)C)C(=O)N[C@@H](CC(C)C)C(=O)N[C@@H](CO)C(=O)N[C@@H](C)C(=O)NCC(=O)N[C@@H](CCCC[NH3+])C(=O)N[C@@H](C)C(=O)N[C@@H](C)C(=O)N[C@@H](CC(C)C)C(=O)N[C@@H](CCCC[NH3+])C(=O)NCC(=O)N[C@@H](CC(C)C)C(=O)N[C@@H](C)C(=O)N[C@@H](CCCC[NH3+])C(=O)N[C@H](C(=O)N[C@@H](CC(C)C)C(=O)N[C@H](C(N)=O)C(C)C)C(C)C,0,-2.8567722,0
CC(C)C[C@H](NC(=O)[C@@H](NC(=O)[C@H](C)NC(=O)[C@H](CS)NC(=O)[C@@H]1CCCN1C(=O)[C@@H]1CCCN1C(=O)[C@@H](NC(=O)[C@H](CO)NC(=O)[C@H](CS)NC(=O)[C@H](CS)NC(=O)CN)[C@@H](C)O)C(C)C)C(=O)N[C@@H](C)C(=O)N[C@@H](CS)C(N)=O,0,-5.5565796,0
CC(=O)NCC(=O)N[C@@H](CCCC[NH3+])C(=O)N[C@@H](CCCC[NH3+])C(=O)N[C@@H](CC(C)C)C(=O)N[C@@H](CC(C)C)C(=O)N[C@@H](CCCC[NH3+])C(=O)N[C@@H](CCCC[NH3+])C(=O)N[C@@H](Cc1c[nH]c2ccccc12)C(=O)N[C@@H](CCCC[NH3+])C(=O)N[C@@H](CCCC[NH3+])C(=O)N[C@@H](CC(C)C)C(=O)N[C@@H](Cc1c[nH]c2ccccc12)C(=O)N[C@@H](CCCC[NH3+])C(=O)N[C@@H](CCCC[NH3+])C(=O)N[C@@H](Cc1c[nH]c2ccccc12)C(N)=O,0,-6.025915,0
CC(C)C[C@H](NC(=O)[C@H](C)NC(=O)[C@H](CCCC[NH3+])NC(=O)[C@H](CCCC[NH3+])NC(=O)[C@H](CC(C)C)NC(=O)[C@H](C)NC(=O)[C@H](CCCC[NH3+])NC(=O)[C@H](CC(C)C)NC(=O)[C@H](C)NC(=O)[C@H](CC(C)C)NC(=O)[C@H](C)NC(=O)[C@@H](N)Cc1ccccc1)C(N)=O,0,-4.608254,0
CSCC[C@@H]1NC(=O)[C@H](CCCNC(N)=[NH2+])NC(=O)[C@H](C)NC(=O)[C@H](C)NC(=O)[C@H](Cc2c[nH]c3ccccc23)NC(=O)[C@H](CCCNC(N)=[NH2+])NC(=O)[C@H](Cc2ccccc2)NC(=O)[C@H](C)NC(=O)[C@H](CCCC[NH3+])NC(=O)[C@H](CCCNC(N)=[NH2+])NC(=O)[C@H](Cc2c[nH]c3ccccc23)NC(=O)[C@H](C)NC(=O)[C@@H]2CCCN2C(=O)[C@H](C)NC(=O)[C@H](C)NC(=O)[C@H](CCCC[NH3+])NC(=O)[C@H](CCCC[NH3+])NC(=O)[C@H](CC(C)C)NC1=O,0,-4.8681607,0
CC[C@H](C)[C@H](NC(=O)[C@@H](NC(=O)CN)C(C)C)C(=O)N[C@@H](CC(=O)O)C(=O)N[C@@H](C)C(=O)N[C@@H](C)C(=O)N[C@@H](CCCC[NH3+])C(=O)N[C@@H](CCCC[NH3+])C(=O)N[C@H](C(=O)N[C@H](C(=O)N[C@@H](CC(N)=O)C(=O)N[C@H](C(=O)N[C@@H](CC(C)C)C(=O)N[C@@H](CCCC[NH3+])C(=O)N[C@@H](CC(N)=O)C(=O)N[C@@H](CC(C)C)C(=O)N1CCC[C@H]1C(N)=O)C(C)C)C(C)C)C(C)C,0,-5.350361,0
CC[C@H](C)[C@H](NC(=O)[C@H](C)NC(=O)[C@H](C)NC(=O)[C@H](CCC(=O)O)NC(=O)[C@H](CCCC[NH3+])NC(=O)CNC(=O)[C@@H](NC(=O)[C@H](CC(N)=O)NC(=O)[C@H](CCCC[NH3+])NC(=O)[C@@H](NC(=O)[C@@H](NC(=O)[C@H](CO)NC(=O)[C@H](Cc1c[nH]c2ccccc12)NC(=O)[C@H](CC(C)C)NC(=O)CN)[C@@H](C)O)[C@@H](C)CC)C(C)C)C(=O)N[C@@H](C)C(=O)N[C@@H](C)C(=O)NCC(=O)N[C@@H](CCCC[NH3+])C(=O)N[C@@H](C)C(=O)N[C@H](C(=O)N[C@@H](CC(C)C)C(=O)NCC(=O)N[C@@H](CO)C(=O)N[C@@H](CC(C)C)C(N)=O)C(C)C,0,-4.6901383,0
CC[C@H](C)[C@H](NC(=O)[C@H](CCCC[NH3+])NC(=O)[C@H](CCCC[NH3+])NC(=O)[C@H](CC(C)C)NC(=O)[C@H](CC(=O)O)NC(=O)[C@@H](NC(=O)[C@@H](N)Cc1ccccc1)C(C)C)C(=O)N[C@@H](C)C(=O)N[C@@H](CC(N)=O)C(=O)N[C@H](C(=O)N[C@H](C(=O)N[C@@H](CC(N)=O)C(=O)N[C@@H](CO)C(=O)N[C@H](C(=O)N[C@@H](Cc1ccccc1)C(=O)NCC(=O)N[C@@H](CCCC[NH3+])C(N)=O)[C@@H](C)CC)[C@@H](C)CC)[C@@H](C)CC,0,-4.545033,0
CC[C@H](C)[C@H](N)C(=O)N[C@@H](CC(C)C)C(=O)N1CCC[C@H]1C(=O)N[C@@H](CC(C)C)C(=O)N[C@@H](CCCC[NH3+])C(=O)N[C@@H](Cc1c[nH]c2ccccc12)C(=O)N1CCC[C@H]1C(=O)N[C@@H](Cc1c[nH]c2ccccc12)C(=O)N[C@@H](Cc1c[nH]c2ccccc12)C(=O)N1CCC[C@H]1C(=O)N[C@@H](Cc1c[nH]c2ccccc12)C(=O)N[C@@H](CCCNC(N)=[NH2+])C(=O)N[C@@H](CCCNC(N)=[NH2+])C(N)=O,0,-3.768133,0
CC[C@H](C)[C@H](NC(=O)[C@H](CO)NC(=O)[C@@H]1CCCN1C(=O)[C@H](CC(C)C)NC(=O)[C@@H](NC(=O)CNC(=O)[C@H](C)NC(=O)[C@H](CC(C)C)NC(=O)[C@@H](NC(=O)[C@H](CCCC[NH3+])NC(=O)[C@H](CC(C)C)NC(=O)[C@H](C)NC(=O)[C@H](CO)NC(=O)CNC(=O)[C@@H](NC(=O)[C@@H](N)Cc1ccccc1)[C@@H](C)CC)C(C)C)C(C)C)C(=O)N[C@H](C(=O)N[C@@H](CO)C(=O)N[C@@H](Cc1c[nH]c2ccccc12)C(=O)N[C@H](C(=O)N[C@@H](CCCC[NH3+])C(=O)N[C@@H](CCC(N)=O)C(N)=O)C(C)C)C(C)C,0,-4.4328966,0
CC(C)C[C@H](NC(=O)[C@H](CCC(=O)O)NC(=O)[C@@H]1CCCN1C(=O)[C@H](C)NC(=O)[C@H](CC(N)=O)NC(=O)[C@@H](NC(=O)[C@H](CO)NC(=O)[C@H](CS)NC(=O)[C@H](C)NC(=O)[C@@H]1CCCN1C(O)C(CC1CNCN1)NC(=O)[C@H](CO)NC(=O)[C@H](CS)NC(=O)[C@H](CS)NC(=O)CN)C(C)C)C(=O)N[C@@H](CS)C(N)=O,0,-5.721282,0
CC[C@H](C)[C@H](N)C(=O)N[C@@H](CC(C)C)C(=O)N1CCC[C@H]1C(=O)N[C@H](C(=O)N[C@@H](CC(C)C)C(=O)N[C@@H](C)C(=O)N1CCC[C@H]1C(=O)N[C@@H](CC(C)C)C(=O)N[C@H](C(=O)NCC(=O)NCC(=O)N[C@@H](CC(C)C)C(=O)N[C@@H](CC(C)C)C(N)=O)[C@@H](C)CC)[C@@H](C)CC,0,-3.7377267,0
CC[C@H](C)[C@H](NC(=O)[C@H](C)NC(=O)[C@H](CCCC[NH3+])NC(=O)[C@H](CC(C)C)NC(=O)[C@H](CC(C)C)NC(=O)CNC(O)C(CC1CNCN1)NC(=O)[C@H](CC(C)C)NC(=O)[C@@H](NC(=O)[C@@H](NC(=O)[C@H](CCCC[NH3+])NC(=O)[C@H](CCCC[NH3+])NC(=O)[C@H](C)NC(=O)[C@H](CO)NC(=O)[C@H](CCCC[NH3+])NC(=O)[C@H](Cc1ccccc1)NC(=O)[C@@H](NC(=O)[C@H](CCCC[NH3+])NC(=O)[C@H](CC(C)C)NC(=O)[C@H](Cc1ccccc1)NC(=O)[C@H](CO)NC(=O)[C@H](CCCC[NH3+])NC(=O)[C@H](Cc1c[nH]c2ccccc12)NC(=O)[C@H](CCCC[NH3+])NC(C)=O)[C@@H](C)O)[C@@H](C)O)C(C)C)C(=O)N[C@@H](CO)C(=O)N[C@@H](CO)C(N)=O,0,-4.2779226,0
CC[C@H](C)[C@H](NC(=O)[C@H](CCCC[NH3+])NC(=O)CNC(=O)[C@H](CC(C)C)NC(=O)[C@H](Cc1ccccc1)NC(=O)[C@H](CCCC[NH3+])NC(=O)[C@H](CO)NC(=O)[C@H](Cc1ccccc1)NC(=O)[C@H](Cc1c[nH]c2ccccc12)NC(=O)[C@H](CCC(N)=O)NC(=O)[C@@H](NC(=O)[C@@H](N)Cc1ccccc1)C(C)C)C(=O)N[C@@H](CC(C)C)C(N)=O,0,-5.005775,0
CSCC[C@H](NC(=O)CNC(=O)[C@H](CCCNC(N)=[NH2+])NC(=O)[C@H](CO)NC(=O)[C@H](CS)NC(O)C1CC(O)CN1C(=O)[C@@H](NC(=O)CNC(O)C1CC(O)CN1C(=O)[C@H](CO)NC(=O)[C@H](CCCC[NH3+])NC(=O)[C@@H](N)CS)[C@@H](C)O)C(=O)N[C@@H](CCCNC(N)=[NH2+])C(=O)N[C@@H](CC(=O)O)C(=O)N[C@@H](CS)C(=O)N[C@@H](CS)C(=O)N[C@H](C(=O)N[C@@H](CO)C(=O)N[C@@H](CS)C(=O)N[C@@H](CC(C)C)C(=O)N[C@@H](CC(C)C)C(=O)N[C@@H](Cc1ccc(O)cc1)C(=O)N[C@@H](CO)C(=O)N[C@@H](CC(N)=O)C(=O)N[C@@H](CCCC[NH3+])C(=O)N[C@@H](CS)C(=O)N[C@@H](CCCNC(N)=[NH2+])C(=O)N[C@@H](CCCNC(N)=[NH2+])C(=O)N[C@H](C=O)Cc1ccc(O)cc1)[C@@H](C)O,0,-3.5680358,0
CC(C)C[C@@H]1NC(=O)[C@H](CC(C)C)NC(=O)[C@H](CCC(N)=O)NC(=O)[C@H](CCCNC(=N)N)NC(=O)[C@H](Cc2c[nH]cn2)NC(=O)[C@@H]2CSSC[C@@H](C(=O)N[C@@H](CC(C)C)C(=O)N[C@@H](CCCNC(=N)N)C(=O)N[C@@H](Cc3ccccc3)C(=O)N[C@H](C(N)=O)C(C)C)NC(=O)[C@H](CSSC[C@H](NC(=O)[C@@H](N)CCC(=O)O)C(=O)N2)NC1=O,0,-4.35851,0
CC(=O)N[C@@H](CCCNC(N)=[NH2+])C(=O)N[C@@H](Cc1c[nH]c2ccccc12)C(=O)N[C@@H](Cc1ccc(O)cc1)C(=O)N[C@@H](CS)C(=O)NCC(N)=O,0,-4.4972553,0
CC(=O)N[C@@H](CC(C)C)C(=O)N[C@@H](CC(C)C)C(=O)N[C@@H](CCCNC(N)=[NH2+])C(=O)N[C@H](C(=O)N[C@@H](CCCC[NH3+])C(=O)N[C@@H](CCCNC(N)=[NH2+])C(N)=O)C(C)C,0,-5.8164015,0
CC(C)[C@H](NC(=O)[C@@H](NC(=O)[C@H](CS)NC(=O)CNC(=O)[C@H](CS)NC(O)C1CC(O)CN1C(O)C(CC1CNCN1)NC(=O)[C@H](CS)NC(=O)[C@H](C)NC(=O)[C@H](C)NC(=O)[C@H](CC(N)=O)NC(O)C1CC(O)CN1C(=O)[C@H](Cc1ccc(O)cc1)NC(=O)[C@H](CCCC[NH3+])NC(=O)CNC(=O)[C@H](CS)NC(=O)[C@H](CS)NC(=O)CN)[C@@H](C)O)C(=O)NCC(=O)N[C@@H](CCCNC(N)=[NH2+])C(=O)N1CC(O)CC1C(O)N1CC(O)CC1C(O)N[C@@H](Cc1ccc(O)cc1)C(=O)N[C@@H](CS)C(=O)N[C@@H](CC(=O)O)C(=O)N[C@@H](CCCNC(N)=[NH2+])C(=O)N1CC(O)CC1C(O)N[C@@H](CO)C(=O)NCC(=O)NCC=O,0,-5.2379217,0
CC[C@H](C)[C@H](NC(=O)[C@@H](N)CCC(N)=O)C(=O)N1CCC[C@H]1C(=O)N[C@@H](Cc1c[nH]c2ccccc12)C(=O)N[C@@H](Cc1ccccc1)C(=O)NC(CC1CNCN1)C(O)N[C@@H](CCCNC(N)=[NH2+])C(N)=O,0,-3.7600482,0
CC(C)C[C@H](NC(=O)[C@H](CC(C)C)NC(=O)[C@@H](CCCC[NH3+])NC(=O)[C@H](CC(C)C)NC(=O)[C@H](CC(C)C)NC(=O)[C@H](CCCC[NH3+])NC(=O)[C@@H](CCCC[NH3+])NC(=O)[C@@H](CC(C)C)NC(=O)[C@H](CC(C)C)NC(=O)[C@@H](CCCC[NH3+])NC(=O)[C@H](CCCC[NH3+])NC(=O)[C@H](CC(C)C)NC(=O)[C@@H](CC(C)C)NC(=O)[C@H](CCCC[NH3+])NC(=O)[C@@H](N)CC(C)C)C(N)=O,0,-2.5142806,0
CC[C@H](C)[C@H](NC(=O)[C@H](CCCC[NH3+])NC(=O)[C@H](CCCC[NH3+])NC(=O)[C@H](Cc1ccccc1)NC(=O)[C@H](CC(C)C)NC(=O)[C@H](CCCC[NH3+])NC(=O)[C@@H](N)CC(C)C)C(=O)N[C@@H](CC(C)C)C(=O)N[C@@H](CCCC[NH3+])C(=O)N[C@@H](Cc1ccc(O)cc1)C(=O)N[C@@H](CC(C)C)C(N)=O,0,-3.6908903,0
CC[C@H](C)[C@H](N)C(=O)N[C@@H](CC(N)=O)C(=O)N[C@@H](Cc1c[nH]c2ccccc12)C(=O)N[C@@H](CC(C)C)C(=O)N[C@@H](CCCC[NH3+])C(=O)N[C@@H](CC(C)C)C(=O)NCC(=O)N[C@@H](CCCC[NH3+])C(=O)N[C@@H](CCCC[NH3+])C(=O)N[C@H](C(=O)N[C@@H](CC(C)C)C(=O)NCC(=O)N[C@@H](C)C(=O)N[C@H](C(N)=O)[C@@H](C)CC)[C@@H](C)CC,0,-3.7191484,0
C[C@H](NC(=O)[C@H](C)NC(=O)[C@H](Cc1ccccc1)NC(=O)[C@H](C)NC(=O)[C@H](C)NC(=O)[C@H](CCCNC(N)=[NH2+])NC(=O)[C@H](CCCNC(N)=[NH2+])NC(=O)[C@@H](N)CCCNC(N)=[NH2+])C(=O)N[C@@H](Cc1c[nH]c2ccccc12)C(=O)N[C@@H](C)C(=O)N[C@@H](C)C(=O)N[C@@H](Cc1ccccc1)C(=O)N[C@@H](C)C(=O)N[C@@H](C)C(=O)N[C@@H](CCCNC(N)=[NH2+])C(=O)N[C@@H](CCCNC(N)=[NH2+])C(=O)N[C@@H](CCCNC(N)=[NH2+])C(N)=O,0,3.5831532,0
CC(C)C[C@H](NC(=O)[C@H](CC(N)=O)NC(=O)[C@H](CO)NC(O)C(CC1CNCN1)NC(=O)[C@H](CCC(=O)O)NC(=O)[C@H](C)NC(O)C(CC1CNCN1)NC(=O)[C@H](CS)NC(=O)[C@@H](NC(=O)[C@@H]1CCCN1C(=O)[C@H](CC(N)=O)NC(=O)[C@H](CO)NC(=O)[C@H](CS)NC(=O)[C@H](CS)NC(=O)CN)C(C)C)C(=O)N[C@@H](CS)C(N)=O,0,-6.164572,0
CC[C@H](C)[C@H](NC(=O)[C@@H](N)CCCNC(N)=[NH2+])C(=O)N[C@@H](CC(C)C)C(=O)N[C@@H](CCCNC(N)=[NH2+])C(=O)NCC(N)=O,0,-1.4831939,0
CC[C@H](C)[C@H](NC(=O)CN)C(=O)NCC(=O)NCC(=O)N[C@@H](CCCC[NH3+])C(=O)N[C@H](C(=O)N[C@@H](CC(C)C)C(=O)NCC(=O)NCC(=O)N[C@@H](CC(C)C)C(=O)N[C@@H](CCCC[NH3+])C(=O)N[C@H](C(=O)N[C@@H](C)C(=O)N[C@@H](CC(C)C)C(=O)N[C@@H](CCCC[NH3+])C(=O)NCC(=O)N[C@@H](C)C(=O)N[C@@H](C)C(=O)N[C@@H](CCCC[NH3+])C(=O)N[C@@H](CCC(=O)O)C(=O)N[C@@H](CC(C)C)C(=O)N[C@@H](C)C(=O)N[C@@H](CO)C(=O)N[C@H](C(=O)N[C@@H](Cc1ccc(O)cc1)C(=O)N[C@@H](CC(C)C)C(=O)NC(CC1CNCN1)C(N)O)[C@@H](C)O)[C@@H](C)O)[C@@H](C)CC,0,-2.5244153,0
CC[C@H](C)[C@H](NC(=O)[C@H](CCC(N)=O)NC(=O)[C@@H]1CCCN1C(=O)[C@H](CC(N)=O)NC(O)C(CC1CNCN1)NC(=O)[C@@H](NC(=O)[C@@H](NC(=O)[C@H](CS)NC(=O)[C@@H](NC(=O)[C@@H]1CCCN1C(=O)[C@H](CC(N)=O)NC(=O)[C@H](CO)NC(=O)[C@H](CS)NC(=O)[C@H](CS)NC(=O)[C@@H]1CCCN1C(=O)[C@H](CC(=O)O)NC(O)C(N)CCCNC(N)N(C)C)C(C)C)[C@@H](C)O)C(C)C)C(=O)N[C@@H](CS)C(N)=O,0,-4.604296,0
CC[C@H](C)[C@H](NC(=O)CN)C(=O)NCC(=O)N[C@@H](CCCC[NH3+])C(=O)N[C@@H](Cc1ccccc1)C(=O)N[C@@H](CC(C)C)C(=O)NC(CC1CNCN1)C(O)N[C@@H](CCCC[NH3+])C(=O)N[C@H](C(=O)NCC(=O)N[C@@H](CO)C(=O)N[C@@H](Cc1ccccc1)C(=O)N[C@H](C(=O)N[C@@H](CCCC[NH3+])C(=O)N[C@@H](CO)C(=O)N[C@@H](Cc1c[nH]c2ccccc12)C(=O)N[C@@H](CCCC[NH3+])C(=O)NCC(=O)N[C@@H](CCC(=O)O)C(=O)N[C@H](C(=O)N[C@@H](CCSC)C(=O)N[C@@H](CC(N)=O)C(=O)N[C@@H](CO)C(N)=O)[C@@H](C)CC)[C@@H](C)CC)C(C)C,0,-5.259113,0
CCCCC(NC(=O)[C@@H](NC(=O)[C@H](CCCC[NH3+])NC(=O)[C@@H]1CCCN1C(=O)[C@H](CC(C)C)NC(=O)[C@H](CO)NC(=O)[C@H](CCCC[NH3+])NC(=O)[C@H](CCCC[NH3+])NC(=O)[C@H](CC(C)C)NC(=O)[C@H](CO)NC(=O)[C@H](CO)NC(=O)[C@H](CC(C)C)NC(=O)[C@H](Cc1ccccc1)NC(=O)CN)C(C)C)C(O)N[C@@H](C)C(=O)NC(CC1CNCN1)C(O)NC(CCCC)C(O)N[C@@H](CCCC[NH3+])C(N)=O,0,-5.064271,0
CC(C)C[C@@H]1NC(=O)[C@H](CCCC[NH3+])NC(=O)[C@H](C(C)C)NC(=O)[C@@H]2CCCN2C(=O)[C@@H](Cc2ccc(O)cc2)NC(=O)[C@H](CC(C)C)NC(=O)[C@H](CCCC[NH3+])NC(=O)[C@H](C(C)C)NC(=O)[C@H](CCCC[NH3+])NC(=O)[C@H](CC(C)C)NC(=O)[C@H]2CCCN2C(=O)[C@@H](Cc2ccc(O)cc2)NC(=O)[C@H](C(C)C)NC(=O)[C@H](CCCC[NH3+])NC1=O,0,-5.7644777,0
CC[C@H](C)[C@H](NC(=O)[C@H](CCCC[NH3+])NC(=O)[C@H](CCCC[NH3+])NC(=O)[C@H](CCC(N)=O)NC(=O)CN)C(=O)N[C@@H](CCCNC(N)=[NH2+])C(=O)N[C@H](C(=O)N[C@@H](CCCNC(N)=[NH2+])C(=O)N[C@@H](CC(C)C)C(=O)N[C@@H](CO)C(N)=O)C(C)C,0,-4.437784,0
CC[C@H](C)[C@H](NC(=O)[C@H](CCCC[NH3+])NC(=O)CNC(=O)[C@@H](NC(=O)[C@H](CC(C)C)NC(O)C(CC1CNCN1)NC(=O)[C@H](C)NC(=O)[C@H](CC(C)C)NC(=O)[C@H](CC(C)C)NC(=O)[C@H](CC(=O)O)NC(=O)[C@H](CCCC[NH3+])NC(=O)CNC(=O)[C@H](C)NC(=O)CNC(=O)[C@H](CCCC[NH3+])NC(=O)[C@H](CC(C)C)NC(=O)[C@@H](NC(=O)[C@H](CC(=O)O)NC(=O)[C@@H](NC(=O)[C@@H](NC(=O)CN)C(C)C)C(C)C)[C@@H](C)CC)C(C)C)C(=O)N[C@@H](CO)C(=O)N[C@@H](CCC(=O)O)C(=O)N[C@@H](CCCC[NH3+])C(=O)N[C@H](C(N)=O)C(C)C,0,-3.4055192,0
CC[C@H](C)[C@@H]1NC(=O)[C@H](CCCNC(=N)N)NC(=O)CNC(=O)[C@@H]2CSSC[C@@H](C(=O)N3CCC[C@H]3C(=O)N[C@@H](CCC(=O)O)C(=O)N[C@H](C(=O)N[C@H](C(=O)N[C@@H](CS)C(=O)N3CCC[C@H]3C(=O)N[C@@H](CCCCN)C(=O)N[C@@H](CC(N)=O)C(=O)O)C(C)C)C(C)C)NC(=O)[C@H]([C@@H](C)CC)NC(=O)[C@H](CS)NC(=O)[C@H](CCCNC(=N)N)NC(=O)[C@H](CO)NC(=O)[C@H](CSSC[C@H](NC(=O)[C@H](CCC(=O)O)NC(=O)[C@@H](NC(=O)[C@H](Cc3c[nH]c4ccccc34)NC(=O)[C@H](Cc3ccc(O)cc3)NC(=O)[C@H](CCC(N)=O)NC(=O)[C@@H]3CCCN3C(=O)[C@@H](NC(=O)[C@H](CC(C)C)NC(=O)[C@H](CC(=O)O)NC(=O)[C@H](CC(N)=O)NC(=O)[C@@H](N)CC(C)C)C(C)C)[C@@H](C)O)C(=O)N2)NC(=O)[C@H](Cc2c[nH]cn2)NC(=O)[C@@H]2CCCN2C(=O)CNC1=O,0,-3.628032,0
CC(C)C[C@H](NC(=O)[C@H](Cc1ccccc1)NC(=O)[C@H](C)NC(=O)CNC(=O)[C@H](Cc1c[nH]c2ccccc12)NC(=O)[C@H](CC(N)=O)NC(=O)[C@@H](N)CC(C)C)C(=O)N[C@@H](CCCC[NH3+])C(=O)NC(CC1CNCN1)C(O)N[C@@H](Cc1ccccc1)C(=O)N[C@@H](Cc1ccccc1)C(=O)N[C@@H](CCCC[NH3+])C(N)=O,0,-5.120242,0
CC[C@H](C)[C@H](N)C(=O)N[C@@H](CC(N)=O)C(=O)N[C@@H](Cc1c[nH]c2ccccc12)C(=O)N[C@@H](CCCC[NH3+])C(=O)N[C@@H](CCCC[NH3+])C(=O)N[C@H](C(=O)N[C@@H](C)C(=O)N[C@@H](CO)C(=O)N[C@H](C(=O)NCC(=O)N[C@@H](CCCC[NH3+])C(=O)N[C@@H](CCC(=O)O)C(=O)N[C@H](C(=O)N[C@@H](CC(C)C)C(=O)N[C@@H](CCCC[NH3+])C(=O)N[C@@H](C)C(=O)N[C@@H](CC(C)C)C(N)=O)C(C)C)[C@@H](C)CC)[C@@H](C)CC,0,-4.9815245,0
CC[C@H](C)[C@H](NC(=O)[C@H](CCC(=O)O)NC(=O)[C@@H]1CCCN1C(O)C(CC1CNCN1)NC(=O)[C@H](CC(=O)O)NC(=O)[C@H](Cc1ccc(O)cc1)NC(=O)[C@H](CC(N)=O)NC(=O)[C@H](CS)NC(=O)[C@H](CCCNC(N)=[NH2+])NC(=O)[C@@H]1CCCN1C(=O)[C@H](CC(=O)O)NC(=O)[C@H](CO)NC(=O)[C@H](CS)NC(=O)[C@H](CS)NC(=O)[C@H](C)N)C(=O)N[C@@H](CS)C(N)=O,0,-5.2648783,0
CC[C@H](C)[C@H](NC(=O)[C@H](CCC(=O)O)NC(=O)[C@@H]1CCCN1C(O)C(CC1CNCN1)NC(=O)[C@H](CC(=O)O)NC(=O)[C@H](Cc1ccc(O)cc1)NC(=O)[C@H](C)NC(=O)[C@H](CS)NC(=O)[C@H](CCCNC(N)=[NH2+])NC(=O)[C@@H]1CCCN1C(=O)[C@H](CC(=O)O)NC(=O)[C@H](CO)NC(=O)[C@H](CS)NC(=O)[C@H](CS)NC(=O)CN)C(=O)N[C@@H](CS)C(N)=O,0,-5.485915,0
CC[C@H](C)[C@H](NC(=O)[C@@H](NC(=O)[C@@H]1CCCN1C(=O)[C@@H](NC(=O)[C@@H](NC(=O)[C@H](CCCNC(N)=[NH2+])NC(=O)[C@@H]1CCCN1C(=O)[C@@H](NC(=O)[C@@H](NC(O)C(CC1CNCN1)NC(=O)[C@H](CCCC[NH3+])NC(=O)[C@H](C)NC(=O)[C@@H](NC(=O)[C@H](CO)NC(=O)CNC(=O)[C@H](CC(C)C)NC(=O)[C@@H](NC(=O)[C@H](CO)NC(=O)[C@H](Cc1ccccc1)NC(=O)[C@H](CC(C)C)NC(=O)CN)C(C)C)C(C)C)C(C)C)C(C)C)C(C)C)C(C)C)C(C)C)C(=O)N[C@@H](C)C(=O)N[C@@H](CCC(=O)O)C(=O)NC(CC1CNCN1)C(O)N[C@@H](CC(C)C)C(N)=O,0,-3.9884756,0
CC(C)[C@H](NC(=O)[C@H](CCCC[NH3+])NC(=O)[C@@H](NC(=O)[C@H](CCCC[NH3+])NC(=O)[C@@H](NC(=O)[C@H](CCCC[NH3+])NC(=O)[C@@H](NC(=O)[C@@H]1CCCN1C(=O)[C@H]1CCCN1C(=O)[C@@H](NC(=O)[C@H](CCCC[NH3+])NC(=O)[C@@H](NC(=O)[C@H](CCCC[NH3+])NC(=O)[C@@H](NC(=O)[C@H](CCCC[NH3+])NC(=O)[C@@H](NC(=O)[C@@H](N)CCCC[NH3+])C(C)C)C(C)C)C(C)C)C(C)C)[C@@H](C)O)C(C)C)C(C)C)C(=O)N[C@@H](CCCC[NH3+])C(N)=O,0,-3.8104336,0
CC(C)C[C@H](NC(=O)[C@H](CC(C)C)NC(=O)[C@H](CCCC[NH3+])NC(=O)CNC(=O)[C@H](CC(C)C)NC(=O)[C@H](CC(C)C)NC(=O)[C@H](CO)NC(=O)[C@H](C)NC(=O)[C@H](Cc1ccccc1)NC(=O)[C@H](Cc1ccccc1)NC(=O)[C@@H]1CCCN1C(=O)[C@H](CC(C)C)NC(=O)[C@@H](N)Cc1ccccc1)C(N)=O,0,-4.919285,0
C[C@H](NC(=O)[C@H](Cc1ccc(O)cc1)NC(=O)[C@H](CC(N)=O)NC(=O)[C@H](CCCC[NH3+])NC(=O)CNC(=O)[C@H](CS)NC(=O)[C@H](C)NC(=O)[C@@H]1CCCN1C(O)C(CC1CNCN1)NC(=O)[C@H](CS)NC(=O)[C@H](CS)NC(=O)[C@H](CCCNC(N)=[NH2+])NC(=O)CN)C(=O)N[C@@H](CS)C(N)=O,0,-6.62487,0
CC(C)C[C@H]1NC(=O)[C@@H](C(C)C)NC(=O)[C@@H]2CCCN2C(=O)[C@@H](CC(=O)O)NC(=O)[C@@H](Cc2c[nH]c3ccccc23)NC1=O,0,-5.7196198,0
CC[C@H](C)[C@@H]1NC(=O)CNC(=O)[C@H](CCCNC(N)=[NH2+])NC(=O)[C@H](Cc2ccc(O)cc2)NC(=O)[C@@H]2CSSC[C@H](NC1=O)C(=O)N[C@@H](Cc1ccc(O)cc1)C(=O)N[C@@H](CCCNC(N)=[NH2+])C(=O)N[C@@H](CCCNC(N)=[NH2+])C(=O)N[C@H](C(=O)N[C@@H](CCCNC(N)=[NH2+])C(=O)O)CSSC[C@H](NC(=O)[C@H](Cc1c[nH]c3ccccc13)NC(=O)[C@@H]([NH3+])CCCC[NH3+])C(=O)N[C@@H](Cc1ccccc1)C(=O)N[C@@H](CCCNC(N)=[NH2+])C(=O)N[C@@H](C(C)C)C(=O)N2,0,-3.135433,0
CC[C@H](C)[C@H](NC(=O)[C@H](CO)NC(=O)[C@H](C)NC(=O)[C@@H]1CCCN1C(=O)[C@H](CC(C)C)NC(=O)CN)C(=O)N[C@@H](CO)C(=O)N[C@@H](Cc1c[nH]c2ccccc12)C(=O)N[C@H](C(=O)N[C@@H](CCCC[NH3+])C(=O)N[C@@H](CCCNC(N)=[NH2+])C(=O)N[C@@H](CCCC[NH3+])C(=O)N[C@@H](CCCNC(N)=[NH2+])C(=O)N[C@@H](CCC(N)=O)C(=O)N[C@@H](CCC(N)=O)C(N)=O)[C@@H](C)CC,0,-2.636388,0
CC[C@H](C)[C@H](NC(=O)[C@H](CC(C)C)NC(=O)[C@@H]1CCCN1C(=O)[C@H](CC(C)C)NC(=O)[C@@H](N)C(C)C)C(=O)N[C@@H](CO)C(=O)N[C@@H](CCSC)C(=O)N[C@@H](C)C(=O)N[C@@H](CC(C)C)C(=O)NCC(=O)N[C@@H](CCCC[NH3+])C(=O)N[C@@H](CC(C)C)C(=O)N[C@@H](CC(C)C)C(N)=O,0,-4.2851977,0
C[C@H](NC(=O)CNC(=O)[C@H](CS)NC(=O)[C@H](C)NC(=O)[C@@H]1CCCN1C(=O)[C@H](CC(N)=O)NC(=O)[C@H](CS)NC(=O)[C@H](CS)NC(=O)[C@@H](N)CCC(=O)O)C(=O)NC(CC1CNCN1)C(O)N[C@@H](Cc1ccc(O)cc1)C(=O)N[C@@H](CO)C(=O)N[C@@H](CS)C(N)=O,0,-6.204253,0
CC[C@H](C)[C@H](NC(=O)[C@H](Cc1c[nH]c2ccccc12)NC(=O)[C@H](CS)NC(=O)[C@H](CS)NC(=O)[C@@H](N)CC(C)C)C(=O)NC(CC1CNCN1)C(O)N[C@@H](Cc1c[nH]c2ccccc12)C(=O)N[C@@H](CS)C(=O)NC(CC1CNCN1)C(O)N[C@@H](C)C(=O)N[C@@H](CCCNC(N)=[NH2+])C(=O)N[C@@H](CS)C(=O)N[C@H](C(=O)N[C@@H](CS)C(=O)N[C@@H](CS)C(N)=O)[C@@H](C)O,0,-6.36235,0
CC(C)C[C@@H]1NC(O)C(CCC[NH3+])NC(=O)[C@H](C(C)C)NC(=O)[C@@H]2CCCN2C(O)C(CC2CCCC3CCCCC32)NC(=O)[C@H](CC(C)C)NC(O)C(CCC[NH3+])NC(=O)[C@H](C(C)C)NC(=O)[C@@H]2CCCN2C(O)C(CC2CCCC3CCCCC32)NC1=O,0,-5.2116566,0
NC(=O)[C@H](Cc1c[nH]c2ccccc12)NC(O)C(CC1CNCN1)NC(=O)[C@H](CS)NC(=O)[C@H](CS)NC(=O)[C@H](CCC(=O)O)NC(=O)[C@H](Cc1ccccc1)NC=O,0,-5.8995447,0
CC(C)C[C@H](NC(=O)[C@H](C)NC(=O)[C@H](CCCC[NH3+])NC(=O)[C@H](CCCC[NH3+])NC(=O)[C@H](C)NC(=O)CNC(=O)[C@H](CCCC[NH3+])NC(=O)[C@H](CC(C)C)NC(=O)[C@H](CC(C)C)NC(=O)[C@H](CC(=O)O)NC(=O)[C@H](CCCC[NH3+])NC(=O)[C@H](Cc1ccccc1)NC(=O)CN)C(=O)N[C@H](C(=O)N[C@@H](CCCC[NH3+])C(=O)N[C@H](C(=O)N[C@H](C(=O)N[C@@H](CC(C)C)C(=O)N[C@@H](Cc1ccccc1)C(N)=O)C(C)C)[C@@H](C)O)C(C)C,0,-5.4709435,0
CC[C@H](C)[C@H](NC(=O)[C@H](CC(C)C)NC(O)C(CC1CNCN1)NC(=O)CNC(=O)[C@H](CC(C)C)NC(=O)[C@@H](NC(=O)[C@H](CCCC[NH3+])NC(=O)[C@H](CO)NC(=O)[C@H](Cc1c[nH]c2ccccc12)NC(=O)[C@H](CCSC)NC(=O)CN)[C@@H](C)CC)C(=O)N[C@@H](CCCC[NH3+])C(N)=O,0,-5.4938602,0
CC[C@H](C)[C@H](NC(=O)[C@H](CCCNC(N)=[NH2+])NC(=O)[C@H](CS)NC(=O)[C@H](Cc1c[nH]c2ccccc12)NC(=O)[C@H](Cc1c[nH]c2ccccc12)NC(=O)[C@H](CCCNC(N)=[NH2+])NC(=O)[C@H](CCCNC(N)=[NH2+])NC(C)=O)C(N)=O,0,-4.9441843,0
CSCC[C@@H]1NC(=O)[C@H](CCCNC(N)=[NH2+])NC(=O)[C@H](Cc2c[nH]c3ccccc23)NC(=O)[C@H](C)NC(=O)[C@H](C)NC(=O)[C@H](CCCNC(N)=[NH2+])NC(=O)[C@H](Cc2ccccc2)NC(=O)[C@H](C)NC(=O)[C@H](CCCC[NH3+])NC(=O)[C@H](CCCNC(N)=[NH2+])NC(=O)[C@H](Cc2c[nH]c3ccccc23)NC(=O)[C@H](C)NC(=O)[C@H]2CCCN2C(=O)[C@@H](C)NC(=O)[C@H](C)NC(=O)[C@H](CCCC[NH3+])NC(=O)[C@H](CCCC[NH3+])NC(=O)[C@H](CC(C)C)NC1=O,0,-4.9509354,0
CC[C@H](C)[C@H]([NH3+])C(=O)N[C@H](C(=O)NCC(=O)N1CCC[C@H]1C(=O)N[C@H](C(=O)N[C@@H](CC(C)C)C(=O)NCC(=O)N[C@@H](CC(C)C)C(=O)N[C@H](C(=O)NCC(=O)N[C@@H](CO)C(=O)N[C@@H](C)C(=O)N[C@@H](CC(C)C)C(=O)NCC(=O)NCC(=O)N[C@@H](CC(C)C)C(=O)N[C@@H](CC(C)C)C(=O)N[C@@H](CCCC[NH3+])C(=O)N[C@@H](CCCC[NH3+])C(=O)N[C@H](C(=O)O)[C@@H](C)CC)C(C)C)C(C)C)[C@@H](C)CC,0,-4.726475,0
CC[C@H](C)[C@H](NC(=O)[C@H](CCCC[NH3+])NC(=O)[C@H](Cc1ccc(O)cc1)NC(=O)CNC(O)C(CC1CNCN1)NC(O)C(CC1CNCN1)NC(=O)[C@H](CCCNC(N)=[NH2+])NC(=O)[C@H](CCCC[NH3+])NC(=O)[C@H](C)NC(O)C(CC1CNCN1)NC(=O)[C@H](CO)NC(=O)[C@@H](N)CC(=O)O)C(=O)N[C@@H](CCCC[NH3+])C(=O)N[C@@H](Cc1ccccc1)C(=O)NC(CC1CNCN1)C(O)N[C@@H](CCC(=O)O)C(=O)N[C@@H](CC(N)=O)C(=O)NC(CC1CNCN1)C(O)NC(CC1CNCN1)C(O)N[C@@H](CO)C(=O)NC(CC1CNCN1)C(O)N[C@@H](CCCNC(N)=[NH2+])C(=O)NCC(=O)N[C@@H](Cc1ccc(O)cc1)C(N)=O,0,-0.15551473,0
CC[C@@H](C)[C@H]1NC(=O)[C@H]2CCCN2C(=O)[C@H](Cc2c[nH]c3ccccc23)NC(=O)[C@H](CO)NC(=O)[C@@H](CS)NC(=O)[C@H]([C@@H](C)O)NC(=O)[C@@H](CS)NC(=O)CNC(=O)[C@H](CCC(N)=O)NC(=O)[C@H]([C@@H](C)O)NC(=O)[C@H](Cc2ccc(O)cc2)NC(=O)[C@H](CS)NC(=O)[C@H]([C@@H](C)O)NC(=O)CNC(=O)[C@H](CC(C)C)NC(=O)[C@H]([C@@H](C)O)NC(=O)[C@H](CS)NC(=O)[C@H]([C@@H](C)O)NC(=O)[C@H](CCC(=O)O)NC(=O)CNC(=O)[C@H](CS)NC(=O)[C@H](C(C)C)NC(=O)[C@@H]2CCCN2C(=O)[C@H](CC(C)C)NC(=O)CNC(=O)[C@H](CC(N)=O)NC(=O)[C@H](CCCNC(N)=[NH2+])NC(=O)[C@H](CCCC[NH3+])NC(=O)[C@H](CS)NC1=O,0,-5.1183605,0
CC(C)C[C@H](NC(=O)[C@H](CCC(=O)O)NC(O)C1CC(O)CN1C(O)C(CC1CNCN1)NC(=O)[C@H](CC(N)=O)NC(=O)[C@@H](NC(=O)[C@H](CO)NC(=O)[C@H](CS)NC(=O)[C@H](C)NC(=O)[C@@H]1CCCN1C(O)C(CC1CNCN1)NC(=O)[C@H](CO)NC(=O)[C@H](CS)NC(=O)[C@H](CS)NC(=O)CN)C(C)C)C(=O)N[C@H](C=O)CS,0,-1.8816242,0
CC(C)C[C@H](NC(=O)[C@H](CCCC[NH3+])NC(=O)[C@H](CCCNC(N)=[NH2+])NC(=O)[C@H](Cc1ccccc1)NC(=O)[C@H](Cc1ccccc1)NC(=O)[C@H](CCCC[NH3+])NC(=O)[C@H](CCCC[NH3+])NC(=O)[C@H](Cc1ccccc1)NC(=O)[C@H](CCCNC(N)=[NH2+])NC(=O)[C@H](CCCC[NH3+])NC(=O)[C@@H](N)C(C)C)C(=O)N[C@@H](CCCC[NH3+])C(=O)N[C@@H](CCCC[NH3+])C(=O)N[C@@H](CCCC[NH3+])C(=O)N[C@H](C(N)=O)C(C)C,1,2.887914,1
NC(=[NH2+])NCCC[C@H](NC(=O)[C@H](CCCNC(N)=[NH2+])NC(=O)[C@H](CCCNC(N)=[NH2+])NC(=O)[C@H](CCC(N)=O)NC(=O)[C@H](CCCNC(N)=[NH2+])NC(=O)[C@H](CCCNC(N)=[NH2+])NC(=O)[C@H](CCCC[NH3+])NC(=O)[C@H](CCCC[NH3+])NC(=O)[C@@H](N)CCCNC(N)=[NH2+])C(=O)NCC(=O)NCC(=O)NCC(N)=O,1,6.780052,1
CNCCC[C@H](NC(=O)[C@H](CCCNC)NC(=O)[C@H](CCCNC)NC(=O)[C@H](CCCNC)NC(=O)[C@H](CCCNC)NC(=O)[C@H](CCCNC)NC(=O)[C@H](CCCNC)NC(O)C(C)CN)C(N)=O,1,-1.9045898,1
CC(C)C[C@H](NC(=O)[C@H](CC(C)C)NC(=O)[C@H](C)NC(=O)[C@H](C)NC(=O)[C@H](C)NC(=O)[C@H](CC(C)C)NC(=O)[C@H](CCCC[NH3+])NC(=O)[C@H](CCCC[NH3+])NC(=O)[C@H](Cc1c[nH]c2ccccc12)NC(=O)[C@H](CCCC[NH3+])NC(=O)[C@H](CCCC[NH3+])NC(=O)[C@H](CC(C)C)NC(=O)[C@H](CC(C)C)NC(=O)[C@H](C)NC(=O)[C@H](C)NC(=O)[C@H](C)NC(=O)[C@H](CC(C)C)NC(=O)[C@@H](N)CCCC[NH3+])C(N)=O,1,-0.09363573,1
CC[C@H](C)[C@H](NC(=O)[C@H](CC(C)C)NC(=O)[C@@H](NC(=O)[C@H](CCCNC(N)=[NH2+])NC(=O)[C@H](Cc1ccccc1)NC(=O)[C@@H](NC(=O)[C@@H](NC(=O)[C@@H](N)CC(C)C)[C@@H](C)CC)[C@@H](C)CC)[C@@H](C)CC)C(=O)N[C@@H](CO)C(=O)NC(CC1CNCN1)C(O)NC(CC1CNCN1)C(O)NC(CO)CC1CNCN1,1,1.388925,1
CC[C@H](C)[C@H](NC(=O)[C@H](CCCNC(N)=[NH2+])NC(=O)[C@H](CCCNC(N)=[NH2+])NC(=O)[C@H](CCCNC(N)=[NH2+])NC(=O)[C@H](CC(C)C)NC(=O)[C@@H](NC(=O)[C@@H](NC(=O)[C@H](CC(C)C)NC(=O)[C@H](C)N)[C@@H](C)CC)[C@@H](C)CC)C(=O)N[C@@H](CCCNC(N)=[NH2+])C(=O)N[C@@H](CCCC[NH3+])C(=O)N[C@@H](CCC(N)=O)C(=O)N[C@@H](C)C(=O)NC(CC1CNCN1)C(O)N[C@@H](C)C(=O)NC(CC1CNCN1)C(O)N[C@@H](CO)C(=O)N[C@H](C=O)CCCC[NH3+],1,9.86978,1
CC[C@H](C)[C@H](NC(=O)[C@H](CCCC[NH3+])NC(=O)[C@H](CCCC[NH3+])NC(=O)[C@H](C)NC(=O)[C@H](CC(C)C)NC(=O)[C@H](C)NC(=O)[C@H](C)NC(=O)[C@H](CC(C)C)NC(=O)[C@H](C)NC(=O)[C@H](CCCC[NH3+])NC(=O)[C@H](CC(C)C)NC(=O)[C@H](CC(N)=O)NC(=O)[C@@H](NC(=O)[C@H](CCCC[NH3+])NC(=O)CNC(=O)[C@H](CC(C)C)NC(=O)[C@H](CC(C)C)NC(=O)[C@H](Cc1ccc(O)cc1)NC(=O)CNC(=O)[C@H](C)N)[C@@H](C)CC)C(=O)N[C@H](C=O)CC(C)C,1,7.7190995,1
C[C@H](N)C(=O)N[C@@H](CS)C(=O)N[C@@H](CCCNC(N)=[NH2+])C(=O)NCC(=O)N[C@@H](CCCNC(N)=[NH2+])C(=O)NCC(=O)N[C@@H](CCCNC(N)=[NH2+])C(=O)NCC(=O)N[C@@H](CS)C(=O)NCC(=O)N[C@@H](CO)C(=O)NCC(=O)N[C@@H](CO)C(=O)N[C@@H](CCCNC(N)=[NH2+])C(=O)N[C@@H](CO)C(=O)N[C@@H](CS)C(=O)NCC=O,1,4.1304665,1
CC[C@H](C)[C@H](NC(=O)[C@H](C)NC(=O)[C@@H](NC(=O)[C@H](CCC(N)=O)NC(=O)[C@@H](N)CCCNC(N)=[NH2+])[C@@H](C)CC)C(=O)N[C@@H](Cc1c[nH]c2ccccc12)C(=O)N[C@@H](Cc1ccccc1)C(=O)N[C@@H](CCC(N)=O)C(=O)N[C@@H](CC(N)=O)C(=O)N[C@@H](CCCNC(N)=[NH2+])C(=O)N[C@@H](CCCNC(N)=[NH2+])C(=O)N[C@@H](CCSC)C(=O)N[C@@H](CCCC[NH3+])C(=O)N[C@@H](Cc1c[nH]c2ccccc12)C(=O)N[C@@H](CCCC[NH3+])C(=O)N[C@H](C=O)CCCC[NH3+],1,9.72948,1
NCC(=O)N[C@@H](CCCNC(N)=[NH2+])C(=O)N[C@@H](CCCC[NH3+])C(=O)N[C@@H](CCCC[NH3+])C(=O)N[C@@H](CCCNC(N)=[NH2+])C(=O)N[C@@H](CCCNC(N)=[NH2+])C(=O)N[C@@H](CCC(N)=O)C(=O)N[C@@H](CCCNC(N)=[NH2+])C(=O)N[C@@H](CCCNC(N)=[NH2+])C(=O)N[C@@H](CCCNC(N)=[NH2+])C(=O)N1CCC[C@H]1C(=O)N1CCC[C@H]1C(=O)N[C@@H](CCC(N)=O)C(=O)N[C@H](C=O)Cc1ccc(O)cc1,1,10.570267,1
CC(=O)N[C@@H](CCCNC(N)=[NH2+])C(=O)N[C@@H](CCCNC(N)=[NH2+])C(=O)N[C@@H](CCCNC(N)=[NH2+])C(=O)N[C@@H](CCCNC(N)=[NH2+])C(=O)N[C@@H](CCCNC(N)=[NH2+])C(=O)N[C@@H](CCCNC(N)=[NH2+])C(=O)N[C@@H](CCCNC(N)=[NH2+])C(=O)N[C@@H](CCCNC(N)=[NH2+])C(N)=O,1,2.7580874,1
NC(=[NH2+])NCCC[C@@H](N)C(=O)N[C@H](CCCNC(N)=[NH2+])C(=O)N[C@H](CCCNC(N)=[NH2+])C(=O)N[C@H](CCCNC(N)=[NH2+])C(=O)N[C@H](CCCNC(N)=[NH2+])C(=O)N[C@@H](C=O)CCCNC(N)=[NH2+],1,10.224033,1
NC(=[NH2+])NCCC[C@@H](C=O)NC(=O)[C@H](CCCNC(N)=[NH2+])NC(=O)[C@H](CCCNC(N)=[NH2+])NC(=O)[C@H](CCCNC(N)=[NH2+])NC(=O)[C@H](CCCNC(N)=[NH2+])NC(=O)[C@@H](N)CCCNC(N)=[NH2+],1,9.648652,1
CC[C@H](C)[C@H](NC(=O)[C@@H](NC(=O)[C@@H](N)Cc1c[nH]c2ccccc12)[C@@H](C)CC)C(=O)N[C@@H](Cc1ccccc1)C(=O)N[C@@H](CCCNC(N)=[NH2+])C(=O)N[C@@H](C)C(=O)N[C@@H](C)C(=O)N[C@@H](C)C(=O)N[C@@H](CO)C(=O)NC(CC1CNCN1)C(O)N[C@@H](CCCC[NH3+])C(=O)N[C@H](C=O)CCCC[NH3+],1,8.615316,1
CC(C)C[C@H](NC(=O)[C@H](CCCNC(N)=[NH2+])NC(=O)[C@H](CCC(=O)O)NC(=O)[C@H](CC(=O)O)NC(=O)[C@H](C)NC(=O)[C@@H]1CCCN1C(=O)[C@H](CS)NC(=O)[C@H](CC(N)=O)NC(=O)[C@H](CCCNC(N)=[NH2+])NC(=O)[C@H](Cc1ccccc1)NC(=O)[C@H](CCCNC(N)=[NH2+])NC(=O)[C@H](CC(=O)O)NC(=O)[C@H](CCCNC(N)=[NH2+])NC(=O)[C@H](CS)NC(=O)[C@H](C)N)C(=O)N[C@@H](CS)C(=O)NCC=O,1,3.5200768,1
CC(C)C[C@H](NC(=O)[C@H](C)NC(=O)[C@H](CCCC[NH3+])NC(=O)[C@H](CC(C)C)NC(=O)[C@H](C)NC(=O)[C@H](CC(C)C)NC(=O)[C@H](CCCC[NH3+])NC(=O)[C@H](CC(C)C)NC(=O)[C@H](C)NC(=O)[C@H](CC(C)C)NC(=O)[C@@H](N)CCCC[NH3+])C(=O)N[C@@H](CCCC[NH3+])C(=O)N[C@@H](C)C(=O)N[C@@H](C)C(=O)N[C@@H](CC(C)C)C(=O)N[C@@H](CCCC[NH3+])C(=O)N[C@@H](CC(C)C)C(=O)N[C@@H](C)C(=O)NCC(=O)N[C@H](C=O)CS,1,7.8616877,1
NC(=[NH2+])NCCC[C@H](NC(=O)[C@H](CCCNC(N)=[NH2+])NC(=O)[C@H](CCCNC(N)=[NH2+])NC(=O)[C@H](CCCNC(N)=[NH2+])NC(=O)[C@H](CCCNC(N)=[NH2+])NC(=O)[C@H](CCCNC(N)=[NH2+])NC(=O)[C@H](CCCNC(N)=[NH2+])NC(=O)[C@@H](N)CCCNC(N)=[NH2+])C(=O)NCC(=O)N[C@@H](CS)C(N)=O,1,4.18412,1
CC[C@H](C)[C@H](NC(=O)[C@H](CCCC[NH3+])NC(=O)[C@H](CCCC[NH3+])NC(=O)[C@H](C)NC(=O)[C@H](CC(C)C)NC(=O)[C@H](C)NC(=O)[C@H](C)NC(=O)[C@H](CC(C)C)NC(=O)[C@H](C)NC(=O)[C@H](CCCC[NH3+])NC(=O)[C@H](CC(C)C)NC(=O)[C@H](CC(N)=O)NC(=O)[C@@H](NC(=O)[C@H](CCCC[NH3+])NC(=O)CNC(=O)[C@H](CC(C)C)NC(=O)[C@H](CC(C)C)NC(=O)[C@H](Cc1ccc(O)cc1)NC(=O)CNC(=O)[C@H](C)NC(=O)[C@H](CO)NC(=O)[C@H](CC(N)=O)NC(=O)[C@@H](N)CC(C)C)[C@@H](C)CC)C(=O)N[C@H](C=O)CC(C)C,1,6.7557535,1
CC(=O)N[C@@H](CS)C(=O)N[C@@H](Cc1c[nH]c2ccccc12)C(=O)N[C@@H](CCCC[NH3+])C(=O)N[C@@H](CCCC[NH3+])C(=O)N[C@@H](CCCC[NH3+])C(=O)N[C@@H](CCCC[NH3+])C(=O)N[C@@H](CCCC[NH3+])C(=O)N[C@@H](CCCC[NH3+])C(=O)N[C@@H](CCCC[NH3+])C(=O)N[C@@H](CCCC[NH3+])C(=O)N[C@@H](CCCC[NH3+])C(=O)N[C@@H](CCCC[NH3+])C(=O)N[C@@H](CCCC[NH3+])C(=O)N[C@@H](CCCC[NH3+])C(=O)N[C@@H](CCCC[NH3+])C(=O)N[C@@H](CCCC[NH3+])C(=O)N[C@@H](CCCC[NH3+])C(=O)N[C@@H](CCCC[NH3+])C(=O)N[C@@H](CCCC[NH3+])C(=O)N[C@H](C=O)CCCC[NH3+],1,7.7618756,1
CC[C@H](C)[C@H](NC(=O)[C@H](CCCC[NH3+])NC(=O)[C@@H](NC(=O)[C@H](CCC(N)=O)NC(=O)[C@@H]([NH3+])CCCNC(N)=[NH2+])[C@@H](C)CC)C(=O)N[C@@H](Cc1c[nH]c2ccccc12)C(=O)N[C@@H](Cc1ccccc1)C(=O)N[C@@H](CCC(N)=O)C(=O)N[C@@H](CC(N)=O)C(=O)N[C@@H](CCCNC(N)=[NH2+])C(=O)N[C@@H](CCCNC(N)=[NH2+])C(=O)N[C@@H](CCSC)C(=O)N[C@@H](CCCC[NH3+])C(=O)N[C@@H](Cc1c[nH]c2ccccc12)C(=O)N[C@@H](CCCC[NH3+])C(=O)N[C@@H](CCCC[NH3+])C(=O)O,1,3.8116999,1
C[C@H](N)C(=O)N[C@@H](CS)C(=O)N[C@@H](CCCNC(N)=[NH2+])C(=O)N[C@@H](CCCNC(N)=[NH2+])C(=O)N[C@@H](CO)C(=O)N[C@@H](CCCNC(N)=[NH2+])C(=O)N[C@@H](CCCNC(N)=[NH2+])C(=O)NCC(=O)N[C@@H](CS)C(=O)NCC(=O)N[C@@H](CCCNC(N)=[NH2+])C(=O)N[C@@H](CCCNC(N)=[NH2+])C(=O)N[C@@H](CO)C(=O)N[C@@H](CCCNC(N)=[NH2+])C(=O)N[C@@H](CCCNC(N)=[NH2+])C(=O)N[C@@H](CS)C(=O)NCC=O,1,7.392872,1
CC(=O)N[C@@H](CCCNC(N)=[NH2+])C(=O)N[C@@H](CC(C)C)C(=O)N[C@@H](CC(C)C)C(=O)N[C@@H](CCCNC(N)=[NH2+])C(=O)N[C@@H](CC(C)C)C(=O)N[C@@H](CC(C)C)C(=O)N[C@@H](CC(C)C)C(=O)N[C@@H](CCCNC(N)=[NH2+])C(=O)N[C@@H](CC(C)C)C(=O)N[C@@H](Cc1c[nH]c2ccccc12)C(=O)N[C@@H](CCCNC(N)=[NH2+])C(=O)N[C@@H](CCCNC(N)=[NH2+])C(=O)N[C@@H](CC(C)C)C(=O)N[C@@H](CC(C)C)C(=O)N[C@@H](CCCNC(N)=[NH2+])C(=O)N[C@@H](CC(C)C)C(=O)N[C@@H](CC(C)C)C(=O)N[C@@H](CCCNC(N)=[NH2+])C(N)=O,1,3.5616264,1
C[C@H](NC(=O)[C@H](CCCC[NH3+])NC(=O)[C@H](CO)NC(=O)[C@H](CCCNC(N)=[NH2+])NC(=O)[C@H](C)NC(O)C(CC1CNCN1)NC(O)C(CC1CNCN1)NC(=O)[C@H](CCCNC(N)=[NH2+])NC(=O)[C@H](CCCNC(N)=[NH2+])NC(=O)[C@@H](N)CO)C(=O)N[C@@H](CCCC[NH3+])C(=O)N[C@@H](CCCNC(N)=[NH2+])C(=O)N[C@@H](CO)C(=O)N[C@@H](CCCNC(N)=[NH2+])C(=O)NC(CC1CNCN1)C(O)NC(CO)CC1CNCN1,1,4.902555,1
NC(=[NH2+])NCCC[C@@H](C=O)NC(=O)[C@H](CCCNC(N)=[NH2+])NC(=O)[C@H](CCCNC(N)=[NH2+])NC(=O)[C@H](CCCNC(N)=[NH2+])NC(=O)[C@H](CCCNC(N)=[NH2+])NC(=O)[C@H](CCCNC(N)=[NH2+])NC(=O)[C@H](CCCNC(N)=[NH2+])NC(=O)[C@H](CCCNC(N)=[NH2+])NC(=O)[C@H](CCCNC(N)=[NH2+])NC(=O)[C@H](CCCNC(N)=[NH2+])NC(=O)[C@@H](N)CCCNC(N)=[NH2+],1,10.883104,1
C[C@H](NC(=O)[C@H](CCC(N)=O)NC(=O)[C@@H](N)CCCNC(N)=[NH2+])C(=O)N[C@@H](CCCNC(N)=[NH2+])C(=O)N[C@@H](CCCNC(N)=[NH2+])C(=O)N[C@@H](CC(N)=O)C(=O)N[C@@H](CCCNC(N)=[NH2+])C(=O)N[C@@H](CCCNC(N)=[NH2+])C(=O)N[C@@H](CCCNC(N)=[NH2+])C(=O)N[C@H](C=O)CS,1,10.207071,1
CC[C@H](C)[C@H](NC(=O)[C@H](CCCC[NH3+])NC(=O)[C@@H](NC(=O)[C@H](CCC(N)=O)NC(=O)[C@@H]([NH3+])CCCNC(N)=[NH2+])[C@@H](C)CC)C(=O)N[C@@H](Cc1c[nH]c2ccccc12)C(=O)N[C@@H](Cc1ccccc1)C(=O)N[C@@H](CCC(N)=O)C(=O)N[C@@H](CC(N)=O)C(=O)N[C@@H](CCCNC(N)=[NH2+])C(=O)N[C@@H](CCCNC(N)=[NH2+])C(=O)N[C@@H](CCSC)C(=O)N[C@@H](CCCC[NH3+])C(=O)N[C@@H](Cc1c[nH]c2ccccc12)C(=O)N[C@@H](CCCC[NH3+])C(=O)N[C@@H](CCCC[NH3+])C(=O)O,1,3.8116999,1
NC(=[NH2+])NCCC[C@@H](NC(=O)[C@H](N)CS)C(=O)N[C@H](Cc1c[nH]c2ccccc12)C(=O)N[C@H](CCCNC(N)=[NH2+])C(=O)N[C@H](Cc1c[nH]c2ccccc12)C(=O)N[C@H](CCCC[NH3+])C(=O)N[C@H](CS)C(=O)N[C@H](CS)C(=O)N[C@H](CCCC[NH3+])C(=O)N[C@@H](C=O)CCCC[NH3+],1,4.621422,1
NC(=[NH2+])NCCC[C@H](NC(=O)[C@H](Cc1c[nH]c2ccccc12)NC(=O)[C@@H](CCCNC(N)=[NH2+])NC(=O)[C@@H](N)CS)C(=O)N[C@@H](Cc1c[nH]c2ccccc12)C(=O)N[C@@H](CCCC[NH3+])C(=O)N[C@@H](CS)C(=O)N[C@@H](CS)C(=O)N[C@@H](CCCC[NH3+])C(=O)N[C@H](C=O)CCCC[NH3+],1,4.747052,1
CC[C@H](C)[C@H](NC(=O)[C@H](CC(C)C)NC(=O)[C@@H](N)CCCC[NH3+])C(=O)N[C@@H](CCCC[NH3+])C(=O)NCC(=O)N[C@@H](CCCNC(N)=[NH2+])C(=O)N[C@H](C(=O)N1CCC[C@H]1C(=O)N[C@H](C(=O)N[C@@H](CCCC[NH3+])C(=O)N[C@@H](Cc1ccccc1)C(=O)NCC(=O)N[C@@H](CCCC[NH3+])C(=O)N[C@@H](C)C(=O)N[C@@H](CC(=O)O)C(=O)N[C@@H](CS)C(=O)N[C@@H](CC(=O)O)C(=O)N[C@@H](CCCNC(N)=[NH2+])C(=O)N1CCC[C@H]1C(=O)N1CCC[C@H]1C(=O)N[C@@H](CCCC[NH3+])C(=O)NC(CC1CNCN1)C(O)N[C@@H](CO)C(=O)NCC(=O)N[C@H](C=O)CCCC[NH3+])[C@@H](C)CC)[C@@H](C)O,1,7.066678,1
CC[C@H](C)[C@H](NC(=O)[C@H](CCCC[NH3+])NC(=O)[C@@H](NC(=O)[C@H](CCC(N)=O)NC(=O)[C@@H]([NH3+])CCCNC(N)=[NH2+])[C@@H](C)CC)C(=O)N[C@@H](Cc1c[nH]c2ccccc12)C(=O)N[C@@H](Cc1ccccc1)C(=O)N[C@@H](CCC(N)=O)C(=O)N[C@@H](CC(N)=O)C(=O)N[C@@H](CCCNC(N)=[NH2+])C(=O)N[C@@H](CCCNC(N)=[NH2+])C(=O)N[C@@H](CCSC)C(=O)N[C@@H](CCCC[NH3+])C(=O)N[C@@H](Cc1c[nH]c2ccccc12)C(=O)N[C@@H](CCCC[NH3+])C(=O)N[C@@H](CCCC[NH3+])C(=O)O,1,3.8116999,1
C[C@H](NC(=O)[C@H](CCCNC(N)=[NH2+])NC(=O)[C@H](CCCNC(N)=[NH2+])NC(=O)[C@H](CCC(=O)O)NC(=O)[C@H](CCCNC(N)=[NH2+])NC(=O)[C@H](CCCNC(N)=[NH2+])NC(=O)[C@@H](N)CCCNC(N)=[NH2+])C(=O)N[C@@H](CCC(=O)O)C(=O)N[C@H](C=O)CCCC[NH3+],1,11.480069,1
NCC(=O)N[C@@H](CCCNC(N)=[NH2+])C(=O)N[C@@H](CCCC[NH3+])C(=O)N[C@@H](CCCC[NH3+])C(=O)N[C@@H](CCCNC(N)=[NH2+])C(=O)N[C@@H](CCCNC(N)=[NH2+])C(=O)N[C@@H](CCC(N)=O)C(=O)N[C@@H](CCCNC(N)=[NH2+])C(=O)N[C@@H](CCCNC(N)=[NH2+])C(=O)N[C@@H](CCCNC(N)=[NH2+])C(=O)N1CCC[C@H]1C(=O)N1CCC[C@H]1C(=O)N[C@H](C=O)CCC(N)=O,1,11.084259,1
NC(=[NH2+])NCCC[C@@H](C=O)NC(=O)[C@H](CCCNC(N)=[NH2+])NC(=O)[C@H](CCCNC(N)=[NH2+])NC(=O)[C@H](CCCNC(N)=[NH2+])NC(=O)[C@H](CCCNC(N)=[NH2+])NC(=O)[C@H](CCCNC(N)=[NH2+])NC(=O)[C@H](CCCNC(N)=[NH2+])NC(=O)[C@H](CCCNC(N)=[NH2+])NC(=O)[C@H](Cc1c[nH]c2ccccc12)NC(=O)[C@H](Cc1c[nH]c2ccccc12)NC(=O)[C@H](Cc1c[nH]c2ccccc12)NC(=O)[C@@H](N)Cc1c[nH]c2ccccc12,1,7.7555733,1
CC[C@H](C)[C@H](NC(=O)[C@H](CCCNC(N)=[NH2+])NC(=O)[C@@H](NC(=O)[C@H](CCC(N)=O)NC(=O)[C@@H](N)CCCNC(N)=[NH2+])[C@@H](C)CC)C(=O)N[C@@H](Cc1c[nH]c2ccccc12)C(=O)N[C@@H](Cc1ccccc1)C(=O)N[C@@H](CCC(N)=O)C(=O)N[C@@H](CC(N)=O)C(=O)N[C@@H](CCCNC(N)=[NH2+])C(=O)N[C@@H](CCCNC(N)=[NH2+])C(=O)N[C@@H](CCSC)C(=O)N[C@@H](CCCNC(N)=[NH2+])C(=O)N[C@@H](Cc1c[nH]c2ccccc12)C(=O)N[C@@H](CCCNC(N)=[NH2+])C(=O)N[C@H](C=O)CCCNC(N)=[NH2+],1,9.848124,1
CC(C)C[C@H](NC(=O)[C@H](CO)NC(=O)[C@H](CO)NC(=O)[C@H](Cc1c[nH]c2ccccc12)NC(=O)[C@H](CC(C)C)NC(=O)[C@H](CO)NC(=O)[C@@H]1CCCN1C(=O)[C@H](Cc1c[nH]c2ccccc12)NC(=O)[C@H](C)NC(=O)[C@H](CO)NC(=O)[C@H](Cc1c[nH]c2ccccc12)NC(=O)[C@H](CC(C)C)NC(=O)[C@@H](N)CCCC[NH3+])C(=O)N[C@@H](Cc1c[nH]c2ccccc12)C(=O)N[C@@H](CCCC[NH3+])C(=O)N1CCC[C@H]1C(N)=O,1,-3.377049,1
CC[C@H](C)[C@@H]1NC(=O)[C@@H]2CCCN2C(=O)[C@@H]2CCCN2C(=O)[C@H]([C@@H](C)CC)NC(=O)[C@H](CO)NC(=O)[C@H](CCCC[NH3+])NC(=O)[C@H]([C@@H](C)O)NC(=O)[C@@H]2CSSC[C@H](NC1=O)C(=O)N[C@@H](Cc1ccccc1)C(=O)N1CCC[C@H]1C(=O)N[C@@H](CC(=O)O)C(=O)NCC(=O)N[C@@H](CCCNC(N)=[NH2+])C(=O)N2,1,-3.9622927,1
CC(C)C[C@H](NC(=O)[C@@H](NC(=O)[C@H](CCCCN)NC(=O)[C@H](Cc1ccc(O)cc1)NC(=O)[C@@H](NC(=O)[C@H](Cc1ccc(O)cc1)NC(=O)[C@@H](NC(=O)[C@H](CO)NC(=O)[C@H](Cc1ccc(O)cc1)NC(=O)[C@H](CO)NC(=O)[C@H](CCC(=O)O)NC(=O)[C@H](CCCCN)NC(=O)[C@H](CCCNC(=N)N)NC(=O)[C@H](CO)NC(=O)[C@H](CCCNC(=N)N)NC1=[O+]C(CN)CC[C@@H]1NC(=O)[C@H](CCCNC(=N)N)NC(=O)[C@H](CCCCN)NC(=O)[C@H](CCCCN)NC(=O)CNC(=O)[C@H](CC(=O)O)NC(=O)[C@H](CCCCN)NC(=O)[C@H](CCCCN)NC(=O)[C@H](CCC(N)=O)NC(=O)[C@H](C)NC(=O)[C@H](CCCCN)NC(=O)[C@@H](NC(=O)[C@@H](NC(=O)[C@H](C)NC(=O)[C@H](CCCCN)NC(=O)[C@H](CCCCN)NC(=O)[C@H](CO)NC(=O)CNC(=O)[C@@H](N)CCCCN)C(C)C)[C@@H](C)O)C(C)C)C(C)C)C(C)C)C(=O)N[C@@H](CCCCN)C(=O)N[C@H](C=O)CCC(N)=O,1,5.107709,1
C[C@@H](O)[C@@H](C=O)NC(=O)[C@H](CCCNC(N)=[NH2+])NC(=O)[C@H](CCCC[NH3+])NC(=O)[C@H](CCCC[NH3+])NC(=O)[C@H](CCCNC(N)=[NH2+])NC(=O)[C@H](CCCC[NH3+])NC(=O)[C@H](CCCNC(N)=[NH2+])NC(=O)CN,1,8.1214905,1
C[C@H](NC(=O)[C@H](CCCNC(N)=[NH2+])NC(=O)[C@H](CCCNC(N)=[NH2+])NC(=O)[C@H](CCCNC(N)=[NH2+])NC(=O)[C@H](CCCNC(N)=[NH2+])NC(=O)CN)C(=O)N[C@H](C(=O)N[C@@H](C)C(=O)N[C@@H](CCCC[NH3+])C(=O)N[C@@H](Cc1ccc(O)cc1)C(=O)N[C@@H](CCCNC(N)=[NH2+])C(=O)N[C@H](C(=O)N[C@@H](C)C(=O)NC(CO)CC1CNCN1)[C@@H](C)O)[C@@H](C)O,1,2.0093126,1
CC[C@H](C)[C@H](NC(=O)[C@H](CCCC[NH3+])NC(=O)[C@H](C)NC(=O)[C@H](CCC(N)=O)NC(=O)[C@@H](N)CCCNC(N)=[NH2+])C(=O)N[C@@H](Cc1c[nH]c2ccccc12)C(=O)N[C@@H](Cc1ccccc1)C(=O)N[C@@H](CCC(N)=O)C(=O)N[C@@H](CC(N)=O)C(=O)N[C@@H](CCCNC(N)=[NH2+])C(=O)N[C@@H](CCCNC(N)=[NH2+])C(=O)N[C@@H](CCSC)C(=O)N[C@@H](CCCC[NH3+])C(=O)N[C@@H](Cc1c[nH]c2ccccc12)C(=O)N[C@@H](CCCC[NH3+])C(=O)N[C@H](C=O)CCCC[NH3+],1,9.626801,1
CC[C@H](C)[C@H](NC(=O)[C@H](CCCC[NH3+])NC(=O)[C@@H](NC(=O)[C@H](CCC(N)=O)NC(=O)[C@@H](N)CCCNC(N)=[NH2+])[C@@H](C)CC)C(=O)N[C@@H](Cc1c[nH]c2ccccc12)C(=O)N[C@@H](Cc1ccccc1)C(=O)N[C@@H](CCC(N)=O)C(=O)N[C@@H](CC(N)=O)C(=O)N[C@@H](CCCNC(N)=[NH2+])C(=O)N[C@@H](CCCNC(N)=[NH2+])C(=O)N[C@H](C=O)CCSC,1,9.161074,1
CC[C@H](C)[C@H](NC(=O)[C@@H](NC(=O)[C@@H]1CCCN1C(=O)[C@H](CCCC[NH3+])NC(=O)[C@H](CCCC[NH3+])NC(=O)[C@@H](NC(=O)[C@@H]1CCCN1C(=O)[C@H](CCCC[NH3+])NC(=O)[C@@H](NC(=O)[C@@H](NC(=O)[C@@H](NC(=O)[C@H](CCCC[NH3+])NC(=O)[C@H](CCCC[NH3+])NC(=O)CNC(=O)[C@@H]1CCCN1C(=O)[C@H](CCCC[NH3+])NC(=O)[C@H](CCCC[NH3+])NC(=O)[C@H](CC(N)=O)NC(=O)[C@@H]1CCCN1C(=O)[C@@H](NC(=O)[C@H](CCCNC(N)=[NH2+])NC(=O)[C@@H](N)CCCC[NH3+])[C@@H](C)CC)[C@@H](C)O)[C@@H](C)O)[C@@H](C)O)[C@@H](C)O)[C@@H](C)O)C(=O)N[C@@H](CCCC[NH3+])C(=O)N[C@H](C(=O)N[C@H](C(=O)N[C@@H](CCCC[NH3+])C(=O)N[C@H](C=O)CCCC[NH3+])[C@@H](C)O)[C@@H](C)O,1,7.573225,1
NC(=[NH2+])NCCC[C@@H](N)C(=O)N[C@H](CCCNC(N)=[NH2+])C(=O)N[C@H](CCCNC(N)=[NH2+])C(=O)N[C@H](CCCNC(N)=[NH2+])C(=O)N[C@H](CCCNC(N)=[NH2+])C(=O)N[C@H](CCCNC(N)=[NH2+])C(=O)N[C@H](CCCNC(N)=[NH2+])C(=O)N[C@H](CCCNC(N)=[NH2+])C(=O)N[C@H](CCCNC(N)=[NH2+])C(=O)N[C@H](CCCNC(N)=[NH2+])C(=O)N[C@H](CCCNC(N)=[NH2+])C(=O)N[C@H](CCCNC(N)=[NH2+])C(N)=O,1,7.7237515,1
C[C@@H](O)[C@H](NC(=O)[C@H](CCCNC(N)=[NH2+])NC(=O)[C@H](CCCC[NH3+])NC(=O)[C@H](CC(N)=O)NC(=O)CNC(=O)[C@@H](N)CS)C(=O)N[C@@H](CCCNC(N)=[NH2+])C(=O)NCC(=O)N[C@H](C=O)CS,1,3.9372458,1
CC(C)C[C@H](NC(=O)CN)C(=O)N[C@@H](CCCC[NH3+])C(=O)N[C@@H](CCCC[NH3+])C(=O)N[C@@H](CC(C)C)C(=O)N[C@@H](C)C(=O)N[C@@H](CCC(=O)O)C(=O)N[C@@H](CC(C)C)C(=O)N[C@@H](C)C(=O)NC(CC1CNCN1)C(O)N[C@@H](CCCC[NH3+])C(=O)N[C@@H](CC(C)C)C(=O)N[C@@H](CC(C)C)C(=O)N[C@@H](CCCC[NH3+])C(=O)N[C@@H](CC(C)C)C(=O)NCC(=O)N[C@@H](CS)C(N)=O,1,-2.5281763,1
CC[C@H](C)[C@H](NC(=O)[C@H](CCCNC(N)=[NH2+])NC(=O)[C@@H](N)CCCC[NH3+])C(=O)N1CCC[C@H]1C(=O)N[C@@H](CC(N)=O)C(=O)N[C@@H](CCCC[NH3+])C(=O)N[C@@H](CCCC[NH3+])C(=O)N1CCC[C@H]1C(=O)N[C@@H](CCCC[NH3+])C(=O)N[C@H](C=O)CCCC[NH3+],1,9.1958685,1
CCC[C@@H](C=O)NC(=O)[C@H](C)NC(=O)[C@H](C)NC(=O)[C@H](Cc1c[nH]c2ccccc12)NC(=O)[C@H](CCC(=O)O)NC(=O)CNC(=O)[C@@H](NC(=O)[C@H](CC(C)C)NC(=O)[C@H](CCCNC(=N)N)NC(=O)[C@H](CCC)NC(=O)[C@@H](NC(=O)[C@H](Cc1c[nH]cn1)NC(=O)[C@@H](NC(=O)[C@@H](NC(=O)[C@H](Cc1ccccc1)NC(=O)[C@@H](NC(=O)[C@H](CCCNC(=N)N)NC(=O)[C@@H](NC(=O)[C@H](CCCNC(=N)N)NC(=O)[C@H](CCC)NC(=O)[C@H](CCC)NC(=O)CNC(=O)[C@H](CS)NC(=O)[C@H](C)NC(=O)[C@H](CCCNC(=N)N)NC(=O)[C@H](CCCNC(=N)N)NC(=O)[C@@H](NC(=O)[C@H](CCCNC(=N)N)NC(=O)[C@H](CC(C)C)NC(=O)[C@@H](NC(=O)[C@@H](NC(=O)[C@H](CC(C)C)NC(=O)[C@H](Cc1ccccc1)NC(=O)[C@H](CCCNC(=N)N)NC(=O)[C@H](CCCNC(=N)N)NC(=O)[C@@H](NC(=O)[C@@H](N)CCSC)C(C)C)C(C)C)[C@@H](C)O)[C@@H](C)CC)C(C)C)C(C)C)C(C)C)C(C)C)[C@@H](C)CC)[C@@H](C)O,1,-0.026758084,1
CC(C)C[C@H](NC(=O)[C@H](CCCC[NH3+])NC(=O)[C@H](CCCNC(N)=[NH2+])NC(=O)[C@H](Cc1ccccc1)NC(=O)[C@H](Cc1ccccc1)NC(=O)[C@H](CCCC[NH3+])NC(=O)[C@H](CCCC[NH3+])NC(=O)[C@H](Cc1ccccc1)NC(=O)[C@H](CCCNC(N)=[NH2+])NC(=O)[C@H](CCCC[NH3+])NC(=O)[C@@H](N)C(C)C)C(=O)N[C@@H](CCCC[NH3+])C(=O)N[C@@H](CCCC[NH3+])C(=O)N[C@@H](CC(C)C)C(=O)N[C@H](C(N)=O)C(C)C,1,2.8691218,1
CC[C@H](C)[C@H](NC(=O)[C@H](CC(C)C)NC(=O)[C@@H](NC(=O)[C@H](CCCNC(N)=[NH2+])NC(=O)[C@H](Cc1ccccc1)NC(=O)[C@@H](NC(=O)[C@@H](NC(=O)[C@@H](N)CC(C)C)[C@@H](C)CC)[C@@H](C)CC)[C@@H](C)CC)C(=O)N[C@@H](CO)C(=O)NC(CC1CNCN1)C(O)N[C@@H](CCCNC(N)=[NH2+])C(=O)N[C@H](C=O)CCCNC(N)=[NH2+],1,9.041665,1
CC[C@H](C)[C@H](NC(=O)[C@H](C)NC(=O)[C@@H](NC(=O)[C@@H](N)Cc1ccc(O)cc1)[C@@H](C)O)C(=O)N[C@@H](C)C(=O)N[C@@H](Cc1c[nH]c2ccccc12)C(=O)N[C@H](C(=O)N[C@@H](CCCC[NH3+])C(=O)N[C@@H](C)C(=O)N[C@@H](Cc1ccccc1)C(=O)N[C@H](C(=O)N[C@@H](CCCNC(N)=[NH2+])C(=O)N[C@@H](CCCC[NH3+])C(=O)N[C@@H](CC(C)C)C(=O)N[C@@H](CCCNC(N)=[NH2+])C(=O)N[C@H](C=O)CCCC[NH3+])[C@@H](C)CC)C(C)C,1,8.066193,1
CCC(NC(=O)[C@H](CC(=O)O)NC(=O)CN)C(O)N[C@@H](CC(C)C)C(=O)N1CCC[C@H]1C(=O)NC(CC1CNCN1)C(O)N[C@@H](CC(C)C)C(=O)N[C@@H](CCCCN)C(=O)N[C@@H](CC(C)C)C(=O)N[C@@H](CS)C(=O)O,1,-4.05863,1
CC[C@H](C)[C@H](NC(=O)[C@H](CS)NC(=O)[C@H](CO)NC(=O)[C@@H](NC(=O)[C@@H]1CCCN1C(=O)[C@@H]1CCCN1C(=O)CNC(=O)[C@H](CCCNC(N)=[NH2+])NC(=O)[C@@H](NC(=O)[C@H](CCCC[NH3+])NC(=O)[C@H](CCCNC(N)=[NH2+])NC(=O)[C@H](CCSC)NC(=O)[C@H](CC(N)=O)NC(=O)[C@H](CCCNC(N)=[NH2+])NC(=O)[C@H](CCC(N)=O)NC(=O)[C@H](Cc1c[nH]c2ccccc12)NC(=O)[C@@H](N)CCC(N)=O)C(C)C)C(C)C)C(=O)N[C@@H](CCCC[NH3+])C(=O)N[C@H](C=O)CCCNC(N)=[NH2+],1,7.272619,1
C[C@H](N)C(=O)N[C@@H](CS)C(=O)N[C@@H](CCCNC(N)=[NH2+])C(=O)NCC(=O)N[C@@H](CCCNC(N)=[NH2+])C(=O)NCC(=O)N[C@@H](CCCNC(N)=[NH2+])C(=O)NCC(=O)N[C@@H](CS)C(=O)N[C@@H](CCCNC(N)=[NH2+])C(=O)NCC(=O)N[C@@H](CCCNC(N)=[NH2+])C(=O)NCC(=O)N[C@@H](CCCNC(N)=[NH2+])C(=O)NCC(=O)N[C@@H](CS)C(=O)NCC=O,1,4.766884,1
CC[C@H](C)[C@H](NC(=O)[C@H](CCCC[NH3+])NC(=O)[C@H](Cc1ccccc1)NC(=O)[C@@H](NC(=O)[C@@H](NC(=O)[C@@H](N)CCSC)[C@@H](C)CC)[C@@H](C)CC)C(=O)N[C@@H](C)C(=O)N[C@@H](C)C(=O)N[C@@H](CO)C(=O)NC(CC1CNCN1)C(O)N[C@@H](CCCC[NH3+])C(=O)N[C@H](C=O)CCCC[NH3+],1,8.976147,1
CC[C@H](C)[C@H](NC(=O)[C@H](CCCNC(N)=[NH2+])NC(=O)[C@H](CCCNC(N)=[NH2+])NC(=O)[C@H](CCCNC(N)=[NH2+])NC(=O)[C@H](CC(C)C)NC(=O)[C@@H](NC(=O)[C@@H](NC(=O)[C@H](CC(C)C)NC(=O)[C@@H](N)CC(C)C)[C@@H](C)CC)[C@@H](C)CC)C(=O)N[C@@H](CCCNC(N)=[NH2+])C(=O)N[C@@H](CCCC[NH3+])C(=O)N[C@@H](CCC(N)=O)C(=O)N[C@@H](C)C(=O)NC(CC1CNCN1)C(O)N[C@H](C)C(=O)NC(CC1CNCN1)C(O)N[C@@H](CO)C(=O)N[C@H](C=O)CCCC[NH3+],1,9.8938265,1
CC[C@H](C)[C@H](NC(=O)[C@H](CC(C)C)NC(=O)[C@H](CC(=O)O)NC(=O)[C@H](CCCNC(N)=[NH2+])NC(=O)[C@H](C)NC(=O)[C@@H](NC(=O)[C@@H](NC(=O)[C@@H](N)CCSC)[C@@H](C)CC)[C@@H](C)CC)C(=O)N[C@H](C=O)CO,1,9.32866,1
CC[C@H](C)[C@H](NC(=O)[C@H](CCCC[NH3+])NC(=O)[C@H](CCCC[NH3+])NC(=O)[C@H](C)NC(=O)[C@H](CC(C)C)NC(=O)[C@H](C)NC(=O)[C@H](C)NC(=O)[C@H](CC(C)C)NC(=O)[C@H](C)NC(=O)[C@H](CCCC[NH3+])NC(=O)[C@H](CC(C)C)NC(=O)[C@H](CC(N)=O)NC(=O)[C@@H](NC(=O)[C@H](CCCC[NH3+])NC(=O)CNC(=O)[C@H](CC(C)C)NC(=O)[C@H](CC(C)C)NC(=O)[C@H](Cc1ccc(O)cc1)NC(=O)CNC(=O)[C@H](C)NC(=O)[C@H](CO)NC(=O)[C@H](CC(N)=O)NC(=O)[C@H](CC(C)C)NC(=O)[C@@H](NC(=O)[C@H](Cc1c[nH]c2ccccc12)NC(=O)CN)[C@@H](C)O)[C@@H](C)CC)C(=O)N[C@H](C=O)CC(C)C,1,6.1459208,1
CC[C@H](C)[C@H](NC(=O)CNC(=O)[C@H](CC(=O)O)NC(=O)[C@H](CO)NC(=O)[C@@H]([NH3+])Cc1c[nH]cn1)C(=O)N[C@@H](Cc1ccccc1)C(=O)N[C@H](C(=O)N[C@@H](CC(=O)O)C(=O)N[C@@H](CO)C(=O)N[C@@H](Cc1ccc(O)cc1)C(=O)N[C@@H](CO)C(=O)N[C@@H](CCCNC(N)=[NH2+])C(=O)N[C@@H](Cc1ccc(O)cc1)C(=O)N[C@@H](CCCNC(N)=[NH2+])C(=O)N[C@@H](CCCC[NH3+])C(=O)N[C@@H](CCC(N)=O)C(=O)N[C@@H](CCSC)C(=O)N[C@@H](C)C(=O)N[C@H](C(=O)N[C@@H](CCCC[NH3+])C(=O)N[C@@H](CCCC[NH3+])C(=O)N[C@@H](Cc1ccc(O)cc1)C(=O)N[C@@H](CC(C)C)C(=O)N[C@@H](C)C(=O)N[C@@H](C)C(=O)N[C@H](C(=O)N[C@@H](CC(C)C)C(=O)NCC(=O)N[C@@H](CCCC[NH3+])C(=O)N[C@@H](CCCNC(N)=[NH2+])C(=O)N[C@@H](Cc1ccc(O)cc1)C(=O)N[C@@H](CCCC[NH3+])C(=O)N[C@@H](CCC(N)=O)C(=O)N[C@@H](CCCNC(N)=[NH2+])C(=O)N[C@H](C(=O)N[C@@H](CCCC[NH3+])C(=O)N[C@@H](CC(N)=O)C(=O)N[C@@H](CCCC[NH3+])C(N)=O)C(C)C)C(C)C)C(C)C)[C@@H](C)O,1,-1.2311141,1
CC[C@H](C)[C@H](NC(=O)[C@H](CC(N)=O)NC(=O)[C@H](C)NC(=O)[C@H](CC(C)C)NC(=O)[C@H](CC(C)C)NC(=O)[C@H](CC(N)=O)NC(=O)[C@H](CO)NC(O)C(CC1CNCN1)NC(O)C(CC1CNCN1)NC(=O)[C@H](CCCNC(N)=[NH2+])NC(=O)[C@H](CC(C)C)NC(O)C(CC1CNCN1)NC(=O)[C@H](CCCNC(N)=[NH2+])NC(=O)[C@H](CC(C)C)NC(=O)[C@H](CC(C)C)NC(=O)[C@H](CC(C)C)NC(=O)CNC(=O)[C@H](CC(C)C)NC(C)=O)C(N)=O,1,-4.117863,1
NC(=[NH2+])NCCC[C@@H](N)C(=O)N[C@H](CCCNC(N)=[NH2+])C(=O)N[C@H](CCCNC(N)=[NH2+])C(=O)N[C@H](CCCNC(N)=[NH2+])C(=O)N[C@H](CCCNC(N)=[NH2+])C(=O)N[C@H](CCCNC(N)=[NH2+])C(=O)N[C@H](CCCNC(N)=[NH2+])C(=O)N[C@H](CCCNC(N)=[NH2+])C(=O)N[C@H](CCCNC(N)=[NH2+])C(=O)N[C@H](CCCNC(N)=[NH2+])C(=O)N[C@H](CCCNC(N)=[NH2+])C(=O)N[C@H](CCCNC(N)=[NH2+])C(=O)NCC(=O)N[C@@H](CS)C(N)=O,1,7.277728,1
CC(C)[C@H](NC(=O)[C@H](CCCNC(N)=[NH2+])NC(=O)[C@H](CCCNC(N)=[NH2+])NC(=O)[C@H](CCCNC(N)=[NH2+])NC(=O)[C@H](CC(N)=O)NC(=O)[C@H](CCCNC(N)=[NH2+])NC(=O)[C@H](CCCNC(N)=[NH2+])NC(=O)[C@@H](NC(=O)[C@@H](N)CCCNC(N)=[NH2+])[C@@H](C)O)C(=O)N[C@H](C=O)CCCNC(N)=[NH2+],1,10.798568,1
CC[C@H](C)[C@H](NC(=O)[C@H](CO)NC(=O)[C@H](CCCCN)NC(=O)[C@@H](NC(=O)[C@H](CCCNC(=N)N)NC(=O)[C@H](CCC(=O)O)NC(=O)[C@H](Cc1c[nH]c2ccccc12)NC(=O)[C@H](CCSC)NC(=O)[C@H](CO)NC(=O)[C@H](C)N)C(C)C)C(=O)N[C@H](C(=O)N[C@@H](CCCCN)C(=O)N[C@@H](CO)C(=O)N[C@@H](CO)C(=O)N[C@@H](CC(C)C)C(=O)N[C@@H](C)C(=O)N[C@@H](C)C(=O)N[C@@H](C)C(=O)N[C@@H](CO)C(=O)N[C@@H](CC(N)=O)C(=O)N[C@H](C=O)[C@@H](C)CC)[C@@H](C)CC,1,4.0946865,1
C[C@H](NC(=O)[C@H](CCC(N)=O)NC(=O)[C@H](CCCC[NH3+])NC(=O)[C@H](CCC(=O)O)NC(=O)[C@H](C)NC(=O)[C@H](CCCNC(N)=[NH2+])NC(=O)[C@H](CCCNC(N)=[NH2+])NC(=O)[C@H](CCC(=O)O)NC(=O)[C@H](CCCNC(N)=[NH2+])NC(=O)[C@H](CCCNC(N)=[NH2+])NC(=O)[C@H](CCCNC(N)=[NH2+])NC(=O)[C@@H](NC(=O)[C@@H](N)CCC(N)=O)[C@@H](C)O)C(=O)N[C@@H](CCC(N)=O)C(=O)N[C@H](C=O)Cc1c[nH]c2ccccc12,1,10.821638,1
CC[C@H](C)[C@H](NC(=O)[C@H](C)NC(=O)[C@H](CC(C)C)NC(=O)[C@H](CCCC[NH3+])NC(=O)[C@H](CC(C)C)NC(=O)[C@@H](NC(=O)[C@@H](NC(=O)[C@@H](N)CCCC[NH3+])[C@@H](C)CC)[C@@H](C)O)C(=O)N[C@@H](CCCC[NH3+])C(=O)N[C@@H](C)C(=O)N[C@@H](Cc1c[nH]c2ccccc12)C(=O)N[C@@H](CCCC[NH3+])C(=O)N[C@@H](CC(C)C)C(=O)N[C@@H](C)C(=O)N[C@@H](CC(C)C)C(=O)N[C@@H](CCCC[NH3+])C(=O)N[C@@H](C)C(=O)N[C@@H](C)C(N)=O,1,3.8568509,1
NCC(=O)N[C@@H](CCCNC(N)=[NH2+])C(=O)NCC(=O)N[C@@H](CC(=O)O)C(=O)N[C@@H](CO)C(=O)N1CCC[C@H]1C(=O)N[C@@H](CCCNC(N)=[NH2+])C(=O)N[C@@H](CCCNC(N)=[NH2+])C(=O)N[C@@H](CO)C(=O)N1CCC[C@H]1C(=O)N[C@@H](CCCNC(N)=[NH2+])C(=O)N[C@H](C=O)CCCNC(N)=[NH2+],1,9.537448,1
CC[C@H](C)[C@H](NC(=O)[C@H](CC(C)C)NC(=O)[C@@H](N)CCCC[NH3+])C(=O)N[C@@H](CCCC[NH3+])C(=O)NCC(=O)N[C@@H](CCCNC(N)=[NH2+])C(=O)N[C@H](C(=O)N1CCC[C@H]1C(=O)N[C@H](C(=O)N[C@@H](CCCC[NH3+])C(=O)N[C@@H](Cc1ccccc1)C(=O)NCC(=O)N[C@@H](CCCC[NH3+])C(=O)N[C@@H](C)C(=O)N[C@@H](CCCNC(N)=[NH2+])C(=O)N[C@@H](CS)C(=O)N[C@@H](CCCNC(N)=[NH2+])C(=O)N[C@@H](CCCNC(N)=[NH2+])C(=O)N1CCC[C@H]1C(=O)N1CCC[C@H]1C(=O)N[C@@H](CCCC[NH3+])C(=O)NC(CC1CNCN1)C(O)N[C@@H](CO)C(=O)NCC(=O)N[C@H](C=O)CCCC[NH3+])[C@@H](C)CC)[C@@H](C)O,1,8.337116,1
CC[C@H](C)[C@H](NC(=O)[C@H](CCCNC(N)=[NH2+])NC(=O)[C@H](CC(C)C)NC(=O)[C@H](CCC(N)=O)NC(=O)[C@@H](N)CCCNC(N)=[NH2+])C(=O)N[C@@H](C)C(=O)NCC(=O)N[C@@H](CCCNC(N)=[NH2+])C(=O)N[C@@H](CCCNC(N)=[NH2+])C(=O)N[C@@H](CC(C)C)C(=O)N[C@@H](CCCNC(N)=[NH2+])C(=O)NCC(=O)N[C@@H](CCCNC(N)=[NH2+])C(=O)N[C@@H](CO)C(=O)N[C@H](C=O)CCCNC(N)=[NH2+],1,10.453587,1
NC(=[NH2+])NCCC[C@H](NC(=O)[C@H](CCCNC(N)=[NH2+])NC(=O)[C@H](CCCNC(N)=[NH2+])NC(=O)[C@H](CCCNC(N)=[NH2+])NC(=O)[C@H](CCCNC(N)=[NH2+])NC(=O)[C@H](CCCNC(N)=[NH2+])NC(=O)[C@H](CCCNC(N)=[NH2+])NC(=O)[C@H](CCCNC(N)=[NH2+])NC(=O)[C@@H](N)CCCNC(N)=[NH2+])C(N)=O,1,5.8813715,1
CC(C)C[C@H](NC(=O)CN)C(=O)N[C@@H](Cc1c[nH]c2ccccc12)C(=O)N[C@@H](CCCNC(N)=[NH2+])C(=O)N[C@@H](C)C(=O)N[C@@H](CC(C)C)C(=O)N[C@@H](Cc1c[nH]c2ccccc12)C(=O)N[C@@H](CCCNC(N)=[NH2+])C(=O)N[C@@H](CC(C)C)C(=O)N[C@@H](CC(C)C)C(=O)N[C@@H](CCCNC(N)=[NH2+])C(=O)N[C@@H](CO)C(=O)N[C@@H](CC(C)C)C(=O)N[C@@H](Cc1c[nH]c2ccccc12)C(=O)N[C@@H](CCCNC(N)=[NH2+])C(=O)N[C@@H](CC(C)C)C(=O)N[C@@H](CC(C)C)C(=O)N[C@@H](Cc1c[nH]c2ccccc12)C(=O)N[C@@H](CCCNC(N)=[NH2+])C(=O)N[C@@H](C)C=O,1,7.4212303,1
CC(C)C[C@H](NC(=O)CN)C(=O)N[C@@H](CCCC[NH3+])C(=O)N[C@@H](CCCC[NH3+])C(=O)N[C@@H](CC(C)C)C(=O)N[C@@H](C)C(=O)N[C@@H](CCC(=O)O)C(=O)N[C@@H](CC(C)C)C(=O)N[C@@H](Cc1ccccc1)C(=O)NC(CC1CNCN1)C(O)N[C@@H](CCCC[NH3+])C(=O)N[C@@H](CC(C)C)C(=O)N[C@@H](CC(C)C)C(=O)N[C@@H](CCCC[NH3+])C(=O)N[C@@H](CC(C)C)C(=O)NCC(=O)N[C@@H](CS)C(N)=O,1,-3.0164537,1
CSCC[C@H](NC(=O)[C@@H](NC(=O)[C@H](CO)NC(=O)CNC(=O)[C@H](C)NC(=O)[C@H](C)NC(=O)CNC(=O)[C@H](CC(C)C)NC(=O)[C@H](Cc1ccccc1)NC(=O)CNC(=O)[C@H](CC(C)C)NC(=O)[C@H](Cc1ccccc1)NC(=O)[C@H](CC(C)C)NC(=O)[C@H](C)NC(=O)CN)[C@@H](C)O)C(=O)NCC(=O)N[C@@H](C)C(=O)N[C@@H](Cc1c[nH]c2ccccc12)C(=O)N[C@@H](CO)C(=O)N[C@@H](CCC(N)=O)C(=O)N1CCC[C@H]1C(=O)N[C@@H](CCCC[NH3+])C(=O)N[C@@H](CO)C(=O)N[C@@H](CCCC[NH3+])C(=O)N[C@@H](CCCNC(N)=[NH2+])C(=O)N[C@@H](CCCC[NH3+])C(=O)N[C@H](C=O)C(C)C,1,5.4651985,1
CC[C@H](C)[C@H](NC(=O)[C@H](C)NC(=O)[C@H](C)NC(=O)[C@@H]1CCCN1C(=O)[C@H](CCCNC(N)=[NH2+])NC(=O)[C@@H](N)CCCC[NH3+])C(=O)N[C@@H](CCCC[NH3+])C(=O)N[C@@H](CCCC[NH3+])C(=O)N[C@@H](C)C(=O)NCC(=O)N[C@@H](CCC(N)=O)C(=O)N[C@@H](C)C(=O)N[C@@H](CCCC[NH3+])C(=O)N[C@@H](CCCC[NH3+])C(=O)N[C@@H](CCCC[NH3+])C(=O)N[C@H](C=O)CCCC[NH3+],1,10.518951,1
C[C@H](NC(=O)[C@H](CCCC[NH3+])NC(=O)[C@H](CO)NC(=O)[C@H](CCCNC(N)=[NH2+])NC(=O)[C@H](CS)NC(O)C(CC1CNCN1)NC(O)C(CC1CNCN1)NC(=O)[C@H](CCCNC(N)=[NH2+])NC(=O)[C@H](CCCNC(N)=[NH2+])NC(=O)CN)C(=O)N[C@@H](CCCC[NH3+])C(=O)N[C@@H](CCCNC(N)=[NH2+])C(=O)N[C@@H](CO)C(=O)N[C@@H](CCCNC(N)=[NH2+])C(=O)NC(CC1CNCN1)C(O)NC(CO)CC1CNCN1,1,3.2465613,1
C[C@H](N)C(=O)N[C@@H](CS)C(=O)N[C@@H](CO)C(=O)NCC(=O)N[C@@H](CO)C(=O)NCC(=O)N[C@@H](CO)C(=O)NCC(=O)N[C@@H](CS)C(=O)NCC(=O)N[C@@H](CO)C(=O)NCC(=O)N[C@@H](CO)C(=O)NCC(=O)N[C@@H](CO)C(=O)N[C@@H](CS)C(=O)NCC=O,1,-2.1067877,1
NC(=[NH2+])NCCC[C@@H](C=O)NC(=O)[C@H](CCCNC(N)=[NH2+])NC(=O)[C@H](CCCNC(N)=[NH2+])NC(=O)[C@H](CCCNC(N)=[NH2+])NC(=O)[C@H](CCCNC(N)=[NH2+])NC(=O)[C@H](CCCNC(N)=[NH2+])NC(=O)[C@H](CCCNC(N)=[NH2+])NC(=O)[C@@H](N)CCCNC(N)=[NH2+],1,10.358856,1
NCC(=O)N[C@@H](CCCC[NH3+])C(=O)NC(CC1CNCN1)C(O)N[C@@H](CCCNC(N)=[NH2+])C(=O)NC(CC1CNCN1)C(O)N[C@@H](CCC(=O)O)C(=O)N[C@@H](CCCNC(N)=[NH2+])C(=O)NCC(=O)NC(CC1CNCN1)C(O)NC(CC1CNCN1)C(O)N[C@@H](CCCNC(N)=[NH2+])C(=O)N[C@@H](CC(=O)O)C(=O)N[C@@H](CCCNC(N)=[NH2+])C(=O)N[C@@H](CCCNC(N)=[NH2+])C(=O)N[C@@H](CCC(=O)O)C(=O)N[C@H](C=O)CCCNC(N)=[NH2+],1,6.7299166,1
NC(=[NH2+])NCCC[C@@H](C=O)NC(=O)[C@H](CCCNC(N)=[NH2+])NC(=O)[C@H](CCCNC(N)=[NH2+])NC(=O)[C@H](CCCNC(N)=[NH2+])NC(=O)[C@H](CCCNC(N)=[NH2+])NC(=O)[C@H](CCCNC(N)=[NH2+])NC(=O)[C@H](CCCNC(N)=[NH2+])NC(=O)[C@H](CCCNC(N)=[NH2+])NC(=O)[C@@H](N)Cc1c[nH]c2ccccc12,1,9.224134,1
CC[C@H](C)[C@H](NC(=O)[C@H](CCCC[NH3+])NC(=O)[C@H](CC(C)C)NC(=O)[C@@H](NC(=O)[C@H](CO)NC(=O)[C@H](CCCC[NH3+])NC(=O)[C@H](Cc1c[nH]c2ccccc12)NC(=O)[C@@H](NC(=O)[C@H](CCCC[NH3+])NC(=O)[C@H](C)NC(=O)[C@@H](NC(=O)[C@H](CO)NC(=O)[C@H](CCCC[NH3+])NC(=O)[C@H](C)NC(=O)[C@H](C)NC(=O)[C@@H](NC(=O)[C@@H](N)CCCC[NH3+])[C@@H](C)CC)[C@@H](C)CC)[C@@H](C)CC)[C@@H](C)CC)C(=O)N[C@@H](C)C(N)=O,1,-0.6415216,1
CC[C@H](C)[C@H](NC(=O)[C@H](CCCC[NH3+])NC(=O)[C@@H](NC(=O)[C@H](CCC(N)=O)NC(=O)[C@@H]([NH3+])CCCNC(N)=[NH2+])[C@@H](C)CC)C(=O)N[C@@H](Cc1c[nH]c2ccccc12)C(=O)N[C@@H](Cc1ccccc1)C(=O)N[C@@H](CCC(N)=O)C(=O)N[C@@H](CC(N)=O)C(=O)N[C@@H](CCCNC(N)=[NH2+])C(=O)N[C@@H](CCCNC(N)=[NH2+])C(=O)N[C@@H](CCSC)C(=O)N[C@@H](CCCC[NH3+])C(=O)N[C@@H](Cc1c[nH]c2ccccc12)C(=O)N[C@@H](CCCC[NH3+])C(=O)N[C@@H](CCCC[NH3+])C(=O)O,1,3.8116999,1
CC(C)[C@@H](N)C(=O)N[C@H](CS)C(=O)N[C@@H](C(=O)N[C@@H](C=O)CCCNC(N)=[NH2+])C(C)C,1,3.726359,1
CC(C)C[C@@H](C=O)NC(=O)[C@H](CCC(=O)O)NC(=O)[C@@H](NC(=O)[C@H](CC(C)C)NC(=O)[C@@H](NC(=O)[C@H](CCCC[NH3+])NC(=O)[C@@H](NC(=O)[C@H](CC(C)C)NC(=O)[C@H](CCC(=O)O)NC(=O)[C@H](CCCC[NH3+])NC(=O)[C@H](CC(C)C)NC(=O)[C@@H](NC(=O)[C@H](CCC(=O)O)NC(=O)[C@@H](NC(=O)[C@H](CC(C)C)NC(=O)[C@@H](NC(=O)[C@H](CCCC[NH3+])NC(=O)[C@@H](N)CC(C)C)[C@@H](C)O)[C@@H](C)O)[C@@H](C)O)[C@@H](C)O)[C@@H](C)O)[C@@H](C)O,1,3.0969505,1
CC(C)C[C@H](NC(=O)CNC(=O)[C@H](C)NC(=O)[C@H](CCCNC(=N)N)NC(=O)[C@H](CO)NC(=O)[C@H](CO)NC(=O)[C@H](CCCNC(=N)N)NC(=O)[C@@H](NC(=O)[C@H](CCCCN)NC(=O)[C@H](C)NC(=O)[C@H](CCCCN)NC(=O)[C@H](C)NC(=O)[C@H](CCCNC(=N)N)NC(=O)[C@H](C)NC(=O)[C@H](CCCCN)NC(=O)CNC(=O)CNC(=O)[C@H](CCC(N)=O)NC(=O)[C@H](CCCCN)NC(=O)CNC(=O)[C@H](CCCNC(=N)N)NC(=O)CNC(=O)[C@@H](N)CO)[C@@H](C)O)C(=O)N[C@@H](CCC(N)=O)C(=O)N[C@@H](Cc1ccccc1)C(=O)N1CCC[C@H]1C(=O)N[C@H](C(=O)NCC(=O)N[C@@H](CCCNC(=N)N)C(=O)N[C@H](C(=O)N[C@@H](Cc1c[nH]cn1)C(=O)N[C@@H](CCCNC(=N)N)C(=O)N[C@@H](CC(C)C)C(=O)N[C@@H](CC(C)C)C(=O)N[C@@H](CCCNC(=N)N)C(=O)N[C@@H](CCCCN)C(=O)NCC=O)C(C)C)C(C)C,1,3.0001664,1
CC[C@H](C)[C@H](NC(=O)[C@H](CCCC[NH3+])NC(=O)[C@@H](NC(=O)[C@H](CCC(N)=O)NC(=O)[C@@H]([NH3+])CCCNC(N)=[NH2+])[C@@H](C)CC)C(=O)N[C@@H](Cc1c[nH]c2ccccc12)C(=O)N[C@@H](Cc1ccccc1)C(=O)N[C@@H](CCC(N)=O)C(=O)N[C@@H](CC(N)=O)C(=O)N[C@@H](CCCNC(N)=[NH2+])C(=O)N[C@@H](CCCNC(N)=[NH2+])C(=O)N[C@@H](CCSC)C(=O)N[C@@H](CCCC[NH3+])C(=O)N[C@@H](Cc1c[nH]c2ccccc12)C(=O)N[C@@H](CCCC[NH3+])C(=O)N[C@@H](CCCC[NH3+])C(=O)O,1,3.8116999,1
NC(=[NH2+])NCCC[C@@H](N)C(=O)N[C@@H](CCCNC(N)=[NH2+])C(=O)N[C@H](CCCNC(N)=[NH2+])C(=O)NCC(=O)N[C@H](CCCNC(N)=[NH2+])C(=O)N[C@@H](CCCC[NH3+])C(=O)N[C@H](CCCC[NH3+])C(=O)N[C@@H](CCCNC(N)=[NH2+])C(=O)N[C@@H](C=O)CCCNC(N)=[NH2+],1,10.109414,1
CC[C@H](C)[C@H](NC(=O)[C@H](CCCC[NH3+])NC(=O)[C@@H](NC(=O)[C@H](CCC(N)=O)NC(=O)[C@@H](N)CCCNC(N)=[NH2+])[C@@H](C)CC)C(=O)N[C@@H](Cc1c[nH]c2ccccc12)C(=O)N[C@@H](Cc1ccccc1)C(=O)N[C@@H](CCC(N)=O)C(=O)N[C@H](C=O)CC(N)=O,1,8.598507,1
C[C@H](NC(=O)[C@H](C)NC(=O)[C@H](CO)NC(=O)[C@H](CCCNC(N)=[NH2+])NC(=O)[C@H](CS)NC(O)C(CC1CNCN1)NC(O)C(CC1CNCN1)NC(=O)[C@H](CCCNC(N)=[NH2+])NC(=O)[C@H](CCCNC(N)=[NH2+])NC(=O)[C@@H](N)CO)C(=O)N[C@@H](CCCC[NH3+])C(=O)N[C@@H](CCCNC(N)=[NH2+])C(=O)N[C@@H](CO)C(=O)N[C@@H](CCCNC(N)=[NH2+])C(=O)NC(CC1CNCN1)C(O)NC(CO)CC1CNCN1,1,4.453203,1
NC(=[NH2+])NCCC[C@H](NC(=O)[C@H](Cc1ccccc1)NC(=O)[C@H](CCCC[NH3+])NC(=O)[C@H](CCCC[NH3+])NC(=O)[C@@H](N)Cc1ccccc1)C(=O)N[C@@H](CCCC[NH3+])C(=O)N[C@H](C=O)Cc1ccccc1,1,4.900547,1
CCC[C@@H]1NC(=O)[C@@H]2CS34SC[C@H](NC(=O)[C@H]([C@@H](C)CC)NC(=O)[C@H](CS)NC(=O)[C@H](C)NC(=O)CNC1=O)C(=O)N[C@@H](CCCNC(=N)N)C(=O)NCC(=O)N[C@@H](CC(N)=O)C(=O)NCC(=O)N[C@@H](Cc1ccc(O)cc1)C(=O)N[C@H](C(=O)NCC(=O)N[C@@H](CO)C(=O)NCC(=O)N[C@@H](CO)C(=O)N[C@H](C=O)CC(=O)O)C[SH]3[SH]4C[C@H](NC(=O)[C@H](CCCCN)NC(=O)[C@H](CCCCN)NC(=O)[C@H](CC(C)C)NC(=O)[C@@H](NC(=O)[C@H](C)NC(=O)[C@H](CCC)NC(=O)[C@H](CS)NC(=O)[C@@H](NC(=O)CNC(=O)CN)C(C)C)[C@@H](C)CC)C(=O)N[C@@H](CCCNC(=N)N)C(=O)N[C@@H](CCCNC(=N)N)C(=O)N[C@@H](CC(=O)O)C(=O)N[C@@H](CO)C(=O)N[C@@H](CC(=O)O)C(=O)N2,1,-1.1129277,1
C[C@H](N)C(=O)N[C@@H](CS)C(=O)N[C@@H](CO)C(=O)NCC(=O)N[C@@H](CCCNC(N)=[NH2+])C(=O)NCC(=O)N[C@@H](CCCNC(N)=[NH2+])C(=O)NCC(=O)N[C@@H](CS)C(=O)NCC(=O)N[C@@H](CO)C(=O)NCC(=O)N[C@@H](CO)C(=O)NCC(=O)N[C@@H](CO)C(=O)N[C@@H](CS)C(=O)NCC=O,1,0.8022233,1
CC[C@H](C)[C@H](NC(=O)[C@H](CC(C)C)NC(=O)[C@H](C)NC(=O)[C@H](CCCNC(N)=[NH2+])NC(=O)[C@H](Cc1ccccc1)NC(=O)[C@@H](NC(=O)[C@@H](NC(=O)[C@@H](N)CCSC)[C@@H](C)CC)[C@@H](C)CC)C(=O)N[C@@H](CO)C(=O)NC(CC1CNCN1)C(O)N[C@@H](CCCC[NH3+])C(=O)N[C@H](C=O)CCCC[NH3+],1,9.463951,1
CC(C)C[C@H](NC(=O)[C@H](CCCNC(N)=[NH2+])NC(=O)[C@H](CCCNC(N)=[NH2+])NC(=O)[C@H](CC(C)C)NC(=O)[C@H](CC(C)C)NC(=O)[C@H](CCCNC(N)=[NH2+])NC(=O)[C@@H](N)CCCNC(N)=[NH2+])C(=O)N[C@@H](CCCNC(N)=[NH2+])C(=O)N[C@H](C=O)CCCNC(N)=[NH2+],1,10.78826,1
CC[C@H](C)[C@H](NC(=O)[C@H](CCCNC(N)=[NH2+])NC(=O)[C@@H](N)CCCC[NH3+])C(=O)N1CCC[C@H]1C(=O)N[C@@H](CC(N)=O)C(=O)N[C@@H](CCCC[NH3+])C(=O)N[C@@H](CCCC[NH3+])C(=O)N1CCC[C@H]1C(=O)NCC(=O)N[C@@H](CCCC[NH3+])C(=O)N[C@H](C=O)CCCC[NH3+],1,8.785864,1
CC[C@H](C)[C@H](NC(=O)[C@H](CCCC[NH3+])NC(=O)[C@@H](NC(=O)[C@H](CCC(N)=O)NC(=O)[C@@H](N)CCCNC(N)=[NH2+])[C@@H](C)CC)C(=O)N[C@@H](Cc1c[nH]c2ccccc12)C(=O)N[C@@H](Cc1ccccc1)C(=O)N1CCC[C@H]1C(=O)N[C@@H](CC(N)=O)C(=O)N[C@@H](CCCNC(N)=[NH2+])C(=O)N[C@@H](CCCNC(N)=[NH2+])C(=O)N[C@@H](CCSC)C(=O)N[C@@H](CCCC[NH3+])C(=O)N[C@@H](Cc1c[nH]c2ccccc12)C(=O)N[C@@H](CCCC[NH3+])C(=O)N[C@H](C=O)CCCC[NH3+],1,9.5765,1
CC[C@H](C)[C@H](NC(=O)[C@H](CCCNC(N)=[NH2+])NC(=O)[C@@H](NC(=O)[C@@H](N)CCCNC(N)=[NH2+])C(C)C)C(=O)N[C@@H](CC(C)C)C(=O)N[C@@H](C)C(=O)N[C@@H](CCCNC(N)=[NH2+])C(=O)N[C@@H](Cc1ccccc1)C(=O)N[C@@H](CC(C)C)C(=O)N[C@@H](CCCNC(N)=[NH2+])C(=O)N[C@H](C(=O)N[C@@H](CCCNC(N)=[NH2+])C(=O)N[C@H](C=O)C(C)C)[C@@H](C)O,1,8.948008,1
CC[C@H](C)[C@H](NC(=O)[C@H](CCCCN)NC(=O)[C@H](CCCCN)NC(=O)[C@H](C)NC(=O)[C@H](CC(C)C)NC(=O)[C@H](C)NC(=O)[C@H](C)NC(=O)[C@H](CC(C)C)NC(=O)[C@H](C)NC(=O)[C@H](CCCCN)NC(=O)[C@H](CC(C)C)NC(=O)[C@H](CC(N)=O)NC(=O)[C@@H](NC(=O)[C@H](CCCCN)NC(=O)CNC(=O)[C@H](CC(C)C)NC(=O)[C@H](CC(C)C)NC(=O)[C@H](Cc1ccc(O)cc1)NC(=O)CNC(=O)[C@H](C)N)[C@@H](C)O)C(=O)N[C@H](C=O)CC(C)C,1,7.756596,1
NC(=[NH2+])NCCC[C@H](NC(=O)CNC(=O)[C@H](CCCNC(N)=[NH2+])NC(=O)[C@@H](N)CCCNC(N)=[NH2+])C(=O)N[C@@H](CCCNC(N)=[NH2+])C(=O)NCC=O,1,4.830128,1
CC[C@H](C)[C@H](NC(=O)[C@H](CCCNC(N)=[NH2+])NC(=O)[C@H](CC(C)C)NC(=O)[C@@H](NC(=O)[C@@H](NC(=O)[C@H](CC(C)C)NC(=O)[C@H](Cc1ccccc1)NC(=O)[C@H](CCCNC(N)=[NH2+])NC(=O)[C@H](CCCNC(N)=[NH2+])NC(=O)[C@@H](N)C(C)C)C(C)C)[C@@H](C)O)C(=O)N[C@@H](CCCNC(N)=[NH2+])C(=O)N[C@@H](CCCNC(N)=[NH2+])C(=O)N[C@@H](C)C=O,1,6.961956,1
CCC[C@H](NC(=O)[C@@H](NC(=O)[C@H](CC(C)C)NC(=O)[C@H](CC(N)=O)NC(=O)[C@H](CCCNC(=N)N)NC(=O)[C@H](CC(C)C)NC(=O)[C@H](Cc1ccccc1)NC(=O)[C@H](CC(=O)O)NC(=O)[C@H](CCCCN)NC(=O)[C@@H](NC(=O)[C@H](CCCNC(=N)N)NC(=O)[C@H](CCC(N)=O)NC(=O)[C@@H](NC(=O)[C@@H](NC(=O)[C@H](CCCNC(=N)N)NC(=O)[C@H](CCCCN)NC(=O)[C@H](Cc1ccccc1)NC(=O)[C@H](CCC(=O)O)NC(=O)[C@H](CCCCN)NC(=O)CNC(=O)[C@@H](NC(=O)[C@H](CCCCN)NC(=O)[C@H](CCC(=O)O)NC(=O)[C@H](CCCCN)NC(=O)[C@H](CO)NC(=O)[C@H](CCCCN)NC(=O)[C@H](CCCNC(=N)N)NC(=O)[C@H](Cc1ccccc1)NC(=O)[C@H](Cc1ccccc1)NC(=O)[C@H](CC(=O)O)NC(=O)CNC(=O)[C@H](CC(C)C)NC(=O)[C@@H](N)CC(C)C)[C@@H](C)CC)[C@@H](C)CC)C(C)C)[C@@H](C)CC)C(C)C)C(=O)N[C@@H](CCCNC(=N)N)C(=O)N[C@H](C(=O)N[C@@H](CCC(=O)O)C(=O)N[C@@H](CO)C(=O)N[C@H](C=O)CS)[C@@H](C)O,1,0.68528867,1
CC[C@H](C)[C@H](NC(=O)[C@H](C)NC(=O)[C@@H](NC(=O)[C@H](CCC(N)=O)NC(=O)[C@@H]1CCCN1C(=O)[C@H](Cc1ccccc1)NC(=O)[C@@H](NC(O)C(CC1CNCN1)NC(=O)[C@H](Cc1ccccc1)NC(=O)[C@H](CCCC[NH3+])NC(=O)[C@H](CC(N)=O)NC(=O)[C@H](Cc1ccccc1)NC(=O)[C@H](CC(=O)O)NC(=O)[C@H](CCC(N)=O)NC(=O)[C@@H](NC(=O)[C@H](Cc1ccc(O)cc1)NC(=O)[C@@H](NC(=O)CNC(=O)[C@@H](N)CC(C)C)[C@@H](C)O)[C@@H](C)O)[C@@H](C)O)[C@@H](C)O)C(=O)NCC(=O)N[C@H](C(=O)NCC(=O)N[C@@H](C)C(=O)N1CCC[C@H]1C=O)C(C)C,1,-0.7097995,1
CSCC[C@H](NC(=O)[C@H](CC(N)=O)NC(=O)[C@H](CCCNC(N)=[NH2+])NC(=O)[C@H](CCC(N)=O)NC(=O)[C@H](Cc1c[nH]c2ccccc12)NC(=O)[C@H](CCC(N)=O)NC(=O)[C@@H](N)Cc1ccccc1)C(=O)N[C@@H](CCCNC(N)=[NH2+])C(=O)N[C@@H](CCCC[NH3+])C(=O)N[C@H](C(=O)N[C@@H](CCCNC(N)=[NH2+])C(=O)NCC(=O)N1CCC[C@H]1C(=O)N1CCC[C@H]1C(=O)N[C@H](C(=O)N[C@H](C=O)CO)C(C)C)C(C)C,1,5.8438654,1
C[C@H](N)C(=O)N[C@@H](CS)C(=O)N[C@@H](CCCNC(N)=[NH2+])C(=O)NCC(=O)N[C@@H](CO)C(=O)NCC(=O)N[C@@H](CCCNC(N)=[NH2+])C(=O)NCC(=O)N[C@@H](CS)C(=O)NCC(=O)N[C@@H](CCCNC(N)=[NH2+])C(=O)NCC(=O)N[C@@H](CO)C(=O)NCC(=O)N[C@@H](CCCNC(N)=[NH2+])C(=O)N[C@@H](CS)C(=O)NCC=O,1,3.1139636,1
CC[C@H](C)[C@H](NC(=O)[C@H](CCCCN)NC(=O)[C@H](CCCCN)NC(=O)[C@H](C)NC(=O)[C@H](CC(C)C)NC(=O)[C@H](CCCCN)NC(=O)[C@H](C)NC(=O)[C@H](CC(C)C)NC(=O)[C@H](CCCCN)NC(=O)[C@H](C)NC(=O)[C@H](CC(C)C)NC(=O)[C@H](CCCCN)NC(=O)[C@H](C)NC(=O)[C@H](CC(C)C)NC(=O)[C@H](CCCCN)NC(=O)[C@H](C)NC(=O)[C@H](CC(C)C)NC(=O)[C@H](CCCCN)NC(=O)[C@H](C)NC(=O)[C@H](CC(C)C)NC(=O)[C@H](C)NC(=O)[C@H](CC(C)C)NC(=O)[C@H](C)NC(=O)[C@H](CC(C)C)NC(=O)[C@H](C)NC(=O)[C@H](CC(C)C)NC(=O)[C@H](C)NC(=O)[C@H](CC(C)C)NC(=O)[C@H](C)NC(=O)[C@H](CC(C)C)NC(=O)[C@H](C)NC(=O)[C@H](CC(C)C)NC(=O)[C@H](C)NC(=O)[C@@H](N)CC(C)C)C(=O)N[C@H](C=O)CCCCN,1,9.193113,1
CC(C)C[C@H](NC(=O)[C@H](C)NC(=O)[C@H](CC(C)C)NC(=O)[C@H](CC(C)C)NC(=O)[C@@H](NC(=O)[C@H](C)NC(=O)[C@@H]1CCCN1C(=O)[C@H](CC(C)C)NC(=O)[C@H](CC(C)C)NC(=O)[C@H](C)NC(=O)[C@@H](NC(=O)[C@H](C)NC(=O)[C@H](C)NC(=O)[C@H](CCCC[NH3+])NC(=O)[C@H](Cc1ccccc1)NC(=O)[C@H](CCCNC(N)=[NH2+])NC(=O)[C@@H](N)Cc1c[nH]c2ccccc12)C(C)C)C(C)C)C(=O)N[C@@H](CC(C)C)C(=O)N[C@@H](C)C(=O)N1CCC[C@H]1C=O,1,4.0482454,1
CC(C)C[C@H](NC(=O)[C@H](C)NC(=O)[C@H](CC(C)C)NC(=O)[C@H](CCCC[NH3+])NC(=O)[C@H](CC(C)C)NC(=O)[C@H](CCCC[NH3+])NC(=O)[C@H](CC(C)C)NC(=O)[C@H](C)NC(=O)[C@@H](N)CCCC[NH3+])C(=O)N[C@@H](C)C(=O)N[C@@H](CC(C)C)C(=O)N[C@@H](CC(C)C)C(=O)N[C@@H](C)C(=O)N[C@@H](CCCC[NH3+])C(=O)N[C@@H](CC(C)C)C(=O)N[C@@H](CCCC[NH3+])C(=O)N[C@@H](CC(C)C)C(=O)N[C@@H](C)C=O,1,7.94535,1
CC[C@H](C)[C@H](NC(=O)[C@H](CC(C)C)NC(=O)[C@H](CC(=O)O)NC(=O)[C@H](CCCNC(N)=[NH2+])NC(=O)[C@H](Cc1ccc(O)cc1)NC(=O)[C@H](C)NC(=O)[C@@H](NC(=O)[C@@H](N)CCSC)[C@@H](C)CC)C(=O)N[C@H](C=O)CO,1,8.184578,1
CC(C)C[C@@H](NC(=O)[C@H](NC(=O)[C@H]1CCCN1C(=O)[C@H](N)C(C)C)[C@@H](C)O)C(=O)N[C@@H](C=O)CCCC[NH3+],1,7.9592056,1
CC(C)C[C@H](NC(=O)[C@H](C)NC(=O)[C@H](CCCC[NH3+])NC(=O)[C@H](CC(C)C)NC(=O)[C@H](C)NC(=O)[C@H](CC(C)C)NC(=O)[C@H](CCCC[NH3+])NC(=O)[C@H](CC(C)C)NC(=O)[C@H](C)NC(=O)[C@H](CC(C)C)NC(=O)[C@@H](N)CCCC[NH3+])C(=O)N[C@@H](CCC(N)=O)C(=O)N[C@@H](C)C(=O)N[C@@H](C)C(=O)N[C@@H](CC(C)C)C(=O)N[C@@H](CCC(N)=O)C(=O)N[C@@H](CC(C)C)C(=O)N[C@@H](C)C=O,1,8.906686,1
CC[C@H](C)[C@H](NC(=O)[C@H](CCCC[NH3+])NC(=O)[C@@H](NC(=O)[C@H](CCC(N)=O)NC(=O)[C@@H](N)CCCNC(N)=[NH2+])[C@@H](C)CC)C(=O)N[C@@H](Cc1c[nH]c2ccccc12)C(=O)N[C@@H](Cc1ccccc1)C(=O)N[C@@H](CCC(N)=O)C(=O)N[C@@H](CC(N)=O)C(=O)N[C@@H](CCCNC(N)=[NH2+])C(=O)N[C@@H](CCCNC(N)=[NH2+])C(=O)N[C@@H](C)C(=O)N[C@@H](CCCC[NH3+])C(=O)N[C@@H](Cc1c[nH]c2ccccc12)C(=O)N[C@@H](CCCC[NH3+])C(=O)N[C@H](C=O)CCCC[NH3+],1,9.812843,1
NC(=[NH2+])NCCC[C@@H](C=O)NC(=O)[C@H](CCCNC(N)=[NH2+])NC(=O)[C@H](CCCNC(N)=[NH2+])NC(=O)[C@H](CCC(N)=O)NC(=O)[C@H](CCCNC(N)=[NH2+])NC(=O)[C@H](CCCNC(N)=[NH2+])NC(=O)[C@H](CCCC[NH3+])NC(=O)[C@H](CCCC[NH3+])NC(=O)[C@H](CCCNC(N)=[NH2+])NC(=O)CNC(=O)[C@H](Cc1ccc(O)cc1)NC(=O)[C@H](CCCC[NH3+])NC(=O)[C@@H](N)CS,1,8.228272,1
CC(C)C[C@H](NC(=O)CNC(=O)[C@H](CO)NC(=O)[C@H](C)NC(=O)CNC(=O)[C@H](CO)NC(=O)[C@@H]1CCCN1C(=O)[C@H](C)NC(=O)[C@H](CC(C)C)NC(=O)[C@H](CC(C)C)NC(=O)[C@H](C)NC(=O)[C@H](CC(C)C)NC(=O)[C@H](CC(C)C)NC(=O)[C@@H](NC(=O)[C@H](C)NC(=O)[C@@H]1CCCN1C(=O)[C@H](CC(C)C)NC(=O)[C@H](CC(C)C)NC(=O)[C@H](C)NC(=O)[C@@H](NC(=O)[C@H](C)NC(=O)[C@H](C)N)C(C)C)C(C)C)C(=O)N[C@@H](CC(=O)O)C(=O)N[C@@H](CCCC[NH3+])C(=O)N[C@@H](CCCNC(N)=[NH2+])C(=O)N[C@@H](CC(=O)O)C(=O)N[C@@H](Cc1ccc(O)cc1)C(=O)N[C@H](C(N)=O)C(C)C,1,0.64809275,1
CC[C@H](C)[C@H](NC(=O)[C@H](CCCNC(N)=[NH2+])NC(=O)[C@H](Cc1ccccc1)NC(=O)[C@@H](NC(=O)[C@@H](NC(=O)[C@@H](N)CCSC)[C@@H](C)CC)[C@@H](C)CC)C(=O)N[C@@H](C)C(=O)N[C@@H](C)C(=O)N[C@@H](CO)C(=O)NC(CC1CNCN1)C(O)N[C@@H](CCCC[NH3+])C(=O)N[C@H](C=O)CCCC[NH3+],1,9.986269,1
CC(=O)NC(CC1CNCN1)C(O)NC(CC1CNCN1)C(O)NC(CC1CNCN1)C(O)NC(CC1CNCN1)C(O)NC(CC1CNCN1)C(O)NC(CC1CNCN1)C(O)NC(CC1CNCN1)C(O)NC(CC1CNCN1)C(O)N[C@@H](CCCNC(N)=[NH2+])C(=O)N[C@@H](CCCNC(N)=[NH2+])C(=O)N[C@@H](CCCNC(N)=[NH2+])C(=O)N[C@@H](CCCNC(N)=[NH2+])C(=O)N[C@@H](CCCNC(N)=[NH2+])C(=O)N[C@@H](CCCNC(N)=[NH2+])C(=O)N[C@@H](CCCNC(N)=[NH2+])C(=O)N[C@@H](CCCNC(N)=[NH2+])C(=O)N[C@@H](CCCNC(N)=[NH2+])C(=O)N[C@@H](CCCNC(N)=[NH2+])C(=O)N[C@@H](CCCNC(N)=[NH2+])C(=O)N[C@@H](CCCNC(N)=[NH2+])C(=O)N[C@@H](CCCNC(N)=[NH2+])C(=O)N[C@@H](CCCNC(N)=[NH2+])C(=O)N[C@@H](CCCNC(N)=[NH2+])C(N)=O,1,5.238595,1
CC[C@H](C)[C@H](NC(=O)[C@H](CCCC[NH3+])NC(=O)[C@@H](NC(=O)[C@H](CCC(N)=O)NC(=O)[C@@H]([NH3+])CCCNC(N)=[NH2+])[C@@H](C)CC)C(=O)N[C@@H](Cc1c[nH]c2ccccc12)C(=O)N[C@@H](Cc1ccccc1)C(=O)N[C@@H](CCC(N)=O)C(=O)N[C@@H](CC(N)=O)C(=O)N[C@@H](CCCNC(N)=[NH2+])C(=O)N[C@@H](CCCNC(N)=[NH2+])C(=O)N[C@@H](CCSC)C(=O)N[C@@H](CCCC[NH3+])C(=O)N[C@@H](Cc1c[nH]c2ccccc12)C(=O)N[C@@H](CCCC[NH3+])C(=O)N[C@@H](CCCC[NH3+])C(=O)O,1,3.8116999,1
NC(=[NH2+])NCCC[C@H](NC(=O)[C@H](Cc1c[nH]c2ccccc12)NC(=O)[C@H](CCCNC(N)=[NH2+])NC(=O)[C@@H](N)CS)C(=O)N[C@H](Cc1c[nH]c2ccccc12)C(=O)N[C@@H](CCCC[NH3+])C(=O)N[C@@H](CS)C(=O)N[C@@H](CS)C(=O)N[C@@H](CCCC[NH3+])C(=O)N[C@H](C=O)CCCC[NH3+],1,4.8447127,1
CC[C@H](C)[C@H](NC(=O)[C@H](CCCC[NH3+])NC(=O)[C@@H](NC(=O)[C@H](CCC(N)=O)NC(=O)[C@@H](N)CCCNC(N)=[NH2+])[C@@H](C)CC)C(=O)N[C@@H](Cc1ccccc1)C(=O)N[C@@H](Cc1ccccc1)C(=O)N[C@@H](CCC(N)=O)C(=O)N[C@@H](CC(N)=O)C(=O)N[C@@H](CCCNC(N)=[NH2+])C(=O)N[C@@H](CCCNC(N)=[NH2+])C(=O)N[C@@H](CCSC)C(=O)N[C@@H](CCCC[NH3+])C(=O)N[C@@H](Cc1c[nH]c2ccccc12)C(=O)N[C@@H](CCCC[NH3+])C(=O)N[C@H](C=O)CCCC[NH3+],1,9.979841,1
CC[C@H](C)[C@H](NC(=O)[C@H](CCCC[NH3+])NC(=O)[C@@H](NC(=O)[C@H](CCC(N)=O)NC(=O)[C@@H](N)CCCNC(N)=[NH2+])[C@@H](C)CC)C(=O)N[C@H](C=O)Cc1c[nH]c2ccccc12,1,7.3190117,1
NC(=[NH2+])NCCC[C@H](NC(=O)[C@@H](N)CS)C(=O)N[C@H](Cc1c[nH]c2ccccc12)C(=O)N[C@@H](CCCNC(N)=[NH2+])C(=O)N[C@@H](Cc1c[nH]c2ccccc12)C(=O)N[C@@H](CCCC[NH3+])C(=O)N[C@@H](CS)C(=O)N[C@@H](CS)C(=O)N[C@@H](CCCC[NH3+])C(=O)N[C@H](C=O)CCCC[NH3+],1,5.2436295,1
CC[C@H](C)[C@H](NC(=O)[C@H](CCCC[NH3+])NC(=O)[C@@H](NC(=O)[C@H](CCC(N)=O)NC(=O)[C@@H]([NH3+])CCCNC(N)=[NH2+])[C@@H](C)CC)C(=O)N[C@@H](Cc1c[nH]c2ccccc12)C(=O)N[C@@H](Cc1ccccc1)C(=O)N[C@@H](CCC(N)=O)C(=O)N[C@@H](CC(N)=O)C(=O)N[C@@H](CCCNC(N)=[NH2+])C(=O)N[C@@H](CCCNC(N)=[NH2+])C(=O)N[C@@H](CCSC)C(=O)N[C@@H](CCCC[NH3+])C(=O)N[C@@H](Cc1c[nH]c2ccccc12)C(=O)N[C@@H](CCCC[NH3+])C(=O)N[C@@H](CCCC[NH3+])C(=O)O,1,3.8116999,1
CC(C)C[C@@H](C=O)NC(=O)[C@@H](NC(=O)[C@@H](NC(=O)[C@H](CC(C)C)NC(=O)[C@@H](NC(=O)[C@H](CCCC[NH3+])NC(=O)[C@H](C)NC(=O)[C@H](CC(C)C)NC(=O)[C@H](CCCC[NH3+])NC(=O)[C@@H](NC(=O)[C@H](CC(C)C)NC(=O)[C@H](C)NC(=O)[C@@H](NC(=O)[C@H](C)NC(=O)[C@H](CC(C)C)NC(=O)[C@@H](NC(=O)[C@H](CCCC[NH3+])NC(=O)[C@@H](N)CC(C)C)[C@@H](C)O)[C@@H](C)O)[C@@H](C)O)[C@@H](C)O)[C@@H](C)O)[C@@H](C)O,1,5.11376,1
CC(=O)NCC(=O)N[C@@H](CCCNC(N)=[NH2+])C(=O)NCC(=O)N[C@@H](CC(=O)O)C(=O)NCC(=O)N1CCC[C@H]1C(=O)N[C@@H](CCCNC(N)=[NH2+])C(=O)N[C@@H](CCCNC(N)=[NH2+])C(=O)N[C@@H](CCCC[NH3+])C(=O)N[C@@H](CCCC[NH3+])C(=O)N[C@@H](CCCC[NH3+])C(=O)N[C@@H](CCCC[NH3+])C(=O)NCC(=O)N1CCC[C@H]1C(=O)N[C@@H](CCCNC(N)=[NH2+])C(=O)N[C@@H](CCCNC(N)=[NH2+])C(=O)N[C@@H](CCCC[NH3+])C(=O)N[C@@H](CCCC[NH3+])C(=O)N[C@@H](CCCC[NH3+])C(=O)N[C@@H](CCCC[NH3+])C(=O)NCC(=O)N1CCC[C@H]1C(=O)N[C@@H](CCCNC(N)=[NH2+])C(=O)N[C@H](C=O)CCCNC(N)=[NH2+],1,9.681798,1
N=C(N)NCCC[C@@H](C=O)NC(=O)[C@H](CCCNC(=N)N)NC(=O)[C@H](CCCNC(=N)N)NC(=O)[C@H](CCCNC(=N)N)NC(=O)[C@H](CCCNC(=N)N)NC(=O)[C@H](CCCNC(=N)N)NC(=O)[C@H](CCCNC(=N)N)NC(=O)[C@H](CCCNC(=N)N)NC(=O)[C@H](CCCNC(=N)N)NC(=O)[C@H](CCCNC(=N)N)NC(=O)[C@H](CCCNC(=N)N)NC(=O)[C@H](CCCNC(=N)N)NC(=O)[C@H](CCCNC(=N)N)NC(=O)[C@H](CCCNC(=N)N)NC(=O)[C@H](CCCNC(=N)N)NC(=O)[C@H](Cc1c[nH]cn1)NC(=O)[C@H](Cc1c[nH]cn1)NC(=O)[C@H](Cc1c[nH]cn1)NC(=O)[C@H](Cc1c[nH]cn1)NC(=O)[C@H](Cc1c[nH]cn1)NC(=O)[C@H](Cc1c[nH]cn1)NC(=O)[C@H](Cc1c[nH]cn1)NC(=O)[C@H](Cc1c[nH]cn1)NC(=O)[C@H](Cc1c[nH]cn1)NC(=O)[C@H](Cc1c[nH]cn1)NC(=O)[C@H](Cc1c[nH]cn1)NC(=O)[C@H](Cc1c[nH]cn1)NC(=O)[C@H](Cc1c[nH]cn1)NC(=O)[C@H](Cc1c[nH]cn1)NC(=O)[C@H](Cc1c[nH]cn1)NC(=O)[C@H](Cc1c[nH]cn1)NC(=O)[C@H](Cc1c[nH]cn1)NC(=O)[C@H](Cc1c[nH]cn1)NC(=O)[C@H](Cc1c[nH]cn1)NC(=O)[C@@H](N)Cc1c[nH]cn1,1,8.278351,1
CC(C)C[C@H](NC(=O)[C@H](C)NC(=O)[C@@H](NC(=O)[C@@H](NC(=O)[C@H](CCCC[NH3+])NC(=O)[C@H](CC(C)C)NC(=O)[C@@H](N)CC(C)C)[C@@H](C)O)[C@@H](C)O)C(=O)N[C@@H](CC(C)C)C(=O)N[C@@H](CCCC[NH3+])C(=O)N[C@H](C(=O)N[C@H](C(=O)N[C@@H](C)C(=O)N[C@@H](CC(C)C)C(=O)N[C@@H](CC(C)C)C(=O)N[C@@H](CCCC[NH3+])C(=O)N[C@H](C(=O)N[C@H](C(=O)N[C@@H](C)C=O)[C@@H](C)O)[C@@H](C)O)[C@@H](C)O)[C@@H](C)O,1,5.2440834,1
NC(=[NH2+])NCCC[C@H](NC(=O)CNC(=O)[C@@H](N)CCCC[NH3+])C(=O)N[C@@H](CCCC[NH3+])C(=O)N[C@@H](CCCC[NH3+])C(=O)N[C@@H](CCCNC(N)=[NH2+])C(=O)N[C@@H](CCCNC(N)=[NH2+])C(=O)N[C@@H](CCC(N)=O)C(=O)N[C@@H](CCCNC(N)=[NH2+])C(=O)N[C@@H](CCCNC(N)=[NH2+])C(=O)N[C@@H](CCCNC(N)=[NH2+])C(=O)N1CCC[C@H]1C(=O)N1CCC[C@H]1C(=O)N[C@H](C=O)CCC(N)=O,1,10.740135,1
NCC(=O)N[C@@H](CCCNC(N)=[NH2+])C(=O)N[C@@H](CCCC[NH3+])C(=O)N[C@@H](CCCC[NH3+])C(=O)N[C@@H](CCCNC(N)=[NH2+])C(=O)N[C@@H](CCCNC(N)=[NH2+])C(=O)N[C@@H](CCC(N)=O)C(=O)N[C@@H](CCCNC(N)=[NH2+])C(=O)N[C@@H](CCCNC(N)=[NH2+])C(=O)N[C@@H](CCCNC(N)=[NH2+])C(=O)N1CCC[C@H]1C(=O)N[C@@H](Cc1c[nH]c2ccccc12)C(=O)N[C@H](C=O)CCC(N)=O,1,10.18094,1
CC[C@H](C)[C@@H](C=O)NC(=O)[C@H](CC(C)C)NC(=O)[C@H](Cc1ccc(O)cc1)NC(=O)[C@@H](NC(=O)[C@H](Cc1ccccc1)NC(=O)[C@@H]1CCCN1)C(C)C,1,-1.423798,1
N[C@@H](CCCC[NH3+])C(=O)N[C@@H](CCCC[NH3+])C(=O)N[C@@H](CCCC[NH3+])C(=O)N[C@@H](CCCC[NH3+])C(=O)N[C@@H](CCCC[NH3+])C(=O)N[C@@H](CCCC[NH3+])C(=O)N[C@@H](CCCC[NH3+])C(=O)N[C@@H](CCCC[NH3+])C(=O)N[C@H](C=O)CCCC[NH3+],1,8.320494,1
CC(=O)N[C@@H](CCCC[NH3+])C(=O)N[C@@H](CCC(=O)O)C(=O)N[C@H](C(=O)N[C@@H](Cc1c[nH]c2ccccc12)C(=O)N[C@@H](Cc1c[nH]c2ccccc12)C(=O)N[C@@H](CCC(=O)O)C(=O)N[C@H](C(=O)N[C@@H](Cc1c[nH]c2ccccc12)C(=O)N[C@@H](Cc1c[nH]c2ccccc12)C(=O)N[C@H](C(=O)N[C@@H](CCC(=O)O)C(=O)N[C@@H](Cc1c[nH]c2ccccc12)C(=O)N[C@@H](CO)C(=O)N[C@@H](CCC(N)=O)C(=O)N1CCC[C@H]1C(=O)N[C@@H](CCCC[NH3+])C(=O)N[C@@H](CCCC[NH3+])C(=O)N[C@@H](CCCC[NH3+])C(=O)N[C@@H](CCCNC(N)=[NH2+])C(=O)N[C@@H](CCCC[NH3+])C(=O)N[C@H](C(N)=O)C(C)C)[C@@H](C)O)[C@@H](C)O)[C@@H](C)O,1,-0.48469833,1
NC(=[NH2+])NCCC[C@@H](C=O)NC(=O)[C@H](CCCNC(N)=[NH2+])NC(=O)[C@H](CCCNC(N)=[NH2+])NC(=O)[C@H](CCCNC(N)=[NH2+])NC(=O)[C@H](CCCNC(N)=[NH2+])NC(=O)[C@H](CCCNC(N)=[NH2+])NC(=O)[C@H](CCCNC(N)=[NH2+])NC(=O)[C@H](CCCNC(N)=[NH2+])NC(=O)[C@@H](N)CCCNC(N)=[NH2+],1,10.52076,1
CC[C@H](C)[C@H](NC(=O)[C@H](CCCC[NH3+])NC(=O)[C@@H](NC(=O)[C@H](CCC(N)=O)NC(=O)[C@H](CCCNC(N)=[NH2+])NC(=O)[C@@H](N)CS)[C@@H](C)CC)C(=O)N[C@@H](Cc1c[nH]c2ccccc12)C(=O)N[C@@H](Cc1ccccc1)C(=O)N1CCC[C@H]1C(=O)N[C@@H](CC(N)=O)C(=O)N[C@@H](CCCNC(N)=[NH2+])C(=O)N[C@@H](CCCNC(N)=[NH2+])C(=O)N[C@@H](CCSC)C(=O)N[C@@H](CCCC[NH3+])C(=O)N[C@@H](Cc1c[nH]c2ccccc12)C(=O)N[C@@H](CCCC[NH3+])C(=O)N[C@@H](CCCC[NH3+])C(=O)N[C@H](C=O)CS,1,7.471409,1
NCC(=O)N[C@@H](CCCNC(N)=[NH2+])C(=O)N[C@@H](CCCC[NH3+])C(=O)N[C@@H](CCCC[NH3+])C(=O)N[C@@H](CCCNC(N)=[NH2+])C(=O)N[C@@H](CCCNC(N)=[NH2+])C(=O)N[C@@H](CCC(N)=O)C(=O)N[C@@H](CCCNC(N)=[NH2+])C(=O)N[C@@H](CCCNC(N)=[NH2+])C(=O)N[C@@H](CCCNC(N)=[NH2+])C(=O)N1CCC[C@H]1C(=O)N1CCC[C@H]1C(=O)N[C@H](C=O)CCC(N)=O,1,11.084259,1
CC(C)C[C@H](NC(=O)CN)C(=O)N[C@@H](Cc1c[nH]c2ccccc12)C(=O)N[C@@H](CCCNC(N)=[NH2+])C(=O)N[C@@H](C)C(=O)N[C@@H](CC(C)C)C(=O)N[C@@H](Cc1c[nH]c2ccccc12)C(=O)N[C@@H](CCCNC(N)=[NH2+])C(=O)N[C@@H](C)C(=O)N[C@@H](CC(C)C)C(=O)N[C@@H](Cc1c[nH]c2ccccc12)C(=O)N[C@@H](CCCNC(N)=[NH2+])C(=O)N[C@@H](CO)C(=O)N[C@@H](CC(C)C)C(=O)N[C@@H](Cc1c[nH]c2ccccc12)C(=O)N[C@@H](CCCC[NH3+])C(=O)N[C@@H](CCCC[NH3+])C(=O)N[C@@H](CCCC[NH3+])C(=O)N[C@@H](CCCNC(N)=[NH2+])C(=O)N[C@@H](CCCC[NH3+])C(=O)N[C@H](C=O)C(C)C,1,8.3134775,1
NC(=[NH2+])NCCC[C@H](NC(=O)[C@H](CCCNC(N)=[NH2+])NC(=O)[C@H](CCCNC(N)=[NH2+])NC(=O)[C@H](CCCNC(N)=[NH2+])NC(=O)[C@H](CCCNC(N)=[NH2+])NC(=O)[C@H](CCCNC(N)=[NH2+])NC(=O)[C@@H](N)CCCNC(N)=[NH2+])C(=O)N[C@H](C=O)Cc1c[nH]c2ccccc12,1,10.004307,1
CC[C@H](C)[C@H](NC(=O)[C@H](CCCNC(N)=[NH2+])NC(=O)[C@H](CCCNC(N)=[NH2+])NC(=O)[C@H](CCCNC(N)=[NH2+])NC(=O)[C@H](CC(C)C)NC(=O)[C@@H](NC(=O)[C@@H](NC(=O)[C@H](CC(C)C)NC(=O)[C@@H](N)CC(C)C)[C@@H](C)CC)[C@@H](C)CC)C(=O)N[C@@H](CCCNC(N)=[NH2+])C(=O)N[C@@H](CCCC[NH3+])C(=O)N[C@@H](CCC(N)=O)C(=O)N[C@@H](C)C(=O)NC(CC1CNCN1)C(O)N[C@@H](C)C(=O)NC(CC1CNCN1)C(O)N[C@@H](CO)C(=O)N[C@@H](C)C=O,1,8.685286,1
CC(C)[C@@H](C=O)NC(=O)[C@H](CCCC[NH3+])NC(=O)[C@H](CCCNC(N)=[NH2+])NC(=O)[C@H](CCCC[NH3+])NC(=O)[C@H](CO)NC(=O)[C@H](CCCC[NH3+])NC(=O)[C@H](CCCC[NH3+])NC(=O)[C@H](Cc1ccccc1)NC(=O)[C@H](CCCNC(N)=[NH2+])NC(=O)[C@@H](N)Cc1c[nH]c2ccccc12,1,5.3103027,1
CC(C)C[C@H](NC(=O)[C@H](C)NC(=O)[C@H](CC(C)C)NC(=O)[C@H](CCCC[NH3+])NC(=O)[C@H](CC(C)C)NC(=O)[C@H](CCCC[NH3+])NC(=O)[C@H](CC(C)C)NC(=O)[C@H](C)NC(=O)[C@@H](N)CCCC[NH3+])C(=O)N[C@@H](C)C(=O)N[C@@H](CC(C)C)C(=O)N[C@@H](CC(C)C)C(=O)N[C@@H](C)C(=O)N[C@@H](CCCC[NH3+])C(=O)N[C@@H](CC(C)C)C(=O)N[C@@H](CCCC[NH3+])C(=O)N[C@@H](CC(C)C)C(=O)N[C@@H](C)C(N)=O,1,3.305181,1
CC[C@H](C)[C@H](NC(=O)[C@H](CCCC[NH3+])NC(=O)[C@@H](NC(=O)[C@H](CCC(N)=O)NC(=O)[C@@H](N)CCCNC(N)=[NH2+])[C@@H](C)CC)C(=O)N[C@@H](C)C(=O)N[C@@H](Cc1ccccc1)C(=O)N[C@@H](CCC(N)=O)C(=O)N[C@@H](CC(N)=O)C(=O)N[C@@H](CCCNC(N)=[NH2+])C(=O)N[C@@H](CCCNC(N)=[NH2+])C(=O)N[C@@H](CCSC)C(=O)N[C@@H](CCCC[NH3+])C(=O)N[C@@H](Cc1c[nH]c2ccccc12)C(=O)N[C@@H](CCCC[NH3+])C(=O)N[C@H](C=O)CCCC[NH3+],1,10.24153,1
CC(C)C[C@H](NC(=O)CNC(=O)[C@H](CCCC[NH3+])NC(=O)[C@H](CC(C)C)NC(=O)CNC(=O)[C@H](CC(C)C)NC(=O)[C@H](CCCC[NH3+])NC(=O)[C@H](CC(C)C)NC(=O)CNC(=O)[C@H](CC(C)C)NC(=O)[C@@H](N)CCCC[NH3+])C(=O)N[C@@H](CCCC[NH3+])C(=O)NCC(=O)NCC(=O)N[C@@H](CC(C)C)C(=O)N[C@@H](CCCC[NH3+])C(=O)N[C@@H](CC(C)C)C(=O)NCC=O,1,1.4466232,1
C[C@H](N)C(=O)N[C@@H](CS)C(=O)N[C@@H](CO)C(=O)NCC(=O)N[C@@H](CO)C(=O)NCC(=O)N[C@@H](CO)C(=O)NCC(=O)N[C@@H](CS)C(=O)NCC(=O)N[C@@H](CO)C(=O)NCC(=O)N[C@@H](CO)C(=O)NCC(=O)N[C@@H](CO)C(=O)N[C@@H](CS)C(=O)NCC(=O)N[C@@H](CCCNC(N)=[NH2+])C(=O)N[C@@H](CCCNC(N)=[NH2+])C(=O)N[C@@H](CCCNC(N)=[NH2+])C(=O)N[C@@H](CCCNC(N)=[NH2+])C(=O)N[C@@H](CCCNC(N)=[NH2+])C(=O)N[C@@H](CCCNC(N)=[NH2+])C(=O)N[C@@H](CCCNC(N)=[NH2+])C(=O)N[C@H](C=O)CCCNC(N)=[NH2+],1,7.80855,1
CC[C@H](C)[C@H](NC(=O)[C@H](CCCNC(N)=[NH2+])NC(=O)[C@H](C)NC(O)C(N)CC1CNCN1)C(=O)N[C@@H](CCCC[NH3+])C(=O)N1CCC[C@H]1C(=O)N[C@H](C(=O)N[C@@H](Cc1ccccc1)C(=O)N[C@@H](CCCNC(N)=[NH2+])C(=O)N[C@@H](CCCNC(N)=[NH2+])C(=O)N[C@@H](CC(C)C)C(=O)N[C@@H](CCCC[NH3+])C(=O)N[C@@H](Cc1c[nH]c2ccccc12)C(=O)N[C@@H](CCCC[NH3+])C(=O)N[C@@H](Cc1ccc(O)cc1)C(=O)N[C@@H](CCCC[NH3+])C(=O)NCC(=O)N[C@@H](CCCC[NH3+])C(=O)N[C@@H](Cc1ccccc1)C(=O)N[C@H](C=O)Cc1c[nH]c2ccccc12)[C@@H](C)O,1,7.138633,1
CC(C)[C@@H](C=O)NC(=O)[C@H](CCCC[NH3+])NC(=O)[C@H](CCCNC(N)=[NH2+])NC(=O)[C@H](CCCC[NH3+])NC(=O)[C@H](CCCC[NH3+])NC(=O)[C@H](CCCC[NH3+])NC(=O)[C@@H]1CCCN1C(=O)[C@H](CCC(N)=O)NC(=O)[C@H](CO)NC(=O)[C@H](Cc1c[nH]c2ccccc12)NC(=O)[C@H](CCC(=O)O)NC(=O)[C@@H](NC(=O)[C@H](Cc1c[nH]c2ccccc12)NC(=O)[C@H](Cc1c[nH]c2ccccc12)NC(=O)[C@@H](NC(=O)[C@H](CCC(=O)O)NC(=O)[C@H](Cc1c[nH]c2ccccc12)NC(=O)[C@H](Cc1c[nH]c2ccccc12)NC(=O)[C@@H](NC(=O)[C@H](CCC(=O)O)NC(=O)[C@@H](N)CCCC[NH3+])[C@@H](C)O)[C@@H](C)O)[C@@H](C)O,1,3.796916,1
CC(C)C[C@H](NC(=O)[C@H](C)NC(=O)[C@H](CCCC[NH3+])NC(=O)[C@H](CC(C)C)NC(=O)[C@H](C)NC(=O)[C@H](CC(C)C)NC(=O)[C@@H](N)CCCC[NH3+])C(=O)N[C@@H](CCCC[NH3+])C(=O)N[C@@H](C)C(=O)N[C@@H](C)C(=O)N[C@@H](CC(C)C)C(=O)N[C@@H](CCCC[NH3+])C(=O)N[C@@H](CC(C)C)C(=O)N[C@@H](C)C=O,1,8.173603,1
CSCC[C@H](NC(=O)[C@H](CC(C)C)NC(=O)CNC(=O)[C@H](Cc1ccccc1)NC(=O)[C@H](Cc1ccccc1)NC(=O)[C@H](CCC(N)=O)NC(=O)[C@H](CCC(N)=O)NC(=O)[C@H](CC(C)C)NC(=O)[C@H](CC(C)C)NC(=O)[C@H](CCCC[NH3+])NC(=O)[C@H](Cc1c[nH]c2ccccc12)NC(=O)[C@@H](NC(=O)[C@H](CCCC[NH3+])NC(=O)[C@H](CCCNC(N)=[NH2+])NC(=O)[C@H](CCCC[NH3+])NC(=O)[C@H](CCCC[NH3+])NC(=O)[C@H](CCCC[NH3+])NC(=O)[C@@H]1CCCN1)C(C)C)C(N)=O,1,-3.3376393,1
CC[C@H](C)[C@H](NC(=O)[C@H](C)NC(=O)[C@H](Cc1ccccc1)NC(=O)[C@@H](NC(=O)[C@@H](NC(=O)[C@@H](N)CCSC)[C@@H](C)CC)[C@@H](C)CC)C(=O)N[C@@H](C)C(=O)N[C@@H](C)C(=O)N[C@@H](CO)C(=O)NC(CC1CNCN1)C(O)N[C@@H](CCCC[NH3+])C(=O)N[C@H](C=O)CCCC[NH3+],1,9.058244,1
CC[C@H](C)[C@H](NC(=O)[C@H](CCCNC(N)=[NH2+])NC(=O)[C@H](Cc1ccc(O)cc1)NC(O)C(N)CC1CNCN1)C(=O)N[C@@H](CCCC[NH3+])C(=O)N1CCC[C@H]1C(=O)N[C@H](C(=O)N[C@@H](Cc1ccccc1)C(=O)N[C@@H](CCCNC(N)=[NH2+])C(=O)N[C@@H](CCCNC(N)=[NH2+])C(=O)N[C@@H](CC(C)C)C(=O)N[C@@H](CCCC[NH3+])C(=O)N[C@@H](Cc1c[nH]c2ccccc12)C(=O)N[C@@H](CCCC[NH3+])C(=O)N[C@@H](Cc1ccc(O)cc1)C(=O)N[C@@H](CCCC[NH3+])C(=O)NCC(=O)N[C@@H](CCCC[NH3+])C(=O)N[C@@H](Cc1ccccc1)C(=O)N[C@@H](C)C=O)[C@@H](C)O,1,4.4636865,1
NC(=[NH2+])NCCC[C@H](NC(=O)[C@H](CCCNC(N)=[NH2+])NC(=O)[C@H](CCCNC(N)=[NH2+])NC(=O)[C@H](CCC(N)=O)NC(=O)[C@H](CCCNC(N)=[NH2+])NC(=O)[C@H](CCCNC(N)=[NH2+])NC(=O)[C@H](CCCC[NH3+])NC(=O)[C@H](CCCC[NH3+])NC(=O)[C@H](CCCNC(N)=[NH2+])NC(=O)CNC(=O)[C@@H](N)Cc1ccc(O)cc1)C(N)=O,1,3.3664877,1
CCC[C@H](NC(=O)[C@H](CS)NC(=O)[C@@H](NC(=O)CNC(=O)CN)C(C)C)C(=O)N[C@@H](CCCCN)C(=O)N[C@H](C(=O)N[C@@H](CC(C)C)C(=O)N[C@@H](C)C(=O)N[C@@H](CCCCN)C(=O)N[C@H]1C[SH]2[SH]3C[C@@H](C(=O)NCC(=O)N[C@@H](CO)C(=O)NCC(=O)N[C@@H](CO)C(=O)N[C@H](C=O)CC(=O)O)NC(=O)[C@H](Cc4ccc(O)cc4)NC(=O)CNC(=O)[C@H](CC(N)=O)NC(=O)CNC(=O)[C@H](CCCNC(=N)N)NC(=O)[C@@H]4CSS32C[C@H](NC(=O)[C@H](CC(=O)O)NC(=O)[C@H](CO)NC(=O)[C@H](CC(=O)O)NC(=O)[C@H](CCCNC(=N)N)NC(=O)[C@H](CCCNC(=N)N)NC1=O)C(=O)N1CCC[C@H]1C(=O)NCC(=O)N[C@@H](C)C(=O)N[C@@H](CS)C(=O)N[C@@H]([C@@H](C)CC)C(=O)N4)[C@@H](C)CC,1,-1.5492405,1
CC[C@H](C)[C@H](NC(=O)[C@H](CCCC[NH3+])NC(=O)[C@@H](NC(=O)[C@H](CCC(N)=O)NC(=O)[C@@H]([NH3+])CCCNC(N)=[NH2+])[C@@H](C)CC)C(=O)N[C@@H](Cc1c[nH]c2ccccc12)C(=O)N[C@@H](Cc1ccccc1)C(=O)N[C@@H](CCC(N)=O)C(=O)N[C@@H](CC(N)=O)C(=O)N[C@@H](CCCNC(N)=[NH2+])C(=O)N[C@@H](CCCNC(N)=[NH2+])C(=O)N[C@@H](CCSC)C(=O)N[C@@H](CCCC[NH3+])C(=O)N[C@@H](Cc1c[nH]c2ccccc12)C(=O)N[C@@H](CCCC[NH3+])C(=O)N[C@@H](CCCC[NH3+])C(=O)O,1,3.8116999,1
CC[C@H](C)[C@H](NC(=O)[C@H](CCCC[NH3+])NC(=O)[C@@H](NC(=O)[C@H](CCC(N)=O)NC(=O)[C@@H]([NH3+])CCCNC(N)=[NH2+])[C@@H](C)CC)C(=O)N[C@@H](Cc1c[nH]c2ccccc12)C(=O)N[C@@H](Cc1ccccc1)C(=O)N[C@@H](CCC(N)=O)C(=O)N[C@@H](CC(N)=O)C(=O)N[C@@H](CCCNC(N)=[NH2+])C(=O)N[C@@H](CCCNC(N)=[NH2+])C(=O)N[C@@H](CCSC)C(=O)N[C@@H](CCCC[NH3+])C(=O)N[C@@H](Cc1c[nH]c2ccccc12)C(=O)N[C@@H](CCCC[NH3+])C(=O)N[C@@H](CCCC[NH3+])C(=O)O,1,3.8116999,1
NC(=[NH2+])NCCC[C@@H](C=O)NC(=O)[C@H](CCCNC(N)=[NH2+])NC(=O)[C@H](CCCNC(N)=[NH2+])NC(=O)[C@H](CCC(N)=O)NC(=O)[C@H](CCCNC(N)=[NH2+])NC(=O)[C@H](CCCNC(N)=[NH2+])NC(=O)[C@H](CCCC[NH3+])NC(=O)[C@H](CCCC[NH3+])NC(=O)[C@H](CCCNC(N)=[NH2+])NC(=O)CNC(=O)[C@@H](N)Cc1ccc(O)cc1,1,8.654657,1
NC(=[NH2+])NCCC[C@@H](N)C(=O)N[C@H](CCCNC(N)=[NH2+])C(=O)N[C@H](CCCNC(N)=[NH2+])C(=O)N[C@H](CCCNC(N)=[NH2+])C(=O)N[C@H](CCCNC(N)=[NH2+])C(=O)N[C@H](CCCNC(N)=[NH2+])C(=O)N[C@H](CCCNC(N)=[NH2+])C(=O)N[C@@H](C=O)CCCNC(N)=[NH2+],1,10.824426,1
CC[C@H](C)[C@H](NC(=O)[C@@H](NC(=O)[C@H](CO)NC(=O)[C@H](C)NC(=O)[C@@H](NC(=O)[C@H](CCCC[NH3+])NC(=O)[C@H](CCCC[NH3+])NC(=O)[C@@H](NC(=O)[C@@H](NC(=O)[C@H](CCCC[NH3+])NC(=O)[C@H](Cc1ccccc1)NC(=O)[C@H](CC(C)C)NC(=O)CN)C(C)C)[C@@H](C)CC)C(C)C)C(C)C)C(=O)NCC(=O)NCC(=O)N[C@@H](CC(C)C)C(N)=O,0,-5.3881927,1
CC(C)[C@H](NC(=O)[C@H](CCCNC(N)=[NH2+])NC(=O)[C@H](CS)NC(=O)[C@H](C)NC(=O)[C@@H]1CCCN1C(O)C(CC1CNCN1)NC(=O)[C@H](CO)NC(=O)[C@H](CS)NC(=O)[C@H](CS)NC(=O)CN)C(=O)NC(CC1CNCN1)C(O)N[C@@H](Cc1ccc(O)cc1)C(=O)N1CCC[C@H]1C(=O)NC(CC1CNCN1)C(O)N[C@H](C(=O)N[C@@H](CS)C(=O)N[C@@H](Cc1ccc(O)cc1)C(N)=O)C(C)C,0,-6.1770287,1
CSCC[C@H](NC(=O)[C@H](C)NC(C)=O)C(=O)N[C@H](C(=O)N[C@@H](CO)C(=O)N[C@H](C=O)CO)C(C)C,0,1.4817291,1
CSCC[C@H](NC(=O)CNC(=O)[C@H](Cc1ccccc1)NC(=O)CN)C(=O)N[C@@H](C)C(=O)N[C@@H](CC(C)C)C(=O)NC(CCC[NH3+])C(O)N[C@@H](CC(C)C)C(=O)N[C@@H](CC(C)C)C(=O)NC(CCC[NH3+])C(O)NC(CCC[NH3+])C(O)N[C@H](C(=O)N[C@@H](CC(C)C)C(N)=O)C(C)C,0,-5.335164,1
CC[C@H](C)[C@H](NC(=O)CNC(=O)[C@H](CCCC[NH3+])NC(=O)[C@@H](NC(=O)[C@H](CC(C)C)NC(=O)[C@H](CO)NC(=O)CNC(=O)[C@H](CC(C)C)NC(=O)CNC(=O)[C@H](C)NC(=O)[C@H](CCCC[NH3+])NC(=O)[C@H](Cc1ccccc1)NC(=O)[C@@H](NC(=O)[C@H](CC(=O)O)NC(=O)[C@H](CCCC[NH3+])NC(=O)[C@H](CC(C)C)NC(=O)CN)[C@@H](C)CC)C(C)C)C(=O)N[C@@H](C)C(=O)N[C@@H](C)C(=O)NC(CC1CNCN1)C(O)N[C@H](C(=O)N[C@@H](C)C(=O)N[C@@H](CC(N)=O)C(N)=O)C(C)C,0,-4.779423,1
CC(C)[C@H](N)C(=O)NCC(=O)N[C@@H](CCC(=O)O)C(=O)N[C@@H](C)C(=O)N[C@@H](CS)C(=O)N[C@@H](CS)C(=O)N[C@@H](CCCC[NH3+])C(=O)N[C@@H](CC(N)=O)C(=O)NCC(=O)N[C@@H](CCCC[NH3+])C(=O)N[C@@H](CCCNC(N)=[NH2+])C(=O)NCC(=O)N[C@@H](CS)C(=O)NCC(=O)N[C@@H](CCCNC(N)=[NH2+])C(=O)N[C@@H](Cc1c[nH]c2ccccc12)C(=O)N[C@@H](CS)C(=O)N[C@@H](CCCNC(N)=[NH2+])C(=O)N[C@@H](CC(=O)O)C(=O)NC(CC1CNCN1)C(O)N[C@@H](CO)C(=O)N[C@@H](CCCNC(N)=[NH2+])C(=O)N[C@@H](CS)C(=O)N[C@@H](CS)C(N)=O,0,-4.977296,1
CC[C@H](C)[C@H](NC(=O)[C@H](Cc1ccccc1)NC(=O)[C@H](CO)NC(=O)[C@H](CCCC[NH3+])NC(=O)[C@H](Cc1c[nH]c2ccccc12)NC(=O)[C@@H](N)CCCC[NH3+])C(=O)N[C@@H](CCCC[NH3+])C(=O)N[C@@H](CCCC[NH3+])C(=O)N[C@@H](CC(C)C)C(=O)N[C@H](C(=O)N[C@@H](CO)C(=O)N[C@@H](CCCC[NH3+])C(=O)N[C@@H](Cc1ccccc1)C(=O)N[C@@H](CC(C)C)C(=O)NC(CC1CNCN1)C(O)N[C@@H](CO)C(=O)N[C@@H](C)C(=O)N[C@@H](CC(=O)O)C(=O)N[C@@H](CCCC[NH3+])C(=O)N[C@@H](Cc1ccccc1)C(N)=O)[C@@H](C)O,0,-3.3704839,1
CC[C@H](C)[C@H](NC(=O)[C@H](CC(C)C)NC(=O)[C@H](CCCC[NH3+])NC(=O)CNC(=O)[C@H](CC(C)C)NC(=O)[C@@H](NC(=O)[C@H](CCCC[NH3+])NC(=O)[C@H](CCCC[NH3+])NC(=O)[C@H](Cc1c[nH]c2ccccc12)NC(=O)[C@H](CCCC[NH3+])NC(=O)CN)[C@@H](C)CC)C(=O)N[C@@H](CCCNC(N)=[NH2+])C(N)=O,0,-4.8550825,1
CC[C@H](C)[C@H](NC(=O)[C@H](CO)NC(=O)[C@H](C)NC(=O)[C@@H](NC(=O)[C@H](CCCC[NH3+])NC(=O)[C@H](CCCC[NH3+])NC(=O)[C@H](Cc1c[nH]c2ccccc12)NC(=O)[C@@H](NC(=O)[C@@H](N)CC(N)=O)[C@@H](C)CC)[C@@H](C)CC)C(=O)N[C@@H](C)C(=O)N[C@@H](CCCC[NH3+])C(=O)N[C@@H](CCC(=O)O)C(=O)N[C@H](C(=O)N[C@@H](CC(C)C)C(=O)N[C@@H](CCCC[NH3+])C(=O)N[C@@H](C)C(=O)N[C@@H](CC(C)C)C(N)=O)C(C)C,0,-2.3089776,1
CC[C@H](C)[C@H](NC(=O)[C@H](CCCC[NH3+])NC(=O)CNC(=O)[C@H](CC(C)C)NC(=O)[C@H](CO)NC(=O)[C@H](CCCC[NH3+])NC(=O)[C@H](CCCC[NH3+])NC(=O)[C@H](Cc1c[nH]c2ccccc12)NC(=O)[C@H](CO)NC(=O)[C@@H](N)C(C)C)C(=O)N[C@H](C(=O)N[C@@H](CCCC[NH3+])C(=O)N[C@H](C(=O)N[C@H](C(=O)N[C@@H](CCCC[NH3+])C(N)=O)C(C)C)C(C)C)[C@@H](C)CC,0,-5.4945707,1
CSCC[C@H](N)C(=O)N[C@@H](CS)C(=O)N1CCC[C@H]1C(=O)N1CCC[C@H]1C(=O)N[C@@H](CC(C)C)C(=O)N[C@@H](CS)C(=O)N[C@@H](C)C(=O)N1CCC[C@H]1C(=O)N[C@@H](CO)C(=O)N[C@@H](CS)C(=O)N[C@H](C(=O)N[C@@H](CC(N)=O)C(=O)N[C@@H](CS)C(N)=O)[C@@H](C)O,0,-4.408817,1
CC[C@H](C)[C@H](N)C(=O)N[C@@H](CC(C)C)C(=O)N1CCC[C@H]1C(=O)N[C@@H](Cc1c[nH]c2ccccc12)C(=O)N[C@@H](CCCC[NH3+])C(=O)N[C@@H](C)C(=O)N1CCC[C@H]1C(=O)N[C@@H](C)C(=O)N[C@@H](C)C(=O)N1CCC[C@H]1C(=O)N[C@@H](C)C(=O)N[C@@H](CCCNC(N)=[NH2+])C(=O)N[C@@H](CCCNC(N)=[NH2+])C(N)=O,0,-0.14466503,1
CC[C@H](C)[C@H](NC(=O)[C@H](CO)NC(=O)[C@@H](NC(=O)[C@H](CS)NC(=O)[C@H](CCCC[NH3+])NC(=O)CNC(=O)[C@H](CCCNC(N)=[NH2+])NC(=O)[C@H](CO)NC(=O)[C@H](CS)NC(=O)[C@H](CCSC)NC(=O)[C@H](CC(C)C)NC(=O)CNC(=O)[C@H](CCSC)NC(=O)[C@H](CS)NC(=O)[C@H](CS)NC(=O)[C@@H](NC(O)C1CC(O)CN1C(O)C1CC(O)CN1C(=O)[C@H](CS)NC(=O)[C@H](CCCNC(N)=[NH2+])NC(=O)[C@H](CO)NC(=O)[C@H](CC(=O)O)NC(=O)[C@H](CCCNC(N)=[NH2+])NC(=O)CNC(=O)[C@H](CO)NC(=O)[C@H](CS)NC(=O)[C@@H](N)CO)C(C)C)C(C)C)C(=O)N[C@@H](Cc1ccc(O)cc1)C(=O)NCC(=O)N[C@H](C=O)CCC(=O)O,0,-2.1922698,1
CC[C@H](C)[C@H](NC(=O)CN)C(=O)NCC(=O)N[C@@H](CO)C(=O)N[C@@H](C)C(=O)N[C@H](C(=O)N[C@@H](CC(C)C)C(=O)N[C@@H](CO)C(=O)N[C@@H](C)C(=O)NCC(=O)N[C@@H](CCCC[NH3+])C(=O)N[C@@H](CO)C(=O)N[C@@H](C)C(=O)N[C@@H](CC(C)C)C(=O)N[C@@H](CCCC[NH3+])C(=O)NCC(=O)N[C@@H](CC(C)C)C(=O)N[C@@H](C)C(=O)N[C@@H](CCCC[NH3+])C(=O)NCC(=O)N[C@@H](CC(C)C)C(=O)N[C@@H](C)C(=O)N[C@@H](CCC(=O)O)C(=O)NC(CC1CNCN1)C(O)N[C@@H](Cc1ccccc1)C(=O)N[C@@H](C)C(=O)N[C@@H](CC(N)=O)C(N)=O)[C@@H](C)CC,0,-3.3635879,1
CC[C@H](C)[C@H](N)C(=O)N[C@@H](CC(C)C)C(=O)NCC(=O)N[C@@H](CCCC[NH3+])C(=O)N[C@@H](CC(C)C)C(=O)N[C@@H](CC(C)C)C(=O)N[C@@H](CCCC[NH3+])C(=O)N[C@H](C(=O)N[C@@H](C)C(=O)N[C@@H](C)C(=O)N[C@@H](CCCC[NH3+])C(=O)N[C@@H](CC(C)C)C(=O)N[C@@H](CC(C)C)C(=O)N[C@@H](CO)C(=O)N[C@@H](CC(N)=O)C(=O)N[C@@H](CC(C)C)C(N)=O)[C@@H](C)O,0,-3.0860438,1
C[C@H](NC(=O)[C@@H]1CCCN1C(O)C(CC1CNCN1)NC(=O)[C@H](CS)NC(=O)[C@H](CS)NC(=O)[C@@H](N)CCC(=O)O)C(=O)N[C@@H](CS)C(=O)NCC(=O)N[C@@H](CCCC[NH3+])C(=O)NC(CC1CNCN1)C(O)N[C@@H](Cc1ccccc1)C(=O)N[C@@H](CO)C(=O)N[C@@H](CS)C(N)=O,0,-6.1265316,1
C[C@H](NC(=O)[C@H](C)NC(=O)[C@H](CCCC[NH3+])NC(=O)[C@H](C)NC(=O)[C@H](Cc1ccccc1)NC(=O)[C@H](Cc1c[nH]c2ccccc12)NC(=O)[C@H](CCCC[NH3+])NC(=O)[C@H](Cc1ccccc1)NC(=O)[C@H](CCCC[NH3+])NC(=O)[C@H](CCCC[NH3+])NC(=O)[C@H](C)NC(=O)[C@H](Cc1ccccc1)NC(=O)[C@@H](N)CCCC[NH3+])C(=O)N[C@@H](Cc1ccccc1)C(=O)N[C@@H](CCCC[NH3+])C(=O)N[C@@H](Cc1ccccc1)C(=O)N[C@@H](Cc1ccccc1)C(=O)N[C@@H](CCCC[NH3+])C(=O)N[C@@H](CCCC[NH3+])C(N)=O,0,-0.97129977,1
CC(C)C[C@H](NC(=O)[C@H](CCCC[NH3+])NC(=O)[C@@H](N)CCCC[NH3+])C(=O)N[C@@H](Cc1ccccc1)C(=O)N[C@@H](CCCC[NH3+])C(=O)N[C@@H](CCCC[NH3+])C(=O)N[C@H](CC(C)C)C(=O)N[C@H](CC(C)C)C(=O)N[C@H](CCCC[NH3+])C(=O)N[C@H](Cc1ccc(O)cc1)C(=O)N[C@H](CC(C)C)C(N)=O,0,-2.5018775,1
CC[C@H](C)[C@H](NC(=O)[C@H](Cc1ccccc1)NC(=O)[C@H](CCCC[NH3+])NC(=O)[C@H](C)NC(=O)[C@@H](NC(=O)[C@H](CO)NC(=O)[C@H](CCCC[NH3+])NC(=O)[C@H](CCSC)NC(=O)[C@H](C)NC(=O)[C@H](CCCC[NH3+])NC(=O)[C@H](Cc1ccccc1)NC(=O)[C@H](Cc1c[nH]c2ccccc12)NC(=O)CNC(=O)[C@H](CCCC[NH3+])NC(=O)[C@@H](N)CCCNC(N)=[NH2+])[C@@H](C)CC)C(=O)N[C@@H](C)C(=O)N[C@@H](CCCC[NH3+])C(=O)N[C@@H](CCC(=O)O)C(=O)N[C@@H](CCCC[NH3+])C(=O)N[C@@H](CC(C)C)C(=O)N[C@@H](CCCC[NH3+])C(=O)N[C@@H](CCC(=O)O)C(=O)NC(CC1CNCN1)C(O)N[C@@H](CC(C)C)C(N)=O,0,0.069888726,1
C[C@H](NC(=O)[C@H](C)NC(=O)[C@H](Cc1ccccc1)NC(=O)[C@H](C)NC(=O)[C@H](C)NC(=O)[C@H](Cc1c[nH]c2ccccc12)NC(=O)[C@H](C)NC(=O)[C@H](C)NC(=O)[C@H](Cc1ccccc1)NC(=O)[C@H](C)NC(=O)[C@H](C)NC(=O)[C@H](CCCC[NH3+])NC(=O)[C@H](CCCC[NH3+])NC(=O)[C@H](CCCC[NH3+])NC(=O)[C@H](CCCC[NH3+])NC(=O)[C@H](CCCC[NH3+])NC(=O)[C@@H](N)CCCC[NH3+])C(N)=O,0,-0.40030646,1
CC(C)C[C@@H](NC(=O)[C@@H](C)NC(=O)[C@H]1CCCN1C(=O)[C@@H](CC(C)C)NC(=O)[C@@H](Cc1c[nH]c2ccccc12)NC(O)C(CC1CNCN1)NC(=O)[C@@H](CCCC[NH3+])NC(=O)[C@@H](CC(C)C)NC(=O)[C@@H](C)NC(=O)[C@@H](CCCC[NH3+])NC(=O)[C@@H](C)NC(=O)[C@@H](CC(C)C)NC(=O)[C@@H](C)NC(=O)[C@@H](CCCC[NH3+])NC(=O)[C@H](N)CCCC[NH3+])C(=O)NC(CC1CNCN1)C(O)N[C@H](CCCC[NH3+])C(=O)N[C@H](CC(C)C)C(=O)N[C@H](C)C(=O)N[C@H](CCCC[NH3+])C(=O)N[C@H](C)C(=O)N[C@H](CC(C)C)C(=O)N[C@H](C)C(=O)N[C@H](CCCC[NH3+])C(=O)N[C@H](CCCC[NH3+])C(N)=O,0,2.3657875,1
CC[C@H](C)[C@H](NC(=O)CN)C(=O)NCC(=O)N[C@@H](C)C(=O)N[C@H](C(=O)N[C@@H](CC(C)C)C(=O)N[C@@H](CCCC[NH3+])C(=O)N[C@H](C(=O)N[C@@H](CC(C)C)C(=O)N[C@@H](C)C(=O)N[C@@H](CC(C)C)C(=O)N[C@H](C(=O)N[C@@H](CO)C(=O)N[C@@H](Cc1c[nH]c2ccccc12)C(=O)N[C@H](C(=O)N[C@@H](CCCC[NH3+])C(=O)N[C@@H](CCCNC(N)=[NH2+])C(=O)N[C@@H](CCCC[NH3+])C(=O)N[C@@H](CCCNC(N)=[NH2+])C(N)=O)[C@@H](C)CC)[C@@H](C)CC)C(C)C)C(C)C,0,-3.7414925,1
CC[C@H](C)[C@H](NC(=O)[C@H](CCCC[NH3+])NC(=O)[C@H](CCCC[NH3+])NC(=O)[C@H](C)NC(=O)[C@@H](NC(=O)CNC(=O)[C@H](CCCNC(N)=[NH2+])NC(=O)[C@H](CC(C)C)NC(=O)[C@@H](NC(=O)[C@@H](N)CCCC[NH3+])[C@@H](C)CC)C(C)C)C(=O)N[C@@H](CCSC)C(=O)N[C@@H](CCCNC(N)=[NH2+])C(=O)N[C@H](C(=O)N[C@@H](Cc1ccccc1)C(=O)N[C@@H](CC(C)C)C(=O)N[C@@H](CCCNC(N)=[NH2+])C(=O)N[C@@H](CCCNC(N)=[NH2+])C(=O)N[C@H](C(=O)N[C@@H](CO)C(=O)N[C@@H](CCCC[NH3+])C(=O)N[C@@H](CC(=O)O)C(=O)N[C@H](C(=O)N[C@@H](CC(C)C)C(=O)N[C@H](C(=O)NCC(=O)N[C@@H](CCCC[NH3+])C(=O)N[C@@H](CCCC[NH3+])C(N)=O)[C@@H](C)O)[C@@H](C)CC)[C@@H](C)CC)[C@@H](C)O,0,-1.1328696,1
CC[C@H](C)[C@H](NC(=O)[C@H](C)NC(O)C(CC1CNCN1)NC(=O)[C@@H]1CCCN1C(=O)[C@@H](NC(=O)[C@H](CC(C)C)NC(=O)[C@H](CO)NC(=O)[C@H](CC(C)C)NC(=O)[C@@H](N)Cc1ccccc1)[C@@H](C)CC)C(=O)N[C@@H](CC(N)=O)C(=O)N[C@@H](C)C(=O)N[C@H](C(=O)N[C@@H](CO)C(=O)N[C@H](C(=O)N[C@@H](CC(C)C)C(=O)N[C@H](C(=O)NC(CC1CNCN1)C(O)NC(CC1CNCN1)C(O)N[C@@H](CO)C(N)=O)C(C)C)[C@@H](C)O)C(C)C,0,-4.5705047,1
CC(C)C[C@H](NC(=O)[C@H](CCCC[NH3+])NC(=O)[C@H](Cc1ccc(O)cc1)NC(=O)CNC(=O)[C@H](CS)NC(=O)[C@H](CS)NC(=O)[C@@H](NC(=O)CNC(=O)[C@@H](N)CC(N)=O)C(C)C)C(=O)N[C@@H](CS)C(=O)NC(CC1CNCN1)C(O)N1CC(O)CC1C(O)N[C@H](C=O)CS,0,-2.7622762,1
CC[C@H](C)[C@H](N)C(=O)N[C@@H](Cc1c[nH]c2ccccc12)C(=O)N[C@@H](CC(C)C)C(=O)N[C@H](C(=O)N[C@@H](C)C(=O)N[C@@H](CC(C)C)C(=O)N[C@@H](CCCC[NH3+])C(=O)N[C@@H](Cc1ccccc1)C(=O)N[C@@H](CC(C)C)C(=O)NCC(=O)N[C@@H](CCCC[NH3+])C(=O)NC(CC1CNCN1)C(O)N[C@@H](C)C(=O)N[C@@H](C)C(=O)N[C@@H](CCCC[NH3+])C(=O)NC(CC1CNCN1)C(O)N[C@@H](CC(C)C)C(=O)N[C@@H](C)C(=O)N[C@@H](CCCC[NH3+])C(=O)N[C@@H](CCC(N)=O)C(=O)N[C@@H](CCC(N)=O)C(=O)N[C@@H](CC(C)C)C(=O)N[C@@H](CO)C(=O)N[C@@H](CCCC[NH3+])C(=O)N[C@@H](CC(C)C)C(N)=O)[C@@H](C)O,0,-0.662206,1
CCCC(CO)NC(=O)[C@@H]1CCCN1C(=O)[C@@H](NC(=O)[C@@H](NC(=O)[C@H](CC(=O)O)NC(C)=O)[C@@H](C)CC)C(C)C,0,-3.4726572,1
CC(C)C[C@H](NC(=O)[C@H](CC(C)C)NC(=O)[C@H](CCCC[NH3+])NC(=O)[C@H](CCCC[NH3+])NC(=O)[C@H](CC(C)C)NC(=O)[C@H](CC(C)C)NC(=O)[C@H](CCCC[NH3+])NC(=O)[C@H](CC(C)C)NC(=O)[C@@H]1CCCN1C(=O)[C@H](CCCC[NH3+])NC(=O)[C@H](CCCC[NH3+])NC(=O)[C@H](CC(C)C)NC(=O)[C@H](CC(C)C)NC(=O)[C@H](CCCC[NH3+])NC(=O)[C@H](CCCC[NH3+])NC(=O)[C@H](Cc1c[nH]c2ccccc12)NC(=O)[C@@H](N)CCCC[NH3+])C(N)=O,0,-3.2233052,1
N=C(N)NCCC[C@H](NC(=O)[C@@H]1CCCN1C(=O)[C@@H]1CSSC[C@H](N)C(=O)N[C@@H](Cc2ccc(O)cc2)C(=O)N[C@@H](Cc2ccccc2)C(=O)N[C@@H](CCC(N)=O)C(=O)N[C@@H](CC(N)=O)C(=O)N1)C(=O)NCC(N)=O,0,-4.349476,1
CC[C@H](C)[C@@H](NC(=O)[C@@H](C)NC(=O)[C@@H](CCCC[NH3+])NC(=O)[C@@H](CC(C)C)NC(=O)[C@@H](CC(C)C)NC(=O)[C@H](NC(O)C(CC1CNCN1)NC(=O)[C@@H](CC(C)C)NC(=O)[C@H](NC(=O)[C@H](NC(=O)[C@@H](CCCC[NH3+])NC(=O)[C@@H](CCCC[NH3+])NC(=O)[C@@H](CC(C)C)NC(=O)[C@@H](CO)NC(=O)[C@@H](CCCC[NH3+])NC(=O)[C@@H](Cc1ccccc1)NC(=O)[C@H](NC(=O)[C@@H](CCCC[NH3+])NC(=O)[C@@H](CC(C)C)NC(=O)[C@@H](Cc1ccccc1)NC(=O)[C@@H](CO)NC(=O)[C@@H](CCCC[NH3+])NC(=O)[C@@H](Cc1c[nH]c2ccccc12)NC(=O)[C@@H](CCCC[NH3+])NC(C)=O)[C@@H](C)O)[C@@H](C)O)C(C)C)[C@@H](C)O)C(=O)N[C@H](CO)C(=O)N[C@@H](CO)C(N)=O,0,-4.35631,1
C[C@@H]1NC(=O)[C@@H]2CSSC[C@H](NC(=O)C[NH3+])C(=O)N[C@@H](CSSC[C@@H](C(N)=O)NC(=O)[C@H](CCCNC(N)=[NH2+])NC(=O)[C@H](Cc3c[nH]c4ccccc34)NC1=O)C(=O)N[C@@H](CO)C(=O)N[C@@H](CC(=O)O)C(=O)N1CCC[C@H]1C(=O)N[C@@H](CCCNC(N)=[NH2+])C(=O)N2,0,-4.4280634,1
CC(C)C[C@@H]1NC(=O)[C@@H](Cc2c[nH]c3ccccc23)NC(=O)[C@H](CCCC[NH3+])NC(O)C(CO)N(C)C(=O)[C@H](CC(N)=O)NC(=O)[C@@H](CCC(=O)O)NC(=O)[C@H](CO)NC(O)C(CC2CNC3CCCCC23)N(C)C1=O,0,-5.905761,1
CC[C@H](C)[C@H](NC(O)C(CC1CNCN1)NC(=O)[C@H](CCCC[NH3+])NC(=O)[C@H](CC(C)C)NC(=O)[C@H](CC(C)C)NC(=O)[C@H](CO)NC(=O)[C@H](CCSC)NC(=O)[C@H](Cc1c[nH]c2ccccc12)NC(=O)[C@H](CCCC[NH3+])NC(=O)CN)C(=O)N[C@@H](CC(C)C)C(=O)N[C@@H](CCCC[NH3+])C(N)=O,0,-5.346301,1
CSCC[C@H](NC(=O)[C@H](CCC(=O)O)NC(=O)[C@H](CC(=O)O)NC(C)=O)C(=O)N[C@@H](CCC(=O)O)C(=O)NC(CC1CCC2CCCCC2C1)C(O)N[C@H](C=O)CS,0,0.17600164,1
CC(C)C[C@H]1NC(=O)CNC(=O)[C@@H](CC(N)=O)NC(=O)[C@H](CCCNC(N)=[NH2+])NC(=O)[C@H]([C@@H](C)O)NC(=O)[C@H](CS)NC(=O)[C@H](C(C)C)NC(=O)[C@@H]2CCCN2C(=O)[C@H](Cc2c[nH]c3ccccc23)NC(=O)[C@H](CO)NC(=O)[C@H](CS)NC(=O)[C@H](CO)NC(=O)[C@H](CS)NC(=O)CNC(=O)[C@@H]2CCCN2C(=O)[C@H]([C@@H](C)O)NC(=O)[C@H](Cc2ccc(O)cc2)NC(=O)[C@H](CS)NC(=O)[C@H](CO)NC(=O)CNC(=O)[C@H](Cc2ccccc2)NC(=O)[C@H](C)NC(=O)[C@H](CS)NC(=O)[C@H]([C@@H](C)O)NC(=O)[C@H](CCC(=O)O)NC(=O)CNC(=O)[C@H](CS)NC(=O)[C@H](C(C)C)NC(=O)[C@@H]2CCCN2C1=O,0,-5.126417,1
CC(C)[C@@H]1NC(=O)[C@H](CCCC[NH3+])NC(=O)[C@H](C)NC(=O)[C@@H]2CCCN2C(=O)[C@@H](Cc2ccc(O)cc2)NC(=O)[C@H](C(C)C)NC(=O)[C@@H](CCCC[NH3+])NC(=O)[C@H](C)NC(=O)[C@H](CCCC[NH3+])NC(=O)[C@H](C(C)C)NC(=O)[C@H]2CCCN2C(=O)[C@@H](Cc2ccc(O)cc2)NC(=O)[C@H](C)NC(=O)[C@H](CCCC[NH3+])NC1=O,0,-5.364386,1
CC[C@H](C)[C@H](NC(=O)CNC(=O)[C@H](C)NC(=O)[C@H](CS)NC(=O)[C@H](C)NC(=O)[C@H](C)NC(=O)[C@H](CCCNC(N)=[NH2+])NC(=O)[C@H](CO)NC(=O)[C@H](CS)NC(=O)[C@H](CS)NC(=O)CN)C(=O)NC(CC1CNCN1)C(O)N[C@@H](CCC(N)=O)C(=O)N[C@@H](CCC(=O)O)C(=O)N[C@@H](CC(C)C)C(=O)N[C@@H](CS)C(N)=O,0,-5.495823,1
CC(C)C[C@H](NC(=O)[C@H](CCCNC(N)=[NH2+])NC(=O)[C@H](CCCC[NH3+])NC(=O)[C@H](CCCC[NH3+])NC(=O)[C@H](CC(C)C)NC(=O)[C@H](CC(N)=O)NC(=O)[C@H](C)NC(=O)[C@H](Cc1ccccc1)NC(=O)[C@H](CCCNC(N)=[NH2+])NC(=O)[C@H](CCCNC(N)=[NH2+])NC(=O)[C@H](CCCC[NH3+])NC(=O)[C@H](Cc1ccccc1)NC(=O)[C@H](CO)NC(=O)[C@H](C)NC(=O)CNC(=O)[C@H](Cc1ccccc1)NC(=O)[C@H](CCCC[NH3+])NC(=O)[C@H](CCCC[NH3+])NC(=O)[C@H](Cc1ccccc1)NC(=O)[C@H](Cc1ccc(O)cc1)NC(=O)[C@H](CCC(=O)O)NC(=O)[C@H](CCCC[NH3+])NC(=O)[C@H](CCCNC(N)=[NH2+])NC(=O)[C@H](CCCC[NH3+])NC(=O)CNC(=O)[C@H](Cc1ccccc1)NC(=O)[C@H](Cc1ccccc1)NC(=O)CN)C(N)=O,0,-0.1083931,1
CC[C@H](C)[C@H](NC(=O)[C@@H](N)CCCC[NH3+])C(=O)N[C@@H](CCCC[NH3+])C(=O)N[C@H](C(=O)N1CCC[C@H]1C(=O)N[C@@H](Cc1c[nH]c2ccccc12)C(=O)NCC(=O)N[C@@H](CCCC[NH3+])C(=O)N[C@H](C(=O)N[C@@H](CCCC[NH3+])C(=O)N[C@@H](CC(=O)O)C(=O)N[C@@H](Cc1ccccc1)C(=O)N[C@@H](CC(C)C)C(=O)N[C@H](C(=O)NCC(=O)NCC(=O)N[C@@H](CCSC)C(=O)N[C@@H](CCCC[NH3+])C(=O)N[C@@H](C)C(=O)N[C@H](C(N)=O)C(C)C)C(C)C)C(C)C)[C@@H](C)CC,0,-2.5812998,1
CC[C@H](C)[C@H](NC(=O)[C@H](Cc1ccccc1)NC(=O)[C@@H]1CCCN1C(=O)[C@H](C)NC(=O)[C@@H](NC(=O)[C@@H](N)CC(C)C)[C@@H](C)CC)C(=O)N[C@@H](CCCNC(N)=[NH2+])C(=O)N[C@@H](CC(=O)O)C(=O)N[C@@H](Cc1ccc(O)cc1)C(=O)N[C@@H](CS)C(=O)N[C@@H](CS)C(=O)N1CCC[C@H]1C(=O)N[C@@H](CCCNC(N)=[NH2+])C(=O)NCC(=O)N1CCC[C@H]1C(=O)N[C@@H](CS)C(=O)N[C@@H](CCSC)C(=O)N[C@H](C(=O)N[C@@H](Cc1c[nH]c2ccccc12)C(=O)N[C@@H](CS)C(N)=O)C(C)C,0,-4.186921,1
C[C@H](NC(=O)[C@H](C)NC(=O)[C@H](C)NC(=O)[C@H](Cc1ccccc1)NC(=O)[C@H](C)NC(=O)[C@H](C)NC(=O)[C@H](Cc1c[nH]c2ccccc12)NC(=O)[C@H](C)NC(=O)[C@H](C)NC(=O)[C@H](Cc1ccccc1)NC(=O)[C@H](C)NC(=O)[C@H](C)NC(=O)[C@H](C)NC(=O)[C@H](C)NC(=O)[C@H](C)NC(=O)[C@H](Cc1ccccc1)NC(=O)[C@H](C)NC(=O)[C@H](C)NC(=O)[C@H](C)NC(=O)[C@H](CCCC[NH3+])NC(=O)[C@H](CCCC[NH3+])NC(=O)[C@H](CCCC[NH3+])NC(=O)[C@H](CCCC[NH3+])NC(=O)[C@H](CCCC[NH3+])NC(=O)[C@@H](N)CCCC[NH3+])C(N)=O,0,4.0109315,1
CC(C)C[C@H](NC(=O)[C@H](C)NC(=O)[C@H](CC(C)C)NC(=O)[C@H](C)NC(=O)[C@@H](N)Cc1c[nH]c2ccccc12)C(N)=O,0,-4.3501496,1
CC[C@H](C)[C@H](NC(=O)[C@H](CC(C)C)NC(=O)[C@H](CO)NC(=O)[C@@H](NC(=O)[C@@H](NC(=O)[C@H](CC(C)C)NC(=O)CN)C(C)C)[C@@H](C)O)C(=O)N[C@@H](CCCC[NH3+])C(=O)NCC(=O)N[C@@H](C)C(=O)NCC(=O)N[C@@H](CCCC[NH3+])C(=O)N[C@@H](CC(C)C)C(=O)N[C@@H](CC(C)C)C(=O)NCC(=O)NCC(=O)N[C@@H](CC(C)C)C(=O)N[C@@H](Cc1ccccc1)C(=O)NCC(=O)N[C@@H](CO)C(=O)N[C@H](C(=O)N[C@H](C(=O)NCC(N)=O)[C@@H](C)O)C(C)C,0,-3.2480888,1
CC[C@H](C)[C@H](NC(=O)[C@@H](NC(=O)[C@@H]1CCCN1C(=O)[C@H](CC(C)C)NC(=O)[C@@H](N)Cc1ccccc1)[C@@H](C)CC)C(=O)N[C@H](C(=O)N[C@@H](CC(N)=O)C(=O)N[C@@H](CC(C)C)C(=O)N[C@@H](CC(C)C)C(=O)NCC(=O)N[C@@H](CCCC[NH3+])C(=O)N[C@@H](CC(C)C)C(=O)N[C@@H](CC(C)C)C(N)=O)[C@@H](C)O,0,-4.092965,1
CC[C@H](C)[C@H](NC(=O)[C@@H]1CCCN1C(=O)[C@H](CC(C)C)NC(=O)[C@@H](N)Cc1ccccc1)C(=O)N[C@H](C(=O)NCC(=O)N[C@@H](CCCC[NH3+])C(=O)N[C@@H](CC(C)C)C(=O)N[C@@H](CC(C)C)C(=O)N[C@@H](CO)C(=O)NCC(=O)N[C@@H](CC(C)C)C(=O)N[C@@H](CC(C)C)C(N)=O)C(C)C,0,-4.9140067,1
C[C@H](NC(O)C(CC1CNCN1)NC(=O)[C@H](Cc1ccc(O)cc1)NC(=O)[C@H](CCC(=O)O)NC(=O)[C@H](Cc1c[nH]c2ccccc12)NC(=O)[C@@H](N)CC(=O)O)C(=O)NC(CC1CNCN1)C(O)N1CCC[C@H]1C(=O)N[C@@H](CCCC[NH3+])C(=O)N1CC(O)CC1C(O)N[C@@H](CC(N)=O)C(=O)N[C@@H](CO)C(=O)N[C@H](Cc1ccccc1)C(=O)N[C@@H](Cc1c[nH]c2ccccc12)C(=O)N[C@H](C=O)[C@@H](C)O,0,1.1854514,1
CC[C@H](C)[C@H](NC(=O)[C@H](CC(=O)O)NC(=O)[C@H](CCSC)NC(=O)[C@@H](NC(=O)[C@@H](NC(=O)[C@H](CCC(=O)O)NC(=O)[C@H](Cc1ccc(O)cc1)NC(=O)[C@H](Cc1ccccc1)NC(=O)[C@H](CCCCN)NC(=O)[C@H](CCC(N)=O)NC(=O)[C@H](CCC(N)=O)NC(=O)[C@H](CC(C)C)NC(=O)[C@H](CC(=O)O)NC(=O)[C@H](CCCCN)NC(=O)[C@@H](NC(=O)[C@H](CCC(N)=O)NC(=O)[C@H](CC(N)=O)NC(=O)[C@H](Cc1ccc(O)cc1)NC(=O)[C@H](Cc1c[nH]c2ccccc12)NC(=O)[C@H](CCC(=O)O)NC(=O)CNC(=O)[C@H](CC(C)C)NC(=O)[C@@H](NC(=O)[C@@H](NC(=O)[C@H](CC(N)=O)NC(=O)CNC(=O)[C@H](Cc1c[nH]cn1)NC(=O)[C@H](CC(N)=O)NC(=O)[C@@H](N)Cc1c[nH]c2ccccc12)[C@@H](C)CC)[C@@H](C)O)[C@@H](C)O)[C@@H](C)CC)[C@@H](C)CC)C(=O)N[C@@H](CCC(=O)O)C(=O)N[C@@H](CCC(N)=O)C(=O)N[C@@H](CC(N)=O)C(=O)N[C@@H](CC(N)=O)C(=O)N[C@H](C(=O)N[C@@H](CCC(N)=O)C(=O)O)C(C)C,0,-1.2613553,1
CC[C@H](C)[C@@H]1NC(=O)[C@H](C)NC(=O)[C@H](CO)NC(=O)[C@H](CO)NC(=O)[C@H]([C@@H](C)CC)NC(=O)[C@H](CS)NC(=O)[C@@H]2CCCN2C(=O)[C@H]([C@@H](C)CC)NC(=O)[C@H](Cc2c[nH]c3ccccc23)NC(=O)[C@H](C(C)C)NC(=O)[C@H](CS)NC(=O)[C@H](CO)NC(=O)[C@H](CCC(=O)O)NC(=O)CNC(=O)[C@H](CS)NC(=O)[C@H]2CCCN2C(=O)[C@H]([C@@H](C)CC)NC(=O)CNC(=O)[C@H](CC(N)=O)NC(=O)[C@H](CCCNC(N)=[NH2+])NC(=O)[C@H](Cc2ccc(O)cc2)NC(=O)[C@H](CS)NC(=O)[C@H](C(C)C)NC(=O)[C@H](CCCC[NH3+])NC(=O)[C@H](CO)NC(=O)[C@H](CCCC[NH3+])NC(=O)[C@H](CS)NC(=O)[C@H](CO)NC(=O)[C@H](CS)NC(=O)CNC1=O,0,-4.8772955,1
CSCC[C@@H](C=O)NC(=O)[C@H](CC(C)C)NC(=O)CNC(=O)[C@@H](NC(=O)[C@H](Cc1ccccc1)NC(=O)[C@H](CCC(N)=O)NC(=O)[C@H](CC(=O)O)NC(=O)[C@H](CO)NC(=O)[C@H](CCCCN)NC(=O)[C@@H]1CCCN1C(=O)[C@@H](NC(=O)[C@@H](N)CC(=O)O)C(C)C)C(C)C,0,-0.73763055,1
CC[C@H](C)[C@H](NC(=O)[C@H](CCC(N)=O)NC(=O)[C@@H]1CCCN1C(=O)[C@H](CC(N)=O)NC(O)C(CC1CNCN1)NC(=O)[C@@H](NC(=O)[C@@H](NC(=O)[C@H](CS)NC(=O)[C@@H](NC(=O)[C@@H]1CCCN1C(=O)[C@H](CC(N)=O)NC(=O)[C@H](CO)NC(=O)[C@H](CS)NC(=O)[C@@H](N)CS)C(C)C)[C@@H](C)O)C(C)C)C(=O)N[C@@H](CS)C(N)=O,0,-5.713064,1
CC(=O)N[C@@H](CC(=O)O)C(=O)N[C@@H](CCC(=O)O)C(=O)N[C@@H](Cc1ccccc1)C(=O)N[C@@H](CCC(=O)O)C(=O)NC(CC1CCCCC1)C(O)N[C@H](C=O)CS,0,-0.64849424,1
CC(C)C[C@H](NC(=O)[C@H](CCCC[NH3+])NC(=O)[C@H](CC(C)C)NC(=O)[C@H](CCCC[NH3+])NC(=O)[C@H](CC(C)C)NC(=O)[C@H](C)NC(=O)[C@H](CCCC[NH3+])NC(=O)[C@H](C)NC(=O)[C@H](CC(C)C)NC(=O)[C@H](CC(C)C)NC(=O)[C@H](CCCC[NH3+])NC(=O)[C@H](C)NC(=O)[C@@H](N)Cc1ccccc1)C(N)=O,0,-3.7569773,1
CC(C)C[C@H](NC(=O)[C@H](CC(N)=O)NC(=O)[C@H](CO)NC(O)C(CC1CNCN1)NC(=O)[C@H](CCC(=O)O)NC(=O)[C@H](CC(C)C)NC(O)C(CC1CNCN1)NC(=O)[C@H](CS)NC(=O)[C@@H](NC(=O)[C@@H]1CCCN1C(=O)[C@H](CC(N)=O)NC(=O)[C@H](CO)NC(=O)[C@H](CS)NC(=O)[C@H](CS)NC(=O)CNC(=O)[C@@H]1CCCN1C(=O)[C@H](CC(=O)O)NC(=O)[C@@H](N)CCCNC(N)=[NH2+])C(C)C)C(=O)N[C@@H](CS)C(N)=O,0,-5.907911,1
C[C@H](NC(=O)[C@H](CS)NC(=O)[C@H](CCCNC(N)=[NH2+])NC(=O)[C@@H]1CCCN1C(=O)[C@H](CC(=O)O)NC(=O)[C@H](CO)NC(=O)[C@H](CS)NC(=O)[C@H](CS)NC(=O)CN)C(=O)N[C@H](C(=O)N[C@@H](CCCNC(N)=[NH2+])C(=O)N[C@@H](CS)C(N)=O)[C@@H](C)O,0,-6.0078926,1
CC(C)C[C@@H](NC(=O)[C@@H](C)NC(=O)[C@@H](CC(C)C)NC(=O)[C@@H](CCCC[NH3+])NC(=O)[C@@H](CCCC[NH3+])NC(=O)[C@@H](CC(C)C)NC(=O)[C@@H](C)NC(=O)[C@H]1CCCN1C(=O)[C@@H](CC(C)C)NC(=O)[C@@H](Cc1c[nH]c2ccccc12)NC(=O)[C@@H](CCCC[NH3+])NC(=O)[C@@H](CCCC[NH3+])NC(=O)[C@@H](CC(C)C)NC(=O)[C@@H](C)NC(=O)[C@@H](CC(C)C)NC(=O)[C@@H](CC(C)C)NC(=O)[C@@H](C)NC(=O)[C@@H](CC(C)C)NC(=O)[C@@H](CCCC[NH3+])NC(=O)[C@H](N)CCCC[NH3+])C(=O)N[C@H](CC(C)C)C(=O)N[C@H](C)C(=O)N[C@H](CC(C)C)C(=O)N[C@H](CCCC[NH3+])C(=O)N[C@H](CCCC[NH3+])C(N)=O,0,2.9233568,1
C[C@@H]1NC(=O)[C@@H]2CSSC[C@H](NC(=O)[C@@H](NC(=O)CN)CSSC[C@@H](C(=O)O)NC(=O)[C@H](CCCNC(N)=[NH2+])NC(=O)[C@H](Cc3c[nH]c4ccccc34)NC1=O)C(=O)N[C@@H](CO)C(=O)N[C@@H](CC(=O)O)C(=O)N[C@@H](CCCCN)C(=O)N[C@@H](CCCNC(N)=[NH2+])C(=O)N2,0,-4.256562,1
CC[C@H](C)[C@H](NC(=O)[C@@H](NC(=O)[C@@H]1CCCN1C(=O)[C@@H](NC(=O)[C@@H](NC(O)C(CC1CNCN1)NC(=O)[C@@H]1CCCN1C(=O)[C@H](CC(C)C)NC(=O)[C@H](CC(C)C)NC(O)C(CC1CNCN1)NC(=O)[C@H](CCCC[NH3+])NC(=O)[C@H](C)NC(=O)[C@@H](NC(=O)[C@H](CO)NC(=O)CNC(=O)[C@H](CC(C)C)NC(=O)[C@@H](NC(=O)[C@H](CO)NC(=O)[C@H](Cc1ccccc1)NC(=O)[C@H](CC(C)C)NC(=O)CN)C(C)C)C(C)C)C(C)C)C(C)C)C(C)C)C(=O)N[C@@H](C)C(=O)N[C@@H](CCC(=O)O)C(=O)N[C@@H](CCCC[NH3+])C(=O)N[C@@H](CC(C)C)C(N)=O,0,-4.3151217,1
CC[C@H](C)[C@H](NC(=O)CNC(=O)[C@H](CO)NC(=O)[C@H](CC(C)C)NC(=O)[C@H](C)NC(=O)[C@H](CCCNC(N)=[NH2+])NC(=O)CNC(=O)[C@@H](NC(=O)[C@H](CC(C)C)NC(=O)[C@@H]1CCCN1C(=O)[C@H](CC(C)C)NC(=O)[C@@H](N)Cc1ccccc1)[C@@H](C)CC)C(=O)N[C@@H](CC(C)C)C(N)=O,0,-4.1209183,1
CC(C)C[C@H](NC(=O)[C@H](CCCC[NH3+])NC(=O)[C@H](CCCC[NH3+])NC(=O)[C@H](CC(C)C)NC(=O)[C@H](C)NC(=O)[C@H](CCCC[NH3+])NC(=O)[C@H](CC(C)C)NC(=O)[C@H](C)NC(=O)[C@H](CC(C)C)NC(=O)[C@H](C)NC(=O)[C@@H](N)C(C)C)C(N)=O,0,-3.9657006,1
C[C@H](NC(=O)[C@@H]1CCCN1C(=O)[C@H](CC(N)=O)NC(=O)[C@H](CCCNC(N)=[NH2+])NC(=O)[C@H](CS)NC(=O)[C@H](CS)NC(=O)CNC(=O)[C@@H](N)CC(N)=O)C(=O)N[C@@H](CS)C(=O)N[C@@H](CCC(=O)O)C(=O)N[C@@H](CO)C(=O)NC(CC1CNCN1)C(O)N[C@@H](CCCNC(N)=[NH2+])C(=O)N[C@@H](CS)C(N)=O,0,-5.27135,1
C[C@H](NC(=O)[C@H](CS)NC(=O)[C@H](CC(=O)O)NC(=O)[C@@H]1CCCN1C(=O)[C@H](CCCNC(N)=[NH2+])NC(=O)[C@H](CO)NC(=O)[C@H](CS)NC(=O)[C@H](CS)NC(=O)CN)C(=O)N[C@@H](Cc1c[nH]c2ccccc12)C(=O)N[C@@H](CCCNC(N)=[NH2+])C(=O)N[C@@H](CS)C(N)=O,0,-6.0936923,1
CC(C)C[C@H]1NC(=O)CNC(=O)[C@H](CC(N)=O)NC(=O)[C@@H](CCCNC(N)=[NH2+])NC(=O)[C@H]([C@@H](C)O)NC(=O)[C@H](CS)NC(=O)[C@H](CCCC[NH3+])NC(=O)[C@@H]2CCCN2C(=O)[C@H](Cc2c[nH]c3ccccc23)NC(=O)[C@H](CO)NC(=O)[C@H](CS)NC(=O)[C@H]([C@@H](C)O)NC(=O)[C@H](CS)NC(=O)CNC(=O)[C@@H]2CCCN2C(=O)[C@H]([C@@H](C)O)NC(=O)[C@H](CC(N)=O)NC(=O)[C@H](CS)NC(=O)[C@H]([C@@H](C)O)NC(=O)CNC(=O)CNC(=O)[C@H](C(C)C)NC(=O)[C@H](CS)NC(=O)[C@H]([C@@H](C)O)NC(=O)[C@H](CCC(=O)O)NC(=O)CNC(=O)[C@H](CS)NC(=O)[C@H](C(C)C)NC(=O)[C@@H]2CCCN2C1=O,0,-5.057583,1
CC(C)C[C@H](NC(=O)[C@H](Cc1ccc(O)cc1)NC(=O)[C@@H]1CCCN1C(=O)[C@@H](N)Cc1c[nH]c2ccccc12)C(=O)N1CCC[C@H]1C(=O)N[C@@H](Cc1c[nH]c2ccccc12)C(=O)N[C@@H](CCCNC(N)=[NH2+])C(=O)N[C@@H](CCCNC(N)=[NH2+])C(N)=O,0,-3.5052738,1
CC[C@H](C)[C@H](NC(=O)[C@H](C)NC(=O)[C@H](CO)NC(=O)CNC(=O)[C@@H]1CCCN1C(=O)CN)C(=O)N[C@@H](CS)C(=O)N[C@@H](CC(N)=O)C(=O)N[C@@H](CCSC)C(=O)N[C@@H](C)C(=O)N[C@@H](CS)C(=O)N[C@@H](CCCNC(N)=[NH2+])C(=O)N[C@@H](CC(C)C)C(=O)N[C@@H](CCC(=O)O)C(=O)NC(CC1CNCN1)C(O)NCC(=O)NC(CC1CNCN1)C(O)N[C@@H](CC(C)C)C(=O)N[C@@H](Cc1ccc(O)cc1)C(=O)N1CCC[C@H]1C(=O)N[C@@H](Cc1ccccc1)C(=O)N[C@@H](CS)C(=O)N[C@@H](CC(N)=O)C(=O)N[C@@H](CS)C(=O)N[C@@H](CC(=O)O)C(N)=O,0,-5.293868,1
CC(C)C[C@H](NC(=O)[C@H](C)NC(=O)[C@H](CC(C)C)NC(=O)[C@H](C)NC(=O)[C@H](CCCC[NH3+])NC(=O)[C@H](CCCC[NH3+])NC(=O)[C@H](C)NC(=O)[C@H](CC(C)C)NC(=O)[C@H](CCCC[NH3+])NC(=O)[C@H](C)NC(=O)[C@H](CC(C)C)NC(=O)[C@H](CCCC[NH3+])NC(=O)[C@H](CCCC[NH3+])NC(=O)[C@H](C)NC(=O)[C@@H](N)Cc1ccccc1)C(N)=O,0,-2.3289022,1
CC[C@H](C)[C@H](NC(=O)[C@@H](N)Cc1ccccc1)C(=O)N[C@H](C(=O)N[C@H](C(=O)NC(CC1CNCN1)C(N)O)C(C)C)[C@@H](C)O,0,-3.559022,1
CC[C@H](C)[C@H](NC(=O)[C@H](CC(=O)O)NC(=O)[C@H](Cc1ccccc1)NC(=O)[C@H](CC(C)C)NC(=O)CN)C(=O)N[C@H](C(=O)N[C@@H](CCCC[NH3+])C(=O)N[C@@H](CCCC[NH3+])C(=O)N[C@H](C(=O)N[C@H](C(=O)NCC(=O)N[C@@H](C)C(=O)N[C@@H](CC(C)C)C(=O)NCC(=O)N[C@@H](CO)C(=O)N[C@@H](CC(C)C)C(N)=O)C(C)C)C(C)C)C(C)C,0,-5.757496,1
CC[C@H](C)[C@@H]1NC(=O)[C@H](CC(C)C)NC(=O)[C@H](C)NC(=O)[C@H]([C@@H](C)O)NC(=O)[C@H](C(C)C)NC(=O)[C@H]([C@@H](C)O)NC(=O)[C@H](CS)NC(=O)[C@@H]2CCCN2C(=O)[C@H]([C@@H](C)CC)NC(=O)[C@H](Cc2c[nH]c3ccccc23)NC(=O)[C@H](C(C)C)NC(=O)[C@H](CS)NC(=O)[C@H](CO)NC(=O)[C@H](CCC(=O)O)NC(=O)[C@H](C)NC(=O)[C@H](CS)NC(=O)[C@@H]2CCCN2C(=O)[C@@H]([C@@H](C)CC)NC(=O)CNC(=O)[C@H](CC(N)=O)NC(=O)[C@@H](Cc2ccc(O)cc2)NC(=O)[C@H](CS)NC(=O)[C@H](C(C)C)NC(=O)[C@H](CCCC[NH3+])NC(=O)[C@H](CC(N)=O)NC(=O)[C@H](CO)NC(=O)[C@H](CS)NC(=O)CNC(=O)[C@H](CS)NC(=O)CNC1=O,0,-4.9147773,1
CC(C)C[C@H](NC(=O)[C@H](CCCC[NH3+])NC(=O)[C@H](CCCC[NH3+])NC(=O)[C@H](Cc1c[nH]c2ccccc12)NC(=O)[C@@H](N)CCCC[NH3+])C(=O)N[C@@H](CC(C)C)C(=O)N[C@@H](CCCC[NH3+])C(=O)N[C@@H](CCCC[NH3+])C(=O)N1CCC[C@H]1C(=O)N[C@@H](CC(C)C)C(=O)N[C@@H](CC(C)C)C(=O)N[C@@H](CCCC[NH3+])C(=O)N[C@@H](CCCC[NH3+])C(N)=O,0,-2.4671555,1
CC[C@H](C)[C@H](NC(=O)[C@H](CO)NC(=O)[C@H](CCCC[NH3+])NC(=O)[C@H](CC(C)C)NC(=O)[C@H](CCCC[NH3+])NC(=O)[C@@H](N)CC(C)C)C(=O)N[C@H](C(=O)N[C@@H](CO)C(=O)N[C@@H](Cc1c[nH]c2ccccc12)C(=O)N[C@@H](C)C(=O)N[C@@H](CCCC[NH3+])C(=O)N[C@@H](CC(C)C)C(=O)N[C@H](C(=O)N[C@@H](CC(C)C)C(N)=O)C(C)C)C(C)C,0,-4.612421,1
CC[C@H](C)[C@@H]1NC(=O)[C@H](CS)NC(=O)[C@@H]2CCCN2C(=O)[C@H]([C@@H](C)CC)NC(=O)[C@H](Cc2c[nH]c3ccccc23)NC(=O)[C@H](C(C)C)NC(=O)[C@H](CS)NC(=O)[C@H](CO)NC(=O)[C@H](CCC(=O)O)NC(=O)[C@@H](CS)NC(=O)[C@H]2CCCN2C(=O)[C@H](CC(C)C)NC(=O)[C@@H]([C@@H](C)O)NC(=O)CNC(=O)[C@H](CC(N)=O)NC(=O)[C@H](CCCC[NH3+])NC(=O)[C@H](Cc2ccc(O)cc2)NC(=O)[C@H](CS)NC(=O)[C@H](C(C)C)NC(=O)[C@H](CCCC[NH3+])NC(=O)[C@H](CO)NC(=O)[C@H](CCCC[NH3+])NC(=O)[C@H](CS)NC(=O)[C@H](CO)NC(=O)[C@H](CS)NC(=O)CNC(=O)[C@H](C(C)C)NC(=O)[C@H](C(C)C)NC(=O)[C@H](CO)NC(=O)[C@H](CO)NC1=O,0,-5.000338,1
CC(=O)N[C@@H](CCCNC(N)=[NH2+])C(=O)N[C@@H](CCCNC(N)=[NH2+])C(=O)N[C@@H](Cc1c[nH]c2ccccc12)C(=O)N[C@@H](Cc1c[nH]c2ccccc12)C(=O)N[C@@H](CS)C(=O)N[C@@H](CCCNC(N)=[NH2+])C(=O)N[C@H](C(N)=O)C(C)C,0,-2.3449755,1
CCCC(CO)NC(=O)[C@@H]1CCCN1C(=O)[C@@H](NC(=O)[C@@H](NC(=O)[C@H](CC(=O)O)NC(=O)[C@@H](CC(=O)O)NC(C)=O)[C@@H](C)CC)C(C)C,0,-4.0260177,1
CC[C@H](C)[C@H](NC(O)C(C)(C)NC(=O)[C@H](CCCC[NH3+])NC(=O)CNC(=O)[C@H](CC(C)C)NC(O)C(C)(C)NC(=O)[C@H](CCCC[NH3+])NC(=O)[C@H](CCCC[NH3+])NC(=O)[C@H](Cc1c[nH]c2ccccc12)NC(=O)[C@H](CC(N)=O)NC(=O)[C@@H](N)C(C)C)C(=O)N[C@@H](CCCC[NH3+])C(=O)NC(C)(C)C(O)N[C@H](C(=O)N[C@@H](CCCC[NH3+])C(N)=O)C(C)C,0,-5.7642713,1
CC[C@H](C)[C@H](NC(=O)[C@H](CC(C)C)NC(=O)[C@H](CCC(=O)O)NC(=O)[C@@H](CC(=O)O)NC(C)=O)C(=O)NC(CC1CCCCC1)C(O)N[C@@H](CS)C(=O)N1CCC[C@H]1C(=O)NC(CC1CCCCC1)C(O)N[C@@H](CC(=O)O)C(=O)N[C@@H](CC(C)C)C(=O)N1CCC[C@@H]1C(=O)N[C@@H](Cc1ccc(O)cc1)C(=O)N[C@@H](CCCC[NH3+])C(N)=O,0,-4.3176775,1
CC(C)C[C@H](NC(=O)[C@H](CCCNC(N)=[NH2+])NC(=O)[C@H](CCCNC(N)=[NH2+])NC(=O)[C@H](Cc1ccc(O)cc1)NC(=O)[C@H](CC(C)C)NC(=O)[C@H](CCCNC(N)=[NH2+])NC(=O)[C@H](CCCNC(N)=[NH2+])NC(=O)[C@H](Cc1ccc(O)cc1)NC(=O)[C@H](CC(C)C)NC(=O)[C@H](CCCNC(N)=[NH2+])NC(=O)[C@H](CCCNC(N)=[NH2+])NC(=O)[C@H](Cc1ccc(O)cc1)NC(=O)[C@H](CC(C)C)NC(=O)[C@@H](N)CCCNC(N)=[NH2+])C(=O)N[C@@H](Cc1ccc(O)cc1)C(=O)N[C@@H](CCCNC(N)=[NH2+])C(=O)N[C@@H](CCCC[NH3+])C(=O)N[C@@H](CCCC[NH3+])C(=O)N[C@@H](CCCC[NH3+])C(N)=O,0,5.2790112,1
CC[C@H](C)[C@H](NC(=O)[C@H](CCCC[NH3+])NC(=O)[C@H](CCCNC(N)=[NH2+])NC(=O)[C@H](CCCC[NH3+])NC(=O)[C@H](CC(C)C)NC(=O)[C@H](CCCNC(N)=[NH2+])NC(=O)[C@H](CCCNC(N)=[NH2+])NC(=O)[C@H](CC(C)C)NC(=O)[C@H](CCCC[NH3+])NC(=O)[C@@H](N)CCCNC(N)=[NH2+])C(=O)N[C@@H](C)C(=O)NC(CC1CNCN1)C(O)N[C@@H](CCCC[NH3+])C(=O)N[C@H](C(=O)N[C@@H](CCCC[NH3+])C(=O)N[C@@H](CCCC[NH3+])C(=O)N[C@@H](Cc1ccc(O)cc1)C(N)=O)C(C)C,0,-0.7797982,1
CC[C@H](C)[C@H](NC(=O)[C@@H](NC(=O)[C@H](CO)NC(=O)[C@H](C)NC(=O)[C@@H](NC(=O)[C@H](CCCC[NH3+])NC(=O)[C@H](CCCC[NH3+])NC(=O)[C@@H](NC(=O)[C@@H](NC(=O)[C@H](CC(=O)O)NC(=O)[C@H](Cc1ccccc1)NC(=O)[C@H](CC(C)C)NC(=O)CN)C(C)C)[C@@H](C)CC)C(C)C)C(C)C)C(=O)N[C@@H](CCCC[NH3+])C(=O)N[C@@H](CCCC[NH3+])C(=O)N[C@@H](CC(C)C)C(N)=O,0,-4.8613157,1
CC(C)C[C@H](NC(=O)[C@H](CCCNC(N)=[NH2+])NC(=O)[C@@H](N)CCCNC(N)=[NH2+])C(=O)N[C@@H](CO)C(=O)N[C@@H](Cc1ccc(O)cc1)C(=O)N[C@@H](CO)C(=O)N[C@@H](CCCNC(N)=[NH2+])C(=O)N[C@@H](CCCNC(N)=[NH2+])C(=O)N[C@@H](CCCNC(N)=[NH2+])C(=O)N[C@@H](Cc1ccccc1)C(N)=O,0,1.0881752,1
C[C@H](NC(=O)[C@H](CCC(=O)O)NC(=O)[C@@H]1CCCN1C(O)C(CC1CNCN1)NC(=O)[C@H](CC(=O)O)NC(=O)[C@H](Cc1ccc(O)cc1)NC(=O)[C@H](CC(N)=O)NC(=O)[C@H](CS)NC(=O)[C@H](CCCNC(N)=[NH2+])NC(=O)[C@@H]1CCCN1C(=O)[C@H](CC(=O)O)NC(=O)[C@H](CO)NC(=O)[C@H](CS)NC(=O)[C@H](CS)NC(=O)CN)C(=O)N[C@@H](CS)C(N)=O,0,-5.8544555,1
CSCC[C@H](NC(=O)[C@@H](NC(=O)[C@H](CCCC[NH3+])NC(=O)[C@H](CCCNC(N)=[NH2+])NC(=O)[C@H](CS)NC(=O)[C@H](CO)NC(=O)[C@H](C)NC(=O)CNC(=O)[C@H](CCCC[NH3+])NC(=O)CNC(=O)[C@H](CCCC[NH3+])NC(=O)[C@@H](N)CS)[C@@H](C)O)C(=O)N[C@@H](Cc1ccc(O)cc1)C(=O)N[C@@H](CC(=O)O)C(=O)N[C@@H](CS)C(=O)N[C@@H](CS)C(=O)N[C@@H](CCCNC(N)=[NH2+])C(=O)NCC(=O)N[C@@H](CO)C(=O)N[C@@H](CS)C(=O)N[C@@H](CCCNC(N)=[NH2+])C(=O)N[C@@H](CO)C(=O)NCC(=O)N[C@@H](CCCNC(N)=[NH2+])C(=O)N[C@@H](CS)C(N)=O,0,-4.797634,1
CC[C@H](C)[C@H](NC(O)C(CC1CNCN1)NC(=O)[C@H](CCCC[NH3+])NC(=O)[C@H](CC(C)C)NC(=O)[C@H](CC(C)C)NC(=O)[C@H](CO)NC(=O)[C@H](CCCC[NH3+])NC(=O)[C@H](Cc1c[nH]c2ccccc12)NC(=O)[C@H](CCCC[NH3+])NC(=O)CN)C(=O)N[C@@H](CC(C)C)C(=O)N[C@@H](CCCC[NH3+])C(N)=O,0,-5.476922,1
CC[C@H](C)[C@H](N)C(=O)N[C@@H](CC(C)C)C(=O)N1CCC[C@H]1C(=O)N[C@H](C(=O)N[C@@H](CC(C)C)C(=O)NCC(=O)N[C@@H](CC(N)=O)C(=O)N[C@@H](CC(C)C)C(=O)N[C@@H](CC(C)C)C(=O)N[C@@H](CC(N)=O)C(=O)N[C@@H](CO)C(=O)N[C@@H](CC(C)C)C(=O)N[C@@H](CC(C)C)C(N)=O)[C@@H](C)CC,0,-4.4676723,1
CC[C@H](C)[C@@H]1NC(=O)[C@H](CC(C)C)NC(=O)[C@H](Cc2ccccc2)NC(=O)[C@H](Cc2ccccc2)NC(=O)[C@H](C)NC(=O)[C@@H]2CCCN2C(=O)[C@H](C(C)C)NC(=O)[C@H](CC(C)C)NC(=O)[C@H]([C@@H](C)CC)NC1=O,0,-5.4130664,1
CC[C@H](C)[C@H](NC(=O)[C@H](CCCC[NH3+])NC(=O)[C@H](CC(N)=O)NC(=O)[C@H](Cc1c[nH]c2ccccc12)NC(=O)[C@H](CC(C)C)NC(=O)CN)C(=O)N[C@@H](CCCC[NH3+])C(=O)N[C@@H](CCC(=O)O)C(=O)N[C@@H](C)C(=O)N[C@@H](C)C(=O)N[C@@H](CO)C(=O)N[C@@H](CCCC[NH3+])C(=O)N[C@@H](C)C(=O)N[C@@H](C)C(=O)NCC(=O)N[C@@H](CCCC[NH3+])C(=O)N[C@@H](C)C(=O)N[C@@H](C)C(=O)N[C@@H](CC(C)C)C(=O)NCC(=O)N[C@@H](Cc1ccccc1)C(=O)N[C@H](C(=O)N[C@@H](CC(N)=O)C(=O)N[C@@H](CCC(=O)O)C(=O)N[C@@H](CCSC)C(=O)N[C@H](C(N)=O)C(C)C)C(C)C,0,-1.5047376,1
CC[C@H](C)[C@H](NC(=O)[C@H](CCCC[NH3+])NC(=O)[C@@H]1CCCN1C(=O)[C@H](CC(C)C)NC(=O)[C@H](Cc1ccccc1)NC(=O)[C@H](CC(N)=O)NC(=O)[C@H](C)NC(=O)[C@H](C)NC(=O)[C@H](CC(C)C)NC(=O)CNC(=O)[C@H](C)NC(=O)[C@H](CC(C)C)NC(=O)[C@H](CC(C)C)NC(=O)[C@@H]1CCCN1C(=O)[C@H](CC(C)C)NC(=O)[C@@H](N)Cc1ccccc1)C(=O)N[C@@H](Cc1ccccc1)C(=O)N[C@@H](CS)C(=O)N[C@@H](CCCC[NH3+])C(=O)N[C@H](C(=O)N[C@H](C(=O)N[C@@H](CCCNC(N)=[NH2+])C(=O)N[C@@H](CCCC[NH3+])C(=O)N[C@@H](CS)C(N)=O)[C@@H](C)O)[C@@H](C)CC,0,-2.771918,1
C[C@H](NC(O)C(CC1CNCN1)NC(=O)[C@H](Cc1ccc(O)cc1)NC(=O)[C@H](CCC(=O)O)NC(=O)[C@H](Cc1c[nH]c2ccccc12)NC(=O)[C@@H](N)CC(=O)O)C(=O)NC(CC1CNCN1)C(O)N1CCC[C@H]1C(=O)N[C@@H](CCCC[NH3+])C(=O)N1CC(O)CC1C(O)N[C@@H](CC(N)=O)C(=O)N[C@@H](CO)C(=O)N[C@@H](Cc1ccccc1)C(=O)N[C@@H](Cc1c[nH]c2ccccc12)C(=O)N[C@H](C=O)[C@@H](C)O,0,1.1984801,1
CC[C@H](C)[C@H](NC(=O)CNC(=O)[C@H](CO)NC(=O)[C@@H](NC(=O)[C@H](CC(C)C)NC(=O)[C@H](CCCNC(N)=[NH2+])NC(=O)CNC(=O)[C@@H](NC(=O)[C@@H](NC(=O)[C@@H]1CCCN1C(=O)[C@H](CC(C)C)NC(=O)[C@@H](N)Cc1ccccc1)[C@@H](C)CC)C(C)C)[C@@H](C)CC)C(=O)N[C@@H](CC(C)C)C(N)=O,0,-4.4572964,1
CC[C@H](C)[C@H](NC(=O)[C@H](CC(C)C)NC(=O)[C@H](CC(N)=O)NC(=O)[C@@H](NC(=O)[C@H](CC(C)C)NC(=O)[C@@H](NC(=O)[C@@H]1CCCN1C(=O)[C@H](CC(C)C)NC(=O)[C@@H](N)Cc1ccccc1)[C@@H](C)CC)[C@@H](C)CC)C(=O)NC(CC1CNCN1)C(O)N[C@@H](CCCC[NH3+])C(=O)NCC(=O)N[C@@H](CC(C)C)C(=O)N[C@@H](CC(C)C)C(N)=O,0,-3.0540655,1
CC[C@H](C)[C@@H]1NC(=O)[C@H](Cc2c[nH]c[nH+]2)NC(=O)[C@H](CCC(N)=O)NC(=O)[C@H](CC(N)=O)NC(=O)[C@H](CC(N)=O)NC(=O)CNC(=O)[C@H](C)NC(=O)[C@@H]2CSSC[C@H](NC(=O)C[NH3+])C(=O)N[C@@H](CSSC[C@@H](C(N)=O)NC1=O)C(=O)N[C@@H](CO)C(=O)N[C@@H](Cc1c[nH]c[nH+]1)C(=O)N1CCC[C@H]1C(=O)N[C@@H](C)C(=O)N2,0,-4.432585,1
CC[C@H](C)[C@H](NC(=O)CN)C(=O)NCC(=O)N[C@@H](CCCC[NH3+])C(=O)N[C@@H](Cc1ccccc1)C(=O)N[C@@H](CC(C)C)C(=O)NC(CC1CNCN1)C(O)N[C@@H](CO)C(=O)N[C@H](C)C(=O)N[C@@H](CCCC[NH3+])C(=O)N[C@@H](CCCC[NH3+])C(=O)N[C@@H](Cc1ccccc1)C(=O)N[C@H](C)C(=O)N[C@@H](CCCC[NH3+])C(=O)N[C@@H](C)C(=O)N[C@@H](Cc1ccccc1)C(=O)N[C@H](C(=O)N[C@H](C)C(=O)N[C@@H](CCC(=O)O)C(=O)N[C@H](C(=O)N[C@@H](CCSC)C(=O)N[C@@H](CC(N)=O)C(=O)N[C@@H](CO)C(N)=O)[C@@H](C)CC)C(C)C,0,-3.391448,1
CC(C)C[C@@H]1NC(=O)[C@H](CC(=O)O)NC(=O)[C@@H]2CCCN2C(=O)[C@H](Cc2c[nH]c[nH+]2)NC(=O)[C@H](CCCC[NH3+])NC(=O)[C@H](CC(N)=O)NC(=O)[C@H](CCCNC(N)=[NH2+])NC(=O)[C@@H]2CSSC[C@H](NC(=O)C[NH3+])C(=O)N[C@@H](CSSC[C@@H](C(N)=O)NC1=O)C(=O)N[C@@H](CO)C(=O)N[C@@H](CC(=O)O)C(=O)N1CCC[C@H]1C(=O)N1CCC[C@H]1C(=O)N2,0,-4.3803263,1
CC[C@H](C)[C@H](NC(=O)CN)C(=O)NCC(=O)NCC(=O)N[C@@H](C)C(=O)N[C@@H](CC(C)C)C(=O)N[C@@H](CC(C)C)C(=O)N[C@@H](CO)C(=O)N[C@@H](C)C(=O)NCC(=O)N[C@@H](CCCC[NH3+])C(=O)N[C@@H](C)C(=O)N[C@@H](C)C(=O)N[C@@H](CC(C)C)C(=O)N[C@@H](CCCC[NH3+])C(=O)NCC(=O)N[C@@H](CC(C)C)C(=O)N[C@@H](C)C(=O)N[C@@H](CCCC[NH3+])C(=O)N[C@H](C(=O)N[C@@H](CC(C)C)C(=O)N[C@H](C(N)=O)C(C)C)C(C)C,0,-1.3917962,1
CC(C)C[C@H](NC(=O)[C@@H](NC(=O)[C@H](C)NC(=O)[C@H](CS)NC(=O)[C@@H]1CCCN1C(=O)[C@@H]1CCCN1C(=O)[C@@H](NC(=O)[C@H](CO)NC(=O)[C@H](CS)NC(=O)[C@H](CS)NC(=O)CN)[C@@H](C)O)C(C)C)C(=O)N[C@@H](C)C(=O)N[C@@H](CS)C(N)=O,0,-5.902019,1
CC(=O)NCC(=O)N[C@@H](CCCC[NH3+])C(=O)N[C@@H](CCCC[NH3+])C(=O)N[C@@H](CC(C)C)C(=O)N[C@@H](CC(C)C)C(=O)N[C@@H](CCCC[NH3+])C(=O)N[C@@H](CCCC[NH3+])C(=O)N[C@@H](Cc1c[nH]c2ccccc12)C(=O)N[C@@H](CCCC[NH3+])C(=O)N[C@@H](CCCC[NH3+])C(=O)N[C@@H](CC(C)C)C(=O)N[C@@H](Cc1c[nH]c2ccccc12)C(=O)N[C@@H](CCCC[NH3+])C(=O)N[C@@H](CCCC[NH3+])C(=O)N[C@@H](Cc1c[nH]c2ccccc12)C(N)=O,0,-3.7336044,1
CC(C)C[C@H](NC(=O)[C@H](C)NC(=O)[C@H](CCCC[NH3+])NC(=O)[C@H](CCCC[NH3+])NC(=O)[C@H](CC(C)C)NC(=O)[C@H](C)NC(=O)[C@H](CCCC[NH3+])NC(=O)[C@H](CC(C)C)NC(=O)[C@H](C)NC(=O)[C@H](CC(C)C)NC(=O)[C@H](C)NC(=O)[C@@H](N)Cc1ccccc1)C(N)=O,0,-3.3536363,1
CSCC[C@@H]1NC(=O)[C@H](CCCNC(N)=[NH2+])NC(=O)[C@H](C)NC(=O)[C@H](C)NC(=O)[C@H](Cc2c[nH]c3ccccc23)NC(=O)[C@H](CCCNC(N)=[NH2+])NC(=O)[C@H](Cc2ccccc2)NC(=O)[C@H](C)NC(=O)[C@H](CCCC[NH3+])NC(=O)[C@H](CCCNC(N)=[NH2+])NC(=O)[C@H](Cc2c[nH]c3ccccc23)NC(=O)[C@H](C)NC(=O)[C@@H]2CCCN2C(=O)[C@H](C)NC(=O)[C@H](C)NC(=O)[C@H](CCCC[NH3+])NC(=O)[C@H](CCCC[NH3+])NC(=O)[C@H](CC(C)C)NC1=O,0,-3.6853945,1
CC[C@H](C)[C@H](NC(=O)[C@@H](NC(=O)CN)C(C)C)C(=O)N[C@@H](CC(=O)O)C(=O)N[C@@H](C)C(=O)N[C@@H](C)C(=O)N[C@@H](CCCC[NH3+])C(=O)N[C@@H](CCCC[NH3+])C(=O)N[C@H](C(=O)N[C@H](C(=O)N[C@@H](CC(N)=O)C(=O)N[C@H](C(=O)N[C@@H](CC(C)C)C(=O)N[C@@H](CCCC[NH3+])C(=O)N[C@@H](CC(N)=O)C(=O)N[C@@H](CC(C)C)C(=O)N1CCC[C@H]1C(N)=O)C(C)C)C(C)C)C(C)C,0,-4.8085346,1
CC[C@H](C)[C@H](NC(=O)[C@H](C)NC(=O)[C@H](C)NC(=O)[C@H](CCC(=O)O)NC(=O)[C@H](CCCC[NH3+])NC(=O)CNC(=O)[C@@H](NC(=O)[C@H](CC(N)=O)NC(=O)[C@H](CCCC[NH3+])NC(=O)[C@@H](NC(=O)[C@@H](NC(=O)[C@H](CO)NC(=O)[C@H](Cc1c[nH]c2ccccc12)NC(=O)[C@H](CC(C)C)NC(=O)CN)[C@@H](C)O)[C@@H](C)CC)C(C)C)C(=O)N[C@@H](C)C(=O)N[C@@H](C)C(=O)NCC(=O)N[C@@H](CCCC[NH3+])C(=O)N[C@@H](C)C(=O)N[C@H](C(=O)N[C@@H](CC(C)C)C(=O)NCC(=O)N[C@@H](CO)C(=O)N[C@@H](CC(C)C)C(N)=O)C(C)C,0,-3.8367972,1
CC[C@H](C)[C@H](NC(=O)[C@H](CCCC[NH3+])NC(=O)[C@H](CCCC[NH3+])NC(=O)[C@H](CC(C)C)NC(=O)[C@H](CC(=O)O)NC(=O)[C@@H](NC(=O)[C@@H](N)Cc1ccccc1)C(C)C)C(=O)N[C@@H](C)C(=O)N[C@@H](CC(N)=O)C(=O)N[C@H](C(=O)N[C@H](C(=O)N[C@@H](CC(N)=O)C(=O)N[C@@H](CO)C(=O)N[C@H](C(=O)N[C@@H](Cc1ccccc1)C(=O)NCC(=O)N[C@@H](CCCC[NH3+])C(N)=O)[C@@H](C)CC)[C@@H](C)CC)[C@@H](C)CC,0,-4.349756,1
CC[C@H](C)[C@H](N)C(=O)N[C@@H](CC(C)C)C(=O)N1CCC[C@H]1C(=O)N[C@@H](CC(C)C)C(=O)N[C@@H](CCCC[NH3+])C(=O)N[C@@H](Cc1c[nH]c2ccccc12)C(=O)N1CCC[C@H]1C(=O)N[C@@H](Cc1c[nH]c2ccccc12)C(=O)N[C@@H](Cc1c[nH]c2ccccc12)C(=O)N1CCC[C@H]1C(=O)N[C@@H](Cc1c[nH]c2ccccc12)C(=O)N[C@@H](CCCNC(N)=[NH2+])C(=O)N[C@@H](CCCNC(N)=[NH2+])C(N)=O,0,-2.406454,1
CC[C@H](C)[C@H](NC(=O)[C@H](CO)NC(=O)[C@@H]1CCCN1C(=O)[C@H](CC(C)C)NC(=O)[C@@H](NC(=O)CNC(=O)[C@H](C)NC(=O)[C@H](CC(C)C)NC(=O)[C@@H](NC(=O)[C@H](CCCC[NH3+])NC(=O)[C@H](CC(C)C)NC(=O)[C@H](C)NC(=O)[C@H](CO)NC(=O)CNC(=O)[C@@H](NC(=O)[C@@H](N)Cc1ccccc1)[C@@H](C)CC)C(C)C)C(C)C)C(=O)N[C@H](C(=O)N[C@@H](CO)C(=O)N[C@@H](Cc1c[nH]c2ccccc12)C(=O)N[C@H](C(=O)N[C@@H](CCCC[NH3+])C(=O)N[C@@H](CCC(N)=O)C(N)=O)C(C)C)C(C)C,0,-4.241308,1
CC(C)C[C@H](NC(=O)[C@H](CCC(=O)O)NC(=O)[C@@H]1CCCN1C(=O)[C@H](C)NC(=O)[C@H](CC(N)=O)NC(=O)[C@@H](NC(=O)[C@H](CO)NC(=O)[C@H](CS)NC(=O)[C@H](C)NC(=O)[C@@H]1CCCN1C(O)C(CC1CNCN1)NC(=O)[C@H](CO)NC(=O)[C@H](CS)NC(=O)[C@H](CS)NC(=O)CN)C(C)C)C(=O)N[C@@H](CS)C(N)=O,0,-6.157531,1
CC[C@H](C)[C@H](N)C(=O)N[C@@H](CC(C)C)C(=O)N1CCC[C@H]1C(=O)N[C@H](C(=O)N[C@@H](CC(C)C)C(=O)N[C@@H](C)C(=O)N1CCC[C@H]1C(=O)N[C@@H](CC(C)C)C(=O)N[C@H](C(=O)NCC(=O)NCC(=O)N[C@@H](CC(C)C)C(=O)N[C@@H](CC(C)C)C(N)=O)[C@@H](C)CC)[C@@H](C)CC,0,-3.7014365,1
CC[C@H](C)[C@H](NC(=O)[C@H](C)NC(=O)[C@H](CCCC[NH3+])NC(=O)[C@H](CC(C)C)NC(=O)[C@H](CC(C)C)NC(=O)CNC(O)C(CC1CNCN1)NC(=O)[C@H](CC(C)C)NC(=O)[C@@H](NC(=O)[C@@H](NC(=O)[C@H](CCCC[NH3+])NC(=O)[C@H](CCCC[NH3+])NC(=O)[C@H](C)NC(=O)[C@H](CO)NC(=O)[C@H](CCCC[NH3+])NC(=O)[C@H](Cc1ccccc1)NC(=O)[C@@H](NC(=O)[C@H](CCCC[NH3+])NC(=O)[C@H](CC(C)C)NC(=O)[C@H](Cc1ccccc1)NC(=O)[C@H](CO)NC(=O)[C@H](CCCC[NH3+])NC(=O)[C@H](Cc1c[nH]c2ccccc12)NC(=O)[C@H](CCCC[NH3+])NC(C)=O)[C@@H](C)O)[C@@H](C)O)C(C)C)C(=O)N[C@@H](CO)C(=O)N[C@@H](CO)C(N)=O,0,-4.20376,1
CC[C@H](C)[C@H](NC(=O)[C@H](CCCC[NH3+])NC(=O)CNC(=O)[C@H](CC(C)C)NC(=O)[C@H](Cc1ccccc1)NC(=O)[C@H](CCCC[NH3+])NC(=O)[C@H](CO)NC(=O)[C@H](Cc1ccccc1)NC(=O)[C@H](Cc1c[nH]c2ccccc12)NC(=O)[C@H](CCC(N)=O)NC(=O)[C@@H](NC(=O)[C@@H](N)Cc1ccccc1)C(C)C)C(=O)N[C@@H](CC(C)C)C(N)=O,0,-5.0814266,1
CSCC[C@H](NC(=O)CNC(=O)[C@H](CCCNC(N)=[NH2+])NC(=O)[C@H](CO)NC(=O)[C@H](CS)NC(O)C1CC(O)CN1C(=O)[C@@H](NC(=O)CNC(O)C1CC(O)CN1C(=O)[C@H](CO)NC(=O)[C@H](CCCC[NH3+])NC(=O)[C@@H](N)CS)[C@@H](C)O)C(=O)N[C@@H](CCCNC(N)=[NH2+])C(=O)N[C@@H](CC(=O)O)C(=O)N[C@@H](CS)C(=O)N[C@@H](CS)C(=O)N[C@H](C(=O)N[C@@H](CO)C(=O)N[C@@H](CS)C(=O)N[C@@H](CC(C)C)C(=O)N[C@@H](CC(C)C)C(=O)N[C@@H](Cc1ccc(O)cc1)C(=O)N[C@@H](CO)C(=O)N[C@@H](CC(N)=O)C(=O)N[C@@H](CCCC[NH3+])C(=O)N[C@@H](CS)C(=O)N[C@@H](CCCNC(N)=[NH2+])C(=O)N[C@@H](CCCNC(N)=[NH2+])C(=O)N[C@H](C=O)Cc1ccc(O)cc1)[C@@H](C)O,0,-2.1112258,1
CC(C)C[C@@H]1NC(=O)[C@H](CC(C)C)NC(=O)[C@H](CCC(N)=O)NC(=O)[C@H](CCCNC(=N)N)NC(=O)[C@H](Cc2c[nH]cn2)NC(=O)[C@@H]2CSSC[C@@H](C(=O)N[C@@H](CC(C)C)C(=O)N[C@@H](CCCNC(=N)N)C(=O)N[C@@H](Cc3ccccc3)C(=O)N[C@H](C(N)=O)C(C)C)NC(=O)[C@H](CSSC[C@H](NC(=O)[C@@H](N)CCC(=O)O)C(=O)N2)NC1=O,0,-4.184838,1
CC(=O)N[C@@H](CCCNC(N)=[NH2+])C(=O)N[C@@H](Cc1c[nH]c2ccccc12)C(=O)N[C@@H](Cc1ccc(O)cc1)C(=O)N[C@@H](CS)C(=O)NCC(N)=O,0,-4.393639,1
CC(=O)N[C@@H](CC(C)C)C(=O)N[C@@H](CC(C)C)C(=O)N[C@@H](CCCNC(N)=[NH2+])C(=O)N[C@H](C(=O)N[C@@H](CCCC[NH3+])C(=O)N[C@@H](CCCNC(N)=[NH2+])C(N)=O)C(C)C,0,-4.835505,1
CC(C)[C@H](NC(=O)[C@@H](NC(=O)[C@H](CS)NC(=O)CNC(=O)[C@H](CS)NC(O)C1CC(O)CN1C(O)C(CC1CNCN1)NC(=O)[C@H](CS)NC(=O)[C@H](C)NC(=O)[C@H](C)NC(=O)[C@H](CC(N)=O)NC(O)C1CC(O)CN1C(=O)[C@H](Cc1ccc(O)cc1)NC(=O)[C@H](CCCC[NH3+])NC(=O)CNC(=O)[C@H](CS)NC(=O)[C@H](CS)NC(=O)CN)[C@@H](C)O)C(=O)NCC(=O)N[C@@H](CCCNC(N)=[NH2+])C(=O)N1CC(O)CC1C(O)N1CC(O)CC1C(O)N[C@@H](Cc1ccc(O)cc1)C(=O)N[C@@H](CS)C(=O)N[C@@H](CC(=O)O)C(=O)N[C@@H](CCCNC(N)=[NH2+])C(=O)N1CC(O)CC1C(O)N[C@@H](CO)C(=O)NCC(=O)NCC=O,0,-5.1053743,1
CC[C@H](C)[C@H](NC(=O)[C@@H](N)CCC(N)=O)C(=O)N1CCC[C@H]1C(=O)N[C@@H](Cc1c[nH]c2ccccc12)C(=O)N[C@@H](Cc1ccccc1)C(=O)NC(CC1CNCN1)C(O)N[C@@H](CCCNC(N)=[NH2+])C(N)=O,0,-3.2111626,1
CC(C)C[C@H](NC(=O)[C@H](CC(C)C)NC(=O)[C@@H](CCCC[NH3+])NC(=O)[C@H](CC(C)C)NC(=O)[C@H](CC(C)C)NC(=O)[C@H](CCCC[NH3+])NC(=O)[C@@H](CCCC[NH3+])NC(=O)[C@@H](CC(C)C)NC(=O)[C@H](CC(C)C)NC(=O)[C@@H](CCCC[NH3+])NC(=O)[C@H](CCCC[NH3+])NC(=O)[C@H](CC(C)C)NC(=O)[C@@H](CC(C)C)NC(=O)[C@H](CCCC[NH3+])NC(=O)[C@@H](N)CC(C)C)C(N)=O,0,-1.4420811,1
CC[C@H](C)[C@H](NC(=O)[C@H](CCCC[NH3+])NC(=O)[C@H](CCCC[NH3+])NC(=O)[C@H](Cc1ccccc1)NC(=O)[C@H](CC(C)C)NC(=O)[C@H](CCCC[NH3+])NC(=O)[C@@H](N)CC(C)C)C(=O)N[C@@H](CC(C)C)C(=O)N[C@@H](CCCC[NH3+])C(=O)N[C@@H](Cc1ccc(O)cc1)C(=O)N[C@@H](CC(C)C)C(N)=O,0,-3.4418736,1
CC[C@H](C)[C@H](N)C(=O)N[C@@H](CC(N)=O)C(=O)N[C@@H](Cc1c[nH]c2ccccc12)C(=O)N[C@@H](CC(C)C)C(=O)N[C@@H](CCCC[NH3+])C(=O)N[C@@H](CC(C)C)C(=O)NCC(=O)N[C@@H](CCCC[NH3+])C(=O)N[C@@H](CCCC[NH3+])C(=O)N[C@H](C(=O)N[C@@H](CC(C)C)C(=O)NCC(=O)N[C@@H](C)C(=O)N[C@H](C(N)=O)[C@@H](C)CC)[C@@H](C)CC,0,-1.8444759,1
C[C@H](NC(=O)[C@H](C)NC(=O)[C@H](Cc1ccccc1)NC(=O)[C@H](C)NC(=O)[C@H](C)NC(=O)[C@H](CCCNC(N)=[NH2+])NC(=O)[C@H](CCCNC(N)=[NH2+])NC(=O)[C@@H](N)CCCNC(N)=[NH2+])C(=O)N[C@@H](Cc1c[nH]c2ccccc12)C(=O)N[C@@H](C)C(=O)N[C@@H](C)C(=O)N[C@@H](Cc1ccccc1)C(=O)N[C@@H](C)C(=O)N[C@@H](C)C(=O)N[C@@H](CCCNC(N)=[NH2+])C(=O)N[C@@H](CCCNC(N)=[NH2+])C(=O)N[C@@H](CCCNC(N)=[NH2+])C(N)=O,0,5.5704374,1
CC(C)C[C@H](NC(=O)[C@H](CC(N)=O)NC(=O)[C@H](CO)NC(O)C(CC1CNCN1)NC(=O)[C@H](CCC(=O)O)NC(=O)[C@H](C)NC(O)C(CC1CNCN1)NC(=O)[C@H](CS)NC(=O)[C@@H](NC(=O)[C@@H]1CCCN1C(=O)[C@H](CC(N)=O)NC(=O)[C@H](CO)NC(=O)[C@H](CS)NC(=O)[C@H](CS)NC(=O)CN)C(C)C)C(=O)N[C@@H](CS)C(N)=O,0,-6.501006,1
CC[C@H](C)[C@H](NC(=O)[C@@H](N)CCCNC(N)=[NH2+])C(=O)N[C@@H](CC(C)C)C(=O)N[C@@H](CCCNC(N)=[NH2+])C(=O)NCC(N)=O,0,-0.23659025,1
CC[C@H](C)[C@H](NC(=O)CN)C(=O)NCC(=O)NCC(=O)N[C@@H](CCCC[NH3+])C(=O)N[C@H](C(=O)N[C@@H](CC(C)C)C(=O)NCC(=O)NCC(=O)N[C@@H](CC(C)C)C(=O)N[C@@H](CCCC[NH3+])C(=O)N[C@H](C(=O)N[C@@H](C)C(=O)N[C@@H](CC(C)C)C(=O)N[C@@H](CCCC[NH3+])C(=O)NCC(=O)N[C@@H](C)C(=O)N[C@@H](C)C(=O)N[C@@H](CCCC[NH3+])C(=O)N[C@@H](CCC(=O)O)C(=O)N[C@@H](CC(C)C)C(=O)N[C@@H](C)C(=O)N[C@@H](CO)C(=O)N[C@H](C(=O)N[C@@H](Cc1ccc(O)cc1)C(=O)N[C@@H](CC(C)C)C(=O)NC(CC1CNCN1)C(N)O)[C@@H](C)O)[C@@H](C)O)[C@@H](C)CC,0,-1.7210188,1
CC[C@H](C)[C@H](NC(=O)[C@H](CCC(N)=O)NC(=O)[C@@H]1CCCN1C(=O)[C@H](CC(N)=O)NC(O)C(CC1CNCN1)NC(=O)[C@@H](NC(=O)[C@@H](NC(=O)[C@H](CS)NC(=O)[C@@H](NC(=O)[C@@H]1CCCN1C(=O)[C@H](CC(N)=O)NC(=O)[C@H](CO)NC(=O)[C@H](CS)NC(=O)[C@H](CS)NC(=O)[C@@H]1CCCN1C(=O)[C@H](CC(=O)O)NC(O)C(N)CCCNC(N)N(C)C)C(C)C)[C@@H](C)O)C(C)C)C(=O)N[C@@H](CS)C(N)=O,0,-5.379058,1
CC[C@H](C)[C@H](NC(=O)CN)C(=O)NCC(=O)N[C@@H](CCCC[NH3+])C(=O)N[C@@H](Cc1ccccc1)C(=O)N[C@@H](CC(C)C)C(=O)NC(CC1CNCN1)C(O)N[C@@H](CCCC[NH3+])C(=O)N[C@H](C(=O)NCC(=O)N[C@@H](CO)C(=O)N[C@@H](Cc1ccccc1)C(=O)N[C@H](C(=O)N[C@@H](CCCC[NH3+])C(=O)N[C@@H](CO)C(=O)N[C@@H](Cc1c[nH]c2ccccc12)C(=O)N[C@@H](CCCC[NH3+])C(=O)NCC(=O)N[C@@H](CCC(=O)O)C(=O)N[C@H](C(=O)N[C@@H](CCSC)C(=O)N[C@@H](CC(N)=O)C(=O)N[C@@H](CO)C(N)=O)[C@@H](C)CC)[C@@H](C)CC)C(C)C,0,-4.812536,1
CCCCC(NC(=O)[C@@H](NC(=O)[C@H](CCCC[NH3+])NC(=O)[C@@H]1CCCN1C(=O)[C@H](CC(C)C)NC(=O)[C@H](CO)NC(=O)[C@H](CCCC[NH3+])NC(=O)[C@H](CCCC[NH3+])NC(=O)[C@H](CC(C)C)NC(=O)[C@H](CO)NC(=O)[C@H](CO)NC(=O)[C@H](CC(C)C)NC(=O)[C@H](Cc1ccccc1)NC(=O)CN)C(C)C)C(O)N[C@@H](C)C(=O)NC(CC1CNCN1)C(O)NC(CCCC)C(O)N[C@@H](CCCC[NH3+])C(N)=O,0,-4.5960197,1
CC(C)C[C@@H]1NC(=O)[C@H](CCCC[NH3+])NC(=O)[C@H](C(C)C)NC(=O)[C@@H]2CCCN2C(=O)[C@@H](Cc2ccc(O)cc2)NC(=O)[C@H](CC(C)C)NC(=O)[C@H](CCCC[NH3+])NC(=O)[C@H](C(C)C)NC(=O)[C@H](CCCC[NH3+])NC(=O)[C@H](CC(C)C)NC(=O)[C@H]2CCCN2C(=O)[C@@H](Cc2ccc(O)cc2)NC(=O)[C@H](C(C)C)NC(=O)[C@H](CCCC[NH3+])NC1=O,0,-5.6366987,1
CC[C@H](C)[C@H](NC(=O)[C@H](CCCC[NH3+])NC(=O)[C@H](CCCC[NH3+])NC(=O)[C@H](CCC(N)=O)NC(=O)CN)C(=O)N[C@@H](CCCNC(N)=[NH2+])C(=O)N[C@H](C(=O)N[C@@H](CCCNC(N)=[NH2+])C(=O)N[C@@H](CC(C)C)C(=O)N[C@@H](CO)C(N)=O)C(C)C,0,-3.698906,1
CC[C@H](C)[C@H](NC(=O)[C@H](CCCC[NH3+])NC(=O)CNC(=O)[C@@H](NC(=O)[C@H](CC(C)C)NC(O)C(CC1CNCN1)NC(=O)[C@H](C)NC(=O)[C@H](CC(C)C)NC(=O)[C@H](CC(C)C)NC(=O)[C@H](CC(=O)O)NC(=O)[C@H](CCCC[NH3+])NC(=O)CNC(=O)[C@H](C)NC(=O)CNC(=O)[C@H](CCCC[NH3+])NC(=O)[C@H](CC(C)C)NC(=O)[C@@H](NC(=O)[C@H](CC(=O)O)NC(=O)[C@@H](NC(=O)[C@@H](NC(=O)CN)C(C)C)C(C)C)[C@@H](C)CC)C(C)C)C(=O)N[C@@H](CO)C(=O)N[C@@H](CCC(=O)O)C(=O)N[C@@H](CCCC[NH3+])C(=O)N[C@H](C(N)=O)C(C)C,0,-2.6244128,1
CC[C@H](C)[C@@H]1NC(=O)[C@H](CCCNC(=N)N)NC(=O)CNC(=O)[C@@H]2CSSC[C@@H](C(=O)N3CCC[C@H]3C(=O)N[C@@H](CCC(=O)O)C(=O)N[C@H](C(=O)N[C@H](C(=O)N[C@@H](CS)C(=O)N3CCC[C@H]3C(=O)N[C@@H](CCCCN)C(=O)N[C@@H](CC(N)=O)C(=O)O)C(C)C)C(C)C)NC(=O)[C@H]([C@@H](C)CC)NC(=O)[C@H](CS)NC(=O)[C@H](CCCNC(=N)N)NC(=O)[C@H](CO)NC(=O)[C@H](CSSC[C@H](NC(=O)[C@H](CCC(=O)O)NC(=O)[C@@H](NC(=O)[C@H](Cc3c[nH]c4ccccc34)NC(=O)[C@H](Cc3ccc(O)cc3)NC(=O)[C@H](CCC(N)=O)NC(=O)[C@@H]3CCCN3C(=O)[C@@H](NC(=O)[C@H](CC(C)C)NC(=O)[C@H](CC(=O)O)NC(=O)[C@H](CC(N)=O)NC(=O)[C@@H](N)CC(C)C)C(C)C)[C@@H](C)O)C(=O)N2)NC(=O)[C@H](Cc2c[nH]cn2)NC(=O)[C@@H]2CCCN2C(=O)CNC1=O,0,-3.799817,1
CC(C)C[C@H](NC(=O)[C@H](Cc1ccccc1)NC(=O)[C@H](C)NC(=O)CNC(=O)[C@H](Cc1c[nH]c2ccccc12)NC(=O)[C@H](CC(N)=O)NC(=O)[C@@H](N)CC(C)C)C(=O)N[C@@H](CCCC[NH3+])C(=O)NC(CC1CNCN1)C(O)N[C@@H](Cc1ccccc1)C(=O)N[C@@H](Cc1ccccc1)C(=O)N[C@@H](CCCC[NH3+])C(N)=O,0,-4.7676105,1
CC[C@H](C)[C@H](N)C(=O)N[C@@H](CC(N)=O)C(=O)N[C@@H](Cc1c[nH]c2ccccc12)C(=O)N[C@@H](CCCC[NH3+])C(=O)N[C@@H](CCCC[NH3+])C(=O)N[C@H](C(=O)N[C@@H](C)C(=O)N[C@@H](CO)C(=O)N[C@H](C(=O)NCC(=O)N[C@@H](CCCC[NH3+])C(=O)N[C@@H](CCC(=O)O)C(=O)N[C@H](C(=O)N[C@@H](CC(C)C)C(=O)N[C@@H](CCCC[NH3+])C(=O)N[C@@H](C)C(=O)N[C@@H](CC(C)C)C(N)=O)C(C)C)[C@@H](C)CC)[C@@H](C)CC,0,-4.0619035,1
CC[C@H](C)[C@H](NC(=O)[C@H](CCC(=O)O)NC(=O)[C@@H]1CCCN1C(O)C(CC1CNCN1)NC(=O)[C@H](CC(=O)O)NC(=O)[C@H](Cc1ccc(O)cc1)NC(=O)[C@H](CC(N)=O)NC(=O)[C@H](CS)NC(=O)[C@H](CCCNC(N)=[NH2+])NC(=O)[C@@H]1CCCN1C(=O)[C@H](CC(=O)O)NC(=O)[C@H](CO)NC(=O)[C@H](CS)NC(=O)[C@H](CS)NC(=O)[C@H](C)N)C(=O)N[C@@H](CS)C(N)=O,0,-5.356475,1
CC[C@H](C)[C@H](NC(=O)[C@H](CCC(=O)O)NC(=O)[C@@H]1CCCN1C(O)C(CC1CNCN1)NC(=O)[C@H](CC(=O)O)NC(=O)[C@H](Cc1ccc(O)cc1)NC(=O)[C@H](C)NC(=O)[C@H](CS)NC(=O)[C@H](CCCNC(N)=[NH2+])NC(=O)[C@@H]1CCCN1C(=O)[C@H](CC(=O)O)NC(=O)[C@H](CO)NC(=O)[C@H](CS)NC(=O)[C@H](CS)NC(=O)CN)C(=O)N[C@@H](CS)C(N)=O,0,-5.631347,1
CC[C@H](C)[C@H](NC(=O)[C@@H](NC(=O)[C@@H]1CCCN1C(=O)[C@@H](NC(=O)[C@@H](NC(=O)[C@H](CCCNC(N)=[NH2+])NC(=O)[C@@H]1CCCN1C(=O)[C@@H](NC(=O)[C@@H](NC(O)C(CC1CNCN1)NC(=O)[C@H](CCCC[NH3+])NC(=O)[C@H](C)NC(=O)[C@@H](NC(=O)[C@H](CO)NC(=O)CNC(=O)[C@H](CC(C)C)NC(=O)[C@@H](NC(=O)[C@H](CO)NC(=O)[C@H](Cc1ccccc1)NC(=O)[C@H](CC(C)C)NC(=O)CN)C(C)C)C(C)C)C(C)C)C(C)C)C(C)C)C(C)C)C(C)C)C(=O)N[C@@H](C)C(=O)N[C@@H](CCC(=O)O)C(=O)NC(CC1CNCN1)C(O)N[C@@H](CC(C)C)C(N)=O,0,-3.9679914,1
CC(C)[C@H](NC(=O)[C@H](CCCC[NH3+])NC(=O)[C@@H](NC(=O)[C@H](CCCC[NH3+])NC(=O)[C@@H](NC(=O)[C@H](CCCC[NH3+])NC(=O)[C@@H](NC(=O)[C@@H]1CCCN1C(=O)[C@H]1CCCN1C(=O)[C@@H](NC(=O)[C@H](CCCC[NH3+])NC(=O)[C@@H](NC(=O)[C@H](CCCC[NH3+])NC(=O)[C@@H](NC(=O)[C@H](CCCC[NH3+])NC(=O)[C@@H](NC(=O)[C@@H](N)CCCC[NH3+])C(C)C)C(C)C)C(C)C)C(C)C)[C@@H](C)O)C(C)C)C(C)C)C(=O)N[C@@H](CCCC[NH3+])C(N)=O,0,-3.6716962,1
CC(C)C[C@H](NC(=O)[C@H](CC(C)C)NC(=O)[C@H](CCCC[NH3+])NC(=O)CNC(=O)[C@H](CC(C)C)NC(=O)[C@H](CC(C)C)NC(=O)[C@H](CO)NC(=O)[C@H](C)NC(=O)[C@H](Cc1ccccc1)NC(=O)[C@H](Cc1ccccc1)NC(=O)[C@@H]1CCCN1C(=O)[C@H](CC(C)C)NC(=O)[C@@H](N)Cc1ccccc1)C(N)=O,0,-5.1669555,1
C[C@H](NC(=O)[C@H](Cc1ccc(O)cc1)NC(=O)[C@H](CC(N)=O)NC(=O)[C@H](CCCC[NH3+])NC(=O)CNC(=O)[C@H](CS)NC(=O)[C@H](C)NC(=O)[C@@H]1CCCN1C(O)C(CC1CNCN1)NC(=O)[C@H](CS)NC(=O)[C@H](CS)NC(=O)[C@H](CCCNC(N)=[NH2+])NC(=O)CN)C(=O)N[C@@H](CS)C(N)=O,0,-6.506756,1
CC(C)C[C@H]1NC(=O)[C@@H](C(C)C)NC(=O)[C@@H]2CCCN2C(=O)[C@@H](CC(=O)O)NC(=O)[C@@H](Cc2c[nH]c3ccccc23)NC1=O,0,-5.715954,1
CC[C@H](C)[C@@H]1NC(=O)CNC(=O)[C@H](CCCNC(N)=[NH2+])NC(=O)[C@H](Cc2ccc(O)cc2)NC(=O)[C@@H]2CSSC[C@H](NC1=O)C(=O)N[C@@H](Cc1ccc(O)cc1)C(=O)N[C@@H](CCCNC(N)=[NH2+])C(=O)N[C@@H](CCCNC(N)=[NH2+])C(=O)N[C@H](C(=O)N[C@@H](CCCNC(N)=[NH2+])C(=O)O)CSSC[C@H](NC(=O)[C@H](Cc1c[nH]c3ccccc13)NC(=O)[C@@H]([NH3+])CCCC[NH3+])C(=O)N[C@@H](Cc1ccccc1)C(=O)N[C@@H](CCCNC(N)=[NH2+])C(=O)N[C@@H](C(C)C)C(=O)N2,0,-3.2563622,1
CC[C@H](C)[C@H](NC(=O)[C@H](CO)NC(=O)[C@H](C)NC(=O)[C@@H]1CCCN1C(=O)[C@H](CC(C)C)NC(=O)CN)C(=O)N[C@@H](CO)C(=O)N[C@@H](Cc1c[nH]c2ccccc12)C(=O)N[C@H](C(=O)N[C@@H](CCCC[NH3+])C(=O)N[C@@H](CCCNC(N)=[NH2+])C(=O)N[C@@H](CCCC[NH3+])C(=O)N[C@@H](CCCNC(N)=[NH2+])C(=O)N[C@@H](CCC(N)=O)C(=O)N[C@@H](CCC(N)=O)C(N)=O)[C@@H](C)CC,0,-1.6728622,1
CC[C@H](C)[C@H](NC(=O)[C@H](CC(C)C)NC(=O)[C@@H]1CCCN1C(=O)[C@H](CC(C)C)NC(=O)[C@@H](N)C(C)C)C(=O)N[C@@H](CO)C(=O)N[C@@H](CCSC)C(=O)N[C@@H](C)C(=O)N[C@@H](CC(C)C)C(=O)NCC(=O)N[C@@H](CCCC[NH3+])C(=O)N[C@@H](CC(C)C)C(=O)N[C@@H](CC(C)C)C(N)=O,0,-3.4235392,1
C[C@H](NC(=O)CNC(=O)[C@H](CS)NC(=O)[C@H](C)NC(=O)[C@@H]1CCCN1C(=O)[C@H](CC(N)=O)NC(=O)[C@H](CS)NC(=O)[C@H](CS)NC(=O)[C@@H](N)CCC(=O)O)C(=O)NC(CC1CNCN1)C(O)N[C@@H](Cc1ccc(O)cc1)C(=O)N[C@@H](CO)C(=O)N[C@@H](CS)C(N)=O,0,-6.109947,1
CC[C@H](C)[C@H](NC(=O)[C@H](Cc1c[nH]c2ccccc12)NC(=O)[C@H](CS)NC(=O)[C@H](CS)NC(=O)[C@@H](N)CC(C)C)C(=O)NC(CC1CNCN1)C(O)N[C@@H](Cc1c[nH]c2ccccc12)C(=O)N[C@@H](CS)C(=O)NC(CC1CNCN1)C(O)N[C@@H](C)C(=O)N[C@@H](CCCNC(N)=[NH2+])C(=O)N[C@@H](CS)C(=O)N[C@H](C(=O)N[C@@H](CS)C(=O)N[C@@H](CS)C(N)=O)[C@@H](C)O,0,-5.9140043,1
CC(C)C[C@@H]1NC(O)C(CCC[NH3+])NC(=O)[C@H](C(C)C)NC(=O)[C@@H]2CCCN2C(O)C(CC2CCCC3CCCCC32)NC(=O)[C@H](CC(C)C)NC(O)C(CCC[NH3+])NC(=O)[C@H](C(C)C)NC(=O)[C@@H]2CCCN2C(O)C(CC2CCCC3CCCCC32)NC1=O,0,-4.486602,1
NC(=O)[C@H](Cc1c[nH]c2ccccc12)NC(O)C(CC1CNCN1)NC(=O)[C@H](CS)NC(=O)[C@H](CS)NC(=O)[C@H](CCC(=O)O)NC(=O)[C@H](Cc1ccccc1)NC=O,0,-6.122136,1
CC(C)C[C@H](NC(=O)[C@H](C)NC(=O)[C@H](CCCC[NH3+])NC(=O)[C@H](CCCC[NH3+])NC(=O)[C@H](C)NC(=O)CNC(=O)[C@H](CCCC[NH3+])NC(=O)[C@H](CC(C)C)NC(=O)[C@H](CC(C)C)NC(=O)[C@H](CC(=O)O)NC(=O)[C@H](CCCC[NH3+])NC(=O)[C@H](Cc1ccccc1)NC(=O)CN)C(=O)N[C@H](C(=O)N[C@@H](CCCC[NH3+])C(=O)N[C@H](C(=O)N[C@H](C(=O)N[C@@H](CC(C)C)C(=O)N[C@@H](Cc1ccccc1)C(N)=O)C(C)C)[C@@H](C)O)C(C)C,0,-5.1493754,1
CC[C@H](C)[C@H](NC(=O)[C@H](CC(C)C)NC(O)C(CC1CNCN1)NC(=O)CNC(=O)[C@H](CC(C)C)NC(=O)[C@@H](NC(=O)[C@H](CCCC[NH3+])NC(=O)[C@H](CO)NC(=O)[C@H](Cc1c[nH]c2ccccc12)NC(=O)[C@H](CCSC)NC(=O)CN)[C@@H](C)CC)C(=O)N[C@@H](CCCC[NH3+])C(N)=O,0,-5.309185,1
CC[C@H](C)[C@H](NC(=O)[C@H](CCCNC(N)=[NH2+])NC(=O)[C@H](CS)NC(=O)[C@H](Cc1c[nH]c2ccccc12)NC(=O)[C@H](Cc1c[nH]c2ccccc12)NC(=O)[C@H](CCCNC(N)=[NH2+])NC(=O)[C@H](CCCNC(N)=[NH2+])NC(C)=O)C(N)=O,0,-4.96288,1
CSCC[C@@H]1NC(=O)[C@H](CCCNC(N)=[NH2+])NC(=O)[C@H](Cc2c[nH]c3ccccc23)NC(=O)[C@H](C)NC(=O)[C@H](C)NC(=O)[C@H](CCCNC(N)=[NH2+])NC(=O)[C@H](Cc2ccccc2)NC(=O)[C@H](C)NC(=O)[C@H](CCCC[NH3+])NC(=O)[C@H](CCCNC(N)=[NH2+])NC(=O)[C@H](Cc2c[nH]c3ccccc23)NC(=O)[C@H](C)NC(=O)[C@H]2CCCN2C(=O)[C@@H](C)NC(=O)[C@H](C)NC(=O)[C@H](CCCC[NH3+])NC(=O)[C@H](CCCC[NH3+])NC(=O)[C@H](CC(C)C)NC1=O,0,-3.7178931,1
CC[C@H](C)[C@H]([NH3+])C(=O)N[C@H](C(=O)NCC(=O)N1CCC[C@H]1C(=O)N[C@H](C(=O)N[C@@H](CC(C)C)C(=O)NCC(=O)N[C@@H](CC(C)C)C(=O)N[C@H](C(=O)NCC(=O)N[C@@H](CO)C(=O)N[C@@H](C)C(=O)N[C@@H](CC(C)C)C(=O)NCC(=O)NCC(=O)N[C@@H](CC(C)C)C(=O)N[C@@H](CC(C)C)C(=O)N[C@@H](CCCC[NH3+])C(=O)N[C@@H](CCCC[NH3+])C(=O)N[C@H](C(=O)O)[C@@H](C)CC)C(C)C)C(C)C)[C@@H](C)CC,0,-3.9807892,1
CC[C@H](C)[C@H](NC(=O)[C@H](CCCC[NH3+])NC(=O)[C@H](Cc1ccc(O)cc1)NC(=O)CNC(O)C(CC1CNCN1)NC(O)C(CC1CNCN1)NC(=O)[C@H](CCCNC(N)=[NH2+])NC(=O)[C@H](CCCC[NH3+])NC(=O)[C@H](C)NC(O)C(CC1CNCN1)NC(=O)[C@H](CO)NC(=O)[C@@H](N)CC(=O)O)C(=O)N[C@@H](CCCC[NH3+])C(=O)N[C@@H](Cc1ccccc1)C(=O)NC(CC1CNCN1)C(O)N[C@@H](CCC(=O)O)C(=O)N[C@@H](CC(N)=O)C(=O)NC(CC1CNCN1)C(O)NC(CC1CNCN1)C(O)N[C@@H](CO)C(=O)NC(CC1CNCN1)C(O)N[C@@H](CCCNC(N)=[NH2+])C(=O)NCC(=O)N[C@@H](Cc1ccc(O)cc1)C(N)=O,0,-2.717259,1
CC[C@@H](C)[C@H]1NC(=O)[C@H]2CCCN2C(=O)[C@H](Cc2c[nH]c3ccccc23)NC(=O)[C@H](CO)NC(=O)[C@@H](CS)NC(=O)[C@H]([C@@H](C)O)NC(=O)[C@@H](CS)NC(=O)CNC(=O)[C@H](CCC(N)=O)NC(=O)[C@H]([C@@H](C)O)NC(=O)[C@H](Cc2ccc(O)cc2)NC(=O)[C@H](CS)NC(=O)[C@H]([C@@H](C)O)NC(=O)CNC(=O)[C@H](CC(C)C)NC(=O)[C@H]([C@@H](C)O)NC(=O)[C@H](CS)NC(=O)[C@H]([C@@H](C)O)NC(=O)[C@H](CCC(=O)O)NC(=O)CNC(=O)[C@H](CS)NC(=O)[C@H](C(C)C)NC(=O)[C@@H]2CCCN2C(=O)[C@H](CC(C)C)NC(=O)CNC(=O)[C@H](CC(N)=O)NC(=O)[C@H](CCCNC(N)=[NH2+])NC(=O)[C@H](CCCC[NH3+])NC(=O)[C@H](CS)NC1=O,0,-4.7055254,1
CC(C)C[C@H](NC(=O)[C@H](CCC(=O)O)NC(O)C1CC(O)CN1C(O)C(CC1CNCN1)NC(=O)[C@H](CC(N)=O)NC(=O)[C@@H](NC(=O)[C@H](CO)NC(=O)[C@H](CS)NC(=O)[C@H](C)NC(=O)[C@@H]1CCCN1C(O)C(CC1CNCN1)NC(=O)[C@H](CO)NC(=O)[C@H](CS)NC(=O)[C@H](CS)NC(=O)CN)C(C)C)C(=O)N[C@H](C=O)CS,0,-2.4598248,1
CC(C)C[C@H](NC(=O)[C@H](CCCC[NH3+])NC(=O)[C@H](CCCNC(N)=[NH2+])NC(=O)[C@H](Cc1ccccc1)NC(=O)[C@H](Cc1ccccc1)NC(=O)[C@H](CCCC[NH3+])NC(=O)[C@H](CCCC[NH3+])NC(=O)[C@H](Cc1ccccc1)NC(=O)[C@H](CCCNC(N)=[NH2+])NC(=O)[C@H](CCCC[NH3+])NC(=O)[C@@H](N)C(C)C)C(=O)N[C@@H](CCCC[NH3+])C(=O)N[C@@H](CCCC[NH3+])C(=O)N[C@@H](CCCC[NH3+])C(=O)N[C@H](C(N)=O)C(C)C,1,-1.472562,2
NC(=[NH2+])NCCC[C@H](NC(=O)[C@H](CCCNC(N)=[NH2+])NC(=O)[C@H](CCCNC(N)=[NH2+])NC(=O)[C@H](CCC(N)=O)NC(=O)[C@H](CCCNC(N)=[NH2+])NC(=O)[C@H](CCCNC(N)=[NH2+])NC(=O)[C@H](CCCC[NH3+])NC(=O)[C@H](CCCC[NH3+])NC(=O)[C@@H](N)CCCNC(N)=[NH2+])C(=O)NCC(=O)NCC(=O)NCC(N)=O,1,5.431179,2
CNCCC[C@H](NC(=O)[C@H](CCCNC)NC(=O)[C@H](CCCNC)NC(=O)[C@H](CCCNC)NC(=O)[C@H](CCCNC)NC(=O)[C@H](CCCNC)NC(=O)[C@H](CCCNC)NC(O)C(C)CN)C(N)=O,1,-0.89059544,2
CC(C)C[C@H](NC(=O)[C@H](CC(C)C)NC(=O)[C@H](C)NC(=O)[C@H](C)NC(=O)[C@H](C)NC(=O)[C@H](CC(C)C)NC(=O)[C@H](CCCC[NH3+])NC(=O)[C@H](CCCC[NH3+])NC(=O)[C@H](Cc1c[nH]c2ccccc12)NC(=O)[C@H](CCCC[NH3+])NC(=O)[C@H](CCCC[NH3+])NC(=O)[C@H](CC(C)C)NC(=O)[C@H](CC(C)C)NC(=O)[C@H](C)NC(=O)[C@H](C)NC(=O)[C@H](C)NC(=O)[C@H](CC(C)C)NC(=O)[C@@H](N)CCCC[NH3+])C(N)=O,1,-1.5388553,2
CC[C@H](C)[C@H](NC(=O)[C@H](CC(C)C)NC(=O)[C@@H](NC(=O)[C@H](CCCNC(N)=[NH2+])NC(=O)[C@H](Cc1ccccc1)NC(=O)[C@@H](NC(=O)[C@@H](NC(=O)[C@@H](N)CC(C)C)[C@@H](C)CC)[C@@H](C)CC)[C@@H](C)CC)C(=O)N[C@@H](CO)C(=O)NC(CC1CNCN1)C(O)NC(CC1CNCN1)C(O)NC(CO)CC1CNCN1,1,1.1143645,2
CC[C@H](C)[C@H](NC(=O)[C@H](CCCNC(N)=[NH2+])NC(=O)[C@H](CCCNC(N)=[NH2+])NC(=O)[C@H](CCCNC(N)=[NH2+])NC(=O)[C@H](CC(C)C)NC(=O)[C@@H](NC(=O)[C@@H](NC(=O)[C@H](CC(C)C)NC(=O)[C@H](C)N)[C@@H](C)CC)[C@@H](C)CC)C(=O)N[C@@H](CCCNC(N)=[NH2+])C(=O)N[C@@H](CCCC[NH3+])C(=O)N[C@@H](CCC(N)=O)C(=O)N[C@@H](C)C(=O)NC(CC1CNCN1)C(O)N[C@@H](C)C(=O)NC(CC1CNCN1)C(O)N[C@@H](CO)C(=O)N[C@H](C=O)CCCC[NH3+],1,9.399316,2
CC[C@H](C)[C@H](NC(=O)[C@H](CCCC[NH3+])NC(=O)[C@H](CCCC[NH3+])NC(=O)[C@H](C)NC(=O)[C@H](CC(C)C)NC(=O)[C@H](C)NC(=O)[C@H](C)NC(=O)[C@H](CC(C)C)NC(=O)[C@H](C)NC(=O)[C@H](CCCC[NH3+])NC(=O)[C@H](CC(C)C)NC(=O)[C@H](CC(N)=O)NC(=O)[C@@H](NC(=O)[C@H](CCCC[NH3+])NC(=O)CNC(=O)[C@H](CC(C)C)NC(=O)[C@H](CC(C)C)NC(=O)[C@H](Cc1ccc(O)cc1)NC(=O)CNC(=O)[C@H](C)N)[C@@H](C)CC)C(=O)N[C@H](C=O)CC(C)C,1,8.169726,2
C[C@H](N)C(=O)N[C@@H](CS)C(=O)N[C@@H](CCCNC(N)=[NH2+])C(=O)NCC(=O)N[C@@H](CCCNC(N)=[NH2+])C(=O)NCC(=O)N[C@@H](CCCNC(N)=[NH2+])C(=O)NCC(=O)N[C@@H](CS)C(=O)NCC(=O)N[C@@H](CO)C(=O)NCC(=O)N[C@@H](CO)C(=O)N[C@@H](CCCNC(N)=[NH2+])C(=O)N[C@@H](CO)C(=O)N[C@@H](CS)C(=O)NCC=O,1,6.325027,2
CC[C@H](C)[C@H](NC(=O)[C@H](C)NC(=O)[C@@H](NC(=O)[C@H](CCC(N)=O)NC(=O)[C@@H](N)CCCNC(N)=[NH2+])[C@@H](C)CC)C(=O)N[C@@H](Cc1c[nH]c2ccccc12)C(=O)N[C@@H](Cc1ccccc1)C(=O)N[C@@H](CCC(N)=O)C(=O)N[C@@H](CC(N)=O)C(=O)N[C@@H](CCCNC(N)=[NH2+])C(=O)N[C@@H](CCCNC(N)=[NH2+])C(=O)N[C@@H](CCSC)C(=O)N[C@@H](CCCC[NH3+])C(=O)N[C@@H](Cc1c[nH]c2ccccc12)C(=O)N[C@@H](CCCC[NH3+])C(=O)N[C@H](C=O)CCCC[NH3+],1,8.45558,2
NCC(=O)N[C@@H](CCCNC(N)=[NH2+])C(=O)N[C@@H](CCCC[NH3+])C(=O)N[C@@H](CCCC[NH3+])C(=O)N[C@@H](CCCNC(N)=[NH2+])C(=O)N[C@@H](CCCNC(N)=[NH2+])C(=O)N[C@@H](CCC(N)=O)C(=O)N[C@@H](CCCNC(N)=[NH2+])C(=O)N[C@@H](CCCNC(N)=[NH2+])C(=O)N[C@@H](CCCNC(N)=[NH2+])C(=O)N1CCC[C@H]1C(=O)N1CCC[C@H]1C(=O)N[C@@H](CCC(N)=O)C(=O)N[C@H](C=O)Cc1ccc(O)cc1,1,8.473473,2
CC(=O)N[C@@H](CCCNC(N)=[NH2+])C(=O)N[C@@H](CCCNC(N)=[NH2+])C(=O)N[C@@H](CCCNC(N)=[NH2+])C(=O)N[C@@H](CCCNC(N)=[NH2+])C(=O)N[C@@H](CCCNC(N)=[NH2+])C(=O)N[C@@H](CCCNC(N)=[NH2+])C(=O)N[C@@H](CCCNC(N)=[NH2+])C(=O)N[C@@H](CCCNC(N)=[NH2+])C(N)=O,1,0.679647,2
NC(=[NH2+])NCCC[C@@H](N)C(=O)N[C@H](CCCNC(N)=[NH2+])C(=O)N[C@H](CCCNC(N)=[NH2+])C(=O)N[C@H](CCCNC(N)=[NH2+])C(=O)N[C@H](CCCNC(N)=[NH2+])C(=O)N[C@@H](C=O)CCCNC(N)=[NH2+],1,7.843559,2
NC(=[NH2+])NCCC[C@@H](C=O)NC(=O)[C@H](CCCNC(N)=[NH2+])NC(=O)[C@H](CCCNC(N)=[NH2+])NC(=O)[C@H](CCCNC(N)=[NH2+])NC(=O)[C@H](CCCNC(N)=[NH2+])NC(=O)[C@@H](N)CCCNC(N)=[NH2+],1,8.237494,2
CC[C@H](C)[C@H](NC(=O)[C@@H](NC(=O)[C@@H](N)Cc1c[nH]c2ccccc12)[C@@H](C)CC)C(=O)N[C@@H](Cc1ccccc1)C(=O)N[C@@H](CCCNC(N)=[NH2+])C(=O)N[C@@H](C)C(=O)N[C@@H](C)C(=O)N[C@@H](C)C(=O)N[C@@H](CO)C(=O)NC(CC1CNCN1)C(O)N[C@@H](CCCC[NH3+])C(=O)N[C@H](C=O)CCCC[NH3+],1,7.615853,2
CC(C)C[C@H](NC(=O)[C@H](CCCNC(N)=[NH2+])NC(=O)[C@H](CCC(=O)O)NC(=O)[C@H](CC(=O)O)NC(=O)[C@H](C)NC(=O)[C@@H]1CCCN1C(=O)[C@H](CS)NC(=O)[C@H](CC(N)=O)NC(=O)[C@H](CCCNC(N)=[NH2+])NC(=O)[C@H](Cc1ccccc1)NC(=O)[C@H](CCCNC(N)=[NH2+])NC(=O)[C@H](CC(=O)O)NC(=O)[C@H](CCCNC(N)=[NH2+])NC(=O)[C@H](CS)NC(=O)[C@H](C)N)C(=O)N[C@@H](CS)C(=O)NCC=O,1,4.423366,2
CC(C)C[C@H](NC(=O)[C@H](C)NC(=O)[C@H](CCCC[NH3+])NC(=O)[C@H](CC(C)C)NC(=O)[C@H](C)NC(=O)[C@H](CC(C)C)NC(=O)[C@H](CCCC[NH3+])NC(=O)[C@H](CC(C)C)NC(=O)[C@H](C)NC(=O)[C@H](CC(C)C)NC(=O)[C@@H](N)CCCC[NH3+])C(=O)N[C@@H](CCCC[NH3+])C(=O)N[C@@H](C)C(=O)N[C@@H](C)C(=O)N[C@@H](CC(C)C)C(=O)N[C@@H](CCCC[NH3+])C(=O)N[C@@H](CC(C)C)C(=O)N[C@@H](C)C(=O)NCC(=O)N[C@H](C=O)CS,1,7.887312,2
NC(=[NH2+])NCCC[C@H](NC(=O)[C@H](CCCNC(N)=[NH2+])NC(=O)[C@H](CCCNC(N)=[NH2+])NC(=O)[C@H](CCCNC(N)=[NH2+])NC(=O)[C@H](CCCNC(N)=[NH2+])NC(=O)[C@H](CCCNC(N)=[NH2+])NC(=O)[C@H](CCCNC(N)=[NH2+])NC(=O)[C@@H](N)CCCNC(N)=[NH2+])C(=O)NCC(=O)N[C@@H](CS)C(N)=O,1,4.3498864,2
CC[C@H](C)[C@H](NC(=O)[C@H](CCCC[NH3+])NC(=O)[C@H](CCCC[NH3+])NC(=O)[C@H](C)NC(=O)[C@H](CC(C)C)NC(=O)[C@H](C)NC(=O)[C@H](C)NC(=O)[C@H](CC(C)C)NC(=O)[C@H](C)NC(=O)[C@H](CCCC[NH3+])NC(=O)[C@H](CC(C)C)NC(=O)[C@H](CC(N)=O)NC(=O)[C@@H](NC(=O)[C@H](CCCC[NH3+])NC(=O)CNC(=O)[C@H](CC(C)C)NC(=O)[C@H](CC(C)C)NC(=O)[C@H](Cc1ccc(O)cc1)NC(=O)CNC(=O)[C@H](C)NC(=O)[C@H](CO)NC(=O)[C@H](CC(N)=O)NC(=O)[C@@H](N)CC(C)C)[C@@H](C)CC)C(=O)N[C@H](C=O)CC(C)C,1,7.6563005,2
CC(=O)N[C@@H](CS)C(=O)N[C@@H](Cc1c[nH]c2ccccc12)C(=O)N[C@@H](CCCC[NH3+])C(=O)N[C@@H](CCCC[NH3+])C(=O)N[C@@H](CCCC[NH3+])C(=O)N[C@@H](CCCC[NH3+])C(=O)N[C@@H](CCCC[NH3+])C(=O)N[C@@H](CCCC[NH3+])C(=O)N[C@@H](CCCC[NH3+])C(=O)N[C@@H](CCCC[NH3+])C(=O)N[C@@H](CCCC[NH3+])C(=O)N[C@@H](CCCC[NH3+])C(=O)N[C@@H](CCCC[NH3+])C(=O)N[C@@H](CCCC[NH3+])C(=O)N[C@@H](CCCC[NH3+])C(=O)N[C@@H](CCCC[NH3+])C(=O)N[C@@H](CCCC[NH3+])C(=O)N[C@@H](CCCC[NH3+])C(=O)N[C@@H](CCCC[NH3+])C(=O)N[C@H](C=O)CCCC[NH3+],1,7.3244042,2
CC[C@H](C)[C@H](NC(=O)[C@H](CCCC[NH3+])NC(=O)[C@@H](NC(=O)[C@H](CCC(N)=O)NC(=O)[C@@H]([NH3+])CCCNC(N)=[NH2+])[C@@H](C)CC)C(=O)N[C@@H](Cc1c[nH]c2ccccc12)C(=O)N[C@@H](Cc1ccccc1)C(=O)N[C@@H](CCC(N)=O)C(=O)N[C@@H](CC(N)=O)C(=O)N[C@@H](CCCNC(N)=[NH2+])C(=O)N[C@@H](CCCNC(N)=[NH2+])C(=O)N[C@@H](CCSC)C(=O)N[C@@H](CCCC[NH3+])C(=O)N[C@@H](Cc1c[nH]c2ccccc12)C(=O)N[C@@H](CCCC[NH3+])C(=O)N[C@@H](CCCC[NH3+])C(=O)O,1,4.5718536,2
C[C@H](N)C(=O)N[C@@H](CS)C(=O)N[C@@H](CCCNC(N)=[NH2+])C(=O)N[C@@H](CCCNC(N)=[NH2+])C(=O)N[C@@H](CO)C(=O)N[C@@H](CCCNC(N)=[NH2+])C(=O)N[C@@H](CCCNC(N)=[NH2+])C(=O)NCC(=O)N[C@@H](CS)C(=O)NCC(=O)N[C@@H](CCCNC(N)=[NH2+])C(=O)N[C@@H](CCCNC(N)=[NH2+])C(=O)N[C@@H](CO)C(=O)N[C@@H](CCCNC(N)=[NH2+])C(=O)N[C@@H](CCCNC(N)=[NH2+])C(=O)N[C@@H](CS)C(=O)NCC=O,1,7.5557275,2
CC(=O)N[C@@H](CCCNC(N)=[NH2+])C(=O)N[C@@H](CC(C)C)C(=O)N[C@@H](CC(C)C)C(=O)N[C@@H](CCCNC(N)=[NH2+])C(=O)N[C@@H](CC(C)C)C(=O)N[C@@H](CC(C)C)C(=O)N[C@@H](CC(C)C)C(=O)N[C@@H](CCCNC(N)=[NH2+])C(=O)N[C@@H](CC(C)C)C(=O)N[C@@H](Cc1c[nH]c2ccccc12)C(=O)N[C@@H](CCCNC(N)=[NH2+])C(=O)N[C@@H](CCCNC(N)=[NH2+])C(=O)N[C@@H](CC(C)C)C(=O)N[C@@H](CC(C)C)C(=O)N[C@@H](CCCNC(N)=[NH2+])C(=O)N[C@@H](CC(C)C)C(=O)N[C@@H](CC(C)C)C(=O)N[C@@H](CCCNC(N)=[NH2+])C(N)=O,1,3.3250105,2
C[C@H](NC(=O)[C@H](CCCC[NH3+])NC(=O)[C@H](CO)NC(=O)[C@H](CCCNC(N)=[NH2+])NC(=O)[C@H](C)NC(O)C(CC1CNCN1)NC(O)C(CC1CNCN1)NC(=O)[C@H](CCCNC(N)=[NH2+])NC(=O)[C@H](CCCNC(N)=[NH2+])NC(=O)[C@@H](N)CO)C(=O)N[C@@H](CCCC[NH3+])C(=O)N[C@@H](CCCNC(N)=[NH2+])C(=O)N[C@@H](CO)C(=O)N[C@@H](CCCNC(N)=[NH2+])C(=O)NC(CC1CNCN1)C(O)NC(CO)CC1CNCN1,1,3.3780298,2
NC(=[NH2+])NCCC[C@@H](C=O)NC(=O)[C@H](CCCNC(N)=[NH2+])NC(=O)[C@H](CCCNC(N)=[NH2+])NC(=O)[C@H](CCCNC(N)=[NH2+])NC(=O)[C@H](CCCNC(N)=[NH2+])NC(=O)[C@H](CCCNC(N)=[NH2+])NC(=O)[C@H](CCCNC(N)=[NH2+])NC(=O)[C@H](CCCNC(N)=[NH2+])NC(=O)[C@H](CCCNC(N)=[NH2+])NC(=O)[C@H](CCCNC(N)=[NH2+])NC(=O)[C@@H](N)CCCNC(N)=[NH2+],1,9.18107,2
C[C@H](NC(=O)[C@H](CCC(N)=O)NC(=O)[C@@H](N)CCCNC(N)=[NH2+])C(=O)N[C@@H](CCCNC(N)=[NH2+])C(=O)N[C@@H](CCCNC(N)=[NH2+])C(=O)N[C@@H](CC(N)=O)C(=O)N[C@@H](CCCNC(N)=[NH2+])C(=O)N[C@@H](CCCNC(N)=[NH2+])C(=O)N[C@@H](CCCNC(N)=[NH2+])C(=O)N[C@H](C=O)CS,1,7.846553,2
CC[C@H](C)[C@H](NC(=O)[C@H](CCCC[NH3+])NC(=O)[C@@H](NC(=O)[C@H](CCC(N)=O)NC(=O)[C@@H]([NH3+])CCCNC(N)=[NH2+])[C@@H](C)CC)C(=O)N[C@@H](Cc1c[nH]c2ccccc12)C(=O)N[C@@H](Cc1ccccc1)C(=O)N[C@@H](CCC(N)=O)C(=O)N[C@@H](CC(N)=O)C(=O)N[C@@H](CCCNC(N)=[NH2+])C(=O)N[C@@H](CCCNC(N)=[NH2+])C(=O)N[C@@H](CCSC)C(=O)N[C@@H](CCCC[NH3+])C(=O)N[C@@H](Cc1c[nH]c2ccccc12)C(=O)N[C@@H](CCCC[NH3+])C(=O)N[C@@H](CCCC[NH3+])C(=O)O,1,4.5718536,2
NC(=[NH2+])NCCC[C@@H](NC(=O)[C@H](N)CS)C(=O)N[C@H](Cc1c[nH]c2ccccc12)C(=O)N[C@H](CCCNC(N)=[NH2+])C(=O)N[C@H](Cc1c[nH]c2ccccc12)C(=O)N[C@H](CCCC[NH3+])C(=O)N[C@H](CS)C(=O)N[C@H](CS)C(=O)N[C@H](CCCC[NH3+])C(=O)N[C@@H](C=O)CCCC[NH3+],1,4.244538,2
NC(=[NH2+])NCCC[C@H](NC(=O)[C@H](Cc1c[nH]c2ccccc12)NC(=O)[C@@H](CCCNC(N)=[NH2+])NC(=O)[C@@H](N)CS)C(=O)N[C@@H](Cc1c[nH]c2ccccc12)C(=O)N[C@@H](CCCC[NH3+])C(=O)N[C@@H](CS)C(=O)N[C@@H](CS)C(=O)N[C@@H](CCCC[NH3+])C(=O)N[C@H](C=O)CCCC[NH3+],1,4.259066,2
CC[C@H](C)[C@H](NC(=O)[C@H](CC(C)C)NC(=O)[C@@H](N)CCCC[NH3+])C(=O)N[C@@H](CCCC[NH3+])C(=O)NCC(=O)N[C@@H](CCCNC(N)=[NH2+])C(=O)N[C@H](C(=O)N1CCC[C@H]1C(=O)N[C@H](C(=O)N[C@@H](CCCC[NH3+])C(=O)N[C@@H](Cc1ccccc1)C(=O)NCC(=O)N[C@@H](CCCC[NH3+])C(=O)N[C@@H](C)C(=O)N[C@@H](CC(=O)O)C(=O)N[C@@H](CS)C(=O)N[C@@H](CC(=O)O)C(=O)N[C@@H](CCCNC(N)=[NH2+])C(=O)N1CCC[C@H]1C(=O)N1CCC[C@H]1C(=O)N[C@@H](CCCC[NH3+])C(=O)NC(CC1CNCN1)C(O)N[C@@H](CO)C(=O)NCC(=O)N[C@H](C=O)CCCC[NH3+])[C@@H](C)CC)[C@@H](C)O,1,7.2936683,2
CC[C@H](C)[C@H](NC(=O)[C@H](CCCC[NH3+])NC(=O)[C@@H](NC(=O)[C@H](CCC(N)=O)NC(=O)[C@@H]([NH3+])CCCNC(N)=[NH2+])[C@@H](C)CC)C(=O)N[C@@H](Cc1c[nH]c2ccccc12)C(=O)N[C@@H](Cc1ccccc1)C(=O)N[C@@H](CCC(N)=O)C(=O)N[C@@H](CC(N)=O)C(=O)N[C@@H](CCCNC(N)=[NH2+])C(=O)N[C@@H](CCCNC(N)=[NH2+])C(=O)N[C@@H](CCSC)C(=O)N[C@@H](CCCC[NH3+])C(=O)N[C@@H](Cc1c[nH]c2ccccc12)C(=O)N[C@@H](CCCC[NH3+])C(=O)N[C@@H](CCCC[NH3+])C(=O)O,1,4.5718536,2
C[C@H](NC(=O)[C@H](CCCNC(N)=[NH2+])NC(=O)[C@H](CCCNC(N)=[NH2+])NC(=O)[C@H](CCC(=O)O)NC(=O)[C@H](CCCNC(N)=[NH2+])NC(=O)[C@H](CCCNC(N)=[NH2+])NC(=O)[C@@H](N)CCCNC(N)=[NH2+])C(=O)N[C@@H](CCC(=O)O)C(=O)N[C@H](C=O)CCCC[NH3+],1,9.222071,2
NCC(=O)N[C@@H](CCCNC(N)=[NH2+])C(=O)N[C@@H](CCCC[NH3+])C(=O)N[C@@H](CCCC[NH3+])C(=O)N[C@@H](CCCNC(N)=[NH2+])C(=O)N[C@@H](CCCNC(N)=[NH2+])C(=O)N[C@@H](CCC(N)=O)C(=O)N[C@@H](CCCNC(N)=[NH2+])C(=O)N[C@@H](CCCNC(N)=[NH2+])C(=O)N[C@@H](CCCNC(N)=[NH2+])C(=O)N1CCC[C@H]1C(=O)N1CCC[C@H]1C(=O)N[C@H](C=O)CCC(N)=O,1,8.932188,2
NC(=[NH2+])NCCC[C@@H](C=O)NC(=O)[C@H](CCCNC(N)=[NH2+])NC(=O)[C@H](CCCNC(N)=[NH2+])NC(=O)[C@H](CCCNC(N)=[NH2+])NC(=O)[C@H](CCCNC(N)=[NH2+])NC(=O)[C@H](CCCNC(N)=[NH2+])NC(=O)[C@H](CCCNC(N)=[NH2+])NC(=O)[C@H](CCCNC(N)=[NH2+])NC(=O)[C@H](Cc1c[nH]c2ccccc12)NC(=O)[C@H](Cc1c[nH]c2ccccc12)NC(=O)[C@H](Cc1c[nH]c2ccccc12)NC(=O)[C@@H](N)Cc1c[nH]c2ccccc12,1,5.8488574,2
CC[C@H](C)[C@H](NC(=O)[C@H](CCCNC(N)=[NH2+])NC(=O)[C@@H](NC(=O)[C@H](CCC(N)=O)NC(=O)[C@@H](N)CCCNC(N)=[NH2+])[C@@H](C)CC)C(=O)N[C@@H](Cc1c[nH]c2ccccc12)C(=O)N[C@@H](Cc1ccccc1)C(=O)N[C@@H](CCC(N)=O)C(=O)N[C@@H](CC(N)=O)C(=O)N[C@@H](CCCNC(N)=[NH2+])C(=O)N[C@@H](CCCNC(N)=[NH2+])C(=O)N[C@@H](CCSC)C(=O)N[C@@H](CCCNC(N)=[NH2+])C(=O)N[C@@H](Cc1c[nH]c2ccccc12)C(=O)N[C@@H](CCCNC(N)=[NH2+])C(=O)N[C@H](C=O)CCCNC(N)=[NH2+],1,8.451666,2
CC(C)C[C@H](NC(=O)[C@H](CO)NC(=O)[C@H](CO)NC(=O)[C@H](Cc1c[nH]c2ccccc12)NC(=O)[C@H](CC(C)C)NC(=O)[C@H](CO)NC(=O)[C@@H]1CCCN1C(=O)[C@H](Cc1c[nH]c2ccccc12)NC(=O)[C@H](C)NC(=O)[C@H](CO)NC(=O)[C@H](Cc1c[nH]c2ccccc12)NC(=O)[C@H](CC(C)C)NC(=O)[C@@H](N)CCCC[NH3+])C(=O)N[C@@H](Cc1c[nH]c2ccccc12)C(=O)N[C@@H](CCCC[NH3+])C(=O)N1CCC[C@H]1C(N)=O,1,-4.4350247,2
CC[C@H](C)[C@@H]1NC(=O)[C@@H]2CCCN2C(=O)[C@@H]2CCCN2C(=O)[C@H]([C@@H](C)CC)NC(=O)[C@H](CO)NC(=O)[C@H](CCCC[NH3+])NC(=O)[C@H]([C@@H](C)O)NC(=O)[C@@H]2CSSC[C@H](NC1=O)C(=O)N[C@@H](Cc1ccccc1)C(=O)N1CCC[C@H]1C(=O)N[C@@H](CC(=O)O)C(=O)NCC(=O)N[C@@H](CCCNC(N)=[NH2+])C(=O)N2,1,-4.731687,2
CC(C)C[C@H](NC(=O)[C@@H](NC(=O)[C@H](CCCCN)NC(=O)[C@H](Cc1ccc(O)cc1)NC(=O)[C@@H](NC(=O)[C@H](Cc1ccc(O)cc1)NC(=O)[C@@H](NC(=O)[C@H](CO)NC(=O)[C@H](Cc1ccc(O)cc1)NC(=O)[C@H](CO)NC(=O)[C@H](CCC(=O)O)NC(=O)[C@H](CCCCN)NC(=O)[C@H](CCCNC(=N)N)NC(=O)[C@H](CO)NC(=O)[C@H](CCCNC(=N)N)NC1=[O+]C(CN)CC[C@@H]1NC(=O)[C@H](CCCNC(=N)N)NC(=O)[C@H](CCCCN)NC(=O)[C@H](CCCCN)NC(=O)CNC(=O)[C@H](CC(=O)O)NC(=O)[C@H](CCCCN)NC(=O)[C@H](CCCCN)NC(=O)[C@H](CCC(N)=O)NC(=O)[C@H](C)NC(=O)[C@H](CCCCN)NC(=O)[C@@H](NC(=O)[C@@H](NC(=O)[C@H](C)NC(=O)[C@H](CCCCN)NC(=O)[C@H](CCCCN)NC(=O)[C@H](CO)NC(=O)CNC(=O)[C@@H](N)CCCCN)C(C)C)[C@@H](C)O)C(C)C)C(C)C)C(C)C)C(=O)N[C@@H](CCCCN)C(=O)N[C@H](C=O)CCC(N)=O,1,6.6244516,2
C[C@@H](O)[C@@H](C=O)NC(=O)[C@H](CCCNC(N)=[NH2+])NC(=O)[C@H](CCCC[NH3+])NC(=O)[C@H](CCCC[NH3+])NC(=O)[C@H](CCCNC(N)=[NH2+])NC(=O)[C@H](CCCC[NH3+])NC(=O)[C@H](CCCNC(N)=[NH2+])NC(=O)CN,1,6.5500455,2
C[C@H](NC(=O)[C@H](CCCNC(N)=[NH2+])NC(=O)[C@H](CCCNC(N)=[NH2+])NC(=O)[C@H](CCCNC(N)=[NH2+])NC(=O)[C@H](CCCNC(N)=[NH2+])NC(=O)CN)C(=O)N[C@H](C(=O)N[C@@H](C)C(=O)N[C@@H](CCCC[NH3+])C(=O)N[C@@H](Cc1ccc(O)cc1)C(=O)N[C@@H](CCCNC(N)=[NH2+])C(=O)N[C@H](C(=O)N[C@@H](C)C(=O)NC(CO)CC1CNCN1)[C@@H](C)O)[C@@H](C)O,1,2.7611265,2
CC[C@H](C)[C@H](NC(=O)[C@H](CCCC[NH3+])NC(=O)[C@H](C)NC(=O)[C@H](CCC(N)=O)NC(=O)[C@@H](N)CCCNC(N)=[NH2+])C(=O)N[C@@H](Cc1c[nH]c2ccccc12)C(=O)N[C@@H](Cc1ccccc1)C(=O)N[C@@H](CCC(N)=O)C(=O)N[C@@H](CC(N)=O)C(=O)N[C@@H](CCCNC(N)=[NH2+])C(=O)N[C@@H](CCCNC(N)=[NH2+])C(=O)N[C@@H](CCSC)C(=O)N[C@@H](CCCC[NH3+])C(=O)N[C@@H](Cc1c[nH]c2ccccc12)C(=O)N[C@@H](CCCC[NH3+])C(=O)N[C@H](C=O)CCCC[NH3+],1,8.186291,2
CC[C@H](C)[C@H](NC(=O)[C@H](CCCC[NH3+])NC(=O)[C@@H](NC(=O)[C@H](CCC(N)=O)NC(=O)[C@@H](N)CCCNC(N)=[NH2+])[C@@H](C)CC)C(=O)N[C@@H](Cc1c[nH]c2ccccc12)C(=O)N[C@@H](Cc1ccccc1)C(=O)N[C@@H](CCC(N)=O)C(=O)N[C@@H](CC(N)=O)C(=O)N[C@@H](CCCNC(N)=[NH2+])C(=O)N[C@@H](CCCNC(N)=[NH2+])C(=O)N[C@H](C=O)CCSC,1,7.81739,2
CC[C@H](C)[C@H](NC(=O)[C@@H](NC(=O)[C@@H]1CCCN1C(=O)[C@H](CCCC[NH3+])NC(=O)[C@H](CCCC[NH3+])NC(=O)[C@@H](NC(=O)[C@@H]1CCCN1C(=O)[C@H](CCCC[NH3+])NC(=O)[C@@H](NC(=O)[C@@H](NC(=O)[C@@H](NC(=O)[C@H](CCCC[NH3+])NC(=O)[C@H](CCCC[NH3+])NC(=O)CNC(=O)[C@@H]1CCCN1C(=O)[C@H](CCCC[NH3+])NC(=O)[C@H](CCCC[NH3+])NC(=O)[C@H](CC(N)=O)NC(=O)[C@@H]1CCCN1C(=O)[C@@H](NC(=O)[C@H](CCCNC(N)=[NH2+])NC(=O)[C@@H](N)CCCC[NH3+])[C@@H](C)CC)[C@@H](C)O)[C@@H](C)O)[C@@H](C)O)[C@@H](C)O)[C@@H](C)O)C(=O)N[C@@H](CCCC[NH3+])C(=O)N[C@H](C(=O)N[C@H](C(=O)N[C@@H](CCCC[NH3+])C(=O)N[C@H](C=O)CCCC[NH3+])[C@@H](C)O)[C@@H](C)O,1,6.931844,2
NC(=[NH2+])NCCC[C@@H](N)C(=O)N[C@H](CCCNC(N)=[NH2+])C(=O)N[C@H](CCCNC(N)=[NH2+])C(=O)N[C@H](CCCNC(N)=[NH2+])C(=O)N[C@H](CCCNC(N)=[NH2+])C(=O)N[C@H](CCCNC(N)=[NH2+])C(=O)N[C@H](CCCNC(N)=[NH2+])C(=O)N[C@H](CCCNC(N)=[NH2+])C(=O)N[C@H](CCCNC(N)=[NH2+])C(=O)N[C@H](CCCNC(N)=[NH2+])C(=O)N[C@H](CCCNC(N)=[NH2+])C(=O)N[C@H](CCCNC(N)=[NH2+])C(N)=O,1,6.3488884,2
C[C@@H](O)[C@H](NC(=O)[C@H](CCCNC(N)=[NH2+])NC(=O)[C@H](CCCC[NH3+])NC(=O)[C@H](CC(N)=O)NC(=O)CNC(=O)[C@@H](N)CS)C(=O)N[C@@H](CCCNC(N)=[NH2+])C(=O)NCC(=O)N[C@H](C=O)CS,1,3.6196918,2
CC(C)C[C@H](NC(=O)CN)C(=O)N[C@@H](CCCC[NH3+])C(=O)N[C@@H](CCCC[NH3+])C(=O)N[C@@H](CC(C)C)C(=O)N[C@@H](C)C(=O)N[C@@H](CCC(=O)O)C(=O)N[C@@H](CC(C)C)C(=O)N[C@@H](C)C(=O)NC(CC1CNCN1)C(O)N[C@@H](CCCC[NH3+])C(=O)N[C@@H](CC(C)C)C(=O)N[C@@H](CC(C)C)C(=O)N[C@@H](CCCC[NH3+])C(=O)N[C@@H](CC(C)C)C(=O)NCC(=O)N[C@@H](CS)C(N)=O,1,-1.9787391,2
CC[C@H](C)[C@H](NC(=O)[C@H](CCCNC(N)=[NH2+])NC(=O)[C@@H](N)CCCC[NH3+])C(=O)N1CCC[C@H]1C(=O)N[C@@H](CC(N)=O)C(=O)N[C@@H](CCCC[NH3+])C(=O)N[C@@H](CCCC[NH3+])C(=O)N1CCC[C@H]1C(=O)N[C@@H](CCCC[NH3+])C(=O)N[C@H](C=O)CCCC[NH3+],1,8.275793,2
CCC[C@@H](C=O)NC(=O)[C@H](C)NC(=O)[C@H](C)NC(=O)[C@H](Cc1c[nH]c2ccccc12)NC(=O)[C@H](CCC(=O)O)NC(=O)CNC(=O)[C@@H](NC(=O)[C@H](CC(C)C)NC(=O)[C@H](CCCNC(=N)N)NC(=O)[C@H](CCC)NC(=O)[C@@H](NC(=O)[C@H](Cc1c[nH]cn1)NC(=O)[C@@H](NC(=O)[C@@H](NC(=O)[C@H](Cc1ccccc1)NC(=O)[C@@H](NC(=O)[C@H](CCCNC(=N)N)NC(=O)[C@@H](NC(=O)[C@H](CCCNC(=N)N)NC(=O)[C@H](CCC)NC(=O)[C@H](CCC)NC(=O)CNC(=O)[C@H](CS)NC(=O)[C@H](C)NC(=O)[C@H](CCCNC(=N)N)NC(=O)[C@H](CCCNC(=N)N)NC(=O)[C@@H](NC(=O)[C@H](CCCNC(=N)N)NC(=O)[C@H](CC(C)C)NC(=O)[C@@H](NC(=O)[C@@H](NC(=O)[C@H](CC(C)C)NC(=O)[C@H](Cc1ccccc1)NC(=O)[C@H](CCCNC(=N)N)NC(=O)[C@H](CCCNC(=N)N)NC(=O)[C@@H](NC(=O)[C@@H](N)CCSC)C(C)C)C(C)C)[C@@H](C)O)[C@@H](C)CC)C(C)C)C(C)C)C(C)C)C(C)C)[C@@H](C)CC)[C@@H](C)O,1,0.59472483,2
CC(C)C[C@H](NC(=O)[C@H](CCCC[NH3+])NC(=O)[C@H](CCCNC(N)=[NH2+])NC(=O)[C@H](Cc1ccccc1)NC(=O)[C@H](Cc1ccccc1)NC(=O)[C@H](CCCC[NH3+])NC(=O)[C@H](CCCC[NH3+])NC(=O)[C@H](Cc1ccccc1)NC(=O)[C@H](CCCNC(N)=[NH2+])NC(=O)[C@H](CCCC[NH3+])NC(=O)[C@@H](N)C(C)C)C(=O)N[C@@H](CCCC[NH3+])C(=O)N[C@@H](CCCC[NH3+])C(=O)N[C@@H](CC(C)C)C(=O)N[C@H](C(N)=O)C(C)C,1,-0.7215587,2
CC[C@H](C)[C@H](NC(=O)[C@H](CC(C)C)NC(=O)[C@@H](NC(=O)[C@H](CCCNC(N)=[NH2+])NC(=O)[C@H](Cc1ccccc1)NC(=O)[C@@H](NC(=O)[C@@H](NC(=O)[C@@H](N)CC(C)C)[C@@H](C)CC)[C@@H](C)CC)[C@@H](C)CC)C(=O)N[C@@H](CO)C(=O)NC(CC1CNCN1)C(O)N[C@@H](CCCNC(N)=[NH2+])C(=O)N[C@H](C=O)CCCNC(N)=[NH2+],1,8.62163,2
CC[C@H](C)[C@H](NC(=O)[C@H](C)NC(=O)[C@@H](NC(=O)[C@@H](N)Cc1ccc(O)cc1)[C@@H](C)O)C(=O)N[C@@H](C)C(=O)N[C@@H](Cc1c[nH]c2ccccc12)C(=O)N[C@H](C(=O)N[C@@H](CCCC[NH3+])C(=O)N[C@@H](C)C(=O)N[C@@H](Cc1ccccc1)C(=O)N[C@H](C(=O)N[C@@H](CCCNC(N)=[NH2+])C(=O)N[C@@H](CCCC[NH3+])C(=O)N[C@@H](CC(C)C)C(=O)N[C@@H](CCCNC(N)=[NH2+])C(=O)N[C@H](C=O)CCCC[NH3+])[C@@H](C)CC)C(C)C,1,7.088102,2
CCC(NC(=O)[C@H](CC(=O)O)NC(=O)CN)C(O)N[C@@H](CC(C)C)C(=O)N1CCC[C@H]1C(=O)NC(CC1CNCN1)C(O)N[C@@H](CC(C)C)C(=O)N[C@@H](CCCCN)C(=O)N[C@@H](CC(C)C)C(=O)N[C@@H](CS)C(=O)O,1,-5.345566,2
CC[C@H](C)[C@H](NC(=O)[C@H](CS)NC(=O)[C@H](CO)NC(=O)[C@@H](NC(=O)[C@@H]1CCCN1C(=O)[C@@H]1CCCN1C(=O)CNC(=O)[C@H](CCCNC(N)=[NH2+])NC(=O)[C@@H](NC(=O)[C@H](CCCC[NH3+])NC(=O)[C@H](CCCNC(N)=[NH2+])NC(=O)[C@H](CCSC)NC(=O)[C@H](CC(N)=O)NC(=O)[C@H](CCCNC(N)=[NH2+])NC(=O)[C@H](CCC(N)=O)NC(=O)[C@H](Cc1c[nH]c2ccccc12)NC(=O)[C@@H](N)CCC(N)=O)C(C)C)C(C)C)C(=O)N[C@@H](CCCC[NH3+])C(=O)N[C@H](C=O)CCCNC(N)=[NH2+],1,6.7687445,2
C[C@H](N)C(=O)N[C@@H](CS)C(=O)N[C@@H](CCCNC(N)=[NH2+])C(=O)NCC(=O)N[C@@H](CCCNC(N)=[NH2+])C(=O)NCC(=O)N[C@@H](CCCNC(N)=[NH2+])C(=O)NCC(=O)N[C@@H](CS)C(=O)N[C@@H](CCCNC(N)=[NH2+])C(=O)NCC(=O)N[C@@H](CCCNC(N)=[NH2+])C(=O)NCC(=O)N[C@@H](CCCNC(N)=[NH2+])C(=O)NCC(=O)N[C@@H](CS)C(=O)NCC=O,1,5.7943907,2
CC[C@H](C)[C@H](NC(=O)[C@H](CCCC[NH3+])NC(=O)[C@H](Cc1ccccc1)NC(=O)[C@@H](NC(=O)[C@@H](NC(=O)[C@@H](N)CCSC)[C@@H](C)CC)[C@@H](C)CC)C(=O)N[C@@H](C)C(=O)N[C@@H](C)C(=O)N[C@@H](CO)C(=O)NC(CC1CNCN1)C(O)N[C@@H](CCCC[NH3+])C(=O)N[C@H](C=O)CCCC[NH3+],1,9.0683,2
CC[C@H](C)[C@H](NC(=O)[C@H](CCCNC(N)=[NH2+])NC(=O)[C@H](CCCNC(N)=[NH2+])NC(=O)[C@H](CCCNC(N)=[NH2+])NC(=O)[C@H](CC(C)C)NC(=O)[C@@H](NC(=O)[C@@H](NC(=O)[C@H](CC(C)C)NC(=O)[C@@H](N)CC(C)C)[C@@H](C)CC)[C@@H](C)CC)C(=O)N[C@@H](CCCNC(N)=[NH2+])C(=O)N[C@@H](CCCC[NH3+])C(=O)N[C@@H](CCC(N)=O)C(=O)N[C@@H](C)C(=O)NC(CC1CNCN1)C(O)N[C@H](C)C(=O)NC(CC1CNCN1)C(O)N[C@@H](CO)C(=O)N[C@H](C=O)CCCC[NH3+],1,9.431286,2
CC[C@H](C)[C@H](NC(=O)[C@H](CC(C)C)NC(=O)[C@H](CC(=O)O)NC(=O)[C@H](CCCNC(N)=[NH2+])NC(=O)[C@H](C)NC(=O)[C@@H](NC(=O)[C@@H](NC(=O)[C@@H](N)CCSC)[C@@H](C)CC)[C@@H](C)CC)C(=O)N[C@H](C=O)CO,1,8.764236,2
CC[C@H](C)[C@H](NC(=O)[C@H](CCCC[NH3+])NC(=O)[C@H](CCCC[NH3+])NC(=O)[C@H](C)NC(=O)[C@H](CC(C)C)NC(=O)[C@H](C)NC(=O)[C@H](C)NC(=O)[C@H](CC(C)C)NC(=O)[C@H](C)NC(=O)[C@H](CCCC[NH3+])NC(=O)[C@H](CC(C)C)NC(=O)[C@H](CC(N)=O)NC(=O)[C@@H](NC(=O)[C@H](CCCC[NH3+])NC(=O)CNC(=O)[C@H](CC(C)C)NC(=O)[C@H](CC(C)C)NC(=O)[C@H](Cc1ccc(O)cc1)NC(=O)CNC(=O)[C@H](C)NC(=O)[C@H](CO)NC(=O)[C@H](CC(N)=O)NC(=O)[C@H](CC(C)C)NC(=O)[C@@H](NC(=O)[C@H](Cc1c[nH]c2ccccc12)NC(=O)CN)[C@@H](C)O)[C@@H](C)CC)C(=O)N[C@H](C=O)CC(C)C,1,6.8792634,2
CC[C@H](C)[C@H](NC(=O)CNC(=O)[C@H](CC(=O)O)NC(=O)[C@H](CO)NC(=O)[C@@H]([NH3+])Cc1c[nH]cn1)C(=O)N[C@@H](Cc1ccccc1)C(=O)N[C@H](C(=O)N[C@@H](CC(=O)O)C(=O)N[C@@H](CO)C(=O)N[C@@H](Cc1ccc(O)cc1)C(=O)N[C@@H](CO)C(=O)N[C@@H](CCCNC(N)=[NH2+])C(=O)N[C@@H](Cc1ccc(O)cc1)C(=O)N[C@@H](CCCNC(N)=[NH2+])C(=O)N[C@@H](CCCC[NH3+])C(=O)N[C@@H](CCC(N)=O)C(=O)N[C@@H](CCSC)C(=O)N[C@@H](C)C(=O)N[C@H](C(=O)N[C@@H](CCCC[NH3+])C(=O)N[C@@H](CCCC[NH3+])C(=O)N[C@@H](Cc1ccc(O)cc1)C(=O)N[C@@H](CC(C)C)C(=O)N[C@@H](C)C(=O)N[C@@H](C)C(=O)N[C@H](C(=O)N[C@@H](CC(C)C)C(=O)NCC(=O)N[C@@H](CCCC[NH3+])C(=O)N[C@@H](CCCNC(N)=[NH2+])C(=O)N[C@@H](Cc1ccc(O)cc1)C(=O)N[C@@H](CCCC[NH3+])C(=O)N[C@@H](CCC(N)=O)C(=O)N[C@@H](CCCNC(N)=[NH2+])C(=O)N[C@H](C(=O)N[C@@H](CCCC[NH3+])C(=O)N[C@@H](CC(N)=O)C(=O)N[C@@H](CCCC[NH3+])C(N)=O)C(C)C)C(C)C)C(C)C)[C@@H](C)O,1,-0.99742365,2
CC[C@H](C)[C@H](NC(=O)[C@H](CC(N)=O)NC(=O)[C@H](C)NC(=O)[C@H](CC(C)C)NC(=O)[C@H](CC(C)C)NC(=O)[C@H](CC(N)=O)NC(=O)[C@H](CO)NC(O)C(CC1CNCN1)NC(O)C(CC1CNCN1)NC(=O)[C@H](CCCNC(N)=[NH2+])NC(=O)[C@H](CC(C)C)NC(O)C(CC1CNCN1)NC(=O)[C@H](CCCNC(N)=[NH2+])NC(=O)[C@H](CC(C)C)NC(=O)[C@H](CC(C)C)NC(=O)[C@H](CC(C)C)NC(=O)CNC(=O)[C@H](CC(C)C)NC(C)=O)C(N)=O,1,-4.595378,2
NC(=[NH2+])NCCC[C@@H](N)C(=O)N[C@H](CCCNC(N)=[NH2+])C(=O)N[C@H](CCCNC(N)=[NH2+])C(=O)N[C@H](CCCNC(N)=[NH2+])C(=O)N[C@H](CCCNC(N)=[NH2+])C(=O)N[C@H](CCCNC(N)=[NH2+])C(=O)N[C@H](CCCNC(N)=[NH2+])C(=O)N[C@H](CCCNC(N)=[NH2+])C(=O)N[C@H](CCCNC(N)=[NH2+])C(=O)N[C@H](CCCNC(N)=[NH2+])C(=O)N[C@H](CCCNC(N)=[NH2+])C(=O)N[C@H](CCCNC(N)=[NH2+])C(=O)NCC(=O)N[C@@H](CS)C(N)=O,1,6.788443,2
CC(C)[C@H](NC(=O)[C@H](CCCNC(N)=[NH2+])NC(=O)[C@H](CCCNC(N)=[NH2+])NC(=O)[C@H](CCCNC(N)=[NH2+])NC(=O)[C@H](CC(N)=O)NC(=O)[C@H](CCCNC(N)=[NH2+])NC(=O)[C@H](CCCNC(N)=[NH2+])NC(=O)[C@@H](NC(=O)[C@@H](N)CCCNC(N)=[NH2+])[C@@H](C)O)C(=O)N[C@H](C=O)CCCNC(N)=[NH2+],1,8.925127,2
CC[C@H](C)[C@H](NC(=O)[C@H](CO)NC(=O)[C@H](CCCCN)NC(=O)[C@@H](NC(=O)[C@H](CCCNC(=N)N)NC(=O)[C@H](CCC(=O)O)NC(=O)[C@H](Cc1c[nH]c2ccccc12)NC(=O)[C@H](CCSC)NC(=O)[C@H](CO)NC(=O)[C@H](C)N)C(C)C)C(=O)N[C@H](C(=O)N[C@@H](CCCCN)C(=O)N[C@@H](CO)C(=O)N[C@@H](CO)C(=O)N[C@@H](CC(C)C)C(=O)N[C@@H](C)C(=O)N[C@@H](C)C(=O)N[C@@H](C)C(=O)N[C@@H](CO)C(=O)N[C@@H](CC(N)=O)C(=O)N[C@H](C=O)[C@@H](C)CC)[C@@H](C)CC,1,3.8479447,2
C[C@H](NC(=O)[C@H](CCC(N)=O)NC(=O)[C@H](CCCC[NH3+])NC(=O)[C@H](CCC(=O)O)NC(=O)[C@H](C)NC(=O)[C@H](CCCNC(N)=[NH2+])NC(=O)[C@H](CCCNC(N)=[NH2+])NC(=O)[C@H](CCC(=O)O)NC(=O)[C@H](CCCNC(N)=[NH2+])NC(=O)[C@H](CCCNC(N)=[NH2+])NC(=O)[C@H](CCCNC(N)=[NH2+])NC(=O)[C@@H](NC(=O)[C@@H](N)CCC(N)=O)[C@@H](C)O)C(=O)N[C@@H](CCC(N)=O)C(=O)N[C@H](C=O)Cc1c[nH]c2ccccc12,1,8.834158,2
CC[C@H](C)[C@H](NC(=O)[C@H](C)NC(=O)[C@H](CC(C)C)NC(=O)[C@H](CCCC[NH3+])NC(=O)[C@H](CC(C)C)NC(=O)[C@@H](NC(=O)[C@@H](NC(=O)[C@@H](N)CCCC[NH3+])[C@@H](C)CC)[C@@H](C)O)C(=O)N[C@@H](CCCC[NH3+])C(=O)N[C@@H](C)C(=O)N[C@@H](Cc1c[nH]c2ccccc12)C(=O)N[C@@H](CCCC[NH3+])C(=O)N[C@@H](CC(C)C)C(=O)N[C@@H](C)C(=O)N[C@@H](CC(C)C)C(=O)N[C@@H](CCCC[NH3+])C(=O)N[C@@H](C)C(=O)N[C@@H](C)C(N)=O,1,2.2030218,2
NCC(=O)N[C@@H](CCCNC(N)=[NH2+])C(=O)NCC(=O)N[C@@H](CC(=O)O)C(=O)N[C@@H](CO)C(=O)N1CCC[C@H]1C(=O)N[C@@H](CCCNC(N)=[NH2+])C(=O)N[C@@H](CCCNC(N)=[NH2+])C(=O)N[C@@H](CO)C(=O)N1CCC[C@H]1C(=O)N[C@@H](CCCNC(N)=[NH2+])C(=O)N[C@H](C=O)CCCNC(N)=[NH2+],1,7.3340764,2
CC[C@H](C)[C@H](NC(=O)[C@H](CC(C)C)NC(=O)[C@@H](N)CCCC[NH3+])C(=O)N[C@@H](CCCC[NH3+])C(=O)NCC(=O)N[C@@H](CCCNC(N)=[NH2+])C(=O)N[C@H](C(=O)N1CCC[C@H]1C(=O)N[C@H](C(=O)N[C@@H](CCCC[NH3+])C(=O)N[C@@H](Cc1ccccc1)C(=O)NCC(=O)N[C@@H](CCCC[NH3+])C(=O)N[C@@H](C)C(=O)N[C@@H](CCCNC(N)=[NH2+])C(=O)N[C@@H](CS)C(=O)N[C@@H](CCCNC(N)=[NH2+])C(=O)N[C@@H](CCCNC(N)=[NH2+])C(=O)N1CCC[C@H]1C(=O)N1CCC[C@H]1C(=O)N[C@@H](CCCC[NH3+])C(=O)NC(CC1CNCN1)C(O)N[C@@H](CO)C(=O)NCC(=O)N[C@H](C=O)CCCC[NH3+])[C@@H](C)CC)[C@@H](C)O,1,8.109169,2
CC[C@H](C)[C@H](NC(=O)[C@H](CCCNC(N)=[NH2+])NC(=O)[C@H](CC(C)C)NC(=O)[C@H](CCC(N)=O)NC(=O)[C@@H](N)CCCNC(N)=[NH2+])C(=O)N[C@@H](C)C(=O)NCC(=O)N[C@@H](CCCNC(N)=[NH2+])C(=O)N[C@@H](CCCNC(N)=[NH2+])C(=O)N[C@@H](CC(C)C)C(=O)N[C@@H](CCCNC(N)=[NH2+])C(=O)NCC(=O)N[C@@H](CCCNC(N)=[NH2+])C(=O)N[C@@H](CO)C(=O)N[C@H](C=O)CCCNC(N)=[NH2+],1,9.306346,2
NC(=[NH2+])NCCC[C@H](NC(=O)[C@H](CCCNC(N)=[NH2+])NC(=O)[C@H](CCCNC(N)=[NH2+])NC(=O)[C@H](CCCNC(N)=[NH2+])NC(=O)[C@H](CCCNC(N)=[NH2+])NC(=O)[C@H](CCCNC(N)=[NH2+])NC(=O)[C@H](CCCNC(N)=[NH2+])NC(=O)[C@H](CCCNC(N)=[NH2+])NC(=O)[C@@H](N)CCCNC(N)=[NH2+])C(N)=O,1,4.719586,2
CC(C)C[C@H](NC(=O)CN)C(=O)N[C@@H](Cc1c[nH]c2ccccc12)C(=O)N[C@@H](CCCNC(N)=[NH2+])C(=O)N[C@@H](C)C(=O)N[C@@H](CC(C)C)C(=O)N[C@@H](Cc1c[nH]c2ccccc12)C(=O)N[C@@H](CCCNC(N)=[NH2+])C(=O)N[C@@H](CC(C)C)C(=O)N[C@@H](CC(C)C)C(=O)N[C@@H](CCCNC(N)=[NH2+])C(=O)N[C@@H](CO)C(=O)N[C@@H](CC(C)C)C(=O)N[C@@H](Cc1c[nH]c2ccccc12)C(=O)N[C@@H](CCCNC(N)=[NH2+])C(=O)N[C@@H](CC(C)C)C(=O)N[C@@H](CC(C)C)C(=O)N[C@@H](Cc1c[nH]c2ccccc12)C(=O)N[C@@H](CCCNC(N)=[NH2+])C(=O)N[C@@H](C)C=O,1,7.191456,2
CC(C)C[C@H](NC(=O)CN)C(=O)N[C@@H](CCCC[NH3+])C(=O)N[C@@H](CCCC[NH3+])C(=O)N[C@@H](CC(C)C)C(=O)N[C@@H](C)C(=O)N[C@@H](CCC(=O)O)C(=O)N[C@@H](CC(C)C)C(=O)N[C@@H](Cc1ccccc1)C(=O)NC(CC1CNCN1)C(O)N[C@@H](CCCC[NH3+])C(=O)N[C@@H](CC(C)C)C(=O)N[C@@H](CC(C)C)C(=O)N[C@@H](CCCC[NH3+])C(=O)N[C@@H](CC(C)C)C(=O)NCC(=O)N[C@@H](CS)C(N)=O,1,-2.2740045,2
CSCC[C@H](NC(=O)[C@@H](NC(=O)[C@H](CO)NC(=O)CNC(=O)[C@H](C)NC(=O)[C@H](C)NC(=O)CNC(=O)[C@H](CC(C)C)NC(=O)[C@H](Cc1ccccc1)NC(=O)CNC(=O)[C@H](CC(C)C)NC(=O)[C@H](Cc1ccccc1)NC(=O)[C@H](CC(C)C)NC(=O)[C@H](C)NC(=O)CN)[C@@H](C)O)C(=O)NCC(=O)N[C@@H](C)C(=O)N[C@@H](Cc1c[nH]c2ccccc12)C(=O)N[C@@H](CO)C(=O)N[C@@H](CCC(N)=O)C(=O)N1CCC[C@H]1C(=O)N[C@@H](CCCC[NH3+])C(=O)N[C@@H](CO)C(=O)N[C@@H](CCCC[NH3+])C(=O)N[C@@H](CCCNC(N)=[NH2+])C(=O)N[C@@H](CCCC[NH3+])C(=O)N[C@H](C=O)C(C)C,1,4.8208704,2
CC[C@H](C)[C@H](NC(=O)[C@H](C)NC(=O)[C@H](C)NC(=O)[C@@H]1CCCN1C(=O)[C@H](CCCNC(N)=[NH2+])NC(=O)[C@@H](N)CCCC[NH3+])C(=O)N[C@@H](CCCC[NH3+])C(=O)N[C@@H](CCCC[NH3+])C(=O)N[C@@H](C)C(=O)NCC(=O)N[C@@H](CCC(N)=O)C(=O)N[C@@H](C)C(=O)N[C@@H](CCCC[NH3+])C(=O)N[C@@H](CCCC[NH3+])C(=O)N[C@@H](CCCC[NH3+])C(=O)N[C@H](C=O)CCCC[NH3+],1,9.575401,2
C[C@H](NC(=O)[C@H](CCCC[NH3+])NC(=O)[C@H](CO)NC(=O)[C@H](CCCNC(N)=[NH2+])NC(=O)[C@H](CS)NC(O)C(CC1CNCN1)NC(O)C(CC1CNCN1)NC(=O)[C@H](CCCNC(N)=[NH2+])NC(=O)[C@H](CCCNC(N)=[NH2+])NC(=O)CN)C(=O)N[C@@H](CCCC[NH3+])C(=O)N[C@@H](CCCNC(N)=[NH2+])C(=O)N[C@@H](CO)C(=O)N[C@@H](CCCNC(N)=[NH2+])C(=O)NC(CC1CNCN1)C(O)NC(CO)CC1CNCN1,1,2.1850176,2
C[C@H](N)C(=O)N[C@@H](CS)C(=O)N[C@@H](CO)C(=O)NCC(=O)N[C@@H](CO)C(=O)NCC(=O)N[C@@H](CO)C(=O)NCC(=O)N[C@@H](CS)C(=O)NCC(=O)N[C@@H](CO)C(=O)NCC(=O)N[C@@H](CO)C(=O)NCC(=O)N[C@@H](CO)C(=O)N[C@@H](CS)C(=O)NCC=O,1,-1.3132552,2
NC(=[NH2+])NCCC[C@@H](C=O)NC(=O)[C@H](CCCNC(N)=[NH2+])NC(=O)[C@H](CCCNC(N)=[NH2+])NC(=O)[C@H](CCCNC(N)=[NH2+])NC(=O)[C@H](CCCNC(N)=[NH2+])NC(=O)[C@H](CCCNC(N)=[NH2+])NC(=O)[C@H](CCCNC(N)=[NH2+])NC(=O)[C@@H](N)CCCNC(N)=[NH2+],1,8.785545,2
NCC(=O)N[C@@H](CCCC[NH3+])C(=O)NC(CC1CNCN1)C(O)N[C@@H](CCCNC(N)=[NH2+])C(=O)NC(CC1CNCN1)C(O)N[C@@H](CCC(=O)O)C(=O)N[C@@H](CCCNC(N)=[NH2+])C(=O)NCC(=O)NC(CC1CNCN1)C(O)NC(CC1CNCN1)C(O)N[C@@H](CCCNC(N)=[NH2+])C(=O)N[C@@H](CC(=O)O)C(=O)N[C@@H](CCCNC(N)=[NH2+])C(=O)N[C@@H](CCCNC(N)=[NH2+])C(=O)N[C@@H](CCC(=O)O)C(=O)N[C@H](C=O)CCCNC(N)=[NH2+],1,4.0697107,2
NC(=[NH2+])NCCC[C@@H](C=O)NC(=O)[C@H](CCCNC(N)=[NH2+])NC(=O)[C@H](CCCNC(N)=[NH2+])NC(=O)[C@H](CCCNC(N)=[NH2+])NC(=O)[C@H](CCCNC(N)=[NH2+])NC(=O)[C@H](CCCNC(N)=[NH2+])NC(=O)[C@H](CCCNC(N)=[NH2+])NC(=O)[C@H](CCCNC(N)=[NH2+])NC(=O)[C@@H](N)Cc1c[nH]c2ccccc12,1,7.417975,2
CC[C@H](C)[C@H](NC(=O)[C@H](CCCC[NH3+])NC(=O)[C@H](CC(C)C)NC(=O)[C@@H](NC(=O)[C@H](CO)NC(=O)[C@H](CCCC[NH3+])NC(=O)[C@H](Cc1c[nH]c2ccccc12)NC(=O)[C@@H](NC(=O)[C@H](CCCC[NH3+])NC(=O)[C@H](C)NC(=O)[C@@H](NC(=O)[C@H](CO)NC(=O)[C@H](CCCC[NH3+])NC(=O)[C@H](C)NC(=O)[C@H](C)NC(=O)[C@@H](NC(=O)[C@@H](N)CCCC[NH3+])[C@@H](C)CC)[C@@H](C)CC)[C@@H](C)CC)[C@@H](C)CC)C(=O)N[C@@H](C)C(N)=O,1,-1.2369233,2
CC[C@H](C)[C@H](NC(=O)[C@H](CCCC[NH3+])NC(=O)[C@@H](NC(=O)[C@H](CCC(N)=O)NC(=O)[C@@H]([NH3+])CCCNC(N)=[NH2+])[C@@H](C)CC)C(=O)N[C@@H](Cc1c[nH]c2ccccc12)C(=O)N[C@@H](Cc1ccccc1)C(=O)N[C@@H](CCC(N)=O)C(=O)N[C@@H](CC(N)=O)C(=O)N[C@@H](CCCNC(N)=[NH2+])C(=O)N[C@@H](CCCNC(N)=[NH2+])C(=O)N[C@@H](CCSC)C(=O)N[C@@H](CCCC[NH3+])C(=O)N[C@@H](Cc1c[nH]c2ccccc12)C(=O)N[C@@H](CCCC[NH3+])C(=O)N[C@@H](CCCC[NH3+])C(=O)O,1,4.5718536,2
CC(C)[C@@H](N)C(=O)N[C@H](CS)C(=O)N[C@@H](C(=O)N[C@@H](C=O)CCCNC(N)=[NH2+])C(C)C,1,3.2875755,2
CC(C)C[C@@H](C=O)NC(=O)[C@H](CCC(=O)O)NC(=O)[C@@H](NC(=O)[C@H](CC(C)C)NC(=O)[C@@H](NC(=O)[C@H](CCCC[NH3+])NC(=O)[C@@H](NC(=O)[C@H](CC(C)C)NC(=O)[C@H](CCC(=O)O)NC(=O)[C@H](CCCC[NH3+])NC(=O)[C@H](CC(C)C)NC(=O)[C@@H](NC(=O)[C@H](CCC(=O)O)NC(=O)[C@@H](NC(=O)[C@H](CC(C)C)NC(=O)[C@@H](NC(=O)[C@H](CCCC[NH3+])NC(=O)[C@@H](N)CC(C)C)[C@@H](C)O)[C@@H](C)O)[C@@H](C)O)[C@@H](C)O)[C@@H](C)O)[C@@H](C)O,1,3.5606554,2
CC(C)C[C@H](NC(=O)CNC(=O)[C@H](C)NC(=O)[C@H](CCCNC(=N)N)NC(=O)[C@H](CO)NC(=O)[C@H](CO)NC(=O)[C@H](CCCNC(=N)N)NC(=O)[C@@H](NC(=O)[C@H](CCCCN)NC(=O)[C@H](C)NC(=O)[C@H](CCCCN)NC(=O)[C@H](C)NC(=O)[C@H](CCCNC(=N)N)NC(=O)[C@H](C)NC(=O)[C@H](CCCCN)NC(=O)CNC(=O)CNC(=O)[C@H](CCC(N)=O)NC(=O)[C@H](CCCCN)NC(=O)CNC(=O)[C@H](CCCNC(=N)N)NC(=O)CNC(=O)[C@@H](N)CO)[C@@H](C)O)C(=O)N[C@@H](CCC(N)=O)C(=O)N[C@@H](Cc1ccccc1)C(=O)N1CCC[C@H]1C(=O)N[C@H](C(=O)NCC(=O)N[C@@H](CCCNC(=N)N)C(=O)N[C@H](C(=O)N[C@@H](Cc1c[nH]cn1)C(=O)N[C@@H](CCCNC(=N)N)C(=O)N[C@@H](CC(C)C)C(=O)N[C@@H](CC(C)C)C(=O)N[C@@H](CCCNC(=N)N)C(=O)N[C@@H](CCCCN)C(=O)NCC=O)C(C)C)C(C)C,1,3.6599455,2
CC[C@H](C)[C@H](NC(=O)[C@H](CCCC[NH3+])NC(=O)[C@@H](NC(=O)[C@H](CCC(N)=O)NC(=O)[C@@H]([NH3+])CCCNC(N)=[NH2+])[C@@H](C)CC)C(=O)N[C@@H](Cc1c[nH]c2ccccc12)C(=O)N[C@@H](Cc1ccccc1)C(=O)N[C@@H](CCC(N)=O)C(=O)N[C@@H](CC(N)=O)C(=O)N[C@@H](CCCNC(N)=[NH2+])C(=O)N[C@@H](CCCNC(N)=[NH2+])C(=O)N[C@@H](CCSC)C(=O)N[C@@H](CCCC[NH3+])C(=O)N[C@@H](Cc1c[nH]c2ccccc12)C(=O)N[C@@H](CCCC[NH3+])C(=O)N[C@@H](CCCC[NH3+])C(=O)O,1,4.5718536,2
NC(=[NH2+])NCCC[C@@H](N)C(=O)N[C@@H](CCCNC(N)=[NH2+])C(=O)N[C@H](CCCNC(N)=[NH2+])C(=O)NCC(=O)N[C@H](CCCNC(N)=[NH2+])C(=O)N[C@@H](CCCC[NH3+])C(=O)N[C@H](CCCC[NH3+])C(=O)N[C@@H](CCCNC(N)=[NH2+])C(=O)N[C@@H](C=O)CCCNC(N)=[NH2+],1,8.244155,2
CC[C@H](C)[C@H](NC(=O)[C@H](CCCC[NH3+])NC(=O)[C@@H](NC(=O)[C@H](CCC(N)=O)NC(=O)[C@@H](N)CCCNC(N)=[NH2+])[C@@H](C)CC)C(=O)N[C@@H](Cc1c[nH]c2ccccc12)C(=O)N[C@@H](Cc1ccccc1)C(=O)N[C@@H](CCC(N)=O)C(=O)N[C@H](C=O)CC(N)=O,1,6.71773,2
C[C@H](NC(=O)[C@H](C)NC(=O)[C@H](CO)NC(=O)[C@H](CCCNC(N)=[NH2+])NC(=O)[C@H](CS)NC(O)C(CC1CNCN1)NC(O)C(CC1CNCN1)NC(=O)[C@H](CCCNC(N)=[NH2+])NC(=O)[C@H](CCCNC(N)=[NH2+])NC(=O)[C@@H](N)CO)C(=O)N[C@@H](CCCC[NH3+])C(=O)N[C@@H](CCCNC(N)=[NH2+])C(=O)N[C@@H](CO)C(=O)N[C@@H](CCCNC(N)=[NH2+])C(=O)NC(CC1CNCN1)C(O)NC(CO)CC1CNCN1,1,3.2651205,2
NC(=[NH2+])NCCC[C@H](NC(=O)[C@H](Cc1ccccc1)NC(=O)[C@H](CCCC[NH3+])NC(=O)[C@H](CCCC[NH3+])NC(=O)[C@@H](N)Cc1ccccc1)C(=O)N[C@@H](CCCC[NH3+])C(=O)N[C@H](C=O)Cc1ccccc1,1,3.9428542,2
CCC[C@@H]1NC(=O)[C@@H]2CS34SC[C@H](NC(=O)[C@H]([C@@H](C)CC)NC(=O)[C@H](CS)NC(=O)[C@H](C)NC(=O)CNC1=O)C(=O)N[C@@H](CCCNC(=N)N)C(=O)NCC(=O)N[C@@H](CC(N)=O)C(=O)NCC(=O)N[C@@H](Cc1ccc(O)cc1)C(=O)N[C@H](C(=O)NCC(=O)N[C@@H](CO)C(=O)NCC(=O)N[C@@H](CO)C(=O)N[C@H](C=O)CC(=O)O)C[SH]3[SH]4C[C@H](NC(=O)[C@H](CCCCN)NC(=O)[C@H](CCCCN)NC(=O)[C@H](CC(C)C)NC(=O)[C@@H](NC(=O)[C@H](C)NC(=O)[C@H](CCC)NC(=O)[C@H](CS)NC(=O)[C@@H](NC(=O)CNC(=O)CN)C(C)C)[C@@H](C)CC)C(=O)N[C@@H](CCCNC(=N)N)C(=O)N[C@@H](CCCNC(=N)N)C(=O)N[C@@H](CC(=O)O)C(=O)N[C@@H](CO)C(=O)N[C@@H](CC(=O)O)C(=O)N2,1,0.05398758,2
C[C@H](N)C(=O)N[C@@H](CS)C(=O)N[C@@H](CO)C(=O)NCC(=O)N[C@@H](CCCNC(N)=[NH2+])C(=O)NCC(=O)N[C@@H](CCCNC(N)=[NH2+])C(=O)NCC(=O)N[C@@H](CS)C(=O)NCC(=O)N[C@@H](CO)C(=O)NCC(=O)N[C@@H](CO)C(=O)NCC(=O)N[C@@H](CO)C(=O)N[C@@H](CS)C(=O)NCC=O,1,4.149187,2
CC[C@H](C)[C@H](NC(=O)[C@H](CC(C)C)NC(=O)[C@H](C)NC(=O)[C@H](CCCNC(N)=[NH2+])NC(=O)[C@H](Cc1ccccc1)NC(=O)[C@@H](NC(=O)[C@@H](NC(=O)[C@@H](N)CCSC)[C@@H](C)CC)[C@@H](C)CC)C(=O)N[C@@H](CO)C(=O)NC(CC1CNCN1)C(O)N[C@@H](CCCC[NH3+])C(=O)N[C@H](C=O)CCCC[NH3+],1,9.286272,2
CC(C)C[C@H](NC(=O)[C@H](CCCNC(N)=[NH2+])NC(=O)[C@H](CCCNC(N)=[NH2+])NC(=O)[C@H](CC(C)C)NC(=O)[C@H](CC(C)C)NC(=O)[C@H](CCCNC(N)=[NH2+])NC(=O)[C@@H](N)CCCNC(N)=[NH2+])C(=O)N[C@@H](CCCNC(N)=[NH2+])C(=O)N[C@H](C=O)CCCNC(N)=[NH2+],1,8.742535,2
CC[C@H](C)[C@H](NC(=O)[C@H](CCCNC(N)=[NH2+])NC(=O)[C@@H](N)CCCC[NH3+])C(=O)N1CCC[C@H]1C(=O)N[C@@H](CC(N)=O)C(=O)N[C@@H](CCCC[NH3+])C(=O)N[C@@H](CCCC[NH3+])C(=O)N1CCC[C@H]1C(=O)NCC(=O)N[C@@H](CCCC[NH3+])C(=O)N[C@H](C=O)CCCC[NH3+],1,8.216555,2
CC[C@H](C)[C@H](NC(=O)[C@H](CCCC[NH3+])NC(=O)[C@@H](NC(=O)[C@H](CCC(N)=O)NC(=O)[C@@H](N)CCCNC(N)=[NH2+])[C@@H](C)CC)C(=O)N[C@@H](Cc1c[nH]c2ccccc12)C(=O)N[C@@H](Cc1ccccc1)C(=O)N1CCC[C@H]1C(=O)N[C@@H](CC(N)=O)C(=O)N[C@@H](CCCNC(N)=[NH2+])C(=O)N[C@@H](CCCNC(N)=[NH2+])C(=O)N[C@@H](CCSC)C(=O)N[C@@H](CCCC[NH3+])C(=O)N[C@@H](Cc1c[nH]c2ccccc12)C(=O)N[C@@H](CCCC[NH3+])C(=O)N[C@H](C=O)CCCC[NH3+],1,8.42849,2
CC[C@H](C)[C@H](NC(=O)[C@H](CCCNC(N)=[NH2+])NC(=O)[C@@H](NC(=O)[C@@H](N)CCCNC(N)=[NH2+])C(C)C)C(=O)N[C@@H](CC(C)C)C(=O)N[C@@H](C)C(=O)N[C@@H](CCCNC(N)=[NH2+])C(=O)N[C@@H](Cc1ccccc1)C(=O)N[C@@H](CC(C)C)C(=O)N[C@@H](CCCNC(N)=[NH2+])C(=O)N[C@H](C(=O)N[C@@H](CCCNC(N)=[NH2+])C(=O)N[C@H](C=O)C(C)C)[C@@H](C)O,1,7.2960715,2
CC[C@H](C)[C@H](NC(=O)[C@H](CCCCN)NC(=O)[C@H](CCCCN)NC(=O)[C@H](C)NC(=O)[C@H](CC(C)C)NC(=O)[C@H](C)NC(=O)[C@H](C)NC(=O)[C@H](CC(C)C)NC(=O)[C@H](C)NC(=O)[C@H](CCCCN)NC(=O)[C@H](CC(C)C)NC(=O)[C@H](CC(N)=O)NC(=O)[C@@H](NC(=O)[C@H](CCCCN)NC(=O)CNC(=O)[C@H](CC(C)C)NC(=O)[C@H](CC(C)C)NC(=O)[C@H](Cc1ccc(O)cc1)NC(=O)CNC(=O)[C@H](C)N)[C@@H](C)O)C(=O)N[C@H](C=O)CC(C)C,1,8.295655,2
NC(=[NH2+])NCCC[C@H](NC(=O)CNC(=O)[C@H](CCCNC(N)=[NH2+])NC(=O)[C@@H](N)CCCNC(N)=[NH2+])C(=O)N[C@@H](CCCNC(N)=[NH2+])C(=O)NCC=O,1,4.9713063,2
CC[C@H](C)[C@H](NC(=O)[C@H](CCCNC(N)=[NH2+])NC(=O)[C@H](CC(C)C)NC(=O)[C@@H](NC(=O)[C@@H](NC(=O)[C@H](CC(C)C)NC(=O)[C@H](Cc1ccccc1)NC(=O)[C@H](CCCNC(N)=[NH2+])NC(=O)[C@H](CCCNC(N)=[NH2+])NC(=O)[C@@H](N)C(C)C)C(C)C)[C@@H](C)O)C(=O)N[C@@H](CCCNC(N)=[NH2+])C(=O)N[C@@H](CCCNC(N)=[NH2+])C(=O)N[C@@H](C)C=O,1,7.3829165,2
CCC[C@H](NC(=O)[C@@H](NC(=O)[C@H](CC(C)C)NC(=O)[C@H](CC(N)=O)NC(=O)[C@H](CCCNC(=N)N)NC(=O)[C@H](CC(C)C)NC(=O)[C@H](Cc1ccccc1)NC(=O)[C@H](CC(=O)O)NC(=O)[C@H](CCCCN)NC(=O)[C@@H](NC(=O)[C@H](CCCNC(=N)N)NC(=O)[C@H](CCC(N)=O)NC(=O)[C@@H](NC(=O)[C@@H](NC(=O)[C@H](CCCNC(=N)N)NC(=O)[C@H](CCCCN)NC(=O)[C@H](Cc1ccccc1)NC(=O)[C@H](CCC(=O)O)NC(=O)[C@H](CCCCN)NC(=O)CNC(=O)[C@@H](NC(=O)[C@H](CCCCN)NC(=O)[C@H](CCC(=O)O)NC(=O)[C@H](CCCCN)NC(=O)[C@H](CO)NC(=O)[C@H](CCCCN)NC(=O)[C@H](CCCNC(=N)N)NC(=O)[C@H](Cc1ccccc1)NC(=O)[C@H](Cc1ccccc1)NC(=O)[C@H](CC(=O)O)NC(=O)CNC(=O)[C@H](CC(C)C)NC(=O)[C@@H](N)CC(C)C)[C@@H](C)CC)[C@@H](C)CC)C(C)C)[C@@H](C)CC)C(C)C)C(=O)N[C@@H](CCCNC(=N)N)C(=O)N[C@H](C(=O)N[C@@H](CCC(=O)O)C(=O)N[C@@H](CO)C(=O)N[C@H](C=O)CS)[C@@H](C)O,1,0.81944704,2
CC[C@H](C)[C@H](NC(=O)[C@H](C)NC(=O)[C@@H](NC(=O)[C@H](CCC(N)=O)NC(=O)[C@@H]1CCCN1C(=O)[C@H](Cc1ccccc1)NC(=O)[C@@H](NC(O)C(CC1CNCN1)NC(=O)[C@H](Cc1ccccc1)NC(=O)[C@H](CCCC[NH3+])NC(=O)[C@H](CC(N)=O)NC(=O)[C@H](Cc1ccccc1)NC(=O)[C@H](CC(=O)O)NC(=O)[C@H](CCC(N)=O)NC(=O)[C@@H](NC(=O)[C@H](Cc1ccc(O)cc1)NC(=O)[C@@H](NC(=O)CNC(=O)[C@@H](N)CC(C)C)[C@@H](C)O)[C@@H](C)O)[C@@H](C)O)[C@@H](C)O)C(=O)NCC(=O)N[C@H](C(=O)NCC(=O)N[C@@H](C)C(=O)N1CCC[C@H]1C=O)C(C)C,1,0.94565713,2
CSCC[C@H](NC(=O)[C@H](CC(N)=O)NC(=O)[C@H](CCCNC(N)=[NH2+])NC(=O)[C@H](CCC(N)=O)NC(=O)[C@H](Cc1c[nH]c2ccccc12)NC(=O)[C@H](CCC(N)=O)NC(=O)[C@@H](N)Cc1ccccc1)C(=O)N[C@@H](CCCNC(N)=[NH2+])C(=O)N[C@@H](CCCC[NH3+])C(=O)N[C@H](C(=O)N[C@@H](CCCNC(N)=[NH2+])C(=O)NCC(=O)N1CCC[C@H]1C(=O)N1CCC[C@H]1C(=O)N[C@H](C(=O)N[C@H](C=O)CO)C(C)C)C(C)C,1,3.944744,2
C[C@H](N)C(=O)N[C@@H](CS)C(=O)N[C@@H](CCCNC(N)=[NH2+])C(=O)NCC(=O)N[C@@H](CO)C(=O)NCC(=O)N[C@@H](CCCNC(N)=[NH2+])C(=O)NCC(=O)N[C@@H](CS)C(=O)NCC(=O)N[C@@H](CCCNC(N)=[NH2+])C(=O)NCC(=O)N[C@@H](CO)C(=O)NCC(=O)N[C@@H](CCCNC(N)=[NH2+])C(=O)N[C@@H](CS)C(=O)NCC=O,1,5.496823,2
CC[C@H](C)[C@H](NC(=O)[C@H](CCCCN)NC(=O)[C@H](CCCCN)NC(=O)[C@H](C)NC(=O)[C@H](CC(C)C)NC(=O)[C@H](CCCCN)NC(=O)[C@H](C)NC(=O)[C@H](CC(C)C)NC(=O)[C@H](CCCCN)NC(=O)[C@H](C)NC(=O)[C@H](CC(C)C)NC(=O)[C@H](CCCCN)NC(=O)[C@H](C)NC(=O)[C@H](CC(C)C)NC(=O)[C@H](CCCCN)NC(=O)[C@H](C)NC(=O)[C@H](CC(C)C)NC(=O)[C@H](CCCCN)NC(=O)[C@H](C)NC(=O)[C@H](CC(C)C)NC(=O)[C@H](C)NC(=O)[C@H](CC(C)C)NC(=O)[C@H](C)NC(=O)[C@H](CC(C)C)NC(=O)[C@H](C)NC(=O)[C@H](CC(C)C)NC(=O)[C@H](C)NC(=O)[C@H](CC(C)C)NC(=O)[C@H](C)NC(=O)[C@H](CC(C)C)NC(=O)[C@H](C)NC(=O)[C@H](CC(C)C)NC(=O)[C@H](C)NC(=O)[C@@H](N)CC(C)C)C(=O)N[C@H](C=O)CCCCN,1,8.802096,2
CC(C)C[C@H](NC(=O)[C@H](C)NC(=O)[C@H](CC(C)C)NC(=O)[C@H](CC(C)C)NC(=O)[C@@H](NC(=O)[C@H](C)NC(=O)[C@@H]1CCCN1C(=O)[C@H](CC(C)C)NC(=O)[C@H](CC(C)C)NC(=O)[C@H](C)NC(=O)[C@@H](NC(=O)[C@H](C)NC(=O)[C@H](C)NC(=O)[C@H](CCCC[NH3+])NC(=O)[C@H](Cc1ccccc1)NC(=O)[C@H](CCCNC(N)=[NH2+])NC(=O)[C@@H](N)Cc1c[nH]c2ccccc12)C(C)C)C(C)C)C(=O)N[C@@H](CC(C)C)C(=O)N[C@@H](C)C(=O)N1CCC[C@H]1C=O,1,4.7280803,2
CC(C)C[C@H](NC(=O)[C@H](C)NC(=O)[C@H](CC(C)C)NC(=O)[C@H](CCCC[NH3+])NC(=O)[C@H](CC(C)C)NC(=O)[C@H](CCCC[NH3+])NC(=O)[C@H](CC(C)C)NC(=O)[C@H](C)NC(=O)[C@@H](N)CCCC[NH3+])C(=O)N[C@@H](C)C(=O)N[C@@H](CC(C)C)C(=O)N[C@@H](CC(C)C)C(=O)N[C@@H](C)C(=O)N[C@@H](CCCC[NH3+])C(=O)N[C@@H](CC(C)C)C(=O)N[C@@H](CCCC[NH3+])C(=O)N[C@@H](CC(C)C)C(=O)N[C@@H](C)C=O,1,8.186794,2
CC[C@H](C)[C@H](NC(=O)[C@H](CC(C)C)NC(=O)[C@H](CC(=O)O)NC(=O)[C@H](CCCNC(N)=[NH2+])NC(=O)[C@H](Cc1ccc(O)cc1)NC(=O)[C@H](C)NC(=O)[C@@H](NC(=O)[C@@H](N)CCSC)[C@@H](C)CC)C(=O)N[C@H](C=O)CO,1,7.7599597,2
CC(C)C[C@@H](NC(=O)[C@H](NC(=O)[C@H]1CCCN1C(=O)[C@H](N)C(C)C)[C@@H](C)O)C(=O)N[C@@H](C=O)CCCC[NH3+],1,7.4246087,2
CC(C)C[C@H](NC(=O)[C@H](C)NC(=O)[C@H](CCCC[NH3+])NC(=O)[C@H](CC(C)C)NC(=O)[C@H](C)NC(=O)[C@H](CC(C)C)NC(=O)[C@H](CCCC[NH3+])NC(=O)[C@H](CC(C)C)NC(=O)[C@H](C)NC(=O)[C@H](CC(C)C)NC(=O)[C@@H](N)CCCC[NH3+])C(=O)N[C@@H](CCC(N)=O)C(=O)N[C@@H](C)C(=O)N[C@@H](C)C(=O)N[C@@H](CC(C)C)C(=O)N[C@@H](CCC(N)=O)C(=O)N[C@@H](CC(C)C)C(=O)N[C@@H](C)C=O,1,8.813322,2
CC[C@H](C)[C@H](NC(=O)[C@H](CCCC[NH3+])NC(=O)[C@@H](NC(=O)[C@H](CCC(N)=O)NC(=O)[C@@H](N)CCCNC(N)=[NH2+])[C@@H](C)CC)C(=O)N[C@@H](Cc1c[nH]c2ccccc12)C(=O)N[C@@H](Cc1ccccc1)C(=O)N[C@@H](CCC(N)=O)C(=O)N[C@@H](CC(N)=O)C(=O)N[C@@H](CCCNC(N)=[NH2+])C(=O)N[C@@H](CCCNC(N)=[NH2+])C(=O)N[C@@H](C)C(=O)N[C@@H](CCCC[NH3+])C(=O)N[C@@H](Cc1c[nH]c2ccccc12)C(=O)N[C@@H](CCCC[NH3+])C(=O)N[C@H](C=O)CCCC[NH3+],1,8.585869,2
NC(=[NH2+])NCCC[C@@H](C=O)NC(=O)[C@H](CCCNC(N)=[NH2+])NC(=O)[C@H](CCCNC(N)=[NH2+])NC(=O)[C@H](CCC(N)=O)NC(=O)[C@H](CCCNC(N)=[NH2+])NC(=O)[C@H](CCCNC(N)=[NH2+])NC(=O)[C@H](CCCC[NH3+])NC(=O)[C@H](CCCC[NH3+])NC(=O)[C@H](CCCNC(N)=[NH2+])NC(=O)CNC(=O)[C@H](Cc1ccc(O)cc1)NC(=O)[C@H](CCCC[NH3+])NC(=O)[C@@H](N)CS,1,7.305596,2
CC(C)C[C@H](NC(=O)CNC(=O)[C@H](CO)NC(=O)[C@H](C)NC(=O)CNC(=O)[C@H](CO)NC(=O)[C@@H]1CCCN1C(=O)[C@H](C)NC(=O)[C@H](CC(C)C)NC(=O)[C@H](CC(C)C)NC(=O)[C@H](C)NC(=O)[C@H](CC(C)C)NC(=O)[C@H](CC(C)C)NC(=O)[C@@H](NC(=O)[C@H](C)NC(=O)[C@@H]1CCCN1C(=O)[C@H](CC(C)C)NC(=O)[C@H](CC(C)C)NC(=O)[C@H](C)NC(=O)[C@@H](NC(=O)[C@H](C)NC(=O)[C@H](C)N)C(C)C)C(C)C)C(=O)N[C@@H](CC(=O)O)C(=O)N[C@@H](CCCC[NH3+])C(=O)N[C@@H](CCCNC(N)=[NH2+])C(=O)N[C@@H](CC(=O)O)C(=O)N[C@@H](Cc1ccc(O)cc1)C(=O)N[C@H](C(N)=O)C(C)C,1,-1.4772719,2
CC[C@H](C)[C@H](NC(=O)[C@H](CCCNC(N)=[NH2+])NC(=O)[C@H](Cc1ccccc1)NC(=O)[C@@H](NC(=O)[C@@H](NC(=O)[C@@H](N)CCSC)[C@@H](C)CC)[C@@H](C)CC)C(=O)N[C@@H](C)C(=O)N[C@@H](C)C(=O)N[C@@H](CO)C(=O)NC(CC1CNCN1)C(O)N[C@@H](CCCC[NH3+])C(=O)N[C@H](C=O)CCCC[NH3+],1,9.59812,2
CC(=O)NC(CC1CNCN1)C(O)NC(CC1CNCN1)C(O)NC(CC1CNCN1)C(O)NC(CC1CNCN1)C(O)NC(CC1CNCN1)C(O)NC(CC1CNCN1)C(O)NC(CC1CNCN1)C(O)NC(CC1CNCN1)C(O)N[C@@H](CCCNC(N)=[NH2+])C(=O)N[C@@H](CCCNC(N)=[NH2+])C(=O)N[C@@H](CCCNC(N)=[NH2+])C(=O)N[C@@H](CCCNC(N)=[NH2+])C(=O)N[C@@H](CCCNC(N)=[NH2+])C(=O)N[C@@H](CCCNC(N)=[NH2+])C(=O)N[C@@H](CCCNC(N)=[NH2+])C(=O)N[C@@H](CCCNC(N)=[NH2+])C(=O)N[C@@H](CCCNC(N)=[NH2+])C(=O)N[C@@H](CCCNC(N)=[NH2+])C(=O)N[C@@H](CCCNC(N)=[NH2+])C(=O)N[C@@H](CCCNC(N)=[NH2+])C(=O)N[C@@H](CCCNC(N)=[NH2+])C(=O)N[C@@H](CCCNC(N)=[NH2+])C(=O)N[C@@H](CCCNC(N)=[NH2+])C(N)=O,1,2.3832464,2
CC[C@H](C)[C@H](NC(=O)[C@H](CCCC[NH3+])NC(=O)[C@@H](NC(=O)[C@H](CCC(N)=O)NC(=O)[C@@H]([NH3+])CCCNC(N)=[NH2+])[C@@H](C)CC)C(=O)N[C@@H](Cc1c[nH]c2ccccc12)C(=O)N[C@@H](Cc1ccccc1)C(=O)N[C@@H](CCC(N)=O)C(=O)N[C@@H](CC(N)=O)C(=O)N[C@@H](CCCNC(N)=[NH2+])C(=O)N[C@@H](CCCNC(N)=[NH2+])C(=O)N[C@@H](CCSC)C(=O)N[C@@H](CCCC[NH3+])C(=O)N[C@@H](Cc1c[nH]c2ccccc12)C(=O)N[C@@H](CCCC[NH3+])C(=O)N[C@@H](CCCC[NH3+])C(=O)O,1,4.5718536,2
NC(=[NH2+])NCCC[C@H](NC(=O)[C@H](Cc1c[nH]c2ccccc12)NC(=O)[C@H](CCCNC(N)=[NH2+])NC(=O)[C@@H](N)CS)C(=O)N[C@H](Cc1c[nH]c2ccccc12)C(=O)N[C@@H](CCCC[NH3+])C(=O)N[C@@H](CS)C(=O)N[C@@H](CS)C(=O)N[C@@H](CCCC[NH3+])C(=O)N[C@H](C=O)CCCC[NH3+],1,4.3567553,2
CC[C@H](C)[C@H](NC(=O)[C@H](CCCC[NH3+])NC(=O)[C@@H](NC(=O)[C@H](CCC(N)=O)NC(=O)[C@@H](N)CCCNC(N)=[NH2+])[C@@H](C)CC)C(=O)N[C@@H](Cc1ccccc1)C(=O)N[C@@H](Cc1ccccc1)C(=O)N[C@@H](CCC(N)=O)C(=O)N[C@@H](CC(N)=O)C(=O)N[C@@H](CCCNC(N)=[NH2+])C(=O)N[C@@H](CCCNC(N)=[NH2+])C(=O)N[C@@H](CCSC)C(=O)N[C@@H](CCCC[NH3+])C(=O)N[C@@H](Cc1c[nH]c2ccccc12)C(=O)N[C@@H](CCCC[NH3+])C(=O)N[C@H](C=O)CCCC[NH3+],1,9.122292,2
CC[C@H](C)[C@H](NC(=O)[C@H](CCCC[NH3+])NC(=O)[C@@H](NC(=O)[C@H](CCC(N)=O)NC(=O)[C@@H](N)CCCNC(N)=[NH2+])[C@@H](C)CC)C(=O)N[C@H](C=O)Cc1c[nH]c2ccccc12,1,5.620089,2
NC(=[NH2+])NCCC[C@H](NC(=O)[C@@H](N)CS)C(=O)N[C@H](Cc1c[nH]c2ccccc12)C(=O)N[C@@H](CCCNC(N)=[NH2+])C(=O)N[C@@H](Cc1c[nH]c2ccccc12)C(=O)N[C@@H](CCCC[NH3+])C(=O)N[C@@H](CS)C(=O)N[C@@H](CS)C(=O)N[C@@H](CCCC[NH3+])C(=O)N[C@H](C=O)CCCC[NH3+],1,4.2430124,2
CC[C@H](C)[C@H](NC(=O)[C@H](CCCC[NH3+])NC(=O)[C@@H](NC(=O)[C@H](CCC(N)=O)NC(=O)[C@@H]([NH3+])CCCNC(N)=[NH2+])[C@@H](C)CC)C(=O)N[C@@H](Cc1c[nH]c2ccccc12)C(=O)N[C@@H](Cc1ccccc1)C(=O)N[C@@H](CCC(N)=O)C(=O)N[C@@H](CC(N)=O)C(=O)N[C@@H](CCCNC(N)=[NH2+])C(=O)N[C@@H](CCCNC(N)=[NH2+])C(=O)N[C@@H](CCSC)C(=O)N[C@@H](CCCC[NH3+])C(=O)N[C@@H](Cc1c[nH]c2ccccc12)C(=O)N[C@@H](CCCC[NH3+])C(=O)N[C@@H](CCCC[NH3+])C(=O)O,1,4.5718536,2
CC(C)C[C@@H](C=O)NC(=O)[C@@H](NC(=O)[C@@H](NC(=O)[C@H](CC(C)C)NC(=O)[C@@H](NC(=O)[C@H](CCCC[NH3+])NC(=O)[C@H](C)NC(=O)[C@H](CC(C)C)NC(=O)[C@H](CCCC[NH3+])NC(=O)[C@@H](NC(=O)[C@H](CC(C)C)NC(=O)[C@H](C)NC(=O)[C@@H](NC(=O)[C@H](C)NC(=O)[C@H](CC(C)C)NC(=O)[C@@H](NC(=O)[C@H](CCCC[NH3+])NC(=O)[C@@H](N)CC(C)C)[C@@H](C)O)[C@@H](C)O)[C@@H](C)O)[C@@H](C)O)[C@@H](C)O)[C@@H](C)O,1,5.1794577,2
CC(=O)NCC(=O)N[C@@H](CCCNC(N)=[NH2+])C(=O)NCC(=O)N[C@@H](CC(=O)O)C(=O)NCC(=O)N1CCC[C@H]1C(=O)N[C@@H](CCCNC(N)=[NH2+])C(=O)N[C@@H](CCCNC(N)=[NH2+])C(=O)N[C@@H](CCCC[NH3+])C(=O)N[C@@H](CCCC[NH3+])C(=O)N[C@@H](CCCC[NH3+])C(=O)N[C@@H](CCCC[NH3+])C(=O)NCC(=O)N1CCC[C@H]1C(=O)N[C@@H](CCCNC(N)=[NH2+])C(=O)N[C@@H](CCCNC(N)=[NH2+])C(=O)N[C@@H](CCCC[NH3+])C(=O)N[C@@H](CCCC[NH3+])C(=O)N[C@@H](CCCC[NH3+])C(=O)N[C@@H](CCCC[NH3+])C(=O)NCC(=O)N1CCC[C@H]1C(=O)N[C@@H](CCCNC(N)=[NH2+])C(=O)N[C@H](C=O)CCCNC(N)=[NH2+],1,7.910852,2
N=C(N)NCCC[C@@H](C=O)NC(=O)[C@H](CCCNC(=N)N)NC(=O)[C@H](CCCNC(=N)N)NC(=O)[C@H](CCCNC(=N)N)NC(=O)[C@H](CCCNC(=N)N)NC(=O)[C@H](CCCNC(=N)N)NC(=O)[C@H](CCCNC(=N)N)NC(=O)[C@H](CCCNC(=N)N)NC(=O)[C@H](CCCNC(=N)N)NC(=O)[C@H](CCCNC(=N)N)NC(=O)[C@H](CCCNC(=N)N)NC(=O)[C@H](CCCNC(=N)N)NC(=O)[C@H](CCCNC(=N)N)NC(=O)[C@H](CCCNC(=N)N)NC(=O)[C@H](CCCNC(=N)N)NC(=O)[C@H](Cc1c[nH]cn1)NC(=O)[C@H](Cc1c[nH]cn1)NC(=O)[C@H](Cc1c[nH]cn1)NC(=O)[C@H](Cc1c[nH]cn1)NC(=O)[C@H](Cc1c[nH]cn1)NC(=O)[C@H](Cc1c[nH]cn1)NC(=O)[C@H](Cc1c[nH]cn1)NC(=O)[C@H](Cc1c[nH]cn1)NC(=O)[C@H](Cc1c[nH]cn1)NC(=O)[C@H](Cc1c[nH]cn1)NC(=O)[C@H](Cc1c[nH]cn1)NC(=O)[C@H](Cc1c[nH]cn1)NC(=O)[C@H](Cc1c[nH]cn1)NC(=O)[C@H](Cc1c[nH]cn1)NC(=O)[C@H](Cc1c[nH]cn1)NC(=O)[C@H](Cc1c[nH]cn1)NC(=O)[C@H](Cc1c[nH]cn1)NC(=O)[C@H](Cc1c[nH]cn1)NC(=O)[C@H](Cc1c[nH]cn1)NC(=O)[C@@H](N)Cc1c[nH]cn1,1,7.149838,2
CC(C)C[C@H](NC(=O)[C@H](C)NC(=O)[C@@H](NC(=O)[C@@H](NC(=O)[C@H](CCCC[NH3+])NC(=O)[C@H](CC(C)C)NC(=O)[C@@H](N)CC(C)C)[C@@H](C)O)[C@@H](C)O)C(=O)N[C@@H](CC(C)C)C(=O)N[C@@H](CCCC[NH3+])C(=O)N[C@H](C(=O)N[C@H](C(=O)N[C@@H](C)C(=O)N[C@@H](CC(C)C)C(=O)N[C@@H](CC(C)C)C(=O)N[C@@H](CCCC[NH3+])C(=O)N[C@H](C(=O)N[C@H](C(=O)N[C@@H](C)C=O)[C@@H](C)O)[C@@H](C)O)[C@@H](C)O)[C@@H](C)O,1,5.5472455,2
NC(=[NH2+])NCCC[C@H](NC(=O)CNC(=O)[C@@H](N)CCCC[NH3+])C(=O)N[C@@H](CCCC[NH3+])C(=O)N[C@@H](CCCC[NH3+])C(=O)N[C@@H](CCCNC(N)=[NH2+])C(=O)N[C@@H](CCCNC(N)=[NH2+])C(=O)N[C@@H](CCC(N)=O)C(=O)N[C@@H](CCCNC(N)=[NH2+])C(=O)N[C@@H](CCCNC(N)=[NH2+])C(=O)N[C@@H](CCCNC(N)=[NH2+])C(=O)N1CCC[C@H]1C(=O)N1CCC[C@H]1C(=O)N[C@H](C=O)CCC(N)=O,1,8.980801,2
NCC(=O)N[C@@H](CCCNC(N)=[NH2+])C(=O)N[C@@H](CCCC[NH3+])C(=O)N[C@@H](CCCC[NH3+])C(=O)N[C@@H](CCCNC(N)=[NH2+])C(=O)N[C@@H](CCCNC(N)=[NH2+])C(=O)N[C@@H](CCC(N)=O)C(=O)N[C@@H](CCCNC(N)=[NH2+])C(=O)N[C@@H](CCCNC(N)=[NH2+])C(=O)N[C@@H](CCCNC(N)=[NH2+])C(=O)N1CCC[C@H]1C(=O)N[C@@H](Cc1c[nH]c2ccccc12)C(=O)N[C@H](C=O)CCC(N)=O,1,7.778884,2
CC[C@H](C)[C@@H](C=O)NC(=O)[C@H](CC(C)C)NC(=O)[C@H](Cc1ccc(O)cc1)NC(=O)[C@@H](NC(=O)[C@H](Cc1ccccc1)NC(=O)[C@@H]1CCCN1)C(C)C,1,1.2281616,2
N[C@@H](CCCC[NH3+])C(=O)N[C@@H](CCCC[NH3+])C(=O)N[C@@H](CCCC[NH3+])C(=O)N[C@@H](CCCC[NH3+])C(=O)N[C@@H](CCCC[NH3+])C(=O)N[C@@H](CCCC[NH3+])C(=O)N[C@@H](CCCC[NH3+])C(=O)N[C@@H](CCCC[NH3+])C(=O)N[C@H](C=O)CCCC[NH3+],1,7.9173403,2
CC(=O)N[C@@H](CCCC[NH3+])C(=O)N[C@@H](CCC(=O)O)C(=O)N[C@H](C(=O)N[C@@H](Cc1c[nH]c2ccccc12)C(=O)N[C@@H](Cc1c[nH]c2ccccc12)C(=O)N[C@@H](CCC(=O)O)C(=O)N[C@H](C(=O)N[C@@H](Cc1c[nH]c2ccccc12)C(=O)N[C@@H](Cc1c[nH]c2ccccc12)C(=O)N[C@H](C(=O)N[C@@H](CCC(=O)O)C(=O)N[C@@H](Cc1c[nH]c2ccccc12)C(=O)N[C@@H](CO)C(=O)N[C@@H](CCC(N)=O)C(=O)N1CCC[C@H]1C(=O)N[C@@H](CCCC[NH3+])C(=O)N[C@@H](CCCC[NH3+])C(=O)N[C@@H](CCCC[NH3+])C(=O)N[C@@H](CCCNC(N)=[NH2+])C(=O)N[C@@H](CCCC[NH3+])C(=O)N[C@H](C(N)=O)C(C)C)[C@@H](C)O)[C@@H](C)O)[C@@H](C)O,1,-2.1451807,2
NC(=[NH2+])NCCC[C@@H](C=O)NC(=O)[C@H](CCCNC(N)=[NH2+])NC(=O)[C@H](CCCNC(N)=[NH2+])NC(=O)[C@H](CCCNC(N)=[NH2+])NC(=O)[C@H](CCCNC(N)=[NH2+])NC(=O)[C@H](CCCNC(N)=[NH2+])NC(=O)[C@H](CCCNC(N)=[NH2+])NC(=O)[C@H](CCCNC(N)=[NH2+])NC(=O)[C@@H](N)CCCNC(N)=[NH2+],1,8.8916855,2
CC[C@H](C)[C@H](NC(=O)[C@H](CCCC[NH3+])NC(=O)[C@@H](NC(=O)[C@H](CCC(N)=O)NC(=O)[C@H](CCCNC(N)=[NH2+])NC(=O)[C@@H](N)CS)[C@@H](C)CC)C(=O)N[C@@H](Cc1c[nH]c2ccccc12)C(=O)N[C@@H](Cc1ccccc1)C(=O)N1CCC[C@H]1C(=O)N[C@@H](CC(N)=O)C(=O)N[C@@H](CCCNC(N)=[NH2+])C(=O)N[C@@H](CCCNC(N)=[NH2+])C(=O)N[C@@H](CCSC)C(=O)N[C@@H](CCCC[NH3+])C(=O)N[C@@H](Cc1c[nH]c2ccccc12)C(=O)N[C@@H](CCCC[NH3+])C(=O)N[C@@H](CCCC[NH3+])C(=O)N[C@H](C=O)CS,1,6.9489827,2
NCC(=O)N[C@@H](CCCNC(N)=[NH2+])C(=O)N[C@@H](CCCC[NH3+])C(=O)N[C@@H](CCCC[NH3+])C(=O)N[C@@H](CCCNC(N)=[NH2+])C(=O)N[C@@H](CCCNC(N)=[NH2+])C(=O)N[C@@H](CCC(N)=O)C(=O)N[C@@H](CCCNC(N)=[NH2+])C(=O)N[C@@H](CCCNC(N)=[NH2+])C(=O)N[C@@H](CCCNC(N)=[NH2+])C(=O)N1CCC[C@H]1C(=O)N1CCC[C@H]1C(=O)N[C@H](C=O)CCC(N)=O,1,8.932188,2
CC(C)C[C@H](NC(=O)CN)C(=O)N[C@@H](Cc1c[nH]c2ccccc12)C(=O)N[C@@H](CCCNC(N)=[NH2+])C(=O)N[C@@H](C)C(=O)N[C@@H](CC(C)C)C(=O)N[C@@H](Cc1c[nH]c2ccccc12)C(=O)N[C@@H](CCCNC(N)=[NH2+])C(=O)N[C@@H](C)C(=O)N[C@@H](CC(C)C)C(=O)N[C@@H](Cc1c[nH]c2ccccc12)C(=O)N[C@@H](CCCNC(N)=[NH2+])C(=O)N[C@@H](CO)C(=O)N[C@@H](CC(C)C)C(=O)N[C@@H](Cc1c[nH]c2ccccc12)C(=O)N[C@@H](CCCC[NH3+])C(=O)N[C@@H](CCCC[NH3+])C(=O)N[C@@H](CCCC[NH3+])C(=O)N[C@@H](CCCNC(N)=[NH2+])C(=O)N[C@@H](CCCC[NH3+])C(=O)N[C@H](C=O)C(C)C,1,6.624665,2
NC(=[NH2+])NCCC[C@H](NC(=O)[C@H](CCCNC(N)=[NH2+])NC(=O)[C@H](CCCNC(N)=[NH2+])NC(=O)[C@H](CCCNC(N)=[NH2+])NC(=O)[C@H](CCCNC(N)=[NH2+])NC(=O)[C@H](CCCNC(N)=[NH2+])NC(=O)[C@@H](N)CCCNC(N)=[NH2+])C(=O)N[C@H](C=O)Cc1c[nH]c2ccccc12,1,7.355968,2
CC[C@H](C)[C@H](NC(=O)[C@H](CCCNC(N)=[NH2+])NC(=O)[C@H](CCCNC(N)=[NH2+])NC(=O)[C@H](CCCNC(N)=[NH2+])NC(=O)[C@H](CC(C)C)NC(=O)[C@@H](NC(=O)[C@@H](NC(=O)[C@H](CC(C)C)NC(=O)[C@@H](N)CC(C)C)[C@@H](C)CC)[C@@H](C)CC)C(=O)N[C@@H](CCCNC(N)=[NH2+])C(=O)N[C@@H](CCCC[NH3+])C(=O)N[C@@H](CCC(N)=O)C(=O)N[C@@H](C)C(=O)NC(CC1CNCN1)C(O)N[C@@H](C)C(=O)NC(CC1CNCN1)C(O)N[C@@H](CO)C(=O)N[C@@H](C)C=O,1,8.674112,2
CC(C)[C@@H](C=O)NC(=O)[C@H](CCCC[NH3+])NC(=O)[C@H](CCCNC(N)=[NH2+])NC(=O)[C@H](CCCC[NH3+])NC(=O)[C@H](CO)NC(=O)[C@H](CCCC[NH3+])NC(=O)[C@H](CCCC[NH3+])NC(=O)[C@H](Cc1ccccc1)NC(=O)[C@H](CCCNC(N)=[NH2+])NC(=O)[C@@H](N)Cc1c[nH]c2ccccc12,1,4.5599637,2
CC(C)C[C@H](NC(=O)[C@H](C)NC(=O)[C@H](CC(C)C)NC(=O)[C@H](CCCC[NH3+])NC(=O)[C@H](CC(C)C)NC(=O)[C@H](CCCC[NH3+])NC(=O)[C@H](CC(C)C)NC(=O)[C@H](C)NC(=O)[C@@H](N)CCCC[NH3+])C(=O)N[C@@H](C)C(=O)N[C@@H](CC(C)C)C(=O)N[C@@H](CC(C)C)C(=O)N[C@@H](C)C(=O)N[C@@H](CCCC[NH3+])C(=O)N[C@@H](CC(C)C)C(=O)N[C@@H](CCCC[NH3+])C(=O)N[C@@H](CC(C)C)C(=O)N[C@@H](C)C(N)=O,1,1.0467074,2
CC[C@H](C)[C@H](NC(=O)[C@H](CCCC[NH3+])NC(=O)[C@@H](NC(=O)[C@H](CCC(N)=O)NC(=O)[C@@H](N)CCCNC(N)=[NH2+])[C@@H](C)CC)C(=O)N[C@@H](C)C(=O)N[C@@H](Cc1ccccc1)C(=O)N[C@@H](CCC(N)=O)C(=O)N[C@@H](CC(N)=O)C(=O)N[C@@H](CCCNC(N)=[NH2+])C(=O)N[C@@H](CCCNC(N)=[NH2+])C(=O)N[C@@H](CCSC)C(=O)N[C@@H](CCCC[NH3+])C(=O)N[C@@H](Cc1c[nH]c2ccccc12)C(=O)N[C@@H](CCCC[NH3+])C(=O)N[C@H](C=O)CCCC[NH3+],1,9.2034855,2
CC(C)C[C@H](NC(=O)CNC(=O)[C@H](CCCC[NH3+])NC(=O)[C@H](CC(C)C)NC(=O)CNC(=O)[C@H](CC(C)C)NC(=O)[C@H](CCCC[NH3+])NC(=O)[C@H](CC(C)C)NC(=O)CNC(=O)[C@H](CC(C)C)NC(=O)[C@@H](N)CCCC[NH3+])C(=O)N[C@@H](CCCC[NH3+])C(=O)NCC(=O)NCC(=O)N[C@@H](CC(C)C)C(=O)N[C@@H](CCCC[NH3+])C(=O)N[C@@H](CC(C)C)C(=O)NCC=O,1,2.726388,2
C[C@H](N)C(=O)N[C@@H](CS)C(=O)N[C@@H](CO)C(=O)NCC(=O)N[C@@H](CO)C(=O)NCC(=O)N[C@@H](CO)C(=O)NCC(=O)N[C@@H](CS)C(=O)NCC(=O)N[C@@H](CO)C(=O)NCC(=O)N[C@@H](CO)C(=O)NCC(=O)N[C@@H](CO)C(=O)N[C@@H](CS)C(=O)NCC(=O)N[C@@H](CCCNC(N)=[NH2+])C(=O)N[C@@H](CCCNC(N)=[NH2+])C(=O)N[C@@H](CCCNC(N)=[NH2+])C(=O)N[C@@H](CCCNC(N)=[NH2+])C(=O)N[C@@H](CCCNC(N)=[NH2+])C(=O)N[C@@H](CCCNC(N)=[NH2+])C(=O)N[C@@H](CCCNC(N)=[NH2+])C(=O)N[C@H](C=O)CCCNC(N)=[NH2+],1,6.449887,2
CC[C@H](C)[C@H](NC(=O)[C@H](CCCNC(N)=[NH2+])NC(=O)[C@H](C)NC(O)C(N)CC1CNCN1)C(=O)N[C@@H](CCCC[NH3+])C(=O)N1CCC[C@H]1C(=O)N[C@H](C(=O)N[C@@H](Cc1ccccc1)C(=O)N[C@@H](CCCNC(N)=[NH2+])C(=O)N[C@@H](CCCNC(N)=[NH2+])C(=O)N[C@@H](CC(C)C)C(=O)N[C@@H](CCCC[NH3+])C(=O)N[C@@H](Cc1c[nH]c2ccccc12)C(=O)N[C@@H](CCCC[NH3+])C(=O)N[C@@H](Cc1ccc(O)cc1)C(=O)N[C@@H](CCCC[NH3+])C(=O)NCC(=O)N[C@@H](CCCC[NH3+])C(=O)N[C@@H](Cc1ccccc1)C(=O)N[C@H](C=O)Cc1c[nH]c2ccccc12)[C@@H](C)O,1,5.906449,2
CC(C)[C@@H](C=O)NC(=O)[C@H](CCCC[NH3+])NC(=O)[C@H](CCCNC(N)=[NH2+])NC(=O)[C@H](CCCC[NH3+])NC(=O)[C@H](CCCC[NH3+])NC(=O)[C@H](CCCC[NH3+])NC(=O)[C@@H]1CCCN1C(=O)[C@H](CCC(N)=O)NC(=O)[C@H](CO)NC(=O)[C@H](Cc1c[nH]c2ccccc12)NC(=O)[C@H](CCC(=O)O)NC(=O)[C@@H](NC(=O)[C@H](Cc1c[nH]c2ccccc12)NC(=O)[C@H](Cc1c[nH]c2ccccc12)NC(=O)[C@@H](NC(=O)[C@H](CCC(=O)O)NC(=O)[C@H](Cc1c[nH]c2ccccc12)NC(=O)[C@H](Cc1c[nH]c2ccccc12)NC(=O)[C@@H](NC(=O)[C@H](CCC(=O)O)NC(=O)[C@@H](N)CCCC[NH3+])[C@@H](C)O)[C@@H](C)O)[C@@H](C)O,1,4.302686,2
CC(C)C[C@H](NC(=O)[C@H](C)NC(=O)[C@H](CCCC[NH3+])NC(=O)[C@H](CC(C)C)NC(=O)[C@H](C)NC(=O)[C@H](CC(C)C)NC(=O)[C@@H](N)CCCC[NH3+])C(=O)N[C@@H](CCCC[NH3+])C(=O)N[C@@H](C)C(=O)N[C@@H](C)C(=O)N[C@@H](CC(C)C)C(=O)N[C@@H](CCCC[NH3+])C(=O)N[C@@H](CC(C)C)C(=O)N[C@@H](C)C=O,1,8.606984,2
CSCC[C@H](NC(=O)[C@H](CC(C)C)NC(=O)CNC(=O)[C@H](Cc1ccccc1)NC(=O)[C@H](Cc1ccccc1)NC(=O)[C@H](CCC(N)=O)NC(=O)[C@H](CCC(N)=O)NC(=O)[C@H](CC(C)C)NC(=O)[C@H](CC(C)C)NC(=O)[C@H](CCCC[NH3+])NC(=O)[C@H](Cc1c[nH]c2ccccc12)NC(=O)[C@@H](NC(=O)[C@H](CCCC[NH3+])NC(=O)[C@H](CCCNC(N)=[NH2+])NC(=O)[C@H](CCCC[NH3+])NC(=O)[C@H](CCCC[NH3+])NC(=O)[C@H](CCCC[NH3+])NC(=O)[C@@H]1CCCN1)C(C)C)C(N)=O,1,-4.1403737,2
CC[C@H](C)[C@H](NC(=O)[C@H](C)NC(=O)[C@H](Cc1ccccc1)NC(=O)[C@@H](NC(=O)[C@@H](NC(=O)[C@@H](N)CCSC)[C@@H](C)CC)[C@@H](C)CC)C(=O)N[C@@H](C)C(=O)N[C@@H](C)C(=O)N[C@@H](CO)C(=O)NC(CC1CNCN1)C(O)N[C@@H](CCCC[NH3+])C(=O)N[C@H](C=O)CCCC[NH3+],1,9.008681,2
CC[C@H](C)[C@H](NC(=O)[C@H](CCCNC(N)=[NH2+])NC(=O)[C@H](Cc1ccc(O)cc1)NC(O)C(N)CC1CNCN1)C(=O)N[C@@H](CCCC[NH3+])C(=O)N1CCC[C@H]1C(=O)N[C@H](C(=O)N[C@@H](Cc1ccccc1)C(=O)N[C@@H](CCCNC(N)=[NH2+])C(=O)N[C@@H](CCCNC(N)=[NH2+])C(=O)N[C@@H](CC(C)C)C(=O)N[C@@H](CCCC[NH3+])C(=O)N[C@@H](Cc1c[nH]c2ccccc12)C(=O)N[C@@H](CCCC[NH3+])C(=O)N[C@@H](Cc1ccc(O)cc1)C(=O)N[C@@H](CCCC[NH3+])C(=O)NCC(=O)N[C@@H](CCCC[NH3+])C(=O)N[C@@H](Cc1ccccc1)C(=O)N[C@@H](C)C=O)[C@@H](C)O,1,6.5933175,2
NC(=[NH2+])NCCC[C@H](NC(=O)[C@H](CCCNC(N)=[NH2+])NC(=O)[C@H](CCCNC(N)=[NH2+])NC(=O)[C@H](CCC(N)=O)NC(=O)[C@H](CCCNC(N)=[NH2+])NC(=O)[C@H](CCCNC(N)=[NH2+])NC(=O)[C@H](CCCC[NH3+])NC(=O)[C@H](CCCC[NH3+])NC(=O)[C@H](CCCNC(N)=[NH2+])NC(=O)CNC(=O)[C@@H](N)Cc1ccc(O)cc1)C(N)=O,1,2.8927045,2
CCC[C@H](NC(=O)[C@H](CS)NC(=O)[C@@H](NC(=O)CNC(=O)CN)C(C)C)C(=O)N[C@@H](CCCCN)C(=O)N[C@H](C(=O)N[C@@H](CC(C)C)C(=O)N[C@@H](C)C(=O)N[C@@H](CCCCN)C(=O)N[C@H]1C[SH]2[SH]3C[C@@H](C(=O)NCC(=O)N[C@@H](CO)C(=O)NCC(=O)N[C@@H](CO)C(=O)N[C@H](C=O)CC(=O)O)NC(=O)[C@H](Cc4ccc(O)cc4)NC(=O)CNC(=O)[C@H](CC(N)=O)NC(=O)CNC(=O)[C@H](CCCNC(=N)N)NC(=O)[C@@H]4CSS32C[C@H](NC(=O)[C@H](CC(=O)O)NC(=O)[C@H](CO)NC(=O)[C@H](CC(=O)O)NC(=O)[C@H](CCCNC(=N)N)NC(=O)[C@H](CCCNC(=N)N)NC1=O)C(=O)N1CCC[C@H]1C(=O)NCC(=O)N[C@@H](C)C(=O)N[C@@H](CS)C(=O)N[C@@H]([C@@H](C)CC)C(=O)N4)[C@@H](C)CC,1,-0.83788157,2
CC[C@H](C)[C@H](NC(=O)[C@H](CCCC[NH3+])NC(=O)[C@@H](NC(=O)[C@H](CCC(N)=O)NC(=O)[C@@H]([NH3+])CCCNC(N)=[NH2+])[C@@H](C)CC)C(=O)N[C@@H](Cc1c[nH]c2ccccc12)C(=O)N[C@@H](Cc1ccccc1)C(=O)N[C@@H](CCC(N)=O)C(=O)N[C@@H](CC(N)=O)C(=O)N[C@@H](CCCNC(N)=[NH2+])C(=O)N[C@@H](CCCNC(N)=[NH2+])C(=O)N[C@@H](CCSC)C(=O)N[C@@H](CCCC[NH3+])C(=O)N[C@@H](Cc1c[nH]c2ccccc12)C(=O)N[C@@H](CCCC[NH3+])C(=O)N[C@@H](CCCC[NH3+])C(=O)O,1,4.5718536,2
CC[C@H](C)[C@H](NC(=O)[C@H](CCCC[NH3+])NC(=O)[C@@H](NC(=O)[C@H](CCC(N)=O)NC(=O)[C@@H]([NH3+])CCCNC(N)=[NH2+])[C@@H](C)CC)C(=O)N[C@@H](Cc1c[nH]c2ccccc12)C(=O)N[C@@H](Cc1ccccc1)C(=O)N[C@@H](CCC(N)=O)C(=O)N[C@@H](CC(N)=O)C(=O)N[C@@H](CCCNC(N)=[NH2+])C(=O)N[C@@H](CCCNC(N)=[NH2+])C(=O)N[C@@H](CCSC)C(=O)N[C@@H](CCCC[NH3+])C(=O)N[C@@H](Cc1c[nH]c2ccccc12)C(=O)N[C@@H](CCCC[NH3+])C(=O)N[C@@H](CCCC[NH3+])C(=O)O,1,4.5718536,2
NC(=[NH2+])NCCC[C@@H](C=O)NC(=O)[C@H](CCCNC(N)=[NH2+])NC(=O)[C@H](CCCNC(N)=[NH2+])NC(=O)[C@H](CCC(N)=O)NC(=O)[C@H](CCCNC(N)=[NH2+])NC(=O)[C@H](CCCNC(N)=[NH2+])NC(=O)[C@H](CCCC[NH3+])NC(=O)[C@H](CCCC[NH3+])NC(=O)[C@H](CCCNC(N)=[NH2+])NC(=O)CNC(=O)[C@@H](N)Cc1ccc(O)cc1,1,7.6652265,2
NC(=[NH2+])NCCC[C@@H](N)C(=O)N[C@H](CCCNC(N)=[NH2+])C(=O)N[C@H](CCCNC(N)=[NH2+])C(=O)N[C@H](CCCNC(N)=[NH2+])C(=O)N[C@H](CCCNC(N)=[NH2+])C(=O)N[C@H](CCCNC(N)=[NH2+])C(=O)N[C@H](CCCNC(N)=[NH2+])C(=O)N[C@@H](C=O)CCCNC(N)=[NH2+],1,8.5149975,2
CC[C@H](C)[C@H](NC(=O)[C@@H](NC(=O)[C@H](CO)NC(=O)[C@H](C)NC(=O)[C@@H](NC(=O)[C@H](CCCC[NH3+])NC(=O)[C@H](CCCC[NH3+])NC(=O)[C@@H](NC(=O)[C@@H](NC(=O)[C@H](CCCC[NH3+])NC(=O)[C@H](Cc1ccccc1)NC(=O)[C@H](CC(C)C)NC(=O)CN)C(C)C)[C@@H](C)CC)C(C)C)C(C)C)C(=O)NCC(=O)NCC(=O)N[C@@H](CC(C)C)C(N)=O,0,-5.5476594,2
CC(C)[C@H](NC(=O)[C@H](CCCNC(N)=[NH2+])NC(=O)[C@H](CS)NC(=O)[C@H](C)NC(=O)[C@@H]1CCCN1C(O)C(CC1CNCN1)NC(=O)[C@H](CO)NC(=O)[C@H](CS)NC(=O)[C@H](CS)NC(=O)CN)C(=O)NC(CC1CNCN1)C(O)N[C@@H](Cc1ccc(O)cc1)C(=O)N1CCC[C@H]1C(=O)NC(CC1CNCN1)C(O)N[C@H](C(=O)N[C@@H](CS)C(=O)N[C@@H](Cc1ccc(O)cc1)C(N)=O)C(C)C,0,-7.2559805,2
CSCC[C@H](NC(=O)[C@H](C)NC(C)=O)C(=O)N[C@H](C(=O)N[C@@H](CO)C(=O)N[C@H](C=O)CO)C(C)C,0,0.31650215,2
CSCC[C@H](NC(=O)CNC(=O)[C@H](Cc1ccccc1)NC(=O)CN)C(=O)N[C@@H](C)C(=O)N[C@@H](CC(C)C)C(=O)NC(CCC[NH3+])C(O)N[C@@H](CC(C)C)C(=O)N[C@@H](CC(C)C)C(=O)NC(CCC[NH3+])C(O)NC(CCC[NH3+])C(O)N[C@H](C(=O)N[C@@H](CC(C)C)C(N)=O)C(C)C,0,-6.9576316,2
CC[C@H](C)[C@H](NC(=O)CNC(=O)[C@H](CCCC[NH3+])NC(=O)[C@@H](NC(=O)[C@H](CC(C)C)NC(=O)[C@H](CO)NC(=O)CNC(=O)[C@H](CC(C)C)NC(=O)CNC(=O)[C@H](C)NC(=O)[C@H](CCCC[NH3+])NC(=O)[C@H](Cc1ccccc1)NC(=O)[C@@H](NC(=O)[C@H](CC(=O)O)NC(=O)[C@H](CCCC[NH3+])NC(=O)[C@H](CC(C)C)NC(=O)CN)[C@@H](C)CC)C(C)C)C(=O)N[C@@H](C)C(=O)N[C@@H](C)C(=O)NC(CC1CNCN1)C(O)N[C@H](C(=O)N[C@@H](C)C(=O)N[C@@H](CC(N)=O)C(N)=O)C(C)C,0,-5.9866138,2
CC(C)[C@H](N)C(=O)NCC(=O)N[C@@H](CCC(=O)O)C(=O)N[C@@H](C)C(=O)N[C@@H](CS)C(=O)N[C@@H](CS)C(=O)N[C@@H](CCCC[NH3+])C(=O)N[C@@H](CC(N)=O)C(=O)NCC(=O)N[C@@H](CCCC[NH3+])C(=O)N[C@@H](CCCNC(N)=[NH2+])C(=O)NCC(=O)N[C@@H](CS)C(=O)NCC(=O)N[C@@H](CCCNC(N)=[NH2+])C(=O)N[C@@H](Cc1c[nH]c2ccccc12)C(=O)N[C@@H](CS)C(=O)N[C@@H](CCCNC(N)=[NH2+])C(=O)N[C@@H](CC(=O)O)C(=O)NC(CC1CNCN1)C(O)N[C@@H](CO)C(=O)N[C@@H](CCCNC(N)=[NH2+])C(=O)N[C@@H](CS)C(=O)N[C@@H](CS)C(N)=O,0,-5.6685715,2
CC[C@H](C)[C@H](NC(=O)[C@H](Cc1ccccc1)NC(=O)[C@H](CO)NC(=O)[C@H](CCCC[NH3+])NC(=O)[C@H](Cc1c[nH]c2ccccc12)NC(=O)[C@@H](N)CCCC[NH3+])C(=O)N[C@@H](CCCC[NH3+])C(=O)N[C@@H](CCCC[NH3+])C(=O)N[C@@H](CC(C)C)C(=O)N[C@H](C(=O)N[C@@H](CO)C(=O)N[C@@H](CCCC[NH3+])C(=O)N[C@@H](Cc1ccccc1)C(=O)N[C@@H](CC(C)C)C(=O)NC(CC1CNCN1)C(O)N[C@@H](CO)C(=O)N[C@@H](C)C(=O)N[C@@H](CC(=O)O)C(=O)N[C@@H](CCCC[NH3+])C(=O)N[C@@H](Cc1ccccc1)C(N)=O)[C@@H](C)O,0,-4.323768,2
CC[C@H](C)[C@H](NC(=O)[C@H](CC(C)C)NC(=O)[C@H](CCCC[NH3+])NC(=O)CNC(=O)[C@H](CC(C)C)NC(=O)[C@@H](NC(=O)[C@H](CCCC[NH3+])NC(=O)[C@H](CCCC[NH3+])NC(=O)[C@H](Cc1c[nH]c2ccccc12)NC(=O)[C@H](CCCC[NH3+])NC(=O)CN)[C@@H](C)CC)C(=O)N[C@@H](CCCNC(N)=[NH2+])C(N)=O,0,-5.6725173,2
CC[C@H](C)[C@H](NC(=O)[C@H](CO)NC(=O)[C@H](C)NC(=O)[C@@H](NC(=O)[C@H](CCCC[NH3+])NC(=O)[C@H](CCCC[NH3+])NC(=O)[C@H](Cc1c[nH]c2ccccc12)NC(=O)[C@@H](NC(=O)[C@@H](N)CC(N)=O)[C@@H](C)CC)[C@@H](C)CC)C(=O)N[C@@H](C)C(=O)N[C@@H](CCCC[NH3+])C(=O)N[C@@H](CCC(=O)O)C(=O)N[C@H](C(=O)N[C@@H](CC(C)C)C(=O)N[C@@H](CCCC[NH3+])C(=O)N[C@@H](C)C(=O)N[C@@H](CC(C)C)C(N)=O)C(C)C,0,-3.911409,2
CC[C@H](C)[C@H](NC(=O)[C@H](CCCC[NH3+])NC(=O)CNC(=O)[C@H](CC(C)C)NC(=O)[C@H](CO)NC(=O)[C@H](CCCC[NH3+])NC(=O)[C@H](CCCC[NH3+])NC(=O)[C@H](Cc1c[nH]c2ccccc12)NC(=O)[C@H](CO)NC(=O)[C@@H](N)C(C)C)C(=O)N[C@H](C(=O)N[C@@H](CCCC[NH3+])C(=O)N[C@H](C(=O)N[C@H](C(=O)N[C@@H](CCCC[NH3+])C(N)=O)C(C)C)C(C)C)[C@@H](C)CC,0,-6.180473,2
CSCC[C@H](N)C(=O)N[C@@H](CS)C(=O)N1CCC[C@H]1C(=O)N1CCC[C@H]1C(=O)N[C@@H](CC(C)C)C(=O)N[C@@H](CS)C(=O)N[C@@H](C)C(=O)N1CCC[C@H]1C(=O)N[C@@H](CO)C(=O)N[C@@H](CS)C(=O)N[C@H](C(=O)N[C@@H](CC(N)=O)C(=O)N[C@@H](CS)C(N)=O)[C@@H](C)O,0,-5.7750897,2
CC[C@H](C)[C@H](N)C(=O)N[C@@H](CC(C)C)C(=O)N1CCC[C@H]1C(=O)N[C@@H](Cc1c[nH]c2ccccc12)C(=O)N[C@@H](CCCC[NH3+])C(=O)N[C@@H](C)C(=O)N1CCC[C@H]1C(=O)N[C@@H](C)C(=O)N[C@@H](C)C(=O)N1CCC[C@H]1C(=O)N[C@@H](C)C(=O)N[C@@H](CCCNC(N)=[NH2+])C(=O)N[C@@H](CCCNC(N)=[NH2+])C(N)=O,0,-1.5813363,2
CC[C@H](C)[C@H](NC(=O)[C@H](CO)NC(=O)[C@@H](NC(=O)[C@H](CS)NC(=O)[C@H](CCCC[NH3+])NC(=O)CNC(=O)[C@H](CCCNC(N)=[NH2+])NC(=O)[C@H](CO)NC(=O)[C@H](CS)NC(=O)[C@H](CCSC)NC(=O)[C@H](CC(C)C)NC(=O)CNC(=O)[C@H](CCSC)NC(=O)[C@H](CS)NC(=O)[C@H](CS)NC(=O)[C@@H](NC(O)C1CC(O)CN1C(O)C1CC(O)CN1C(=O)[C@H](CS)NC(=O)[C@H](CCCNC(N)=[NH2+])NC(=O)[C@H](CO)NC(=O)[C@H](CC(=O)O)NC(=O)[C@H](CCCNC(N)=[NH2+])NC(=O)CNC(=O)[C@H](CO)NC(=O)[C@H](CS)NC(=O)[C@@H](N)CO)C(C)C)C(C)C)C(=O)N[C@@H](Cc1ccc(O)cc1)C(=O)NCC(=O)N[C@H](C=O)CCC(=O)O,0,-1.4045762,2
CC[C@H](C)[C@H](NC(=O)CN)C(=O)NCC(=O)N[C@@H](CO)C(=O)N[C@@H](C)C(=O)N[C@H](C(=O)N[C@@H](CC(C)C)C(=O)N[C@@H](CO)C(=O)N[C@@H](C)C(=O)NCC(=O)N[C@@H](CCCC[NH3+])C(=O)N[C@@H](CO)C(=O)N[C@@H](C)C(=O)N[C@@H](CC(C)C)C(=O)N[C@@H](CCCC[NH3+])C(=O)NCC(=O)N[C@@H](CC(C)C)C(=O)N[C@@H](C)C(=O)N[C@@H](CCCC[NH3+])C(=O)NCC(=O)N[C@@H](CC(C)C)C(=O)N[C@@H](C)C(=O)N[C@@H](CCC(=O)O)C(=O)NC(CC1CNCN1)C(O)N[C@@H](Cc1ccccc1)C(=O)N[C@@H](C)C(=O)N[C@@H](CC(N)=O)C(N)=O)[C@@H](C)CC,0,-5.29255,2
CC[C@H](C)[C@H](N)C(=O)N[C@@H](CC(C)C)C(=O)NCC(=O)N[C@@H](CCCC[NH3+])C(=O)N[C@@H](CC(C)C)C(=O)N[C@@H](CC(C)C)C(=O)N[C@@H](CCCC[NH3+])C(=O)N[C@H](C(=O)N[C@@H](C)C(=O)N[C@@H](C)C(=O)N[C@@H](CCCC[NH3+])C(=O)N[C@@H](CC(C)C)C(=O)N[C@@H](CC(C)C)C(=O)N[C@@H](CO)C(=O)N[C@@H](CC(N)=O)C(=O)N[C@@H](CC(C)C)C(N)=O)[C@@H](C)O,0,-4.2458253,2
C[C@H](NC(=O)[C@@H]1CCCN1C(O)C(CC1CNCN1)NC(=O)[C@H](CS)NC(=O)[C@H](CS)NC(=O)[C@@H](N)CCC(=O)O)C(=O)N[C@@H](CS)C(=O)NCC(=O)N[C@@H](CCCC[NH3+])C(=O)NC(CC1CNCN1)C(O)N[C@@H](Cc1ccccc1)C(=O)N[C@@H](CO)C(=O)N[C@@H](CS)C(N)=O,0,-7.3227167,2
C[C@H](NC(=O)[C@H](C)NC(=O)[C@H](CCCC[NH3+])NC(=O)[C@H](C)NC(=O)[C@H](Cc1ccccc1)NC(=O)[C@H](Cc1c[nH]c2ccccc12)NC(=O)[C@H](CCCC[NH3+])NC(=O)[C@H](Cc1ccccc1)NC(=O)[C@H](CCCC[NH3+])NC(=O)[C@H](CCCC[NH3+])NC(=O)[C@H](C)NC(=O)[C@H](Cc1ccccc1)NC(=O)[C@@H](N)CCCC[NH3+])C(=O)N[C@@H](Cc1ccccc1)C(=O)N[C@@H](CCCC[NH3+])C(=O)N[C@@H](Cc1ccccc1)C(=O)N[C@@H](Cc1ccccc1)C(=O)N[C@@H](CCCC[NH3+])C(=O)N[C@@H](CCCC[NH3+])C(N)=O,0,-2.8583283,2
CC(C)C[C@H](NC(=O)[C@H](CCCC[NH3+])NC(=O)[C@@H](N)CCCC[NH3+])C(=O)N[C@@H](Cc1ccccc1)C(=O)N[C@@H](CCCC[NH3+])C(=O)N[C@@H](CCCC[NH3+])C(=O)N[C@H](CC(C)C)C(=O)N[C@H](CC(C)C)C(=O)N[C@H](CCCC[NH3+])C(=O)N[C@H](Cc1ccc(O)cc1)C(=O)N[C@H](CC(C)C)C(N)=O,0,-2.4120164,2
CC[C@H](C)[C@H](NC(=O)[C@H](Cc1ccccc1)NC(=O)[C@H](CCCC[NH3+])NC(=O)[C@H](C)NC(=O)[C@@H](NC(=O)[C@H](CO)NC(=O)[C@H](CCCC[NH3+])NC(=O)[C@H](CCSC)NC(=O)[C@H](C)NC(=O)[C@H](CCCC[NH3+])NC(=O)[C@H](Cc1ccccc1)NC(=O)[C@H](Cc1c[nH]c2ccccc12)NC(=O)CNC(=O)[C@H](CCCC[NH3+])NC(=O)[C@@H](N)CCCNC(N)=[NH2+])[C@@H](C)CC)C(=O)N[C@@H](C)C(=O)N[C@@H](CCCC[NH3+])C(=O)N[C@@H](CCC(=O)O)C(=O)N[C@@H](CCCC[NH3+])C(=O)N[C@@H](CC(C)C)C(=O)N[C@@H](CCCC[NH3+])C(=O)N[C@@H](CCC(=O)O)C(=O)NC(CC1CNCN1)C(O)N[C@@H](CC(C)C)C(N)=O,0,-1.1641914,2
C[C@H](NC(=O)[C@H](C)NC(=O)[C@H](Cc1ccccc1)NC(=O)[C@H](C)NC(=O)[C@H](C)NC(=O)[C@H](Cc1c[nH]c2ccccc12)NC(=O)[C@H](C)NC(=O)[C@H](C)NC(=O)[C@H](Cc1ccccc1)NC(=O)[C@H](C)NC(=O)[C@H](C)NC(=O)[C@H](CCCC[NH3+])NC(=O)[C@H](CCCC[NH3+])NC(=O)[C@H](CCCC[NH3+])NC(=O)[C@H](CCCC[NH3+])NC(=O)[C@H](CCCC[NH3+])NC(=O)[C@@H](N)CCCC[NH3+])C(N)=O,0,-3.2208195,2
CC(C)C[C@@H](NC(=O)[C@@H](C)NC(=O)[C@H]1CCCN1C(=O)[C@@H](CC(C)C)NC(=O)[C@@H](Cc1c[nH]c2ccccc12)NC(O)C(CC1CNCN1)NC(=O)[C@@H](CCCC[NH3+])NC(=O)[C@@H](CC(C)C)NC(=O)[C@@H](C)NC(=O)[C@@H](CCCC[NH3+])NC(=O)[C@@H](C)NC(=O)[C@@H](CC(C)C)NC(=O)[C@@H](C)NC(=O)[C@@H](CCCC[NH3+])NC(=O)[C@H](N)CCCC[NH3+])C(=O)NC(CC1CNCN1)C(O)N[C@H](CCCC[NH3+])C(=O)N[C@H](CC(C)C)C(=O)N[C@H](C)C(=O)N[C@H](CCCC[NH3+])C(=O)N[C@H](C)C(=O)N[C@H](CC(C)C)C(=O)N[C@H](C)C(=O)N[C@H](CCCC[NH3+])C(=O)N[C@H](CCCC[NH3+])C(N)=O,0,-1.9965594,2
CC[C@H](C)[C@H](NC(=O)CN)C(=O)NCC(=O)N[C@@H](C)C(=O)N[C@H](C(=O)N[C@@H](CC(C)C)C(=O)N[C@@H](CCCC[NH3+])C(=O)N[C@H](C(=O)N[C@@H](CC(C)C)C(=O)N[C@@H](C)C(=O)N[C@@H](CC(C)C)C(=O)N[C@H](C(=O)N[C@@H](CO)C(=O)N[C@@H](Cc1c[nH]c2ccccc12)C(=O)N[C@H](C(=O)N[C@@H](CCCC[NH3+])C(=O)N[C@@H](CCCNC(N)=[NH2+])C(=O)N[C@@H](CCCC[NH3+])C(=O)N[C@@H](CCCNC(N)=[NH2+])C(N)=O)[C@@H](C)CC)[C@@H](C)CC)C(C)C)C(C)C,0,-4.9671397,2
CC[C@H](C)[C@H](NC(=O)[C@H](CCCC[NH3+])NC(=O)[C@H](CCCC[NH3+])NC(=O)[C@H](C)NC(=O)[C@@H](NC(=O)CNC(=O)[C@H](CCCNC(N)=[NH2+])NC(=O)[C@H](CC(C)C)NC(=O)[C@@H](NC(=O)[C@@H](N)CCCC[NH3+])[C@@H](C)CC)C(C)C)C(=O)N[C@@H](CCSC)C(=O)N[C@@H](CCCNC(N)=[NH2+])C(=O)N[C@H](C(=O)N[C@@H](Cc1ccccc1)C(=O)N[C@@H](CC(C)C)C(=O)N[C@@H](CCCNC(N)=[NH2+])C(=O)N[C@@H](CCCNC(N)=[NH2+])C(=O)N[C@H](C(=O)N[C@@H](CO)C(=O)N[C@@H](CCCC[NH3+])C(=O)N[C@@H](CC(=O)O)C(=O)N[C@H](C(=O)N[C@@H](CC(C)C)C(=O)N[C@H](C(=O)NCC(=O)N[C@@H](CCCC[NH3+])C(=O)N[C@@H](CCCC[NH3+])C(N)=O)[C@@H](C)O)[C@@H](C)CC)[C@@H](C)CC)[C@@H](C)O,0,-1.5369084,2
CC[C@H](C)[C@H](NC(=O)[C@H](C)NC(O)C(CC1CNCN1)NC(=O)[C@@H]1CCCN1C(=O)[C@@H](NC(=O)[C@H](CC(C)C)NC(=O)[C@H](CO)NC(=O)[C@H](CC(C)C)NC(=O)[C@@H](N)Cc1ccccc1)[C@@H](C)CC)C(=O)N[C@@H](CC(N)=O)C(=O)N[C@@H](C)C(=O)N[C@H](C(=O)N[C@@H](CO)C(=O)N[C@H](C(=O)N[C@@H](CC(C)C)C(=O)N[C@H](C(=O)NC(CC1CNCN1)C(O)NC(CC1CNCN1)C(O)N[C@@H](CO)C(N)=O)C(C)C)[C@@H](C)O)C(C)C,0,-5.7187533,2
CC(C)C[C@H](NC(=O)[C@H](CCCC[NH3+])NC(=O)[C@H](Cc1ccc(O)cc1)NC(=O)CNC(=O)[C@H](CS)NC(=O)[C@H](CS)NC(=O)[C@@H](NC(=O)CNC(=O)[C@@H](N)CC(N)=O)C(C)C)C(=O)N[C@@H](CS)C(=O)NC(CC1CNCN1)C(O)N1CC(O)CC1C(O)N[C@H](C=O)CS,0,-2.7415996,2
CC[C@H](C)[C@H](N)C(=O)N[C@@H](Cc1c[nH]c2ccccc12)C(=O)N[C@@H](CC(C)C)C(=O)N[C@H](C(=O)N[C@@H](C)C(=O)N[C@@H](CC(C)C)C(=O)N[C@@H](CCCC[NH3+])C(=O)N[C@@H](Cc1ccccc1)C(=O)N[C@@H](CC(C)C)C(=O)NCC(=O)N[C@@H](CCCC[NH3+])C(=O)NC(CC1CNCN1)C(O)N[C@@H](C)C(=O)N[C@@H](C)C(=O)N[C@@H](CCCC[NH3+])C(=O)NC(CC1CNCN1)C(O)N[C@@H](CC(C)C)C(=O)N[C@@H](C)C(=O)N[C@@H](CCCC[NH3+])C(=O)N[C@@H](CCC(N)=O)C(=O)N[C@@H](CCC(N)=O)C(=O)N[C@@H](CC(C)C)C(=O)N[C@@H](CO)C(=O)N[C@@H](CCCC[NH3+])C(=O)N[C@@H](CC(C)C)C(N)=O)[C@@H](C)O,0,-3.1180818,2
CCCC(CO)NC(=O)[C@@H]1CCCN1C(=O)[C@@H](NC(=O)[C@@H](NC(=O)[C@H](CC(=O)O)NC(C)=O)[C@@H](C)CC)C(C)C,0,-3.3067627,2
CC(C)C[C@H](NC(=O)[C@H](CC(C)C)NC(=O)[C@H](CCCC[NH3+])NC(=O)[C@H](CCCC[NH3+])NC(=O)[C@H](CC(C)C)NC(=O)[C@H](CC(C)C)NC(=O)[C@H](CCCC[NH3+])NC(=O)[C@H](CC(C)C)NC(=O)[C@@H]1CCCN1C(=O)[C@H](CCCC[NH3+])NC(=O)[C@H](CCCC[NH3+])NC(=O)[C@H](CC(C)C)NC(=O)[C@H](CC(C)C)NC(=O)[C@H](CCCC[NH3+])NC(=O)[C@H](CCCC[NH3+])NC(=O)[C@H](Cc1c[nH]c2ccccc12)NC(=O)[C@@H](N)CCCC[NH3+])C(N)=O,0,-4.6225057,2
N=C(N)NCCC[C@H](NC(=O)[C@@H]1CCCN1C(=O)[C@@H]1CSSC[C@H](N)C(=O)N[C@@H](Cc2ccc(O)cc2)C(=O)N[C@@H](Cc2ccccc2)C(=O)N[C@@H](CCC(N)=O)C(=O)N[C@@H](CC(N)=O)C(=O)N1)C(=O)NCC(N)=O,0,-4.528045,2
CC[C@H](C)[C@@H](NC(=O)[C@@H](C)NC(=O)[C@@H](CCCC[NH3+])NC(=O)[C@@H](CC(C)C)NC(=O)[C@@H](CC(C)C)NC(=O)[C@H](NC(O)C(CC1CNCN1)NC(=O)[C@@H](CC(C)C)NC(=O)[C@H](NC(=O)[C@H](NC(=O)[C@@H](CCCC[NH3+])NC(=O)[C@@H](CCCC[NH3+])NC(=O)[C@@H](CC(C)C)NC(=O)[C@@H](CO)NC(=O)[C@@H](CCCC[NH3+])NC(=O)[C@@H](Cc1ccccc1)NC(=O)[C@H](NC(=O)[C@@H](CCCC[NH3+])NC(=O)[C@@H](CC(C)C)NC(=O)[C@@H](Cc1ccccc1)NC(=O)[C@@H](CO)NC(=O)[C@@H](CCCC[NH3+])NC(=O)[C@@H](Cc1c[nH]c2ccccc12)NC(=O)[C@@H](CCCC[NH3+])NC(C)=O)[C@@H](C)O)[C@@H](C)O)C(C)C)[C@@H](C)O)C(=O)N[C@H](CO)C(=O)N[C@@H](CO)C(N)=O,0,-5.119127,2
C[C@@H]1NC(=O)[C@@H]2CSSC[C@H](NC(=O)C[NH3+])C(=O)N[C@@H](CSSC[C@@H](C(N)=O)NC(=O)[C@H](CCCNC(N)=[NH2+])NC(=O)[C@H](Cc3c[nH]c4ccccc34)NC1=O)C(=O)N[C@@H](CO)C(=O)N[C@@H](CC(=O)O)C(=O)N1CCC[C@H]1C(=O)N[C@@H](CCCNC(N)=[NH2+])C(=O)N2,0,-4.9627533,2
CC(C)C[C@@H]1NC(=O)[C@@H](Cc2c[nH]c3ccccc23)NC(=O)[C@H](CCCC[NH3+])NC(O)C(CO)N(C)C(=O)[C@H](CC(N)=O)NC(=O)[C@@H](CCC(=O)O)NC(=O)[C@H](CO)NC(O)C(CC2CNC3CCCCC23)N(C)C1=O,0,-6.9007783,2
CC[C@H](C)[C@H](NC(O)C(CC1CNCN1)NC(=O)[C@H](CCCC[NH3+])NC(=O)[C@H](CC(C)C)NC(=O)[C@H](CC(C)C)NC(=O)[C@H](CO)NC(=O)[C@H](CCSC)NC(=O)[C@H](Cc1c[nH]c2ccccc12)NC(=O)[C@H](CCCC[NH3+])NC(=O)CN)C(=O)N[C@@H](CC(C)C)C(=O)N[C@@H](CCCC[NH3+])C(N)=O,0,-6.4415326,2
CSCC[C@H](NC(=O)[C@H](CCC(=O)O)NC(=O)[C@H](CC(=O)O)NC(C)=O)C(=O)N[C@@H](CCC(=O)O)C(=O)NC(CC1CCC2CCCCC2C1)C(O)N[C@H](C=O)CS,0,-2.663916,2
CC(C)C[C@H]1NC(=O)CNC(=O)[C@@H](CC(N)=O)NC(=O)[C@H](CCCNC(N)=[NH2+])NC(=O)[C@H]([C@@H](C)O)NC(=O)[C@H](CS)NC(=O)[C@H](C(C)C)NC(=O)[C@@H]2CCCN2C(=O)[C@H](Cc2c[nH]c3ccccc23)NC(=O)[C@H](CO)NC(=O)[C@H](CS)NC(=O)[C@H](CO)NC(=O)[C@H](CS)NC(=O)CNC(=O)[C@@H]2CCCN2C(=O)[C@H]([C@@H](C)O)NC(=O)[C@H](Cc2ccc(O)cc2)NC(=O)[C@H](CS)NC(=O)[C@H](CO)NC(=O)CNC(=O)[C@H](Cc2ccccc2)NC(=O)[C@H](C)NC(=O)[C@H](CS)NC(=O)[C@H]([C@@H](C)O)NC(=O)[C@H](CCC(=O)O)NC(=O)CNC(=O)[C@H](CS)NC(=O)[C@H](C(C)C)NC(=O)[C@@H]2CCCN2C1=O,0,-6.698942,2
CC(C)[C@@H]1NC(=O)[C@H](CCCC[NH3+])NC(=O)[C@H](C)NC(=O)[C@@H]2CCCN2C(=O)[C@@H](Cc2ccc(O)cc2)NC(=O)[C@H](C(C)C)NC(=O)[C@@H](CCCC[NH3+])NC(=O)[C@H](C)NC(=O)[C@H](CCCC[NH3+])NC(=O)[C@H](C(C)C)NC(=O)[C@H]2CCCN2C(=O)[C@@H](Cc2ccc(O)cc2)NC(=O)[C@H](C)NC(=O)[C@H](CCCC[NH3+])NC1=O,0,-6.233997,2
CC[C@H](C)[C@H](NC(=O)CNC(=O)[C@H](C)NC(=O)[C@H](CS)NC(=O)[C@H](C)NC(=O)[C@H](C)NC(=O)[C@H](CCCNC(N)=[NH2+])NC(=O)[C@H](CO)NC(=O)[C@H](CS)NC(=O)[C@H](CS)NC(=O)CN)C(=O)NC(CC1CNCN1)C(O)N[C@@H](CCC(N)=O)C(=O)N[C@@H](CCC(=O)O)C(=O)N[C@@H](CC(C)C)C(=O)N[C@@H](CS)C(N)=O,0,-6.154548,2
CC(C)C[C@H](NC(=O)[C@H](CCCNC(N)=[NH2+])NC(=O)[C@H](CCCC[NH3+])NC(=O)[C@H](CCCC[NH3+])NC(=O)[C@H](CC(C)C)NC(=O)[C@H](CC(N)=O)NC(=O)[C@H](C)NC(=O)[C@H](Cc1ccccc1)NC(=O)[C@H](CCCNC(N)=[NH2+])NC(=O)[C@H](CCCNC(N)=[NH2+])NC(=O)[C@H](CCCC[NH3+])NC(=O)[C@H](Cc1ccccc1)NC(=O)[C@H](CO)NC(=O)[C@H](C)NC(=O)CNC(=O)[C@H](Cc1ccccc1)NC(=O)[C@H](CCCC[NH3+])NC(=O)[C@H](CCCC[NH3+])NC(=O)[C@H](Cc1ccccc1)NC(=O)[C@H](Cc1ccc(O)cc1)NC(=O)[C@H](CCC(=O)O)NC(=O)[C@H](CCCC[NH3+])NC(=O)[C@H](CCCNC(N)=[NH2+])NC(=O)[C@H](CCCC[NH3+])NC(=O)CNC(=O)[C@H](Cc1ccccc1)NC(=O)[C@H](Cc1ccccc1)NC(=O)CN)C(N)=O,0,-1.3265818,2
CC[C@H](C)[C@H](NC(=O)[C@@H](N)CCCC[NH3+])C(=O)N[C@@H](CCCC[NH3+])C(=O)N[C@H](C(=O)N1CCC[C@H]1C(=O)N[C@@H](Cc1c[nH]c2ccccc12)C(=O)NCC(=O)N[C@@H](CCCC[NH3+])C(=O)N[C@H](C(=O)N[C@@H](CCCC[NH3+])C(=O)N[C@@H](CC(=O)O)C(=O)N[C@@H](Cc1ccccc1)C(=O)N[C@@H](CC(C)C)C(=O)N[C@H](C(=O)NCC(=O)NCC(=O)N[C@@H](CCSC)C(=O)N[C@@H](CCCC[NH3+])C(=O)N[C@@H](C)C(=O)N[C@H](C(N)=O)C(C)C)C(C)C)C(C)C)[C@@H](C)CC,0,-4.68104,2
CC[C@H](C)[C@H](NC(=O)[C@H](Cc1ccccc1)NC(=O)[C@@H]1CCCN1C(=O)[C@H](C)NC(=O)[C@@H](NC(=O)[C@@H](N)CC(C)C)[C@@H](C)CC)C(=O)N[C@@H](CCCNC(N)=[NH2+])C(=O)N[C@@H](CC(=O)O)C(=O)N[C@@H](Cc1ccc(O)cc1)C(=O)N[C@@H](CS)C(=O)N[C@@H](CS)C(=O)N1CCC[C@H]1C(=O)N[C@@H](CCCNC(N)=[NH2+])C(=O)NCC(=O)N1CCC[C@H]1C(=O)N[C@@H](CS)C(=O)N[C@@H](CCSC)C(=O)N[C@H](C(=O)N[C@@H](Cc1c[nH]c2ccccc12)C(=O)N[C@@H](CS)C(N)=O)C(C)C,0,-4.8515344,2
C[C@H](NC(=O)[C@H](C)NC(=O)[C@H](C)NC(=O)[C@H](Cc1ccccc1)NC(=O)[C@H](C)NC(=O)[C@H](C)NC(=O)[C@H](Cc1c[nH]c2ccccc12)NC(=O)[C@H](C)NC(=O)[C@H](C)NC(=O)[C@H](Cc1ccccc1)NC(=O)[C@H](C)NC(=O)[C@H](C)NC(=O)[C@H](C)NC(=O)[C@H](C)NC(=O)[C@H](C)NC(=O)[C@H](Cc1ccccc1)NC(=O)[C@H](C)NC(=O)[C@H](C)NC(=O)[C@H](C)NC(=O)[C@H](CCCC[NH3+])NC(=O)[C@H](CCCC[NH3+])NC(=O)[C@H](CCCC[NH3+])NC(=O)[C@H](CCCC[NH3+])NC(=O)[C@H](CCCC[NH3+])NC(=O)[C@@H](N)CCCC[NH3+])C(N)=O,0,-0.39390257,2
CC(C)C[C@H](NC(=O)[C@H](C)NC(=O)[C@H](CC(C)C)NC(=O)[C@H](C)NC(=O)[C@@H](N)Cc1c[nH]c2ccccc12)C(N)=O,0,-5.144555,2
CC[C@H](C)[C@H](NC(=O)[C@H](CC(C)C)NC(=O)[C@H](CO)NC(=O)[C@@H](NC(=O)[C@@H](NC(=O)[C@H](CC(C)C)NC(=O)CN)C(C)C)[C@@H](C)O)C(=O)N[C@@H](CCCC[NH3+])C(=O)NCC(=O)N[C@@H](C)C(=O)NCC(=O)N[C@@H](CCCC[NH3+])C(=O)N[C@@H](CC(C)C)C(=O)N[C@@H](CC(C)C)C(=O)NCC(=O)NCC(=O)N[C@@H](CC(C)C)C(=O)N[C@@H](Cc1ccccc1)C(=O)NCC(=O)N[C@@H](CO)C(=O)N[C@H](C(=O)N[C@H](C(=O)NCC(N)=O)[C@@H](C)O)C(C)C,0,-4.889726,2
CC[C@H](C)[C@H](NC(=O)[C@@H](NC(=O)[C@@H]1CCCN1C(=O)[C@H](CC(C)C)NC(=O)[C@@H](N)Cc1ccccc1)[C@@H](C)CC)C(=O)N[C@H](C(=O)N[C@@H](CC(N)=O)C(=O)N[C@@H](CC(C)C)C(=O)N[C@@H](CC(C)C)C(=O)NCC(=O)N[C@@H](CCCC[NH3+])C(=O)N[C@@H](CC(C)C)C(=O)N[C@@H](CC(C)C)C(N)=O)[C@@H](C)O,0,-4.694966,2
CC[C@H](C)[C@H](NC(=O)[C@@H]1CCCN1C(=O)[C@H](CC(C)C)NC(=O)[C@@H](N)Cc1ccccc1)C(=O)N[C@H](C(=O)NCC(=O)N[C@@H](CCCC[NH3+])C(=O)N[C@@H](CC(C)C)C(=O)N[C@@H](CC(C)C)C(=O)N[C@@H](CO)C(=O)NCC(=O)N[C@@H](CC(C)C)C(=O)N[C@@H](CC(C)C)C(N)=O)C(C)C,0,-5.731824,2
C[C@H](NC(O)C(CC1CNCN1)NC(=O)[C@H](Cc1ccc(O)cc1)NC(=O)[C@H](CCC(=O)O)NC(=O)[C@H](Cc1c[nH]c2ccccc12)NC(=O)[C@@H](N)CC(=O)O)C(=O)NC(CC1CNCN1)C(O)N1CCC[C@H]1C(=O)N[C@@H](CCCC[NH3+])C(=O)N1CC(O)CC1C(O)N[C@@H](CC(N)=O)C(=O)N[C@@H](CO)C(=O)N[C@H](Cc1ccccc1)C(=O)N[C@@H](Cc1c[nH]c2ccccc12)C(=O)N[C@H](C=O)[C@@H](C)O,0,-0.40453997,2
CC[C@H](C)[C@H](NC(=O)[C@H](CC(=O)O)NC(=O)[C@H](CCSC)NC(=O)[C@@H](NC(=O)[C@@H](NC(=O)[C@H](CCC(=O)O)NC(=O)[C@H](Cc1ccc(O)cc1)NC(=O)[C@H](Cc1ccccc1)NC(=O)[C@H](CCCCN)NC(=O)[C@H](CCC(N)=O)NC(=O)[C@H](CCC(N)=O)NC(=O)[C@H](CC(C)C)NC(=O)[C@H](CC(=O)O)NC(=O)[C@H](CCCCN)NC(=O)[C@@H](NC(=O)[C@H](CCC(N)=O)NC(=O)[C@H](CC(N)=O)NC(=O)[C@H](Cc1ccc(O)cc1)NC(=O)[C@H](Cc1c[nH]c2ccccc12)NC(=O)[C@H](CCC(=O)O)NC(=O)CNC(=O)[C@H](CC(C)C)NC(=O)[C@@H](NC(=O)[C@@H](NC(=O)[C@H](CC(N)=O)NC(=O)CNC(=O)[C@H](Cc1c[nH]cn1)NC(=O)[C@H](CC(N)=O)NC(=O)[C@@H](N)Cc1c[nH]c2ccccc12)[C@@H](C)CC)[C@@H](C)O)[C@@H](C)O)[C@@H](C)CC)[C@@H](C)CC)C(=O)N[C@@H](CCC(=O)O)C(=O)N[C@@H](CCC(N)=O)C(=O)N[C@@H](CC(N)=O)C(=O)N[C@@H](CC(N)=O)C(=O)N[C@H](C(=O)N[C@@H](CCC(N)=O)C(=O)O)C(C)C,0,-1.8509521,2
CC[C@H](C)[C@@H]1NC(=O)[C@H](C)NC(=O)[C@H](CO)NC(=O)[C@H](CO)NC(=O)[C@H]([C@@H](C)CC)NC(=O)[C@H](CS)NC(=O)[C@@H]2CCCN2C(=O)[C@H]([C@@H](C)CC)NC(=O)[C@H](Cc2c[nH]c3ccccc23)NC(=O)[C@H](C(C)C)NC(=O)[C@H](CS)NC(=O)[C@H](CO)NC(=O)[C@H](CCC(=O)O)NC(=O)CNC(=O)[C@H](CS)NC(=O)[C@H]2CCCN2C(=O)[C@H]([C@@H](C)CC)NC(=O)CNC(=O)[C@H](CC(N)=O)NC(=O)[C@H](CCCNC(N)=[NH2+])NC(=O)[C@H](Cc2ccc(O)cc2)NC(=O)[C@H](CS)NC(=O)[C@H](C(C)C)NC(=O)[C@H](CCCC[NH3+])NC(=O)[C@H](CO)NC(=O)[C@H](CCCC[NH3+])NC(=O)[C@H](CS)NC(=O)[C@H](CO)NC(=O)[C@H](CS)NC(=O)CNC1=O,0,-5.978615,2
CSCC[C@@H](C=O)NC(=O)[C@H](CC(C)C)NC(=O)CNC(=O)[C@@H](NC(=O)[C@H](Cc1ccccc1)NC(=O)[C@H](CCC(N)=O)NC(=O)[C@H](CC(=O)O)NC(=O)[C@H](CO)NC(=O)[C@H](CCCCN)NC(=O)[C@@H]1CCCN1C(=O)[C@@H](NC(=O)[C@@H](N)CC(=O)O)C(C)C)C(C)C,0,2.7524104,2
CC[C@H](C)[C@H](NC(=O)[C@H](CCC(N)=O)NC(=O)[C@@H]1CCCN1C(=O)[C@H](CC(N)=O)NC(O)C(CC1CNCN1)NC(=O)[C@@H](NC(=O)[C@@H](NC(=O)[C@H](CS)NC(=O)[C@@H](NC(=O)[C@@H]1CCCN1C(=O)[C@H](CC(N)=O)NC(=O)[C@H](CO)NC(=O)[C@H](CS)NC(=O)[C@@H](N)CS)C(C)C)[C@@H](C)O)C(C)C)C(=O)N[C@@H](CS)C(N)=O,0,-5.833345,2
CC(=O)N[C@@H](CC(=O)O)C(=O)N[C@@H](CCC(=O)O)C(=O)N[C@@H](Cc1ccccc1)C(=O)N[C@@H](CCC(=O)O)C(=O)NC(CC1CCCCC1)C(O)N[C@H](C=O)CS,0,-2.9211707,2
CC(C)C[C@H](NC(=O)[C@H](CCCC[NH3+])NC(=O)[C@H](CC(C)C)NC(=O)[C@H](CCCC[NH3+])NC(=O)[C@H](CC(C)C)NC(=O)[C@H](C)NC(=O)[C@H](CCCC[NH3+])NC(=O)[C@H](C)NC(=O)[C@H](CC(C)C)NC(=O)[C@H](CC(C)C)NC(=O)[C@H](CCCC[NH3+])NC(=O)[C@H](C)NC(=O)[C@@H](N)Cc1ccccc1)C(N)=O,0,-4.5681577,2
CC(C)C[C@H](NC(=O)[C@H](CC(N)=O)NC(=O)[C@H](CO)NC(O)C(CC1CNCN1)NC(=O)[C@H](CCC(=O)O)NC(=O)[C@H](CC(C)C)NC(O)C(CC1CNCN1)NC(=O)[C@H](CS)NC(=O)[C@@H](NC(=O)[C@@H]1CCCN1C(=O)[C@H](CC(N)=O)NC(=O)[C@H](CO)NC(=O)[C@H](CS)NC(=O)[C@H](CS)NC(=O)CNC(=O)[C@@H]1CCCN1C(=O)[C@H](CC(=O)O)NC(=O)[C@@H](N)CCCNC(N)=[NH2+])C(C)C)C(=O)N[C@@H](CS)C(N)=O,0,-6.062262,2
C[C@H](NC(=O)[C@H](CS)NC(=O)[C@H](CCCNC(N)=[NH2+])NC(=O)[C@@H]1CCCN1C(=O)[C@H](CC(=O)O)NC(=O)[C@H](CO)NC(=O)[C@H](CS)NC(=O)[C@H](CS)NC(=O)CN)C(=O)N[C@H](C(=O)N[C@@H](CCCNC(N)=[NH2+])C(=O)N[C@@H](CS)C(N)=O)[C@@H](C)O,0,-6.2451196,2
CC(C)C[C@@H](NC(=O)[C@@H](C)NC(=O)[C@@H](CC(C)C)NC(=O)[C@@H](CCCC[NH3+])NC(=O)[C@@H](CCCC[NH3+])NC(=O)[C@@H](CC(C)C)NC(=O)[C@@H](C)NC(=O)[C@H]1CCCN1C(=O)[C@@H](CC(C)C)NC(=O)[C@@H](Cc1c[nH]c2ccccc12)NC(=O)[C@@H](CCCC[NH3+])NC(=O)[C@@H](CCCC[NH3+])NC(=O)[C@@H](CC(C)C)NC(=O)[C@@H](C)NC(=O)[C@@H](CC(C)C)NC(=O)[C@@H](CC(C)C)NC(=O)[C@@H](C)NC(=O)[C@@H](CC(C)C)NC(=O)[C@@H](CCCC[NH3+])NC(=O)[C@H](N)CCCC[NH3+])C(=O)N[C@H](CC(C)C)C(=O)N[C@H](C)C(=O)N[C@H](CC(C)C)C(=O)N[C@H](CCCC[NH3+])C(=O)N[C@H](CCCC[NH3+])C(N)=O,0,-2.2828503,2
C[C@@H]1NC(=O)[C@@H]2CSSC[C@H](NC(=O)[C@@H](NC(=O)CN)CSSC[C@@H](C(=O)O)NC(=O)[C@H](CCCNC(N)=[NH2+])NC(=O)[C@H](Cc3c[nH]c4ccccc34)NC1=O)C(=O)N[C@@H](CO)C(=O)N[C@@H](CC(=O)O)C(=O)N[C@@H](CCCCN)C(=O)N[C@@H](CCCNC(N)=[NH2+])C(=O)N2,0,-4.5685377,2
CC[C@H](C)[C@H](NC(=O)[C@@H](NC(=O)[C@@H]1CCCN1C(=O)[C@@H](NC(=O)[C@@H](NC(O)C(CC1CNCN1)NC(=O)[C@@H]1CCCN1C(=O)[C@H](CC(C)C)NC(=O)[C@H](CC(C)C)NC(O)C(CC1CNCN1)NC(=O)[C@H](CCCC[NH3+])NC(=O)[C@H](C)NC(=O)[C@@H](NC(=O)[C@H](CO)NC(=O)CNC(=O)[C@H](CC(C)C)NC(=O)[C@@H](NC(=O)[C@H](CO)NC(=O)[C@H](Cc1ccccc1)NC(=O)[C@H](CC(C)C)NC(=O)CN)C(C)C)C(C)C)C(C)C)C(C)C)C(C)C)C(=O)N[C@@H](C)C(=O)N[C@@H](CCC(=O)O)C(=O)N[C@@H](CCCC[NH3+])C(=O)N[C@@H](CC(C)C)C(N)=O,0,-5.227739,2
CC[C@H](C)[C@H](NC(=O)CNC(=O)[C@H](CO)NC(=O)[C@H](CC(C)C)NC(=O)[C@H](C)NC(=O)[C@H](CCCNC(N)=[NH2+])NC(=O)CNC(=O)[C@@H](NC(=O)[C@H](CC(C)C)NC(=O)[C@@H]1CCCN1C(=O)[C@H](CC(C)C)NC(=O)[C@@H](N)Cc1ccccc1)[C@@H](C)CC)C(=O)N[C@@H](CC(C)C)C(N)=O,0,-4.473891,2
CC(C)C[C@H](NC(=O)[C@H](CCCC[NH3+])NC(=O)[C@H](CCCC[NH3+])NC(=O)[C@H](CC(C)C)NC(=O)[C@H](C)NC(=O)[C@H](CCCC[NH3+])NC(=O)[C@H](CC(C)C)NC(=O)[C@H](C)NC(=O)[C@H](CC(C)C)NC(=O)[C@H](C)NC(=O)[C@@H](N)C(C)C)C(N)=O,0,-4.522566,2
C[C@H](NC(=O)[C@@H]1CCCN1C(=O)[C@H](CC(N)=O)NC(=O)[C@H](CCCNC(N)=[NH2+])NC(=O)[C@H](CS)NC(=O)[C@H](CS)NC(=O)CNC(=O)[C@@H](N)CC(N)=O)C(=O)N[C@@H](CS)C(=O)N[C@@H](CCC(=O)O)C(=O)N[C@@H](CO)C(=O)NC(CC1CNCN1)C(O)N[C@@H](CCCNC(N)=[NH2+])C(=O)N[C@@H](CS)C(N)=O,0,-6.2231126,2
C[C@H](NC(=O)[C@H](CS)NC(=O)[C@H](CC(=O)O)NC(=O)[C@@H]1CCCN1C(=O)[C@H](CCCNC(N)=[NH2+])NC(=O)[C@H](CO)NC(=O)[C@H](CS)NC(=O)[C@H](CS)NC(=O)CN)C(=O)N[C@@H](Cc1c[nH]c2ccccc12)C(=O)N[C@@H](CCCNC(N)=[NH2+])C(=O)N[C@@H](CS)C(N)=O,0,-6.6429634,2
CC(C)C[C@H]1NC(=O)CNC(=O)[C@H](CC(N)=O)NC(=O)[C@@H](CCCNC(N)=[NH2+])NC(=O)[C@H]([C@@H](C)O)NC(=O)[C@H](CS)NC(=O)[C@H](CCCC[NH3+])NC(=O)[C@@H]2CCCN2C(=O)[C@H](Cc2c[nH]c3ccccc23)NC(=O)[C@H](CO)NC(=O)[C@H](CS)NC(=O)[C@H]([C@@H](C)O)NC(=O)[C@H](CS)NC(=O)CNC(=O)[C@@H]2CCCN2C(=O)[C@H]([C@@H](C)O)NC(=O)[C@H](CC(N)=O)NC(=O)[C@H](CS)NC(=O)[C@H]([C@@H](C)O)NC(=O)CNC(=O)CNC(=O)[C@H](C(C)C)NC(=O)[C@H](CS)NC(=O)[C@H]([C@@H](C)O)NC(=O)[C@H](CCC(=O)O)NC(=O)CNC(=O)[C@H](CS)NC(=O)[C@H](C(C)C)NC(=O)[C@@H]2CCCN2C1=O,0,-6.851831,2
CC(C)C[C@H](NC(=O)[C@H](Cc1ccc(O)cc1)NC(=O)[C@@H]1CCCN1C(=O)[C@@H](N)Cc1c[nH]c2ccccc12)C(=O)N1CCC[C@H]1C(=O)N[C@@H](Cc1c[nH]c2ccccc12)C(=O)N[C@@H](CCCNC(N)=[NH2+])C(=O)N[C@@H](CCCNC(N)=[NH2+])C(N)=O,0,-4.400902,2
CC[C@H](C)[C@H](NC(=O)[C@H](C)NC(=O)[C@H](CO)NC(=O)CNC(=O)[C@@H]1CCCN1C(=O)CN)C(=O)N[C@@H](CS)C(=O)N[C@@H](CC(N)=O)C(=O)N[C@@H](CCSC)C(=O)N[C@@H](C)C(=O)N[C@@H](CS)C(=O)N[C@@H](CCCNC(N)=[NH2+])C(=O)N[C@@H](CC(C)C)C(=O)N[C@@H](CCC(=O)O)C(=O)NC(CC1CNCN1)C(O)NCC(=O)NC(CC1CNCN1)C(O)N[C@@H](CC(C)C)C(=O)N[C@@H](Cc1ccc(O)cc1)C(=O)N1CCC[C@H]1C(=O)N[C@@H](Cc1ccccc1)C(=O)N[C@@H](CS)C(=O)N[C@@H](CC(N)=O)C(=O)N[C@@H](CS)C(=O)N[C@@H](CC(=O)O)C(N)=O,0,-6.756029,2
CC(C)C[C@H](NC(=O)[C@H](C)NC(=O)[C@H](CC(C)C)NC(=O)[C@H](C)NC(=O)[C@H](CCCC[NH3+])NC(=O)[C@H](CCCC[NH3+])NC(=O)[C@H](C)NC(=O)[C@H](CC(C)C)NC(=O)[C@H](CCCC[NH3+])NC(=O)[C@H](C)NC(=O)[C@H](CC(C)C)NC(=O)[C@H](CCCC[NH3+])NC(=O)[C@H](CCCC[NH3+])NC(=O)[C@H](C)NC(=O)[C@@H](N)Cc1ccccc1)C(N)=O,0,-3.8252501,2
CC[C@H](C)[C@H](NC(=O)[C@@H](N)Cc1ccccc1)C(=O)N[C@H](C(=O)N[C@H](C(=O)NC(CC1CNCN1)C(N)O)C(C)C)[C@@H](C)O,0,-3.9946146,2
CC[C@H](C)[C@H](NC(=O)[C@H](CC(=O)O)NC(=O)[C@H](Cc1ccccc1)NC(=O)[C@H](CC(C)C)NC(=O)CN)C(=O)N[C@H](C(=O)N[C@@H](CCCC[NH3+])C(=O)N[C@@H](CCCC[NH3+])C(=O)N[C@H](C(=O)N[C@H](C(=O)NCC(=O)N[C@@H](C)C(=O)N[C@@H](CC(C)C)C(=O)NCC(=O)N[C@@H](CO)C(=O)N[C@@H](CC(C)C)C(N)=O)C(C)C)C(C)C)C(C)C,0,-6.634315,2
CC[C@H](C)[C@@H]1NC(=O)[C@H](CC(C)C)NC(=O)[C@H](C)NC(=O)[C@H]([C@@H](C)O)NC(=O)[C@H](C(C)C)NC(=O)[C@H]([C@@H](C)O)NC(=O)[C@H](CS)NC(=O)[C@@H]2CCCN2C(=O)[C@H]([C@@H](C)CC)NC(=O)[C@H](Cc2c[nH]c3ccccc23)NC(=O)[C@H](C(C)C)NC(=O)[C@H](CS)NC(=O)[C@H](CO)NC(=O)[C@H](CCC(=O)O)NC(=O)[C@H](C)NC(=O)[C@H](CS)NC(=O)[C@@H]2CCCN2C(=O)[C@@H]([C@@H](C)CC)NC(=O)CNC(=O)[C@H](CC(N)=O)NC(=O)[C@@H](Cc2ccc(O)cc2)NC(=O)[C@H](CS)NC(=O)[C@H](C(C)C)NC(=O)[C@H](CCCC[NH3+])NC(=O)[C@H](CC(N)=O)NC(=O)[C@H](CO)NC(=O)[C@H](CS)NC(=O)CNC(=O)[C@H](CS)NC(=O)CNC1=O,0,-6.1687274,2
CC(C)C[C@H](NC(=O)[C@H](CCCC[NH3+])NC(=O)[C@H](CCCC[NH3+])NC(=O)[C@H](Cc1c[nH]c2ccccc12)NC(=O)[C@@H](N)CCCC[NH3+])C(=O)N[C@@H](CC(C)C)C(=O)N[C@@H](CCCC[NH3+])C(=O)N[C@@H](CCCC[NH3+])C(=O)N1CCC[C@H]1C(=O)N[C@@H](CC(C)C)C(=O)N[C@@H](CC(C)C)C(=O)N[C@@H](CCCC[NH3+])C(=O)N[C@@H](CCCC[NH3+])C(N)=O,0,-3.3314035,2
CC[C@H](C)[C@H](NC(=O)[C@H](CO)NC(=O)[C@H](CCCC[NH3+])NC(=O)[C@H](CC(C)C)NC(=O)[C@H](CCCC[NH3+])NC(=O)[C@@H](N)CC(C)C)C(=O)N[C@H](C(=O)N[C@@H](CO)C(=O)N[C@@H](Cc1c[nH]c2ccccc12)C(=O)N[C@@H](C)C(=O)N[C@@H](CCCC[NH3+])C(=O)N[C@@H](CC(C)C)C(=O)N[C@H](C(=O)N[C@@H](CC(C)C)C(N)=O)C(C)C)C(C)C,0,-5.4913783,2
CC[C@H](C)[C@@H]1NC(=O)[C@H](CS)NC(=O)[C@@H]2CCCN2C(=O)[C@H]([C@@H](C)CC)NC(=O)[C@H](Cc2c[nH]c3ccccc23)NC(=O)[C@H](C(C)C)NC(=O)[C@H](CS)NC(=O)[C@H](CO)NC(=O)[C@H](CCC(=O)O)NC(=O)[C@@H](CS)NC(=O)[C@H]2CCCN2C(=O)[C@H](CC(C)C)NC(=O)[C@@H]([C@@H](C)O)NC(=O)CNC(=O)[C@H](CC(N)=O)NC(=O)[C@H](CCCC[NH3+])NC(=O)[C@H](Cc2ccc(O)cc2)NC(=O)[C@H](CS)NC(=O)[C@H](C(C)C)NC(=O)[C@H](CCCC[NH3+])NC(=O)[C@H](CO)NC(=O)[C@H](CCCC[NH3+])NC(=O)[C@H](CS)NC(=O)[C@H](CO)NC(=O)[C@H](CS)NC(=O)CNC(=O)[C@H](C(C)C)NC(=O)[C@H](C(C)C)NC(=O)[C@H](CO)NC(=O)[C@H](CO)NC1=O,0,-6.164685,2
CC(=O)N[C@@H](CCCNC(N)=[NH2+])C(=O)N[C@@H](CCCNC(N)=[NH2+])C(=O)N[C@@H](Cc1c[nH]c2ccccc12)C(=O)N[C@@H](Cc1c[nH]c2ccccc12)C(=O)N[C@@H](CS)C(=O)N[C@@H](CCCNC(N)=[NH2+])C(=O)N[C@H](C(N)=O)C(C)C,0,-4.6024237,2
CCCC(CO)NC(=O)[C@@H]1CCCN1C(=O)[C@@H](NC(=O)[C@@H](NC(=O)[C@H](CC(=O)O)NC(=O)[C@@H](CC(=O)O)NC(C)=O)[C@@H](C)CC)C(C)C,0,-4.0946727,2
CC[C@H](C)[C@H](NC(O)C(C)(C)NC(=O)[C@H](CCCC[NH3+])NC(=O)CNC(=O)[C@H](CC(C)C)NC(O)C(C)(C)NC(=O)[C@H](CCCC[NH3+])NC(=O)[C@H](CCCC[NH3+])NC(=O)[C@H](Cc1c[nH]c2ccccc12)NC(=O)[C@H](CC(N)=O)NC(=O)[C@@H](N)C(C)C)C(=O)N[C@@H](CCCC[NH3+])C(=O)NC(C)(C)C(O)N[C@H](C(=O)N[C@@H](CCCC[NH3+])C(N)=O)C(C)C,0,-7.418367,2
CC[C@H](C)[C@H](NC(=O)[C@H](CC(C)C)NC(=O)[C@H](CCC(=O)O)NC(=O)[C@@H](CC(=O)O)NC(C)=O)C(=O)NC(CC1CCCCC1)C(O)N[C@@H](CS)C(=O)N1CCC[C@H]1C(=O)NC(CC1CCCCC1)C(O)N[C@@H](CC(=O)O)C(=O)N[C@@H](CC(C)C)C(=O)N1CCC[C@@H]1C(=O)N[C@@H](Cc1ccc(O)cc1)C(=O)N[C@@H](CCCC[NH3+])C(N)=O,0,-5.0981383,2
CC(C)C[C@H](NC(=O)[C@H](CCCNC(N)=[NH2+])NC(=O)[C@H](CCCNC(N)=[NH2+])NC(=O)[C@H](Cc1ccc(O)cc1)NC(=O)[C@H](CC(C)C)NC(=O)[C@H](CCCNC(N)=[NH2+])NC(=O)[C@H](CCCNC(N)=[NH2+])NC(=O)[C@H](Cc1ccc(O)cc1)NC(=O)[C@H](CC(C)C)NC(=O)[C@H](CCCNC(N)=[NH2+])NC(=O)[C@H](CCCNC(N)=[NH2+])NC(=O)[C@H](Cc1ccc(O)cc1)NC(=O)[C@H](CC(C)C)NC(=O)[C@@H](N)CCCNC(N)=[NH2+])C(=O)N[C@@H](Cc1ccc(O)cc1)C(=O)N[C@@H](CCCNC(N)=[NH2+])C(=O)N[C@@H](CCCC[NH3+])C(=O)N[C@@H](CCCC[NH3+])C(=O)N[C@@H](CCCC[NH3+])C(N)=O,0,5.3436127,2
CC[C@H](C)[C@H](NC(=O)[C@H](CCCC[NH3+])NC(=O)[C@H](CCCNC(N)=[NH2+])NC(=O)[C@H](CCCC[NH3+])NC(=O)[C@H](CC(C)C)NC(=O)[C@H](CCCNC(N)=[NH2+])NC(=O)[C@H](CCCNC(N)=[NH2+])NC(=O)[C@H](CC(C)C)NC(=O)[C@H](CCCC[NH3+])NC(=O)[C@@H](N)CCCNC(N)=[NH2+])C(=O)N[C@@H](C)C(=O)NC(CC1CNCN1)C(O)N[C@@H](CCCC[NH3+])C(=O)N[C@H](C(=O)N[C@@H](CCCC[NH3+])C(=O)N[C@@H](CCCC[NH3+])C(=O)N[C@@H](Cc1ccc(O)cc1)C(N)=O)C(C)C,0,-1.2720261,2
CC[C@H](C)[C@H](NC(=O)[C@@H](NC(=O)[C@H](CO)NC(=O)[C@H](C)NC(=O)[C@@H](NC(=O)[C@H](CCCC[NH3+])NC(=O)[C@H](CCCC[NH3+])NC(=O)[C@@H](NC(=O)[C@@H](NC(=O)[C@H](CC(=O)O)NC(=O)[C@H](Cc1ccccc1)NC(=O)[C@H](CC(C)C)NC(=O)CN)C(C)C)[C@@H](C)CC)C(C)C)C(C)C)C(=O)N[C@@H](CCCC[NH3+])C(=O)N[C@@H](CCCC[NH3+])C(=O)N[C@@H](CC(C)C)C(N)=O,0,-5.1839175,2
CC(C)C[C@H](NC(=O)[C@H](CCCNC(N)=[NH2+])NC(=O)[C@@H](N)CCCNC(N)=[NH2+])C(=O)N[C@@H](CO)C(=O)N[C@@H](Cc1ccc(O)cc1)C(=O)N[C@@H](CO)C(=O)N[C@@H](CCCNC(N)=[NH2+])C(=O)N[C@@H](CCCNC(N)=[NH2+])C(=O)N[C@@H](CCCNC(N)=[NH2+])C(=O)N[C@@H](Cc1ccccc1)C(N)=O,0,2.228051,2
C[C@H](NC(=O)[C@H](CCC(=O)O)NC(=O)[C@@H]1CCCN1C(O)C(CC1CNCN1)NC(=O)[C@H](CC(=O)O)NC(=O)[C@H](Cc1ccc(O)cc1)NC(=O)[C@H](CC(N)=O)NC(=O)[C@H](CS)NC(=O)[C@H](CCCNC(N)=[NH2+])NC(=O)[C@@H]1CCCN1C(=O)[C@H](CC(=O)O)NC(=O)[C@H](CO)NC(=O)[C@H](CS)NC(=O)[C@H](CS)NC(=O)CN)C(=O)N[C@@H](CS)C(N)=O,0,-6.583628,2
CSCC[C@H](NC(=O)[C@@H](NC(=O)[C@H](CCCC[NH3+])NC(=O)[C@H](CCCNC(N)=[NH2+])NC(=O)[C@H](CS)NC(=O)[C@H](CO)NC(=O)[C@H](C)NC(=O)CNC(=O)[C@H](CCCC[NH3+])NC(=O)CNC(=O)[C@H](CCCC[NH3+])NC(=O)[C@@H](N)CS)[C@@H](C)O)C(=O)N[C@@H](Cc1ccc(O)cc1)C(=O)N[C@@H](CC(=O)O)C(=O)N[C@@H](CS)C(=O)N[C@@H](CS)C(=O)N[C@@H](CCCNC(N)=[NH2+])C(=O)NCC(=O)N[C@@H](CO)C(=O)N[C@@H](CS)C(=O)N[C@@H](CCCNC(N)=[NH2+])C(=O)N[C@@H](CO)C(=O)NCC(=O)N[C@@H](CCCNC(N)=[NH2+])C(=O)N[C@@H](CS)C(N)=O,0,-5.0812917,2
CC[C@H](C)[C@H](NC(O)C(CC1CNCN1)NC(=O)[C@H](CCCC[NH3+])NC(=O)[C@H](CC(C)C)NC(=O)[C@H](CC(C)C)NC(=O)[C@H](CO)NC(=O)[C@H](CCCC[NH3+])NC(=O)[C@H](Cc1c[nH]c2ccccc12)NC(=O)[C@H](CCCC[NH3+])NC(=O)CN)C(=O)N[C@@H](CC(C)C)C(=O)N[C@@H](CCCC[NH3+])C(N)=O,0,-6.686916,2
CC[C@H](C)[C@H](N)C(=O)N[C@@H](CC(C)C)C(=O)N1CCC[C@H]1C(=O)N[C@H](C(=O)N[C@@H](CC(C)C)C(=O)NCC(=O)N[C@@H](CC(N)=O)C(=O)N[C@@H](CC(C)C)C(=O)N[C@@H](CC(C)C)C(=O)N[C@@H](CC(N)=O)C(=O)N[C@@H](CO)C(=O)N[C@@H](CC(C)C)C(=O)N[C@@H](CC(C)C)C(N)=O)[C@@H](C)CC,0,-5.224011,2
CC[C@H](C)[C@@H]1NC(=O)[C@H](CC(C)C)NC(=O)[C@H](Cc2ccccc2)NC(=O)[C@H](Cc2ccccc2)NC(=O)[C@H](C)NC(=O)[C@@H]2CCCN2C(=O)[C@H](C(C)C)NC(=O)[C@H](CC(C)C)NC(=O)[C@H]([C@@H](C)CC)NC1=O,0,-5.6401343,2
CC[C@H](C)[C@H](NC(=O)[C@H](CCCC[NH3+])NC(=O)[C@H](CC(N)=O)NC(=O)[C@H](Cc1c[nH]c2ccccc12)NC(=O)[C@H](CC(C)C)NC(=O)CN)C(=O)N[C@@H](CCCC[NH3+])C(=O)N[C@@H](CCC(=O)O)C(=O)N[C@@H](C)C(=O)N[C@@H](C)C(=O)N[C@@H](CO)C(=O)N[C@@H](CCCC[NH3+])C(=O)N[C@@H](C)C(=O)N[C@@H](C)C(=O)NCC(=O)N[C@@H](CCCC[NH3+])C(=O)N[C@@H](C)C(=O)N[C@@H](C)C(=O)N[C@@H](CC(C)C)C(=O)NCC(=O)N[C@@H](Cc1ccccc1)C(=O)N[C@H](C(=O)N[C@@H](CC(N)=O)C(=O)N[C@@H](CCC(=O)O)C(=O)N[C@@H](CCSC)C(=O)N[C@H](C(N)=O)C(C)C)C(C)C,0,-4.170077,2
CC[C@H](C)[C@H](NC(=O)[C@H](CCCC[NH3+])NC(=O)[C@@H]1CCCN1C(=O)[C@H](CC(C)C)NC(=O)[C@H](Cc1ccccc1)NC(=O)[C@H](CC(N)=O)NC(=O)[C@H](C)NC(=O)[C@H](C)NC(=O)[C@H](CC(C)C)NC(=O)CNC(=O)[C@H](C)NC(=O)[C@H](CC(C)C)NC(=O)[C@H](CC(C)C)NC(=O)[C@@H]1CCCN1C(=O)[C@H](CC(C)C)NC(=O)[C@@H](N)Cc1ccccc1)C(=O)N[C@@H](Cc1ccccc1)C(=O)N[C@@H](CS)C(=O)N[C@@H](CCCC[NH3+])C(=O)N[C@H](C(=O)N[C@H](C(=O)N[C@@H](CCCNC(N)=[NH2+])C(=O)N[C@@H](CCCC[NH3+])C(=O)N[C@@H](CS)C(N)=O)[C@@H](C)O)[C@@H](C)CC,0,-3.8820705,2
C[C@H](NC(O)C(CC1CNCN1)NC(=O)[C@H](Cc1ccc(O)cc1)NC(=O)[C@H](CCC(=O)O)NC(=O)[C@H](Cc1c[nH]c2ccccc12)NC(=O)[C@@H](N)CC(=O)O)C(=O)NC(CC1CNCN1)C(O)N1CCC[C@H]1C(=O)N[C@@H](CCCC[NH3+])C(=O)N1CC(O)CC1C(O)N[C@@H](CC(N)=O)C(=O)N[C@@H](CO)C(=O)N[C@@H](Cc1ccccc1)C(=O)N[C@@H](Cc1c[nH]c2ccccc12)C(=O)N[C@H](C=O)[C@@H](C)O,0,-0.37332782,2
CC[C@H](C)[C@H](NC(=O)CNC(=O)[C@H](CO)NC(=O)[C@@H](NC(=O)[C@H](CC(C)C)NC(=O)[C@H](CCCNC(N)=[NH2+])NC(=O)CNC(=O)[C@@H](NC(=O)[C@@H](NC(=O)[C@@H]1CCCN1C(=O)[C@H](CC(C)C)NC(=O)[C@@H](N)Cc1ccccc1)[C@@H](C)CC)C(C)C)[C@@H](C)CC)C(=O)N[C@@H](CC(C)C)C(N)=O,0,-4.6476912,2
CC[C@H](C)[C@H](NC(=O)[C@H](CC(C)C)NC(=O)[C@H](CC(N)=O)NC(=O)[C@@H](NC(=O)[C@H](CC(C)C)NC(=O)[C@@H](NC(=O)[C@@H]1CCCN1C(=O)[C@H](CC(C)C)NC(=O)[C@@H](N)Cc1ccccc1)[C@@H](C)CC)[C@@H](C)CC)C(=O)NC(CC1CNCN1)C(O)N[C@@H](CCCC[NH3+])C(=O)NCC(=O)N[C@@H](CC(C)C)C(=O)N[C@@H](CC(C)C)C(N)=O,0,-3.702876,2
CC[C@H](C)[C@@H]1NC(=O)[C@H](Cc2c[nH]c[nH+]2)NC(=O)[C@H](CCC(N)=O)NC(=O)[C@H](CC(N)=O)NC(=O)[C@H](CC(N)=O)NC(=O)CNC(=O)[C@H](C)NC(=O)[C@@H]2CSSC[C@H](NC(=O)C[NH3+])C(=O)N[C@@H](CSSC[C@@H](C(N)=O)NC1=O)C(=O)N[C@@H](CO)C(=O)N[C@@H](Cc1c[nH]c[nH+]1)C(=O)N1CCC[C@H]1C(=O)N[C@@H](C)C(=O)N2,0,-5.3713574,2
CC[C@H](C)[C@H](NC(=O)CN)C(=O)NCC(=O)N[C@@H](CCCC[NH3+])C(=O)N[C@@H](Cc1ccccc1)C(=O)N[C@@H](CC(C)C)C(=O)NC(CC1CNCN1)C(O)N[C@@H](CO)C(=O)N[C@H](C)C(=O)N[C@@H](CCCC[NH3+])C(=O)N[C@@H](CCCC[NH3+])C(=O)N[C@@H](Cc1ccccc1)C(=O)N[C@H](C)C(=O)N[C@@H](CCCC[NH3+])C(=O)N[C@@H](C)C(=O)N[C@@H](Cc1ccccc1)C(=O)N[C@H](C(=O)N[C@H](C)C(=O)N[C@@H](CCC(=O)O)C(=O)N[C@H](C(=O)N[C@@H](CCSC)C(=O)N[C@@H](CC(N)=O)C(=O)N[C@@H](CO)C(N)=O)[C@@H](C)CC)C(C)C,0,-5.0097733,2
CC(C)C[C@@H]1NC(=O)[C@H](CC(=O)O)NC(=O)[C@@H]2CCCN2C(=O)[C@H](Cc2c[nH]c[nH+]2)NC(=O)[C@H](CCCC[NH3+])NC(=O)[C@H](CC(N)=O)NC(=O)[C@H](CCCNC(N)=[NH2+])NC(=O)[C@@H]2CSSC[C@H](NC(=O)C[NH3+])C(=O)N[C@@H](CSSC[C@@H](C(N)=O)NC1=O)C(=O)N[C@@H](CO)C(=O)N[C@@H](CC(=O)O)C(=O)N1CCC[C@H]1C(=O)N1CCC[C@H]1C(=O)N2,0,-5.4896746,2
CC[C@H](C)[C@H](NC(=O)CN)C(=O)NCC(=O)NCC(=O)N[C@@H](C)C(=O)N[C@@H](CC(C)C)C(=O)N[C@@H](CC(C)C)C(=O)N[C@@H](CO)C(=O)N[C@@H](C)C(=O)NCC(=O)N[C@@H](CCCC[NH3+])C(=O)N[C@@H](C)C(=O)N[C@@H](C)C(=O)N[C@@H](CC(C)C)C(=O)N[C@@H](CCCC[NH3+])C(=O)NCC(=O)N[C@@H](CC(C)C)C(=O)N[C@@H](C)C(=O)N[C@@H](CCCC[NH3+])C(=O)N[C@H](C(=O)N[C@@H](CC(C)C)C(=O)N[C@H](C(N)=O)C(C)C)C(C)C,0,-4.255909,2
CC(C)C[C@H](NC(=O)[C@@H](NC(=O)[C@H](C)NC(=O)[C@H](CS)NC(=O)[C@@H]1CCCN1C(=O)[C@@H]1CCCN1C(=O)[C@@H](NC(=O)[C@H](CO)NC(=O)[C@H](CS)NC(=O)[C@H](CS)NC(=O)CN)[C@@H](C)O)C(C)C)C(=O)N[C@@H](C)C(=O)N[C@@H](CS)C(N)=O,0,-5.9668155,2
CC(=O)NCC(=O)N[C@@H](CCCC[NH3+])C(=O)N[C@@H](CCCC[NH3+])C(=O)N[C@@H](CC(C)C)C(=O)N[C@@H](CC(C)C)C(=O)N[C@@H](CCCC[NH3+])C(=O)N[C@@H](CCCC[NH3+])C(=O)N[C@@H](Cc1c[nH]c2ccccc12)C(=O)N[C@@H](CCCC[NH3+])C(=O)N[C@@H](CCCC[NH3+])C(=O)N[C@@H](CC(C)C)C(=O)N[C@@H](Cc1c[nH]c2ccccc12)C(=O)N[C@@H](CCCC[NH3+])C(=O)N[C@@H](CCCC[NH3+])C(=O)N[C@@H](Cc1c[nH]c2ccccc12)C(N)=O,0,-5.319453,2
CC(C)C[C@H](NC(=O)[C@H](C)NC(=O)[C@H](CCCC[NH3+])NC(=O)[C@H](CCCC[NH3+])NC(=O)[C@H](CC(C)C)NC(=O)[C@H](C)NC(=O)[C@H](CCCC[NH3+])NC(=O)[C@H](CC(C)C)NC(=O)[C@H](C)NC(=O)[C@H](CC(C)C)NC(=O)[C@H](C)NC(=O)[C@@H](N)Cc1ccccc1)C(N)=O,0,-4.1231284,2
CSCC[C@@H]1NC(=O)[C@H](CCCNC(N)=[NH2+])NC(=O)[C@H](C)NC(=O)[C@H](C)NC(=O)[C@H](Cc2c[nH]c3ccccc23)NC(=O)[C@H](CCCNC(N)=[NH2+])NC(=O)[C@H](Cc2ccccc2)NC(=O)[C@H](C)NC(=O)[C@H](CCCC[NH3+])NC(=O)[C@H](CCCNC(N)=[NH2+])NC(=O)[C@H](Cc2c[nH]c3ccccc23)NC(=O)[C@H](C)NC(=O)[C@@H]2CCCN2C(=O)[C@H](C)NC(=O)[C@H](C)NC(=O)[C@H](CCCC[NH3+])NC(=O)[C@H](CCCC[NH3+])NC(=O)[C@H](CC(C)C)NC1=O,0,-5.625624,2
CC[C@H](C)[C@H](NC(=O)[C@@H](NC(=O)CN)C(C)C)C(=O)N[C@@H](CC(=O)O)C(=O)N[C@@H](C)C(=O)N[C@@H](C)C(=O)N[C@@H](CCCC[NH3+])C(=O)N[C@@H](CCCC[NH3+])C(=O)N[C@H](C(=O)N[C@H](C(=O)N[C@@H](CC(N)=O)C(=O)N[C@H](C(=O)N[C@@H](CC(C)C)C(=O)N[C@@H](CCCC[NH3+])C(=O)N[C@@H](CC(N)=O)C(=O)N[C@@H](CC(C)C)C(=O)N1CCC[C@H]1C(N)=O)C(C)C)C(C)C)C(C)C,0,-6.199922,2
CC[C@H](C)[C@H](NC(=O)[C@H](C)NC(=O)[C@H](C)NC(=O)[C@H](CCC(=O)O)NC(=O)[C@H](CCCC[NH3+])NC(=O)CNC(=O)[C@@H](NC(=O)[C@H](CC(N)=O)NC(=O)[C@H](CCCC[NH3+])NC(=O)[C@@H](NC(=O)[C@@H](NC(=O)[C@H](CO)NC(=O)[C@H](Cc1c[nH]c2ccccc12)NC(=O)[C@H](CC(C)C)NC(=O)CN)[C@@H](C)O)[C@@H](C)CC)C(C)C)C(=O)N[C@@H](C)C(=O)N[C@@H](C)C(=O)NCC(=O)N[C@@H](CCCC[NH3+])C(=O)N[C@@H](C)C(=O)N[C@H](C(=O)N[C@@H](CC(C)C)C(=O)NCC(=O)N[C@@H](CO)C(=O)N[C@@H](CC(C)C)C(N)=O)C(C)C,0,-4.9726877,2
CC[C@H](C)[C@H](NC(=O)[C@H](CCCC[NH3+])NC(=O)[C@H](CCCC[NH3+])NC(=O)[C@H](CC(C)C)NC(=O)[C@H](CC(=O)O)NC(=O)[C@@H](NC(=O)[C@@H](N)Cc1ccccc1)C(C)C)C(=O)N[C@@H](C)C(=O)N[C@@H](CC(N)=O)C(=O)N[C@H](C(=O)N[C@H](C(=O)N[C@@H](CC(N)=O)C(=O)N[C@@H](CO)C(=O)N[C@H](C(=O)N[C@@H](Cc1ccccc1)C(=O)NCC(=O)N[C@@H](CCCC[NH3+])C(N)=O)[C@@H](C)CC)[C@@H](C)CC)[C@@H](C)CC,0,-4.876435,2
CC[C@H](C)[C@H](N)C(=O)N[C@@H](CC(C)C)C(=O)N1CCC[C@H]1C(=O)N[C@@H](CC(C)C)C(=O)N[C@@H](CCCC[NH3+])C(=O)N[C@@H](Cc1c[nH]c2ccccc12)C(=O)N1CCC[C@H]1C(=O)N[C@@H](Cc1c[nH]c2ccccc12)C(=O)N[C@@H](Cc1c[nH]c2ccccc12)C(=O)N1CCC[C@H]1C(=O)N[C@@H](Cc1c[nH]c2ccccc12)C(=O)N[C@@H](CCCNC(N)=[NH2+])C(=O)N[C@@H](CCCNC(N)=[NH2+])C(N)=O,0,-3.8171124,2
CC[C@H](C)[C@H](NC(=O)[C@H](CO)NC(=O)[C@@H]1CCCN1C(=O)[C@H](CC(C)C)NC(=O)[C@@H](NC(=O)CNC(=O)[C@H](C)NC(=O)[C@H](CC(C)C)NC(=O)[C@@H](NC(=O)[C@H](CCCC[NH3+])NC(=O)[C@H](CC(C)C)NC(=O)[C@H](C)NC(=O)[C@H](CO)NC(=O)CNC(=O)[C@@H](NC(=O)[C@@H](N)Cc1ccccc1)[C@@H](C)CC)C(C)C)C(C)C)C(=O)N[C@H](C(=O)N[C@@H](CO)C(=O)N[C@@H](Cc1c[nH]c2ccccc12)C(=O)N[C@H](C(=O)N[C@@H](CCCC[NH3+])C(=O)N[C@@H](CCC(N)=O)C(N)=O)C(C)C)C(C)C,0,-4.9019074,2
CC(C)C[C@H](NC(=O)[C@H](CCC(=O)O)NC(=O)[C@@H]1CCCN1C(=O)[C@H](C)NC(=O)[C@H](CC(N)=O)NC(=O)[C@@H](NC(=O)[C@H](CO)NC(=O)[C@H](CS)NC(=O)[C@H](C)NC(=O)[C@@H]1CCCN1C(O)C(CC1CNCN1)NC(=O)[C@H](CO)NC(=O)[C@H](CS)NC(=O)[C@H](CS)NC(=O)CN)C(C)C)C(=O)N[C@@H](CS)C(N)=O,0,-6.581001,2
CC[C@H](C)[C@H](N)C(=O)N[C@@H](CC(C)C)C(=O)N1CCC[C@H]1C(=O)N[C@H](C(=O)N[C@@H](CC(C)C)C(=O)N[C@@H](C)C(=O)N1CCC[C@H]1C(=O)N[C@@H](CC(C)C)C(=O)N[C@H](C(=O)NCC(=O)NCC(=O)N[C@@H](CC(C)C)C(=O)N[C@@H](CC(C)C)C(N)=O)[C@@H](C)CC)[C@@H](C)CC,0,-4.5402055,2
CC[C@H](C)[C@H](NC(=O)[C@H](C)NC(=O)[C@H](CCCC[NH3+])NC(=O)[C@H](CC(C)C)NC(=O)[C@H](CC(C)C)NC(=O)CNC(O)C(CC1CNCN1)NC(=O)[C@H](CC(C)C)NC(=O)[C@@H](NC(=O)[C@@H](NC(=O)[C@H](CCCC[NH3+])NC(=O)[C@H](CCCC[NH3+])NC(=O)[C@H](C)NC(=O)[C@H](CO)NC(=O)[C@H](CCCC[NH3+])NC(=O)[C@H](Cc1ccccc1)NC(=O)[C@@H](NC(=O)[C@H](CCCC[NH3+])NC(=O)[C@H](CC(C)C)NC(=O)[C@H](Cc1ccccc1)NC(=O)[C@H](CO)NC(=O)[C@H](CCCC[NH3+])NC(=O)[C@H](Cc1c[nH]c2ccccc12)NC(=O)[C@H](CCCC[NH3+])NC(C)=O)[C@@H](C)O)[C@@H](C)O)C(C)C)C(=O)N[C@@H](CO)C(=O)N[C@@H](CO)C(N)=O,0,-4.685915,2
CC[C@H](C)[C@H](NC(=O)[C@H](CCCC[NH3+])NC(=O)CNC(=O)[C@H](CC(C)C)NC(=O)[C@H](Cc1ccccc1)NC(=O)[C@H](CCCC[NH3+])NC(=O)[C@H](CO)NC(=O)[C@H](Cc1ccccc1)NC(=O)[C@H](Cc1c[nH]c2ccccc12)NC(=O)[C@H](CCC(N)=O)NC(=O)[C@@H](NC(=O)[C@@H](N)Cc1ccccc1)C(C)C)C(=O)N[C@@H](CC(C)C)C(N)=O,0,-5.2402935,2
CSCC[C@H](NC(=O)CNC(=O)[C@H](CCCNC(N)=[NH2+])NC(=O)[C@H](CO)NC(=O)[C@H](CS)NC(O)C1CC(O)CN1C(=O)[C@@H](NC(=O)CNC(O)C1CC(O)CN1C(=O)[C@H](CO)NC(=O)[C@H](CCCC[NH3+])NC(=O)[C@@H](N)CS)[C@@H](C)O)C(=O)N[C@@H](CCCNC(N)=[NH2+])C(=O)N[C@@H](CC(=O)O)C(=O)N[C@@H](CS)C(=O)N[C@@H](CS)C(=O)N[C@H](C(=O)N[C@@H](CO)C(=O)N[C@@H](CS)C(=O)N[C@@H](CC(C)C)C(=O)N[C@@H](CC(C)C)C(=O)N[C@@H](Cc1ccc(O)cc1)C(=O)N[C@@H](CO)C(=O)N[C@@H](CC(N)=O)C(=O)N[C@@H](CCCC[NH3+])C(=O)N[C@@H](CS)C(=O)N[C@@H](CCCNC(N)=[NH2+])C(=O)N[C@@H](CCCNC(N)=[NH2+])C(=O)N[C@H](C=O)Cc1ccc(O)cc1)[C@@H](C)O,0,-2.0094867,2
CC(C)C[C@@H]1NC(=O)[C@H](CC(C)C)NC(=O)[C@H](CCC(N)=O)NC(=O)[C@H](CCCNC(=N)N)NC(=O)[C@H](Cc2c[nH]cn2)NC(=O)[C@@H]2CSSC[C@@H](C(=O)N[C@@H](CC(C)C)C(=O)N[C@@H](CCCNC(=N)N)C(=O)N[C@@H](Cc3ccccc3)C(=O)N[C@H](C(N)=O)C(C)C)NC(=O)[C@H](CSSC[C@H](NC(=O)[C@@H](N)CCC(=O)O)C(=O)N2)NC1=O,0,-4.778708,2
CC(=O)N[C@@H](CCCNC(N)=[NH2+])C(=O)N[C@@H](Cc1c[nH]c2ccccc12)C(=O)N[C@@H](Cc1ccc(O)cc1)C(=O)N[C@@H](CS)C(=O)NCC(N)=O,0,-4.992142,2
CC(=O)N[C@@H](CC(C)C)C(=O)N[C@@H](CC(C)C)C(=O)N[C@@H](CCCNC(N)=[NH2+])C(=O)N[C@H](C(=O)N[C@@H](CCCC[NH3+])C(=O)N[C@@H](CCCNC(N)=[NH2+])C(N)=O)C(C)C,0,-5.820701,2
CC(C)[C@H](NC(=O)[C@@H](NC(=O)[C@H](CS)NC(=O)CNC(=O)[C@H](CS)NC(O)C1CC(O)CN1C(O)C(CC1CNCN1)NC(=O)[C@H](CS)NC(=O)[C@H](C)NC(=O)[C@H](C)NC(=O)[C@H](CC(N)=O)NC(O)C1CC(O)CN1C(=O)[C@H](Cc1ccc(O)cc1)NC(=O)[C@H](CCCC[NH3+])NC(=O)CNC(=O)[C@H](CS)NC(=O)[C@H](CS)NC(=O)CN)[C@@H](C)O)C(=O)NCC(=O)N[C@@H](CCCNC(N)=[NH2+])C(=O)N1CC(O)CC1C(O)N1CC(O)CC1C(O)N[C@@H](Cc1ccc(O)cc1)C(=O)N[C@@H](CS)C(=O)N[C@@H](CC(=O)O)C(=O)N[C@@H](CCCNC(N)=[NH2+])C(=O)N1CC(O)CC1C(O)N[C@@H](CO)C(=O)NCC(=O)NCC=O,0,-7.070428,2
CC[C@H](C)[C@H](NC(=O)[C@@H](N)CCC(N)=O)C(=O)N1CCC[C@H]1C(=O)N[C@@H](Cc1c[nH]c2ccccc12)C(=O)N[C@@H](Cc1ccccc1)C(=O)NC(CC1CNCN1)C(O)N[C@@H](CCCNC(N)=[NH2+])C(N)=O,0,-4.289351,2
CC(C)C[C@H](NC(=O)[C@H](CC(C)C)NC(=O)[C@@H](CCCC[NH3+])NC(=O)[C@H](CC(C)C)NC(=O)[C@H](CC(C)C)NC(=O)[C@H](CCCC[NH3+])NC(=O)[C@@H](CCCC[NH3+])NC(=O)[C@@H](CC(C)C)NC(=O)[C@H](CC(C)C)NC(=O)[C@@H](CCCC[NH3+])NC(=O)[C@H](CCCC[NH3+])NC(=O)[C@H](CC(C)C)NC(=O)[C@@H](CC(C)C)NC(=O)[C@H](CCCC[NH3+])NC(=O)[C@@H](N)CC(C)C)C(N)=O,0,-3.0200148,2
CC[C@H](C)[C@H](NC(=O)[C@H](CCCC[NH3+])NC(=O)[C@H](CCCC[NH3+])NC(=O)[C@H](Cc1ccccc1)NC(=O)[C@H](CC(C)C)NC(=O)[C@H](CCCC[NH3+])NC(=O)[C@@H](N)CC(C)C)C(=O)N[C@@H](CC(C)C)C(=O)N[C@@H](CCCC[NH3+])C(=O)N[C@@H](Cc1ccc(O)cc1)C(=O)N[C@@H](CC(C)C)C(N)=O,0,-3.2597914,2
CC[C@H](C)[C@H](N)C(=O)N[C@@H](CC(N)=O)C(=O)N[C@@H](Cc1c[nH]c2ccccc12)C(=O)N[C@@H](CC(C)C)C(=O)N[C@@H](CCCC[NH3+])C(=O)N[C@@H](CC(C)C)C(=O)NCC(=O)N[C@@H](CCCC[NH3+])C(=O)N[C@@H](CCCC[NH3+])C(=O)N[C@H](C(=O)N[C@@H](CC(C)C)C(=O)NCC(=O)N[C@@H](C)C(=O)N[C@H](C(N)=O)[C@@H](C)CC)[C@@H](C)CC,0,-3.2579498,2
C[C@H](NC(=O)[C@H](C)NC(=O)[C@H](Cc1ccccc1)NC(=O)[C@H](C)NC(=O)[C@H](C)NC(=O)[C@H](CCCNC(N)=[NH2+])NC(=O)[C@H](CCCNC(N)=[NH2+])NC(=O)[C@@H](N)CCCNC(N)=[NH2+])C(=O)N[C@@H](Cc1c[nH]c2ccccc12)C(=O)N[C@@H](C)C(=O)N[C@@H](C)C(=O)N[C@@H](Cc1ccccc1)C(=O)N[C@@H](C)C(=O)N[C@@H](C)C(=O)N[C@@H](CCCNC(N)=[NH2+])C(=O)N[C@@H](CCCNC(N)=[NH2+])C(=O)N[C@@H](CCCNC(N)=[NH2+])C(N)=O,0,3.2403085,2
CC(C)C[C@H](NC(=O)[C@H](CC(N)=O)NC(=O)[C@H](CO)NC(O)C(CC1CNCN1)NC(=O)[C@H](CCC(=O)O)NC(=O)[C@H](C)NC(O)C(CC1CNCN1)NC(=O)[C@H](CS)NC(=O)[C@@H](NC(=O)[C@@H]1CCCN1C(=O)[C@H](CC(N)=O)NC(=O)[C@H](CO)NC(=O)[C@H](CS)NC(=O)[C@H](CS)NC(=O)CN)C(C)C)C(=O)N[C@@H](CS)C(N)=O,0,-6.793633,2
CC[C@H](C)[C@H](NC(=O)[C@@H](N)CCCNC(N)=[NH2+])C(=O)N[C@@H](CC(C)C)C(=O)N[C@@H](CCCNC(N)=[NH2+])C(=O)NCC(N)=O,0,-0.26253095,2
CC[C@H](C)[C@H](NC(=O)CN)C(=O)NCC(=O)NCC(=O)N[C@@H](CCCC[NH3+])C(=O)N[C@H](C(=O)N[C@@H](CC(C)C)C(=O)NCC(=O)NCC(=O)N[C@@H](CC(C)C)C(=O)N[C@@H](CCCC[NH3+])C(=O)N[C@H](C(=O)N[C@@H](C)C(=O)N[C@@H](CC(C)C)C(=O)N[C@@H](CCCC[NH3+])C(=O)NCC(=O)N[C@@H](C)C(=O)N[C@@H](C)C(=O)N[C@@H](CCCC[NH3+])C(=O)N[C@@H](CCC(=O)O)C(=O)N[C@@H](CC(C)C)C(=O)N[C@@H](C)C(=O)N[C@@H](CO)C(=O)N[C@H](C(=O)N[C@@H](Cc1ccc(O)cc1)C(=O)N[C@@H](CC(C)C)C(=O)NC(CC1CNCN1)C(N)O)[C@@H](C)O)[C@@H](C)O)[C@@H](C)CC,0,-3.8033013,2
CC[C@H](C)[C@H](NC(=O)[C@H](CCC(N)=O)NC(=O)[C@@H]1CCCN1C(=O)[C@H](CC(N)=O)NC(O)C(CC1CNCN1)NC(=O)[C@@H](NC(=O)[C@@H](NC(=O)[C@H](CS)NC(=O)[C@@H](NC(=O)[C@@H]1CCCN1C(=O)[C@H](CC(N)=O)NC(=O)[C@H](CO)NC(=O)[C@H](CS)NC(=O)[C@H](CS)NC(=O)[C@@H]1CCCN1C(=O)[C@H](CC(=O)O)NC(O)C(N)CCCNC(N)N(C)C)C(C)C)[C@@H](C)O)C(C)C)C(=O)N[C@@H](CS)C(N)=O,0,-5.2865844,2
CC[C@H](C)[C@H](NC(=O)CN)C(=O)NCC(=O)N[C@@H](CCCC[NH3+])C(=O)N[C@@H](Cc1ccccc1)C(=O)N[C@@H](CC(C)C)C(=O)NC(CC1CNCN1)C(O)N[C@@H](CCCC[NH3+])C(=O)N[C@H](C(=O)NCC(=O)N[C@@H](CO)C(=O)N[C@@H](Cc1ccccc1)C(=O)N[C@H](C(=O)N[C@@H](CCCC[NH3+])C(=O)N[C@@H](CO)C(=O)N[C@@H](Cc1c[nH]c2ccccc12)C(=O)N[C@@H](CCCC[NH3+])C(=O)NCC(=O)N[C@@H](CCC(=O)O)C(=O)N[C@H](C(=O)N[C@@H](CCSC)C(=O)N[C@@H](CC(N)=O)C(=O)N[C@@H](CO)C(N)=O)[C@@H](C)CC)[C@@H](C)CC)C(C)C,0,-6.0812993,2
CCCCC(NC(=O)[C@@H](NC(=O)[C@H](CCCC[NH3+])NC(=O)[C@@H]1CCCN1C(=O)[C@H](CC(C)C)NC(=O)[C@H](CO)NC(=O)[C@H](CCCC[NH3+])NC(=O)[C@H](CCCC[NH3+])NC(=O)[C@H](CC(C)C)NC(=O)[C@H](CO)NC(=O)[C@H](CO)NC(=O)[C@H](CC(C)C)NC(=O)[C@H](Cc1ccccc1)NC(=O)CN)C(C)C)C(O)N[C@@H](C)C(=O)NC(CC1CNCN1)C(O)NC(CCCC)C(O)N[C@@H](CCCC[NH3+])C(N)=O,0,-6.228487,2
CC(C)C[C@@H]1NC(=O)[C@H](CCCC[NH3+])NC(=O)[C@H](C(C)C)NC(=O)[C@@H]2CCCN2C(=O)[C@@H](Cc2ccc(O)cc2)NC(=O)[C@H](CC(C)C)NC(=O)[C@H](CCCC[NH3+])NC(=O)[C@H](C(C)C)NC(=O)[C@H](CCCC[NH3+])NC(=O)[C@H](CC(C)C)NC(=O)[C@H]2CCCN2C(=O)[C@@H](Cc2ccc(O)cc2)NC(=O)[C@H](C(C)C)NC(=O)[C@H](CCCC[NH3+])NC1=O,0,-6.406679,2
CC[C@H](C)[C@H](NC(=O)[C@H](CCCC[NH3+])NC(=O)[C@H](CCCC[NH3+])NC(=O)[C@H](CCC(N)=O)NC(=O)CN)C(=O)N[C@@H](CCCNC(N)=[NH2+])C(=O)N[C@H](C(=O)N[C@@H](CCCNC(N)=[NH2+])C(=O)N[C@@H](CC(C)C)C(=O)N[C@@H](CO)C(N)=O)C(C)C,0,-4.2200437,2
CC[C@H](C)[C@H](NC(=O)[C@H](CCCC[NH3+])NC(=O)CNC(=O)[C@@H](NC(=O)[C@H](CC(C)C)NC(O)C(CC1CNCN1)NC(=O)[C@H](C)NC(=O)[C@H](CC(C)C)NC(=O)[C@H](CC(C)C)NC(=O)[C@H](CC(=O)O)NC(=O)[C@H](CCCC[NH3+])NC(=O)CNC(=O)[C@H](C)NC(=O)CNC(=O)[C@H](CCCC[NH3+])NC(=O)[C@H](CC(C)C)NC(=O)[C@@H](NC(=O)[C@H](CC(=O)O)NC(=O)[C@@H](NC(=O)[C@@H](NC(=O)CN)C(C)C)C(C)C)[C@@H](C)CC)C(C)C)C(=O)N[C@@H](CO)C(=O)N[C@@H](CCC(=O)O)C(=O)N[C@@H](CCCC[NH3+])C(=O)N[C@H](C(N)=O)C(C)C,0,-4.302111,2
CC[C@H](C)[C@@H]1NC(=O)[C@H](CCCNC(=N)N)NC(=O)CNC(=O)[C@@H]2CSSC[C@@H](C(=O)N3CCC[C@H]3C(=O)N[C@@H](CCC(=O)O)C(=O)N[C@H](C(=O)N[C@H](C(=O)N[C@@H](CS)C(=O)N3CCC[C@H]3C(=O)N[C@@H](CCCCN)C(=O)N[C@@H](CC(N)=O)C(=O)O)C(C)C)C(C)C)NC(=O)[C@H]([C@@H](C)CC)NC(=O)[C@H](CS)NC(=O)[C@H](CCCNC(=N)N)NC(=O)[C@H](CO)NC(=O)[C@H](CSSC[C@H](NC(=O)[C@H](CCC(=O)O)NC(=O)[C@@H](NC(=O)[C@H](Cc3c[nH]c4ccccc34)NC(=O)[C@H](Cc3ccc(O)cc3)NC(=O)[C@H](CCC(N)=O)NC(=O)[C@@H]3CCCN3C(=O)[C@@H](NC(=O)[C@H](CC(C)C)NC(=O)[C@H](CC(=O)O)NC(=O)[C@H](CC(N)=O)NC(=O)[C@@H](N)CC(C)C)C(C)C)[C@@H](C)O)C(=O)N2)NC(=O)[C@H](Cc2c[nH]cn2)NC(=O)[C@@H]2CCCN2C(=O)CNC1=O,0,-4.743033,2
CC(C)C[C@H](NC(=O)[C@H](Cc1ccccc1)NC(=O)[C@H](C)NC(=O)CNC(=O)[C@H](Cc1c[nH]c2ccccc12)NC(=O)[C@H](CC(N)=O)NC(=O)[C@@H](N)CC(C)C)C(=O)N[C@@H](CCCC[NH3+])C(=O)NC(CC1CNCN1)C(O)N[C@@H](Cc1ccccc1)C(=O)N[C@@H](Cc1ccccc1)C(=O)N[C@@H](CCCC[NH3+])C(N)=O,0,-5.6153455,2
CC[C@H](C)[C@H](N)C(=O)N[C@@H](CC(N)=O)C(=O)N[C@@H](Cc1c[nH]c2ccccc12)C(=O)N[C@@H](CCCC[NH3+])C(=O)N[C@@H](CCCC[NH3+])C(=O)N[C@H](C(=O)N[C@@H](C)C(=O)N[C@@H](CO)C(=O)N[C@H](C(=O)NCC(=O)N[C@@H](CCCC[NH3+])C(=O)N[C@@H](CCC(=O)O)C(=O)N[C@H](C(=O)N[C@@H](CC(C)C)C(=O)N[C@@H](CCCC[NH3+])C(=O)N[C@@H](C)C(=O)N[C@@H](CC(C)C)C(N)=O)C(C)C)[C@@H](C)CC)[C@@H](C)CC,0,-5.4533124,2
CC[C@H](C)[C@H](NC(=O)[C@H](CCC(=O)O)NC(=O)[C@@H]1CCCN1C(O)C(CC1CNCN1)NC(=O)[C@H](CC(=O)O)NC(=O)[C@H](Cc1ccc(O)cc1)NC(=O)[C@H](CC(N)=O)NC(=O)[C@H](CS)NC(=O)[C@H](CCCNC(N)=[NH2+])NC(=O)[C@@H]1CCCN1C(=O)[C@H](CC(=O)O)NC(=O)[C@H](CO)NC(=O)[C@H](CS)NC(=O)[C@H](CS)NC(=O)[C@H](C)N)C(=O)N[C@@H](CS)C(N)=O,0,-5.780592,2
CC[C@H](C)[C@H](NC(=O)[C@H](CCC(=O)O)NC(=O)[C@@H]1CCCN1C(O)C(CC1CNCN1)NC(=O)[C@H](CC(=O)O)NC(=O)[C@H](Cc1ccc(O)cc1)NC(=O)[C@H](C)NC(=O)[C@H](CS)NC(=O)[C@H](CCCNC(N)=[NH2+])NC(=O)[C@@H]1CCCN1C(=O)[C@H](CC(=O)O)NC(=O)[C@H](CO)NC(=O)[C@H](CS)NC(=O)[C@H](CS)NC(=O)CN)C(=O)N[C@@H](CS)C(N)=O,0,-6.16261,2
CC[C@H](C)[C@H](NC(=O)[C@@H](NC(=O)[C@@H]1CCCN1C(=O)[C@@H](NC(=O)[C@@H](NC(=O)[C@H](CCCNC(N)=[NH2+])NC(=O)[C@@H]1CCCN1C(=O)[C@@H](NC(=O)[C@@H](NC(O)C(CC1CNCN1)NC(=O)[C@H](CCCC[NH3+])NC(=O)[C@H](C)NC(=O)[C@@H](NC(=O)[C@H](CO)NC(=O)CNC(=O)[C@H](CC(C)C)NC(=O)[C@@H](NC(=O)[C@H](CO)NC(=O)[C@H](Cc1ccccc1)NC(=O)[C@H](CC(C)C)NC(=O)CN)C(C)C)C(C)C)C(C)C)C(C)C)C(C)C)C(C)C)C(C)C)C(=O)N[C@@H](C)C(=O)N[C@@H](CCC(=O)O)C(=O)NC(CC1CNCN1)C(O)N[C@@H](CC(C)C)C(N)=O,0,-5.1676993,2
CC(C)[C@H](NC(=O)[C@H](CCCC[NH3+])NC(=O)[C@@H](NC(=O)[C@H](CCCC[NH3+])NC(=O)[C@@H](NC(=O)[C@H](CCCC[NH3+])NC(=O)[C@@H](NC(=O)[C@@H]1CCCN1C(=O)[C@H]1CCCN1C(=O)[C@@H](NC(=O)[C@H](CCCC[NH3+])NC(=O)[C@@H](NC(=O)[C@H](CCCC[NH3+])NC(=O)[C@@H](NC(=O)[C@H](CCCC[NH3+])NC(=O)[C@@H](NC(=O)[C@@H](N)CCCC[NH3+])C(C)C)C(C)C)C(C)C)C(C)C)[C@@H](C)O)C(C)C)C(C)C)C(=O)N[C@@H](CCCC[NH3+])C(N)=O,0,-4.5103908,2
CC(C)C[C@H](NC(=O)[C@H](CC(C)C)NC(=O)[C@H](CCCC[NH3+])NC(=O)CNC(=O)[C@H](CC(C)C)NC(=O)[C@H](CC(C)C)NC(=O)[C@H](CO)NC(=O)[C@H](C)NC(=O)[C@H](Cc1ccccc1)NC(=O)[C@H](Cc1ccccc1)NC(=O)[C@@H]1CCCN1C(=O)[C@H](CC(C)C)NC(=O)[C@@H](N)Cc1ccccc1)C(N)=O,0,-5.2179785,2
C[C@H](NC(=O)[C@H](Cc1ccc(O)cc1)NC(=O)[C@H](CC(N)=O)NC(=O)[C@H](CCCC[NH3+])NC(=O)CNC(=O)[C@H](CS)NC(=O)[C@H](C)NC(=O)[C@@H]1CCCN1C(O)C(CC1CNCN1)NC(=O)[C@H](CS)NC(=O)[C@H](CS)NC(=O)[C@H](CCCNC(N)=[NH2+])NC(=O)CN)C(=O)N[C@@H](CS)C(N)=O,0,-7.3514123,2
CC(C)C[C@H]1NC(=O)[C@@H](C(C)C)NC(=O)[C@@H]2CCCN2C(=O)[C@@H](CC(=O)O)NC(=O)[C@@H](Cc2c[nH]c3ccccc23)NC1=O,0,-6.5419035,2
CC[C@H](C)[C@@H]1NC(=O)CNC(=O)[C@H](CCCNC(N)=[NH2+])NC(=O)[C@H](Cc2ccc(O)cc2)NC(=O)[C@@H]2CSSC[C@H](NC1=O)C(=O)N[C@@H](Cc1ccc(O)cc1)C(=O)N[C@@H](CCCNC(N)=[NH2+])C(=O)N[C@@H](CCCNC(N)=[NH2+])C(=O)N[C@H](C(=O)N[C@@H](CCCNC(N)=[NH2+])C(=O)O)CSSC[C@H](NC(=O)[C@H](Cc1c[nH]c3ccccc13)NC(=O)[C@@H]([NH3+])CCCC[NH3+])C(=O)N[C@@H](Cc1ccccc1)C(=O)N[C@@H](CCCNC(N)=[NH2+])C(=O)N[C@@H](C(C)C)C(=O)N2,0,-3.5520754,2
CC[C@H](C)[C@H](NC(=O)[C@H](CO)NC(=O)[C@H](C)NC(=O)[C@@H]1CCCN1C(=O)[C@H](CC(C)C)NC(=O)CN)C(=O)N[C@@H](CO)C(=O)N[C@@H](Cc1c[nH]c2ccccc12)C(=O)N[C@H](C(=O)N[C@@H](CCCC[NH3+])C(=O)N[C@@H](CCCNC(N)=[NH2+])C(=O)N[C@@H](CCCC[NH3+])C(=O)N[C@@H](CCCNC(N)=[NH2+])C(=O)N[C@@H](CCC(N)=O)C(=O)N[C@@H](CCC(N)=O)C(N)=O)[C@@H](C)CC,0,-3.188169,2
CC[C@H](C)[C@H](NC(=O)[C@H](CC(C)C)NC(=O)[C@@H]1CCCN1C(=O)[C@H](CC(C)C)NC(=O)[C@@H](N)C(C)C)C(=O)N[C@@H](CO)C(=O)N[C@@H](CCSC)C(=O)N[C@@H](C)C(=O)N[C@@H](CC(C)C)C(=O)NCC(=O)N[C@@H](CCCC[NH3+])C(=O)N[C@@H](CC(C)C)C(=O)N[C@@H](CC(C)C)C(N)=O,0,-4.509195,2
C[C@H](NC(=O)CNC(=O)[C@H](CS)NC(=O)[C@H](C)NC(=O)[C@@H]1CCCN1C(=O)[C@H](CC(N)=O)NC(=O)[C@H](CS)NC(=O)[C@H](CS)NC(=O)[C@@H](N)CCC(=O)O)C(=O)NC(CC1CNCN1)C(O)N[C@@H](Cc1ccc(O)cc1)C(=O)N[C@@H](CO)C(=O)N[C@@H](CS)C(N)=O,0,-7.1535983,2
CC[C@H](C)[C@H](NC(=O)[C@H](Cc1c[nH]c2ccccc12)NC(=O)[C@H](CS)NC(=O)[C@H](CS)NC(=O)[C@@H](N)CC(C)C)C(=O)NC(CC1CNCN1)C(O)N[C@@H](Cc1c[nH]c2ccccc12)C(=O)N[C@@H](CS)C(=O)NC(CC1CNCN1)C(O)N[C@@H](C)C(=O)N[C@@H](CCCNC(N)=[NH2+])C(=O)N[C@@H](CS)C(=O)N[C@H](C(=O)N[C@@H](CS)C(=O)N[C@@H](CS)C(N)=O)[C@@H](C)O,0,-7.250609,2
CC(C)C[C@@H]1NC(O)C(CCC[NH3+])NC(=O)[C@H](C(C)C)NC(=O)[C@@H]2CCCN2C(O)C(CC2CCCC3CCCCC32)NC(=O)[C@H](CC(C)C)NC(O)C(CCC[NH3+])NC(=O)[C@H](C(C)C)NC(=O)[C@@H]2CCCN2C(O)C(CC2CCCC3CCCCC32)NC1=O,0,-5.7562184,2
NC(=O)[C@H](Cc1c[nH]c2ccccc12)NC(O)C(CC1CNCN1)NC(=O)[C@H](CS)NC(=O)[C@H](CS)NC(=O)[C@H](CCC(=O)O)NC(=O)[C@H](Cc1ccccc1)NC=O,0,-6.7227263,2
CC(C)C[C@H](NC(=O)[C@H](C)NC(=O)[C@H](CCCC[NH3+])NC(=O)[C@H](CCCC[NH3+])NC(=O)[C@H](C)NC(=O)CNC(=O)[C@H](CCCC[NH3+])NC(=O)[C@H](CC(C)C)NC(=O)[C@H](CC(C)C)NC(=O)[C@H](CC(=O)O)NC(=O)[C@H](CCCC[NH3+])NC(=O)[C@H](Cc1ccccc1)NC(=O)CN)C(=O)N[C@H](C(=O)N[C@@H](CCCC[NH3+])C(=O)N[C@H](C(=O)N[C@H](C(=O)N[C@@H](CC(C)C)C(=O)N[C@@H](Cc1ccccc1)C(N)=O)C(C)C)[C@@H](C)O)C(C)C,0,-6.084137,2
CC[C@H](C)[C@H](NC(=O)[C@H](CC(C)C)NC(O)C(CC1CNCN1)NC(=O)CNC(=O)[C@H](CC(C)C)NC(=O)[C@@H](NC(=O)[C@H](CCCC[NH3+])NC(=O)[C@H](CO)NC(=O)[C@H](Cc1c[nH]c2ccccc12)NC(=O)[C@H](CCSC)NC(=O)CN)[C@@H](C)CC)C(=O)N[C@@H](CCCC[NH3+])C(N)=O,0,-5.88138,2
CC[C@H](C)[C@H](NC(=O)[C@H](CCCNC(N)=[NH2+])NC(=O)[C@H](CS)NC(=O)[C@H](Cc1c[nH]c2ccccc12)NC(=O)[C@H](Cc1c[nH]c2ccccc12)NC(=O)[C@H](CCCNC(N)=[NH2+])NC(=O)[C@H](CCCNC(N)=[NH2+])NC(C)=O)C(N)=O,0,-5.2732997,2
CSCC[C@@H]1NC(=O)[C@H](CCCNC(N)=[NH2+])NC(=O)[C@H](Cc2c[nH]c3ccccc23)NC(=O)[C@H](C)NC(=O)[C@H](C)NC(=O)[C@H](CCCNC(N)=[NH2+])NC(=O)[C@H](Cc2ccccc2)NC(=O)[C@H](C)NC(=O)[C@H](CCCC[NH3+])NC(=O)[C@H](CCCNC(N)=[NH2+])NC(=O)[C@H](Cc2c[nH]c3ccccc23)NC(=O)[C@H](C)NC(=O)[C@H]2CCCN2C(=O)[C@@H](C)NC(=O)[C@H](C)NC(=O)[C@H](CCCC[NH3+])NC(=O)[C@H](CCCC[NH3+])NC(=O)[C@H](CC(C)C)NC1=O,0,-5.6956153,2
CC[C@H](C)[C@H]([NH3+])C(=O)N[C@H](C(=O)NCC(=O)N1CCC[C@H]1C(=O)N[C@H](C(=O)N[C@@H](CC(C)C)C(=O)NCC(=O)N[C@@H](CC(C)C)C(=O)N[C@H](C(=O)NCC(=O)N[C@@H](CO)C(=O)N[C@@H](C)C(=O)N[C@@H](CC(C)C)C(=O)NCC(=O)NCC(=O)N[C@@H](CC(C)C)C(=O)N[C@@H](CC(C)C)C(=O)N[C@@H](CCCC[NH3+])C(=O)N[C@@H](CCCC[NH3+])C(=O)N[C@H](C(=O)O)[C@@H](C)CC)C(C)C)C(C)C)[C@@H](C)CC,0,-5.7613792,2
CC[C@H](C)[C@H](NC(=O)[C@H](CCCC[NH3+])NC(=O)[C@H](Cc1ccc(O)cc1)NC(=O)CNC(O)C(CC1CNCN1)NC(O)C(CC1CNCN1)NC(=O)[C@H](CCCNC(N)=[NH2+])NC(=O)[C@H](CCCC[NH3+])NC(=O)[C@H](C)NC(O)C(CC1CNCN1)NC(=O)[C@H](CO)NC(=O)[C@@H](N)CC(=O)O)C(=O)N[C@@H](CCCC[NH3+])C(=O)N[C@@H](Cc1ccccc1)C(=O)NC(CC1CNCN1)C(O)N[C@@H](CCC(=O)O)C(=O)N[C@@H](CC(N)=O)C(=O)NC(CC1CNCN1)C(O)NC(CC1CNCN1)C(O)N[C@@H](CO)C(=O)NC(CC1CNCN1)C(O)N[C@@H](CCCNC(N)=[NH2+])C(=O)NCC(=O)N[C@@H](Cc1ccc(O)cc1)C(N)=O,0,-3.99966,2
CC[C@@H](C)[C@H]1NC(=O)[C@H]2CCCN2C(=O)[C@H](Cc2c[nH]c3ccccc23)NC(=O)[C@H](CO)NC(=O)[C@@H](CS)NC(=O)[C@H]([C@@H](C)O)NC(=O)[C@@H](CS)NC(=O)CNC(=O)[C@H](CCC(N)=O)NC(=O)[C@H]([C@@H](C)O)NC(=O)[C@H](Cc2ccc(O)cc2)NC(=O)[C@H](CS)NC(=O)[C@H]([C@@H](C)O)NC(=O)CNC(=O)[C@H](CC(C)C)NC(=O)[C@H]([C@@H](C)O)NC(=O)[C@H](CS)NC(=O)[C@H]([C@@H](C)O)NC(=O)[C@H](CCC(=O)O)NC(=O)CNC(=O)[C@H](CS)NC(=O)[C@H](C(C)C)NC(=O)[C@@H]2CCCN2C(=O)[C@H](CC(C)C)NC(=O)CNC(=O)[C@H](CC(N)=O)NC(=O)[C@H](CCCNC(N)=[NH2+])NC(=O)[C@H](CCCC[NH3+])NC(=O)[C@H](CS)NC1=O,0,-6.276463,2
CC(C)C[C@H](NC(=O)[C@H](CCC(=O)O)NC(O)C1CC(O)CN1C(O)C(CC1CNCN1)NC(=O)[C@H](CC(N)=O)NC(=O)[C@@H](NC(=O)[C@H](CO)NC(=O)[C@H](CS)NC(=O)[C@H](C)NC(=O)[C@@H]1CCCN1C(O)C(CC1CNCN1)NC(=O)[C@H](CO)NC(=O)[C@H](CS)NC(=O)[C@H](CS)NC(=O)CN)C(C)C)C(=O)N[C@H](C=O)CS,0,-2.1581826,2
CC(C)C[C@H](NC(=O)[C@H](CCCC[NH3+])NC(=O)[C@H](CCCNC(N)=[NH2+])NC(=O)[C@H](Cc1ccccc1)NC(=O)[C@H](Cc1ccccc1)NC(=O)[C@H](CCCC[NH3+])NC(=O)[C@H](CCCC[NH3+])NC(=O)[C@H](Cc1ccccc1)NC(=O)[C@H](CCCNC(N)=[NH2+])NC(=O)[C@H](CCCC[NH3+])NC(=O)[C@@H](N)C(C)C)C(=O)N[C@@H](CCCC[NH3+])C(=O)N[C@@H](CCCC[NH3+])C(=O)N[C@@H](CCCC[NH3+])C(=O)N[C@H](C(N)=O)C(C)C,1,1.7326319,3
NC(=[NH2+])NCCC[C@H](NC(=O)[C@H](CCCNC(N)=[NH2+])NC(=O)[C@H](CCCNC(N)=[NH2+])NC(=O)[C@H](CCC(N)=O)NC(=O)[C@H](CCCNC(N)=[NH2+])NC(=O)[C@H](CCCNC(N)=[NH2+])NC(=O)[C@H](CCCC[NH3+])NC(=O)[C@H](CCCC[NH3+])NC(=O)[C@@H](N)CCCNC(N)=[NH2+])C(=O)NCC(=O)NCC(=O)NCC(N)=O,1,5.335438,3
CNCCC[C@H](NC(=O)[C@H](CCCNC)NC(=O)[C@H](CCCNC)NC(=O)[C@H](CCCNC)NC(=O)[C@H](CCCNC)NC(=O)[C@H](CCCNC)NC(=O)[C@H](CCCNC)NC(O)C(C)CN)C(N)=O,1,-2.5476506,3
CC(C)C[C@H](NC(=O)[C@H](CC(C)C)NC(=O)[C@H](C)NC(=O)[C@H](C)NC(=O)[C@H](C)NC(=O)[C@H](CC(C)C)NC(=O)[C@H](CCCC[NH3+])NC(=O)[C@H](CCCC[NH3+])NC(=O)[C@H](Cc1c[nH]c2ccccc12)NC(=O)[C@H](CCCC[NH3+])NC(=O)[C@H](CCCC[NH3+])NC(=O)[C@H](CC(C)C)NC(=O)[C@H](CC(C)C)NC(=O)[C@H](C)NC(=O)[C@H](C)NC(=O)[C@H](C)NC(=O)[C@H](CC(C)C)NC(=O)[C@@H](N)CCCC[NH3+])C(N)=O,1,-0.6930189,3
CC[C@H](C)[C@H](NC(=O)[C@H](CC(C)C)NC(=O)[C@@H](NC(=O)[C@H](CCCNC(N)=[NH2+])NC(=O)[C@H](Cc1ccccc1)NC(=O)[C@@H](NC(=O)[C@@H](NC(=O)[C@@H](N)CC(C)C)[C@@H](C)CC)[C@@H](C)CC)[C@@H](C)CC)C(=O)N[C@@H](CO)C(=O)NC(CC1CNCN1)C(O)NC(CC1CNCN1)C(O)NC(CO)CC1CNCN1,1,3.0490134,3
CC[C@H](C)[C@H](NC(=O)[C@H](CCCNC(N)=[NH2+])NC(=O)[C@H](CCCNC(N)=[NH2+])NC(=O)[C@H](CCCNC(N)=[NH2+])NC(=O)[C@H](CC(C)C)NC(=O)[C@@H](NC(=O)[C@@H](NC(=O)[C@H](CC(C)C)NC(=O)[C@H](C)N)[C@@H](C)CC)[C@@H](C)CC)C(=O)N[C@@H](CCCNC(N)=[NH2+])C(=O)N[C@@H](CCCC[NH3+])C(=O)N[C@@H](CCC(N)=O)C(=O)N[C@@H](C)C(=O)NC(CC1CNCN1)C(O)N[C@@H](C)C(=O)NC(CC1CNCN1)C(O)N[C@@H](CO)C(=O)N[C@H](C=O)CCCC[NH3+],1,9.65751,3
CC[C@H](C)[C@H](NC(=O)[C@H](CCCC[NH3+])NC(=O)[C@H](CCCC[NH3+])NC(=O)[C@H](C)NC(=O)[C@H](CC(C)C)NC(=O)[C@H](C)NC(=O)[C@H](C)NC(=O)[C@H](CC(C)C)NC(=O)[C@H](C)NC(=O)[C@H](CCCC[NH3+])NC(=O)[C@H](CC(C)C)NC(=O)[C@H](CC(N)=O)NC(=O)[C@@H](NC(=O)[C@H](CCCC[NH3+])NC(=O)CNC(=O)[C@H](CC(C)C)NC(=O)[C@H](CC(C)C)NC(=O)[C@H](Cc1ccc(O)cc1)NC(=O)CNC(=O)[C@H](C)N)[C@@H](C)CC)C(=O)N[C@H](C=O)CC(C)C,1,7.454935,3
C[C@H](N)C(=O)N[C@@H](CS)C(=O)N[C@@H](CCCNC(N)=[NH2+])C(=O)NCC(=O)N[C@@H](CCCNC(N)=[NH2+])C(=O)NCC(=O)N[C@@H](CCCNC(N)=[NH2+])C(=O)NCC(=O)N[C@@H](CS)C(=O)NCC(=O)N[C@@H](CO)C(=O)NCC(=O)N[C@@H](CO)C(=O)N[C@@H](CCCNC(N)=[NH2+])C(=O)N[C@@H](CO)C(=O)N[C@@H](CS)C(=O)NCC=O,1,4.6791677,3
CC[C@H](C)[C@H](NC(=O)[C@H](C)NC(=O)[C@@H](NC(=O)[C@H](CCC(N)=O)NC(=O)[C@@H](N)CCCNC(N)=[NH2+])[C@@H](C)CC)C(=O)N[C@@H](Cc1c[nH]c2ccccc12)C(=O)N[C@@H](Cc1ccccc1)C(=O)N[C@@H](CCC(N)=O)C(=O)N[C@@H](CC(N)=O)C(=O)N[C@@H](CCCNC(N)=[NH2+])C(=O)N[C@@H](CCCNC(N)=[NH2+])C(=O)N[C@@H](CCSC)C(=O)N[C@@H](CCCC[NH3+])C(=O)N[C@@H](Cc1c[nH]c2ccccc12)C(=O)N[C@@H](CCCC[NH3+])C(=O)N[C@H](C=O)CCCC[NH3+],1,8.446151,3
NCC(=O)N[C@@H](CCCNC(N)=[NH2+])C(=O)N[C@@H](CCCC[NH3+])C(=O)N[C@@H](CCCC[NH3+])C(=O)N[C@@H](CCCNC(N)=[NH2+])C(=O)N[C@@H](CCCNC(N)=[NH2+])C(=O)N[C@@H](CCC(N)=O)C(=O)N[C@@H](CCCNC(N)=[NH2+])C(=O)N[C@@H](CCCNC(N)=[NH2+])C(=O)N[C@@H](CCCNC(N)=[NH2+])C(=O)N1CCC[C@H]1C(=O)N1CCC[C@H]1C(=O)N[C@@H](CCC(N)=O)C(=O)N[C@H](C=O)Cc1ccc(O)cc1,1,8.481837,3
CC(=O)N[C@@H](CCCNC(N)=[NH2+])C(=O)N[C@@H](CCCNC(N)=[NH2+])C(=O)N[C@@H](CCCNC(N)=[NH2+])C(=O)N[C@@H](CCCNC(N)=[NH2+])C(=O)N[C@@H](CCCNC(N)=[NH2+])C(=O)N[C@@H](CCCNC(N)=[NH2+])C(=O)N[C@@H](CCCNC(N)=[NH2+])C(=O)N[C@@H](CCCNC(N)=[NH2+])C(N)=O,1,1.3973895,3
NC(=[NH2+])NCCC[C@@H](N)C(=O)N[C@H](CCCNC(N)=[NH2+])C(=O)N[C@H](CCCNC(N)=[NH2+])C(=O)N[C@H](CCCNC(N)=[NH2+])C(=O)N[C@H](CCCNC(N)=[NH2+])C(=O)N[C@@H](C=O)CCCNC(N)=[NH2+],1,7.7111053,3
NC(=[NH2+])NCCC[C@@H](C=O)NC(=O)[C@H](CCCNC(N)=[NH2+])NC(=O)[C@H](CCCNC(N)=[NH2+])NC(=O)[C@H](CCCNC(N)=[NH2+])NC(=O)[C@H](CCCNC(N)=[NH2+])NC(=O)[C@@H](N)CCCNC(N)=[NH2+],1,7.6638174,3
CC[C@H](C)[C@H](NC(=O)[C@@H](NC(=O)[C@@H](N)Cc1c[nH]c2ccccc12)[C@@H](C)CC)C(=O)N[C@@H](Cc1ccccc1)C(=O)N[C@@H](CCCNC(N)=[NH2+])C(=O)N[C@@H](C)C(=O)N[C@@H](C)C(=O)N[C@@H](C)C(=O)N[C@@H](CO)C(=O)NC(CC1CNCN1)C(O)N[C@@H](CCCC[NH3+])C(=O)N[C@H](C=O)CCCC[NH3+],1,8.08368,3
CC(C)C[C@H](NC(=O)[C@H](CCCNC(N)=[NH2+])NC(=O)[C@H](CCC(=O)O)NC(=O)[C@H](CC(=O)O)NC(=O)[C@H](C)NC(=O)[C@@H]1CCCN1C(=O)[C@H](CS)NC(=O)[C@H](CC(N)=O)NC(=O)[C@H](CCCNC(N)=[NH2+])NC(=O)[C@H](Cc1ccccc1)NC(=O)[C@H](CCCNC(N)=[NH2+])NC(=O)[C@H](CC(=O)O)NC(=O)[C@H](CCCNC(N)=[NH2+])NC(=O)[C@H](CS)NC(=O)[C@H](C)N)C(=O)N[C@@H](CS)C(=O)NCC=O,1,2.6676226,3
CC(C)C[C@H](NC(=O)[C@H](C)NC(=O)[C@H](CCCC[NH3+])NC(=O)[C@H](CC(C)C)NC(=O)[C@H](C)NC(=O)[C@H](CC(C)C)NC(=O)[C@H](CCCC[NH3+])NC(=O)[C@H](CC(C)C)NC(=O)[C@H](C)NC(=O)[C@H](CC(C)C)NC(=O)[C@@H](N)CCCC[NH3+])C(=O)N[C@@H](CCCC[NH3+])C(=O)N[C@@H](C)C(=O)N[C@@H](C)C(=O)N[C@@H](CC(C)C)C(=O)N[C@@H](CCCC[NH3+])C(=O)N[C@@H](CC(C)C)C(=O)N[C@@H](C)C(=O)NCC(=O)N[C@H](C=O)CS,1,7.5765305,3
NC(=[NH2+])NCCC[C@H](NC(=O)[C@H](CCCNC(N)=[NH2+])NC(=O)[C@H](CCCNC(N)=[NH2+])NC(=O)[C@H](CCCNC(N)=[NH2+])NC(=O)[C@H](CCCNC(N)=[NH2+])NC(=O)[C@H](CCCNC(N)=[NH2+])NC(=O)[C@H](CCCNC(N)=[NH2+])NC(=O)[C@@H](N)CCCNC(N)=[NH2+])C(=O)NCC(=O)N[C@@H](CS)C(N)=O,1,3.643723,3
CC[C@H](C)[C@H](NC(=O)[C@H](CCCC[NH3+])NC(=O)[C@H](CCCC[NH3+])NC(=O)[C@H](C)NC(=O)[C@H](CC(C)C)NC(=O)[C@H](C)NC(=O)[C@H](C)NC(=O)[C@H](CC(C)C)NC(=O)[C@H](C)NC(=O)[C@H](CCCC[NH3+])NC(=O)[C@H](CC(C)C)NC(=O)[C@H](CC(N)=O)NC(=O)[C@@H](NC(=O)[C@H](CCCC[NH3+])NC(=O)CNC(=O)[C@H](CC(C)C)NC(=O)[C@H](CC(C)C)NC(=O)[C@H](Cc1ccc(O)cc1)NC(=O)CNC(=O)[C@H](C)NC(=O)[C@H](CO)NC(=O)[C@H](CC(N)=O)NC(=O)[C@@H](N)CC(C)C)[C@@H](C)CC)C(=O)N[C@H](C=O)CC(C)C,1,6.662592,3
CC(=O)N[C@@H](CS)C(=O)N[C@@H](Cc1c[nH]c2ccccc12)C(=O)N[C@@H](CCCC[NH3+])C(=O)N[C@@H](CCCC[NH3+])C(=O)N[C@@H](CCCC[NH3+])C(=O)N[C@@H](CCCC[NH3+])C(=O)N[C@@H](CCCC[NH3+])C(=O)N[C@@H](CCCC[NH3+])C(=O)N[C@@H](CCCC[NH3+])C(=O)N[C@@H](CCCC[NH3+])C(=O)N[C@@H](CCCC[NH3+])C(=O)N[C@@H](CCCC[NH3+])C(=O)N[C@@H](CCCC[NH3+])C(=O)N[C@@H](CCCC[NH3+])C(=O)N[C@@H](CCCC[NH3+])C(=O)N[C@@H](CCCC[NH3+])C(=O)N[C@@H](CCCC[NH3+])C(=O)N[C@@H](CCCC[NH3+])C(=O)N[C@@H](CCCC[NH3+])C(=O)N[C@H](C=O)CCCC[NH3+],1,6.9686365,3
CC[C@H](C)[C@H](NC(=O)[C@H](CCCC[NH3+])NC(=O)[C@@H](NC(=O)[C@H](CCC(N)=O)NC(=O)[C@@H]([NH3+])CCCNC(N)=[NH2+])[C@@H](C)CC)C(=O)N[C@@H](Cc1c[nH]c2ccccc12)C(=O)N[C@@H](Cc1ccccc1)C(=O)N[C@@H](CCC(N)=O)C(=O)N[C@@H](CC(N)=O)C(=O)N[C@@H](CCCNC(N)=[NH2+])C(=O)N[C@@H](CCCNC(N)=[NH2+])C(=O)N[C@@H](CCSC)C(=O)N[C@@H](CCCC[NH3+])C(=O)N[C@@H](Cc1c[nH]c2ccccc12)C(=O)N[C@@H](CCCC[NH3+])C(=O)N[C@@H](CCCC[NH3+])C(=O)O,1,4.4970875,3
C[C@H](N)C(=O)N[C@@H](CS)C(=O)N[C@@H](CCCNC(N)=[NH2+])C(=O)N[C@@H](CCCNC(N)=[NH2+])C(=O)N[C@@H](CO)C(=O)N[C@@H](CCCNC(N)=[NH2+])C(=O)N[C@@H](CCCNC(N)=[NH2+])C(=O)NCC(=O)N[C@@H](CS)C(=O)NCC(=O)N[C@@H](CCCNC(N)=[NH2+])C(=O)N[C@@H](CCCNC(N)=[NH2+])C(=O)N[C@@H](CO)C(=O)N[C@@H](CCCNC(N)=[NH2+])C(=O)N[C@@H](CCCNC(N)=[NH2+])C(=O)N[C@@H](CS)C(=O)NCC=O,1,6.5909452,3
CC(=O)N[C@@H](CCCNC(N)=[NH2+])C(=O)N[C@@H](CC(C)C)C(=O)N[C@@H](CC(C)C)C(=O)N[C@@H](CCCNC(N)=[NH2+])C(=O)N[C@@H](CC(C)C)C(=O)N[C@@H](CC(C)C)C(=O)N[C@@H](CC(C)C)C(=O)N[C@@H](CCCNC(N)=[NH2+])C(=O)N[C@@H](CC(C)C)C(=O)N[C@@H](Cc1c[nH]c2ccccc12)C(=O)N[C@@H](CCCNC(N)=[NH2+])C(=O)N[C@@H](CCCNC(N)=[NH2+])C(=O)N[C@@H](CC(C)C)C(=O)N[C@@H](CC(C)C)C(=O)N[C@@H](CCCNC(N)=[NH2+])C(=O)N[C@@H](CC(C)C)C(=O)N[C@@H](CC(C)C)C(=O)N[C@@H](CCCNC(N)=[NH2+])C(N)=O,1,2.816141,3
C[C@H](NC(=O)[C@H](CCCC[NH3+])NC(=O)[C@H](CO)NC(=O)[C@H](CCCNC(N)=[NH2+])NC(=O)[C@H](C)NC(O)C(CC1CNCN1)NC(O)C(CC1CNCN1)NC(=O)[C@H](CCCNC(N)=[NH2+])NC(=O)[C@H](CCCNC(N)=[NH2+])NC(=O)[C@@H](N)CO)C(=O)N[C@@H](CCCC[NH3+])C(=O)N[C@@H](CCCNC(N)=[NH2+])C(=O)N[C@@H](CO)C(=O)N[C@@H](CCCNC(N)=[NH2+])C(=O)NC(CC1CNCN1)C(O)NC(CO)CC1CNCN1,1,5.31229,3
NC(=[NH2+])NCCC[C@@H](C=O)NC(=O)[C@H](CCCNC(N)=[NH2+])NC(=O)[C@H](CCCNC(N)=[NH2+])NC(=O)[C@H](CCCNC(N)=[NH2+])NC(=O)[C@H](CCCNC(N)=[NH2+])NC(=O)[C@H](CCCNC(N)=[NH2+])NC(=O)[C@H](CCCNC(N)=[NH2+])NC(=O)[C@H](CCCNC(N)=[NH2+])NC(=O)[C@H](CCCNC(N)=[NH2+])NC(=O)[C@H](CCCNC(N)=[NH2+])NC(=O)[C@@H](N)CCCNC(N)=[NH2+],1,9.086223,3
C[C@H](NC(=O)[C@H](CCC(N)=O)NC(=O)[C@@H](N)CCCNC(N)=[NH2+])C(=O)N[C@@H](CCCNC(N)=[NH2+])C(=O)N[C@@H](CCCNC(N)=[NH2+])C(=O)N[C@@H](CC(N)=O)C(=O)N[C@@H](CCCNC(N)=[NH2+])C(=O)N[C@@H](CCCNC(N)=[NH2+])C(=O)N[C@@H](CCCNC(N)=[NH2+])C(=O)N[C@H](C=O)CS,1,7.844986,3
CC[C@H](C)[C@H](NC(=O)[C@H](CCCC[NH3+])NC(=O)[C@@H](NC(=O)[C@H](CCC(N)=O)NC(=O)[C@@H]([NH3+])CCCNC(N)=[NH2+])[C@@H](C)CC)C(=O)N[C@@H](Cc1c[nH]c2ccccc12)C(=O)N[C@@H](Cc1ccccc1)C(=O)N[C@@H](CCC(N)=O)C(=O)N[C@@H](CC(N)=O)C(=O)N[C@@H](CCCNC(N)=[NH2+])C(=O)N[C@@H](CCCNC(N)=[NH2+])C(=O)N[C@@H](CCSC)C(=O)N[C@@H](CCCC[NH3+])C(=O)N[C@@H](Cc1c[nH]c2ccccc12)C(=O)N[C@@H](CCCC[NH3+])C(=O)N[C@@H](CCCC[NH3+])C(=O)O,1,4.4970875,3
NC(=[NH2+])NCCC[C@@H](NC(=O)[C@H](N)CS)C(=O)N[C@H](Cc1c[nH]c2ccccc12)C(=O)N[C@H](CCCNC(N)=[NH2+])C(=O)N[C@H](Cc1c[nH]c2ccccc12)C(=O)N[C@H](CCCC[NH3+])C(=O)N[C@H](CS)C(=O)N[C@H](CS)C(=O)N[C@H](CCCC[NH3+])C(=O)N[C@@H](C=O)CCCC[NH3+],1,4.3716655,3
NC(=[NH2+])NCCC[C@H](NC(=O)[C@H](Cc1c[nH]c2ccccc12)NC(=O)[C@@H](CCCNC(N)=[NH2+])NC(=O)[C@@H](N)CS)C(=O)N[C@@H](Cc1c[nH]c2ccccc12)C(=O)N[C@@H](CCCC[NH3+])C(=O)N[C@@H](CS)C(=O)N[C@@H](CS)C(=O)N[C@@H](CCCC[NH3+])C(=O)N[C@H](C=O)CCCC[NH3+],1,4.175216,3
CC[C@H](C)[C@H](NC(=O)[C@H](CC(C)C)NC(=O)[C@@H](N)CCCC[NH3+])C(=O)N[C@@H](CCCC[NH3+])C(=O)NCC(=O)N[C@@H](CCCNC(N)=[NH2+])C(=O)N[C@H](C(=O)N1CCC[C@H]1C(=O)N[C@H](C(=O)N[C@@H](CCCC[NH3+])C(=O)N[C@@H](Cc1ccccc1)C(=O)NCC(=O)N[C@@H](CCCC[NH3+])C(=O)N[C@@H](C)C(=O)N[C@@H](CC(=O)O)C(=O)N[C@@H](CS)C(=O)N[C@@H](CC(=O)O)C(=O)N[C@@H](CCCNC(N)=[NH2+])C(=O)N1CCC[C@H]1C(=O)N1CCC[C@H]1C(=O)N[C@@H](CCCC[NH3+])C(=O)NC(CC1CNCN1)C(O)N[C@@H](CO)C(=O)NCC(=O)N[C@H](C=O)CCCC[NH3+])[C@@H](C)CC)[C@@H](C)O,1,7.119994,3
CC[C@H](C)[C@H](NC(=O)[C@H](CCCC[NH3+])NC(=O)[C@@H](NC(=O)[C@H](CCC(N)=O)NC(=O)[C@@H]([NH3+])CCCNC(N)=[NH2+])[C@@H](C)CC)C(=O)N[C@@H](Cc1c[nH]c2ccccc12)C(=O)N[C@@H](Cc1ccccc1)C(=O)N[C@@H](CCC(N)=O)C(=O)N[C@@H](CC(N)=O)C(=O)N[C@@H](CCCNC(N)=[NH2+])C(=O)N[C@@H](CCCNC(N)=[NH2+])C(=O)N[C@@H](CCSC)C(=O)N[C@@H](CCCC[NH3+])C(=O)N[C@@H](Cc1c[nH]c2ccccc12)C(=O)N[C@@H](CCCC[NH3+])C(=O)N[C@@H](CCCC[NH3+])C(=O)O,1,4.4970875,3
C[C@H](NC(=O)[C@H](CCCNC(N)=[NH2+])NC(=O)[C@H](CCCNC(N)=[NH2+])NC(=O)[C@H](CCC(=O)O)NC(=O)[C@H](CCCNC(N)=[NH2+])NC(=O)[C@H](CCCNC(N)=[NH2+])NC(=O)[C@@H](N)CCCNC(N)=[NH2+])C(=O)N[C@@H](CCC(=O)O)C(=O)N[C@H](C=O)CCCC[NH3+],1,9.034189,3
NCC(=O)N[C@@H](CCCNC(N)=[NH2+])C(=O)N[C@@H](CCCC[NH3+])C(=O)N[C@@H](CCCC[NH3+])C(=O)N[C@@H](CCCNC(N)=[NH2+])C(=O)N[C@@H](CCCNC(N)=[NH2+])C(=O)N[C@@H](CCC(N)=O)C(=O)N[C@@H](CCCNC(N)=[NH2+])C(=O)N[C@@H](CCCNC(N)=[NH2+])C(=O)N[C@@H](CCCNC(N)=[NH2+])C(=O)N1CCC[C@H]1C(=O)N1CCC[C@H]1C(=O)N[C@H](C=O)CCC(N)=O,1,9.097582,3
NC(=[NH2+])NCCC[C@@H](C=O)NC(=O)[C@H](CCCNC(N)=[NH2+])NC(=O)[C@H](CCCNC(N)=[NH2+])NC(=O)[C@H](CCCNC(N)=[NH2+])NC(=O)[C@H](CCCNC(N)=[NH2+])NC(=O)[C@H](CCCNC(N)=[NH2+])NC(=O)[C@H](CCCNC(N)=[NH2+])NC(=O)[C@H](CCCNC(N)=[NH2+])NC(=O)[C@H](Cc1c[nH]c2ccccc12)NC(=O)[C@H](Cc1c[nH]c2ccccc12)NC(=O)[C@H](Cc1c[nH]c2ccccc12)NC(=O)[C@@H](N)Cc1c[nH]c2ccccc12,1,5.815457,3
CC[C@H](C)[C@H](NC(=O)[C@H](CCCNC(N)=[NH2+])NC(=O)[C@@H](NC(=O)[C@H](CCC(N)=O)NC(=O)[C@@H](N)CCCNC(N)=[NH2+])[C@@H](C)CC)C(=O)N[C@@H](Cc1c[nH]c2ccccc12)C(=O)N[C@@H](Cc1ccccc1)C(=O)N[C@@H](CCC(N)=O)C(=O)N[C@@H](CC(N)=O)C(=O)N[C@@H](CCCNC(N)=[NH2+])C(=O)N[C@@H](CCCNC(N)=[NH2+])C(=O)N[C@@H](CCSC)C(=O)N[C@@H](CCCNC(N)=[NH2+])C(=O)N[C@@H](Cc1c[nH]c2ccccc12)C(=O)N[C@@H](CCCNC(N)=[NH2+])C(=O)N[C@H](C=O)CCCNC(N)=[NH2+],1,8.295894,3
CC(C)C[C@H](NC(=O)[C@H](CO)NC(=O)[C@H](CO)NC(=O)[C@H](Cc1c[nH]c2ccccc12)NC(=O)[C@H](CC(C)C)NC(=O)[C@H](CO)NC(=O)[C@@H]1CCCN1C(=O)[C@H](Cc1c[nH]c2ccccc12)NC(=O)[C@H](C)NC(=O)[C@H](CO)NC(=O)[C@H](Cc1c[nH]c2ccccc12)NC(=O)[C@H](CC(C)C)NC(=O)[C@@H](N)CCCC[NH3+])C(=O)N[C@@H](Cc1c[nH]c2ccccc12)C(=O)N[C@@H](CCCC[NH3+])C(=O)N1CCC[C@H]1C(N)=O,1,-3.5494363,3
CC[C@H](C)[C@@H]1NC(=O)[C@@H]2CCCN2C(=O)[C@@H]2CCCN2C(=O)[C@H]([C@@H](C)CC)NC(=O)[C@H](CO)NC(=O)[C@H](CCCC[NH3+])NC(=O)[C@H]([C@@H](C)O)NC(=O)[C@@H]2CSSC[C@H](NC1=O)C(=O)N[C@@H](Cc1ccccc1)C(=O)N1CCC[C@H]1C(=O)N[C@@H](CC(=O)O)C(=O)NCC(=O)N[C@@H](CCCNC(N)=[NH2+])C(=O)N2,1,-4.735413,3
CC(C)C[C@H](NC(=O)[C@@H](NC(=O)[C@H](CCCCN)NC(=O)[C@H](Cc1ccc(O)cc1)NC(=O)[C@@H](NC(=O)[C@H](Cc1ccc(O)cc1)NC(=O)[C@@H](NC(=O)[C@H](CO)NC(=O)[C@H](Cc1ccc(O)cc1)NC(=O)[C@H](CO)NC(=O)[C@H](CCC(=O)O)NC(=O)[C@H](CCCCN)NC(=O)[C@H](CCCNC(=N)N)NC(=O)[C@H](CO)NC(=O)[C@H](CCCNC(=N)N)NC1=[O+]C(CN)CC[C@@H]1NC(=O)[C@H](CCCNC(=N)N)NC(=O)[C@H](CCCCN)NC(=O)[C@H](CCCCN)NC(=O)CNC(=O)[C@H](CC(=O)O)NC(=O)[C@H](CCCCN)NC(=O)[C@H](CCCCN)NC(=O)[C@H](CCC(N)=O)NC(=O)[C@H](C)NC(=O)[C@H](CCCCN)NC(=O)[C@@H](NC(=O)[C@@H](NC(=O)[C@H](C)NC(=O)[C@H](CCCCN)NC(=O)[C@H](CCCCN)NC(=O)[C@H](CO)NC(=O)CNC(=O)[C@@H](N)CCCCN)C(C)C)[C@@H](C)O)C(C)C)C(C)C)C(C)C)C(=O)N[C@@H](CCCCN)C(=O)N[C@H](C=O)CCC(N)=O,1,6.343053,3
C[C@@H](O)[C@@H](C=O)NC(=O)[C@H](CCCNC(N)=[NH2+])NC(=O)[C@H](CCCC[NH3+])NC(=O)[C@H](CCCC[NH3+])NC(=O)[C@H](CCCNC(N)=[NH2+])NC(=O)[C@H](CCCC[NH3+])NC(=O)[C@H](CCCNC(N)=[NH2+])NC(=O)CN,1,5.3509264,3
C[C@H](NC(=O)[C@H](CCCNC(N)=[NH2+])NC(=O)[C@H](CCCNC(N)=[NH2+])NC(=O)[C@H](CCCNC(N)=[NH2+])NC(=O)[C@H](CCCNC(N)=[NH2+])NC(=O)CN)C(=O)N[C@H](C(=O)N[C@@H](C)C(=O)N[C@@H](CCCC[NH3+])C(=O)N[C@@H](Cc1ccc(O)cc1)C(=O)N[C@@H](CCCNC(N)=[NH2+])C(=O)N[C@H](C(=O)N[C@@H](C)C(=O)NC(CO)CC1CNCN1)[C@@H](C)O)[C@@H](C)O,1,3.2761238,3
CC[C@H](C)[C@H](NC(=O)[C@H](CCCC[NH3+])NC(=O)[C@H](C)NC(=O)[C@H](CCC(N)=O)NC(=O)[C@@H](N)CCCNC(N)=[NH2+])C(=O)N[C@@H](Cc1c[nH]c2ccccc12)C(=O)N[C@@H](Cc1ccccc1)C(=O)N[C@@H](CCC(N)=O)C(=O)N[C@@H](CC(N)=O)C(=O)N[C@@H](CCCNC(N)=[NH2+])C(=O)N[C@@H](CCCNC(N)=[NH2+])C(=O)N[C@@H](CCSC)C(=O)N[C@@H](CCCC[NH3+])C(=O)N[C@@H](Cc1c[nH]c2ccccc12)C(=O)N[C@@H](CCCC[NH3+])C(=O)N[C@H](C=O)CCCC[NH3+],1,8.300604,3
CC[C@H](C)[C@H](NC(=O)[C@H](CCCC[NH3+])NC(=O)[C@@H](NC(=O)[C@H](CCC(N)=O)NC(=O)[C@@H](N)CCCNC(N)=[NH2+])[C@@H](C)CC)C(=O)N[C@@H](Cc1c[nH]c2ccccc12)C(=O)N[C@@H](Cc1ccccc1)C(=O)N[C@@H](CCC(N)=O)C(=O)N[C@@H](CC(N)=O)C(=O)N[C@@H](CCCNC(N)=[NH2+])C(=O)N[C@@H](CCCNC(N)=[NH2+])C(=O)N[C@H](C=O)CCSC,1,7.7824297,3
CC[C@H](C)[C@H](NC(=O)[C@@H](NC(=O)[C@@H]1CCCN1C(=O)[C@H](CCCC[NH3+])NC(=O)[C@H](CCCC[NH3+])NC(=O)[C@@H](NC(=O)[C@@H]1CCCN1C(=O)[C@H](CCCC[NH3+])NC(=O)[C@@H](NC(=O)[C@@H](NC(=O)[C@@H](NC(=O)[C@H](CCCC[NH3+])NC(=O)[C@H](CCCC[NH3+])NC(=O)CNC(=O)[C@@H]1CCCN1C(=O)[C@H](CCCC[NH3+])NC(=O)[C@H](CCCC[NH3+])NC(=O)[C@H](CC(N)=O)NC(=O)[C@@H]1CCCN1C(=O)[C@@H](NC(=O)[C@H](CCCNC(N)=[NH2+])NC(=O)[C@@H](N)CCCC[NH3+])[C@@H](C)CC)[C@@H](C)O)[C@@H](C)O)[C@@H](C)O)[C@@H](C)O)[C@@H](C)O)C(=O)N[C@@H](CCCC[NH3+])C(=O)N[C@H](C(=O)N[C@H](C(=O)N[C@@H](CCCC[NH3+])C(=O)N[C@H](C=O)CCCC[NH3+])[C@@H](C)O)[C@@H](C)O,1,6.7875166,3
NC(=[NH2+])NCCC[C@@H](N)C(=O)N[C@H](CCCNC(N)=[NH2+])C(=O)N[C@H](CCCNC(N)=[NH2+])C(=O)N[C@H](CCCNC(N)=[NH2+])C(=O)N[C@H](CCCNC(N)=[NH2+])C(=O)N[C@H](CCCNC(N)=[NH2+])C(=O)N[C@H](CCCNC(N)=[NH2+])C(=O)N[C@H](CCCNC(N)=[NH2+])C(=O)N[C@H](CCCNC(N)=[NH2+])C(=O)N[C@H](CCCNC(N)=[NH2+])C(=O)N[C@H](CCCNC(N)=[NH2+])C(=O)N[C@H](CCCNC(N)=[NH2+])C(N)=O,1,6.324861,3
C[C@@H](O)[C@H](NC(=O)[C@H](CCCNC(N)=[NH2+])NC(=O)[C@H](CCCC[NH3+])NC(=O)[C@H](CC(N)=O)NC(=O)CNC(=O)[C@@H](N)CS)C(=O)N[C@@H](CCCNC(N)=[NH2+])C(=O)NCC(=O)N[C@H](C=O)CS,1,2.4539902,3
CC(C)C[C@H](NC(=O)CN)C(=O)N[C@@H](CCCC[NH3+])C(=O)N[C@@H](CCCC[NH3+])C(=O)N[C@@H](CC(C)C)C(=O)N[C@@H](C)C(=O)N[C@@H](CCC(=O)O)C(=O)N[C@@H](CC(C)C)C(=O)N[C@@H](C)C(=O)NC(CC1CNCN1)C(O)N[C@@H](CCCC[NH3+])C(=O)N[C@@H](CC(C)C)C(=O)N[C@@H](CC(C)C)C(=O)N[C@@H](CCCC[NH3+])C(=O)N[C@@H](CC(C)C)C(=O)NCC(=O)N[C@@H](CS)C(N)=O,1,-2.346985,3
CC[C@H](C)[C@H](NC(=O)[C@H](CCCNC(N)=[NH2+])NC(=O)[C@@H](N)CCCC[NH3+])C(=O)N1CCC[C@H]1C(=O)N[C@@H](CC(N)=O)C(=O)N[C@@H](CCCC[NH3+])C(=O)N[C@@H](CCCC[NH3+])C(=O)N1CCC[C@H]1C(=O)N[C@@H](CCCC[NH3+])C(=O)N[C@H](C=O)CCCC[NH3+],1,7.853015,3
CCC[C@@H](C=O)NC(=O)[C@H](C)NC(=O)[C@H](C)NC(=O)[C@H](Cc1c[nH]c2ccccc12)NC(=O)[C@H](CCC(=O)O)NC(=O)CNC(=O)[C@@H](NC(=O)[C@H](CC(C)C)NC(=O)[C@H](CCCNC(=N)N)NC(=O)[C@H](CCC)NC(=O)[C@@H](NC(=O)[C@H](Cc1c[nH]cn1)NC(=O)[C@@H](NC(=O)[C@@H](NC(=O)[C@H](Cc1ccccc1)NC(=O)[C@@H](NC(=O)[C@H](CCCNC(=N)N)NC(=O)[C@@H](NC(=O)[C@H](CCCNC(=N)N)NC(=O)[C@H](CCC)NC(=O)[C@H](CCC)NC(=O)CNC(=O)[C@H](CS)NC(=O)[C@H](C)NC(=O)[C@H](CCCNC(=N)N)NC(=O)[C@H](CCCNC(=N)N)NC(=O)[C@@H](NC(=O)[C@H](CCCNC(=N)N)NC(=O)[C@H](CC(C)C)NC(=O)[C@@H](NC(=O)[C@@H](NC(=O)[C@H](CC(C)C)NC(=O)[C@H](Cc1ccccc1)NC(=O)[C@H](CCCNC(=N)N)NC(=O)[C@H](CCCNC(=N)N)NC(=O)[C@@H](NC(=O)[C@@H](N)CCSC)C(C)C)C(C)C)[C@@H](C)O)[C@@H](C)CC)C(C)C)C(C)C)C(C)C)C(C)C)[C@@H](C)CC)[C@@H](C)O,1,1.5681708,3
CC(C)C[C@H](NC(=O)[C@H](CCCC[NH3+])NC(=O)[C@H](CCCNC(N)=[NH2+])NC(=O)[C@H](Cc1ccccc1)NC(=O)[C@H](Cc1ccccc1)NC(=O)[C@H](CCCC[NH3+])NC(=O)[C@H](CCCC[NH3+])NC(=O)[C@H](Cc1ccccc1)NC(=O)[C@H](CCCNC(N)=[NH2+])NC(=O)[C@H](CCCC[NH3+])NC(=O)[C@@H](N)C(C)C)C(=O)N[C@@H](CCCC[NH3+])C(=O)N[C@@H](CCCC[NH3+])C(=O)N[C@@H](CC(C)C)C(=O)N[C@H](C(N)=O)C(C)C,1,2.0231483,3
CC[C@H](C)[C@H](NC(=O)[C@H](CC(C)C)NC(=O)[C@@H](NC(=O)[C@H](CCCNC(N)=[NH2+])NC(=O)[C@H](Cc1ccccc1)NC(=O)[C@@H](NC(=O)[C@@H](NC(=O)[C@@H](N)CC(C)C)[C@@H](C)CC)[C@@H](C)CC)[C@@H](C)CC)C(=O)N[C@@H](CO)C(=O)NC(CC1CNCN1)C(O)N[C@@H](CCCNC(N)=[NH2+])C(=O)N[C@H](C=O)CCCNC(N)=[NH2+],1,8.7407255,3
CC[C@H](C)[C@H](NC(=O)[C@H](C)NC(=O)[C@@H](NC(=O)[C@@H](N)Cc1ccc(O)cc1)[C@@H](C)O)C(=O)N[C@@H](C)C(=O)N[C@@H](Cc1c[nH]c2ccccc12)C(=O)N[C@H](C(=O)N[C@@H](CCCC[NH3+])C(=O)N[C@@H](C)C(=O)N[C@@H](Cc1ccccc1)C(=O)N[C@H](C(=O)N[C@@H](CCCNC(N)=[NH2+])C(=O)N[C@@H](CCCC[NH3+])C(=O)N[C@@H](CC(C)C)C(=O)N[C@@H](CCCNC(N)=[NH2+])C(=O)N[C@H](C=O)CCCC[NH3+])[C@@H](C)CC)C(C)C,1,7.7384853,3
CCC(NC(=O)[C@H](CC(=O)O)NC(=O)CN)C(O)N[C@@H](CC(C)C)C(=O)N1CCC[C@H]1C(=O)NC(CC1CNCN1)C(O)N[C@@H](CC(C)C)C(=O)N[C@@H](CCCCN)C(=O)N[C@@H](CC(C)C)C(=O)N[C@@H](CS)C(=O)O,1,-4.4316244,3
CC[C@H](C)[C@H](NC(=O)[C@H](CS)NC(=O)[C@H](CO)NC(=O)[C@@H](NC(=O)[C@@H]1CCCN1C(=O)[C@@H]1CCCN1C(=O)CNC(=O)[C@H](CCCNC(N)=[NH2+])NC(=O)[C@@H](NC(=O)[C@H](CCCC[NH3+])NC(=O)[C@H](CCCNC(N)=[NH2+])NC(=O)[C@H](CCSC)NC(=O)[C@H](CC(N)=O)NC(=O)[C@H](CCCNC(N)=[NH2+])NC(=O)[C@H](CCC(N)=O)NC(=O)[C@H](Cc1c[nH]c2ccccc12)NC(=O)[C@@H](N)CCC(N)=O)C(C)C)C(C)C)C(=O)N[C@@H](CCCC[NH3+])C(=O)N[C@H](C=O)CCCNC(N)=[NH2+],1,6.3961577,3
C[C@H](N)C(=O)N[C@@H](CS)C(=O)N[C@@H](CCCNC(N)=[NH2+])C(=O)NCC(=O)N[C@@H](CCCNC(N)=[NH2+])C(=O)NCC(=O)N[C@@H](CCCNC(N)=[NH2+])C(=O)NCC(=O)N[C@@H](CS)C(=O)N[C@@H](CCCNC(N)=[NH2+])C(=O)NCC(=O)N[C@@H](CCCNC(N)=[NH2+])C(=O)NCC(=O)N[C@@H](CCCNC(N)=[NH2+])C(=O)NCC(=O)N[C@@H](CS)C(=O)NCC=O,1,4.742768,3
CC[C@H](C)[C@H](NC(=O)[C@H](CCCC[NH3+])NC(=O)[C@H](Cc1ccccc1)NC(=O)[C@@H](NC(=O)[C@@H](NC(=O)[C@@H](N)CCSC)[C@@H](C)CC)[C@@H](C)CC)C(=O)N[C@@H](C)C(=O)N[C@@H](C)C(=O)N[C@@H](CO)C(=O)NC(CC1CNCN1)C(O)N[C@@H](CCCC[NH3+])C(=O)N[C@H](C=O)CCCC[NH3+],1,9.056454,3
CC[C@H](C)[C@H](NC(=O)[C@H](CCCNC(N)=[NH2+])NC(=O)[C@H](CCCNC(N)=[NH2+])NC(=O)[C@H](CCCNC(N)=[NH2+])NC(=O)[C@H](CC(C)C)NC(=O)[C@@H](NC(=O)[C@@H](NC(=O)[C@H](CC(C)C)NC(=O)[C@@H](N)CC(C)C)[C@@H](C)CC)[C@@H](C)CC)C(=O)N[C@@H](CCCNC(N)=[NH2+])C(=O)N[C@@H](CCCC[NH3+])C(=O)N[C@@H](CCC(N)=O)C(=O)N[C@@H](C)C(=O)NC(CC1CNCN1)C(O)N[C@H](C)C(=O)NC(CC1CNCN1)C(O)N[C@@H](CO)C(=O)N[C@H](C=O)CCCC[NH3+],1,9.716872,3
CC[C@H](C)[C@H](NC(=O)[C@H](CC(C)C)NC(=O)[C@H](CC(=O)O)NC(=O)[C@H](CCCNC(N)=[NH2+])NC(=O)[C@H](C)NC(=O)[C@@H](NC(=O)[C@@H](NC(=O)[C@@H](N)CCSC)[C@@H](C)CC)[C@@H](C)CC)C(=O)N[C@H](C=O)CO,1,8.519682,3
CC[C@H](C)[C@H](NC(=O)[C@H](CCCC[NH3+])NC(=O)[C@H](CCCC[NH3+])NC(=O)[C@H](C)NC(=O)[C@H](CC(C)C)NC(=O)[C@H](C)NC(=O)[C@H](C)NC(=O)[C@H](CC(C)C)NC(=O)[C@H](C)NC(=O)[C@H](CCCC[NH3+])NC(=O)[C@H](CC(C)C)NC(=O)[C@H](CC(N)=O)NC(=O)[C@@H](NC(=O)[C@H](CCCC[NH3+])NC(=O)CNC(=O)[C@H](CC(C)C)NC(=O)[C@H](CC(C)C)NC(=O)[C@H](Cc1ccc(O)cc1)NC(=O)CNC(=O)[C@H](C)NC(=O)[C@H](CO)NC(=O)[C@H](CC(N)=O)NC(=O)[C@H](CC(C)C)NC(=O)[C@@H](NC(=O)[C@H](Cc1c[nH]c2ccccc12)NC(=O)CN)[C@@H](C)O)[C@@H](C)CC)C(=O)N[C@H](C=O)CC(C)C,1,6.157798,3
CC[C@H](C)[C@H](NC(=O)CNC(=O)[C@H](CC(=O)O)NC(=O)[C@H](CO)NC(=O)[C@@H]([NH3+])Cc1c[nH]cn1)C(=O)N[C@@H](Cc1ccccc1)C(=O)N[C@H](C(=O)N[C@@H](CC(=O)O)C(=O)N[C@@H](CO)C(=O)N[C@@H](Cc1ccc(O)cc1)C(=O)N[C@@H](CO)C(=O)N[C@@H](CCCNC(N)=[NH2+])C(=O)N[C@@H](Cc1ccc(O)cc1)C(=O)N[C@@H](CCCNC(N)=[NH2+])C(=O)N[C@@H](CCCC[NH3+])C(=O)N[C@@H](CCC(N)=O)C(=O)N[C@@H](CCSC)C(=O)N[C@@H](C)C(=O)N[C@H](C(=O)N[C@@H](CCCC[NH3+])C(=O)N[C@@H](CCCC[NH3+])C(=O)N[C@@H](Cc1ccc(O)cc1)C(=O)N[C@@H](CC(C)C)C(=O)N[C@@H](C)C(=O)N[C@@H](C)C(=O)N[C@H](C(=O)N[C@@H](CC(C)C)C(=O)NCC(=O)N[C@@H](CCCC[NH3+])C(=O)N[C@@H](CCCNC(N)=[NH2+])C(=O)N[C@@H](Cc1ccc(O)cc1)C(=O)N[C@@H](CCCC[NH3+])C(=O)N[C@@H](CCC(N)=O)C(=O)N[C@@H](CCCNC(N)=[NH2+])C(=O)N[C@H](C(=O)N[C@@H](CCCC[NH3+])C(=O)N[C@@H](CC(N)=O)C(=O)N[C@@H](CCCC[NH3+])C(N)=O)C(C)C)C(C)C)C(C)C)[C@@H](C)O,1,-0.13315335,3
CC[C@H](C)[C@H](NC(=O)[C@H](CC(N)=O)NC(=O)[C@H](C)NC(=O)[C@H](CC(C)C)NC(=O)[C@H](CC(C)C)NC(=O)[C@H](CC(N)=O)NC(=O)[C@H](CO)NC(O)C(CC1CNCN1)NC(O)C(CC1CNCN1)NC(=O)[C@H](CCCNC(N)=[NH2+])NC(=O)[C@H](CC(C)C)NC(O)C(CC1CNCN1)NC(=O)[C@H](CCCNC(N)=[NH2+])NC(=O)[C@H](CC(C)C)NC(=O)[C@H](CC(C)C)NC(=O)[C@H](CC(C)C)NC(=O)CNC(=O)[C@H](CC(C)C)NC(C)=O)C(N)=O,1,-5.2105036,3
NC(=[NH2+])NCCC[C@@H](N)C(=O)N[C@H](CCCNC(N)=[NH2+])C(=O)N[C@H](CCCNC(N)=[NH2+])C(=O)N[C@H](CCCNC(N)=[NH2+])C(=O)N[C@H](CCCNC(N)=[NH2+])C(=O)N[C@H](CCCNC(N)=[NH2+])C(=O)N[C@H](CCCNC(N)=[NH2+])C(=O)N[C@H](CCCNC(N)=[NH2+])C(=O)N[C@H](CCCNC(N)=[NH2+])C(=O)N[C@H](CCCNC(N)=[NH2+])C(=O)N[C@H](CCCNC(N)=[NH2+])C(=O)N[C@H](CCCNC(N)=[NH2+])C(=O)NCC(=O)N[C@@H](CS)C(N)=O,1,6.781086,3
CC(C)[C@H](NC(=O)[C@H](CCCNC(N)=[NH2+])NC(=O)[C@H](CCCNC(N)=[NH2+])NC(=O)[C@H](CCCNC(N)=[NH2+])NC(=O)[C@H](CC(N)=O)NC(=O)[C@H](CCCNC(N)=[NH2+])NC(=O)[C@H](CCCNC(N)=[NH2+])NC(=O)[C@@H](NC(=O)[C@@H](N)CCCNC(N)=[NH2+])[C@@H](C)O)C(=O)N[C@H](C=O)CCCNC(N)=[NH2+],1,8.410157,3
CC[C@H](C)[C@H](NC(=O)[C@H](CO)NC(=O)[C@H](CCCCN)NC(=O)[C@@H](NC(=O)[C@H](CCCNC(=N)N)NC(=O)[C@H](CCC(=O)O)NC(=O)[C@H](Cc1c[nH]c2ccccc12)NC(=O)[C@H](CCSC)NC(=O)[C@H](CO)NC(=O)[C@H](C)N)C(C)C)C(=O)N[C@H](C(=O)N[C@@H](CCCCN)C(=O)N[C@@H](CO)C(=O)N[C@@H](CO)C(=O)N[C@@H](CC(C)C)C(=O)N[C@@H](C)C(=O)N[C@@H](C)C(=O)N[C@@H](C)C(=O)N[C@@H](CO)C(=O)N[C@@H](CC(N)=O)C(=O)N[C@H](C=O)[C@@H](C)CC)[C@@H](C)CC,1,1.8073702,3
C[C@H](NC(=O)[C@H](CCC(N)=O)NC(=O)[C@H](CCCC[NH3+])NC(=O)[C@H](CCC(=O)O)NC(=O)[C@H](C)NC(=O)[C@H](CCCNC(N)=[NH2+])NC(=O)[C@H](CCCNC(N)=[NH2+])NC(=O)[C@H](CCC(=O)O)NC(=O)[C@H](CCCNC(N)=[NH2+])NC(=O)[C@H](CCCNC(N)=[NH2+])NC(=O)[C@H](CCCNC(N)=[NH2+])NC(=O)[C@@H](NC(=O)[C@@H](N)CCC(N)=O)[C@@H](C)O)C(=O)N[C@@H](CCC(N)=O)C(=O)N[C@H](C=O)Cc1c[nH]c2ccccc12,1,8.962375,3
CC[C@H](C)[C@H](NC(=O)[C@H](C)NC(=O)[C@H](CC(C)C)NC(=O)[C@H](CCCC[NH3+])NC(=O)[C@H](CC(C)C)NC(=O)[C@@H](NC(=O)[C@@H](NC(=O)[C@@H](N)CCCC[NH3+])[C@@H](C)CC)[C@@H](C)O)C(=O)N[C@@H](CCCC[NH3+])C(=O)N[C@@H](C)C(=O)N[C@@H](Cc1c[nH]c2ccccc12)C(=O)N[C@@H](CCCC[NH3+])C(=O)N[C@@H](CC(C)C)C(=O)N[C@@H](C)C(=O)N[C@@H](CC(C)C)C(=O)N[C@@H](CCCC[NH3+])C(=O)N[C@@H](C)C(=O)N[C@@H](C)C(N)=O,1,2.1729498,3
NCC(=O)N[C@@H](CCCNC(N)=[NH2+])C(=O)NCC(=O)N[C@@H](CC(=O)O)C(=O)N[C@@H](CO)C(=O)N1CCC[C@H]1C(=O)N[C@@H](CCCNC(N)=[NH2+])C(=O)N[C@@H](CCCNC(N)=[NH2+])C(=O)N[C@@H](CO)C(=O)N1CCC[C@H]1C(=O)N[C@@H](CCCNC(N)=[NH2+])C(=O)N[C@H](C=O)CCCNC(N)=[NH2+],1,7.2176685,3
CC[C@H](C)[C@H](NC(=O)[C@H](CC(C)C)NC(=O)[C@@H](N)CCCC[NH3+])C(=O)N[C@@H](CCCC[NH3+])C(=O)NCC(=O)N[C@@H](CCCNC(N)=[NH2+])C(=O)N[C@H](C(=O)N1CCC[C@H]1C(=O)N[C@H](C(=O)N[C@@H](CCCC[NH3+])C(=O)N[C@@H](Cc1ccccc1)C(=O)NCC(=O)N[C@@H](CCCC[NH3+])C(=O)N[C@@H](C)C(=O)N[C@@H](CCCNC(N)=[NH2+])C(=O)N[C@@H](CS)C(=O)N[C@@H](CCCNC(N)=[NH2+])C(=O)N[C@@H](CCCNC(N)=[NH2+])C(=O)N1CCC[C@H]1C(=O)N1CCC[C@H]1C(=O)N[C@@H](CCCC[NH3+])C(=O)NC(CC1CNCN1)C(O)N[C@@H](CO)C(=O)NCC(=O)N[C@H](C=O)CCCC[NH3+])[C@@H](C)CC)[C@@H](C)O,1,8.073603,3
CC[C@H](C)[C@H](NC(=O)[C@H](CCCNC(N)=[NH2+])NC(=O)[C@H](CC(C)C)NC(=O)[C@H](CCC(N)=O)NC(=O)[C@@H](N)CCCNC(N)=[NH2+])C(=O)N[C@@H](C)C(=O)NCC(=O)N[C@@H](CCCNC(N)=[NH2+])C(=O)N[C@@H](CCCNC(N)=[NH2+])C(=O)N[C@@H](CC(C)C)C(=O)N[C@@H](CCCNC(N)=[NH2+])C(=O)NCC(=O)N[C@@H](CCCNC(N)=[NH2+])C(=O)N[C@@H](CO)C(=O)N[C@H](C=O)CCCNC(N)=[NH2+],1,9.107966,3
NC(=[NH2+])NCCC[C@H](NC(=O)[C@H](CCCNC(N)=[NH2+])NC(=O)[C@H](CCCNC(N)=[NH2+])NC(=O)[C@H](CCCNC(N)=[NH2+])NC(=O)[C@H](CCCNC(N)=[NH2+])NC(=O)[C@H](CCCNC(N)=[NH2+])NC(=O)[C@H](CCCNC(N)=[NH2+])NC(=O)[C@H](CCCNC(N)=[NH2+])NC(=O)[C@@H](N)CCCNC(N)=[NH2+])C(N)=O,1,3.8000114,3
CC(C)C[C@H](NC(=O)CN)C(=O)N[C@@H](Cc1c[nH]c2ccccc12)C(=O)N[C@@H](CCCNC(N)=[NH2+])C(=O)N[C@@H](C)C(=O)N[C@@H](CC(C)C)C(=O)N[C@@H](Cc1c[nH]c2ccccc12)C(=O)N[C@@H](CCCNC(N)=[NH2+])C(=O)N[C@@H](CC(C)C)C(=O)N[C@@H](CC(C)C)C(=O)N[C@@H](CCCNC(N)=[NH2+])C(=O)N[C@@H](CO)C(=O)N[C@@H](CC(C)C)C(=O)N[C@@H](Cc1c[nH]c2ccccc12)C(=O)N[C@@H](CCCNC(N)=[NH2+])C(=O)N[C@@H](CC(C)C)C(=O)N[C@@H](CC(C)C)C(=O)N[C@@H](Cc1c[nH]c2ccccc12)C(=O)N[C@@H](CCCNC(N)=[NH2+])C(=O)N[C@@H](C)C=O,1,6.0529003,3
CC(C)C[C@H](NC(=O)CN)C(=O)N[C@@H](CCCC[NH3+])C(=O)N[C@@H](CCCC[NH3+])C(=O)N[C@@H](CC(C)C)C(=O)N[C@@H](C)C(=O)N[C@@H](CCC(=O)O)C(=O)N[C@@H](CC(C)C)C(=O)N[C@@H](Cc1ccccc1)C(=O)NC(CC1CNCN1)C(O)N[C@@H](CCCC[NH3+])C(=O)N[C@@H](CC(C)C)C(=O)N[C@@H](CC(C)C)C(=O)N[C@@H](CCCC[NH3+])C(=O)N[C@@H](CC(C)C)C(=O)NCC(=O)N[C@@H](CS)C(N)=O,1,-2.7299664,3
CSCC[C@H](NC(=O)[C@@H](NC(=O)[C@H](CO)NC(=O)CNC(=O)[C@H](C)NC(=O)[C@H](C)NC(=O)CNC(=O)[C@H](CC(C)C)NC(=O)[C@H](Cc1ccccc1)NC(=O)CNC(=O)[C@H](CC(C)C)NC(=O)[C@H](Cc1ccccc1)NC(=O)[C@H](CC(C)C)NC(=O)[C@H](C)NC(=O)CN)[C@@H](C)O)C(=O)NCC(=O)N[C@@H](C)C(=O)N[C@@H](Cc1c[nH]c2ccccc12)C(=O)N[C@@H](CO)C(=O)N[C@@H](CCC(N)=O)C(=O)N1CCC[C@H]1C(=O)N[C@@H](CCCC[NH3+])C(=O)N[C@@H](CO)C(=O)N[C@@H](CCCC[NH3+])C(=O)N[C@@H](CCCNC(N)=[NH2+])C(=O)N[C@@H](CCCC[NH3+])C(=O)N[C@H](C=O)C(C)C,1,5.438732,3
CC[C@H](C)[C@H](NC(=O)[C@H](C)NC(=O)[C@H](C)NC(=O)[C@@H]1CCCN1C(=O)[C@H](CCCNC(N)=[NH2+])NC(=O)[C@@H](N)CCCC[NH3+])C(=O)N[C@@H](CCCC[NH3+])C(=O)N[C@@H](CCCC[NH3+])C(=O)N[C@@H](C)C(=O)NCC(=O)N[C@@H](CCC(N)=O)C(=O)N[C@@H](C)C(=O)N[C@@H](CCCC[NH3+])C(=O)N[C@@H](CCCC[NH3+])C(=O)N[C@@H](CCCC[NH3+])C(=O)N[C@H](C=O)CCCC[NH3+],1,9.554352,3
C[C@H](NC(=O)[C@H](CCCC[NH3+])NC(=O)[C@H](CO)NC(=O)[C@H](CCCNC(N)=[NH2+])NC(=O)[C@H](CS)NC(O)C(CC1CNCN1)NC(O)C(CC1CNCN1)NC(=O)[C@H](CCCNC(N)=[NH2+])NC(=O)[C@H](CCCNC(N)=[NH2+])NC(=O)CN)C(=O)N[C@@H](CCCC[NH3+])C(=O)N[C@@H](CCCNC(N)=[NH2+])C(=O)N[C@@H](CO)C(=O)N[C@@H](CCCNC(N)=[NH2+])C(=O)NC(CC1CNCN1)C(O)NC(CO)CC1CNCN1,1,4.435713,3
C[C@H](N)C(=O)N[C@@H](CS)C(=O)N[C@@H](CO)C(=O)NCC(=O)N[C@@H](CO)C(=O)NCC(=O)N[C@@H](CO)C(=O)NCC(=O)N[C@@H](CS)C(=O)NCC(=O)N[C@@H](CO)C(=O)NCC(=O)N[C@@H](CO)C(=O)NCC(=O)N[C@@H](CO)C(=O)N[C@@H](CS)C(=O)NCC=O,1,-1.6296473,3
NC(=[NH2+])NCCC[C@@H](C=O)NC(=O)[C@H](CCCNC(N)=[NH2+])NC(=O)[C@H](CCCNC(N)=[NH2+])NC(=O)[C@H](CCCNC(N)=[NH2+])NC(=O)[C@H](CCCNC(N)=[NH2+])NC(=O)[C@H](CCCNC(N)=[NH2+])NC(=O)[C@H](CCCNC(N)=[NH2+])NC(=O)[C@@H](N)CCCNC(N)=[NH2+],1,8.421374,3
NCC(=O)N[C@@H](CCCC[NH3+])C(=O)NC(CC1CNCN1)C(O)N[C@@H](CCCNC(N)=[NH2+])C(=O)NC(CC1CNCN1)C(O)N[C@@H](CCC(=O)O)C(=O)N[C@@H](CCCNC(N)=[NH2+])C(=O)NCC(=O)NC(CC1CNCN1)C(O)NC(CC1CNCN1)C(O)N[C@@H](CCCNC(N)=[NH2+])C(=O)N[C@@H](CC(=O)O)C(=O)N[C@@H](CCCNC(N)=[NH2+])C(=O)N[C@@H](CCCNC(N)=[NH2+])C(=O)N[C@@H](CCC(=O)O)C(=O)N[C@H](C=O)CCCNC(N)=[NH2+],1,6.0136385,3
NC(=[NH2+])NCCC[C@@H](C=O)NC(=O)[C@H](CCCNC(N)=[NH2+])NC(=O)[C@H](CCCNC(N)=[NH2+])NC(=O)[C@H](CCCNC(N)=[NH2+])NC(=O)[C@H](CCCNC(N)=[NH2+])NC(=O)[C@H](CCCNC(N)=[NH2+])NC(=O)[C@H](CCCNC(N)=[NH2+])NC(=O)[C@H](CCCNC(N)=[NH2+])NC(=O)[C@@H](N)Cc1c[nH]c2ccccc12,1,6.9781284,3
CC[C@H](C)[C@H](NC(=O)[C@H](CCCC[NH3+])NC(=O)[C@H](CC(C)C)NC(=O)[C@@H](NC(=O)[C@H](CO)NC(=O)[C@H](CCCC[NH3+])NC(=O)[C@H](Cc1c[nH]c2ccccc12)NC(=O)[C@@H](NC(=O)[C@H](CCCC[NH3+])NC(=O)[C@H](C)NC(=O)[C@@H](NC(=O)[C@H](CO)NC(=O)[C@H](CCCC[NH3+])NC(=O)[C@H](C)NC(=O)[C@H](C)NC(=O)[C@@H](NC(=O)[C@@H](N)CCCC[NH3+])[C@@H](C)CC)[C@@H](C)CC)[C@@H](C)CC)[C@@H](C)CC)C(=O)N[C@@H](C)C(N)=O,1,-0.4100678,3
CC[C@H](C)[C@H](NC(=O)[C@H](CCCC[NH3+])NC(=O)[C@@H](NC(=O)[C@H](CCC(N)=O)NC(=O)[C@@H]([NH3+])CCCNC(N)=[NH2+])[C@@H](C)CC)C(=O)N[C@@H](Cc1c[nH]c2ccccc12)C(=O)N[C@@H](Cc1ccccc1)C(=O)N[C@@H](CCC(N)=O)C(=O)N[C@@H](CC(N)=O)C(=O)N[C@@H](CCCNC(N)=[NH2+])C(=O)N[C@@H](CCCNC(N)=[NH2+])C(=O)N[C@@H](CCSC)C(=O)N[C@@H](CCCC[NH3+])C(=O)N[C@@H](Cc1c[nH]c2ccccc12)C(=O)N[C@@H](CCCC[NH3+])C(=O)N[C@@H](CCCC[NH3+])C(=O)O,1,4.4970875,3
CC(C)[C@@H](N)C(=O)N[C@H](CS)C(=O)N[C@@H](C(=O)N[C@@H](C=O)CCCNC(N)=[NH2+])C(C)C,1,2.6064966,3
CC(C)C[C@@H](C=O)NC(=O)[C@H](CCC(=O)O)NC(=O)[C@@H](NC(=O)[C@H](CC(C)C)NC(=O)[C@@H](NC(=O)[C@H](CCCC[NH3+])NC(=O)[C@@H](NC(=O)[C@H](CC(C)C)NC(=O)[C@H](CCC(=O)O)NC(=O)[C@H](CCCC[NH3+])NC(=O)[C@H](CC(C)C)NC(=O)[C@@H](NC(=O)[C@H](CCC(=O)O)NC(=O)[C@@H](NC(=O)[C@H](CC(C)C)NC(=O)[C@@H](NC(=O)[C@H](CCCC[NH3+])NC(=O)[C@@H](N)CC(C)C)[C@@H](C)O)[C@@H](C)O)[C@@H](C)O)[C@@H](C)O)[C@@H](C)O)[C@@H](C)O,1,4.0449624,3
CC(C)C[C@H](NC(=O)CNC(=O)[C@H](C)NC(=O)[C@H](CCCNC(=N)N)NC(=O)[C@H](CO)NC(=O)[C@H](CO)NC(=O)[C@H](CCCNC(=N)N)NC(=O)[C@@H](NC(=O)[C@H](CCCCN)NC(=O)[C@H](C)NC(=O)[C@H](CCCCN)NC(=O)[C@H](C)NC(=O)[C@H](CCCNC(=N)N)NC(=O)[C@H](C)NC(=O)[C@H](CCCCN)NC(=O)CNC(=O)CNC(=O)[C@H](CCC(N)=O)NC(=O)[C@H](CCCCN)NC(=O)CNC(=O)[C@H](CCCNC(=N)N)NC(=O)CNC(=O)[C@@H](N)CO)[C@@H](C)O)C(=O)N[C@@H](CCC(N)=O)C(=O)N[C@@H](Cc1ccccc1)C(=O)N1CCC[C@H]1C(=O)N[C@H](C(=O)NCC(=O)N[C@@H](CCCNC(=N)N)C(=O)N[C@H](C(=O)N[C@@H](Cc1c[nH]cn1)C(=O)N[C@@H](CCCNC(=N)N)C(=O)N[C@@H](CC(C)C)C(=O)N[C@@H](CC(C)C)C(=O)N[C@@H](CCCNC(=N)N)C(=O)N[C@@H](CCCCN)C(=O)NCC=O)C(C)C)C(C)C,1,3.0851202,3
CC[C@H](C)[C@H](NC(=O)[C@H](CCCC[NH3+])NC(=O)[C@@H](NC(=O)[C@H](CCC(N)=O)NC(=O)[C@@H]([NH3+])CCCNC(N)=[NH2+])[C@@H](C)CC)C(=O)N[C@@H](Cc1c[nH]c2ccccc12)C(=O)N[C@@H](Cc1ccccc1)C(=O)N[C@@H](CCC(N)=O)C(=O)N[C@@H](CC(N)=O)C(=O)N[C@@H](CCCNC(N)=[NH2+])C(=O)N[C@@H](CCCNC(N)=[NH2+])C(=O)N[C@@H](CCSC)C(=O)N[C@@H](CCCC[NH3+])C(=O)N[C@@H](Cc1c[nH]c2ccccc12)C(=O)N[C@@H](CCCC[NH3+])C(=O)N[C@@H](CCCC[NH3+])C(=O)O,1,4.4970875,3
NC(=[NH2+])NCCC[C@@H](N)C(=O)N[C@@H](CCCNC(N)=[NH2+])C(=O)N[C@H](CCCNC(N)=[NH2+])C(=O)NCC(=O)N[C@H](CCCNC(N)=[NH2+])C(=O)N[C@@H](CCCC[NH3+])C(=O)N[C@H](CCCC[NH3+])C(=O)N[C@@H](CCCNC(N)=[NH2+])C(=O)N[C@@H](C=O)CCCNC(N)=[NH2+],1,8.17418,3
CC[C@H](C)[C@H](NC(=O)[C@H](CCCC[NH3+])NC(=O)[C@@H](NC(=O)[C@H](CCC(N)=O)NC(=O)[C@@H](N)CCCNC(N)=[NH2+])[C@@H](C)CC)C(=O)N[C@@H](Cc1c[nH]c2ccccc12)C(=O)N[C@@H](Cc1ccccc1)C(=O)N[C@@H](CCC(N)=O)C(=O)N[C@H](C=O)CC(N)=O,1,6.7612066,3
C[C@H](NC(=O)[C@H](C)NC(=O)[C@H](CO)NC(=O)[C@H](CCCNC(N)=[NH2+])NC(=O)[C@H](CS)NC(O)C(CC1CNCN1)NC(O)C(CC1CNCN1)NC(=O)[C@H](CCCNC(N)=[NH2+])NC(=O)[C@H](CCCNC(N)=[NH2+])NC(=O)[C@@H](N)CO)C(=O)N[C@@H](CCCC[NH3+])C(=O)N[C@@H](CCCNC(N)=[NH2+])C(=O)N[C@@H](CO)C(=O)N[C@@H](CCCNC(N)=[NH2+])C(=O)NC(CC1CNCN1)C(O)NC(CO)CC1CNCN1,1,5.2562084,3
NC(=[NH2+])NCCC[C@H](NC(=O)[C@H](Cc1ccccc1)NC(=O)[C@H](CCCC[NH3+])NC(=O)[C@H](CCCC[NH3+])NC(=O)[C@@H](N)Cc1ccccc1)C(=O)N[C@@H](CCCC[NH3+])C(=O)N[C@H](C=O)Cc1ccccc1,1,2.81984,3
CCC[C@@H]1NC(=O)[C@@H]2CS34SC[C@H](NC(=O)[C@H]([C@@H](C)CC)NC(=O)[C@H](CS)NC(=O)[C@H](C)NC(=O)CNC1=O)C(=O)N[C@@H](CCCNC(=N)N)C(=O)NCC(=O)N[C@@H](CC(N)=O)C(=O)NCC(=O)N[C@@H](Cc1ccc(O)cc1)C(=O)N[C@H](C(=O)NCC(=O)N[C@@H](CO)C(=O)NCC(=O)N[C@@H](CO)C(=O)N[C@H](C=O)CC(=O)O)C[SH]3[SH]4C[C@H](NC(=O)[C@H](CCCCN)NC(=O)[C@H](CCCCN)NC(=O)[C@H](CC(C)C)NC(=O)[C@@H](NC(=O)[C@H](C)NC(=O)[C@H](CCC)NC(=O)[C@H](CS)NC(=O)[C@@H](NC(=O)CNC(=O)CN)C(C)C)[C@@H](C)CC)C(=O)N[C@@H](CCCNC(=N)N)C(=O)N[C@@H](CCCNC(=N)N)C(=O)N[C@@H](CC(=O)O)C(=O)N[C@@H](CO)C(=O)N[C@@H](CC(=O)O)C(=O)N2,1,-3.853185,3
C[C@H](N)C(=O)N[C@@H](CS)C(=O)N[C@@H](CO)C(=O)NCC(=O)N[C@@H](CCCNC(N)=[NH2+])C(=O)NCC(=O)N[C@@H](CCCNC(N)=[NH2+])C(=O)NCC(=O)N[C@@H](CS)C(=O)NCC(=O)N[C@@H](CO)C(=O)NCC(=O)N[C@@H](CO)C(=O)NCC(=O)N[C@@H](CO)C(=O)N[C@@H](CS)C(=O)NCC=O,1,2.5735967,3
CC[C@H](C)[C@H](NC(=O)[C@H](CC(C)C)NC(=O)[C@H](C)NC(=O)[C@H](CCCNC(N)=[NH2+])NC(=O)[C@H](Cc1ccccc1)NC(=O)[C@@H](NC(=O)[C@@H](NC(=O)[C@@H](N)CCSC)[C@@H](C)CC)[C@@H](C)CC)C(=O)N[C@@H](CO)C(=O)NC(CC1CNCN1)C(O)N[C@@H](CCCC[NH3+])C(=O)N[C@H](C=O)CCCC[NH3+],1,9.446641,3
CC(C)C[C@H](NC(=O)[C@H](CCCNC(N)=[NH2+])NC(=O)[C@H](CCCNC(N)=[NH2+])NC(=O)[C@H](CC(C)C)NC(=O)[C@H](CC(C)C)NC(=O)[C@H](CCCNC(N)=[NH2+])NC(=O)[C@@H](N)CCCNC(N)=[NH2+])C(=O)N[C@@H](CCCNC(N)=[NH2+])C(=O)N[C@H](C=O)CCCNC(N)=[NH2+],1,8.503009,3
CC[C@H](C)[C@H](NC(=O)[C@H](CCCNC(N)=[NH2+])NC(=O)[C@@H](N)CCCC[NH3+])C(=O)N1CCC[C@H]1C(=O)N[C@@H](CC(N)=O)C(=O)N[C@@H](CCCC[NH3+])C(=O)N[C@@H](CCCC[NH3+])C(=O)N1CCC[C@H]1C(=O)NCC(=O)N[C@@H](CCCC[NH3+])C(=O)N[C@H](C=O)CCCC[NH3+],1,7.6547384,3
CC[C@H](C)[C@H](NC(=O)[C@H](CCCC[NH3+])NC(=O)[C@@H](NC(=O)[C@H](CCC(N)=O)NC(=O)[C@@H](N)CCCNC(N)=[NH2+])[C@@H](C)CC)C(=O)N[C@@H](Cc1c[nH]c2ccccc12)C(=O)N[C@@H](Cc1ccccc1)C(=O)N1CCC[C@H]1C(=O)N[C@@H](CC(N)=O)C(=O)N[C@@H](CCCNC(N)=[NH2+])C(=O)N[C@@H](CCCNC(N)=[NH2+])C(=O)N[C@@H](CCSC)C(=O)N[C@@H](CCCC[NH3+])C(=O)N[C@@H](Cc1c[nH]c2ccccc12)C(=O)N[C@@H](CCCC[NH3+])C(=O)N[C@H](C=O)CCCC[NH3+],1,8.420968,3
CC[C@H](C)[C@H](NC(=O)[C@H](CCCNC(N)=[NH2+])NC(=O)[C@@H](NC(=O)[C@@H](N)CCCNC(N)=[NH2+])C(C)C)C(=O)N[C@@H](CC(C)C)C(=O)N[C@@H](C)C(=O)N[C@@H](CCCNC(N)=[NH2+])C(=O)N[C@@H](Cc1ccccc1)C(=O)N[C@@H](CC(C)C)C(=O)N[C@@H](CCCNC(N)=[NH2+])C(=O)N[C@H](C(=O)N[C@@H](CCCNC(N)=[NH2+])C(=O)N[C@H](C=O)C(C)C)[C@@H](C)O,1,7.7736244,3
CC[C@H](C)[C@H](NC(=O)[C@H](CCCCN)NC(=O)[C@H](CCCCN)NC(=O)[C@H](C)NC(=O)[C@H](CC(C)C)NC(=O)[C@H](C)NC(=O)[C@H](C)NC(=O)[C@H](CC(C)C)NC(=O)[C@H](C)NC(=O)[C@H](CCCCN)NC(=O)[C@H](CC(C)C)NC(=O)[C@H](CC(N)=O)NC(=O)[C@@H](NC(=O)[C@H](CCCCN)NC(=O)CNC(=O)[C@H](CC(C)C)NC(=O)[C@H](CC(C)C)NC(=O)[C@H](Cc1ccc(O)cc1)NC(=O)CNC(=O)[C@H](C)N)[C@@H](C)O)C(=O)N[C@H](C=O)CC(C)C,1,7.8950434,3
NC(=[NH2+])NCCC[C@H](NC(=O)CNC(=O)[C@H](CCCNC(N)=[NH2+])NC(=O)[C@@H](N)CCCNC(N)=[NH2+])C(=O)N[C@@H](CCCNC(N)=[NH2+])C(=O)NCC=O,1,2.8182905,3
CC[C@H](C)[C@H](NC(=O)[C@H](CCCNC(N)=[NH2+])NC(=O)[C@H](CC(C)C)NC(=O)[C@@H](NC(=O)[C@@H](NC(=O)[C@H](CC(C)C)NC(=O)[C@H](Cc1ccccc1)NC(=O)[C@H](CCCNC(N)=[NH2+])NC(=O)[C@H](CCCNC(N)=[NH2+])NC(=O)[C@@H](N)C(C)C)C(C)C)[C@@H](C)O)C(=O)N[C@@H](CCCNC(N)=[NH2+])C(=O)N[C@@H](CCCNC(N)=[NH2+])C(=O)N[C@@H](C)C=O,1,5.3598003,3
CCC[C@H](NC(=O)[C@@H](NC(=O)[C@H](CC(C)C)NC(=O)[C@H](CC(N)=O)NC(=O)[C@H](CCCNC(=N)N)NC(=O)[C@H](CC(C)C)NC(=O)[C@H](Cc1ccccc1)NC(=O)[C@H](CC(=O)O)NC(=O)[C@H](CCCCN)NC(=O)[C@@H](NC(=O)[C@H](CCCNC(=N)N)NC(=O)[C@H](CCC(N)=O)NC(=O)[C@@H](NC(=O)[C@@H](NC(=O)[C@H](CCCNC(=N)N)NC(=O)[C@H](CCCCN)NC(=O)[C@H](Cc1ccccc1)NC(=O)[C@H](CCC(=O)O)NC(=O)[C@H](CCCCN)NC(=O)CNC(=O)[C@@H](NC(=O)[C@H](CCCCN)NC(=O)[C@H](CCC(=O)O)NC(=O)[C@H](CCCCN)NC(=O)[C@H](CO)NC(=O)[C@H](CCCCN)NC(=O)[C@H](CCCNC(=N)N)NC(=O)[C@H](Cc1ccccc1)NC(=O)[C@H](Cc1ccccc1)NC(=O)[C@H](CC(=O)O)NC(=O)CNC(=O)[C@H](CC(C)C)NC(=O)[C@@H](N)CC(C)C)[C@@H](C)CC)[C@@H](C)CC)C(C)C)[C@@H](C)CC)C(C)C)C(=O)N[C@@H](CCCNC(=N)N)C(=O)N[C@H](C(=O)N[C@@H](CCC(=O)O)C(=O)N[C@@H](CO)C(=O)N[C@H](C=O)CS)[C@@H](C)O,1,0.591901,3
CC[C@H](C)[C@H](NC(=O)[C@H](C)NC(=O)[C@@H](NC(=O)[C@H](CCC(N)=O)NC(=O)[C@@H]1CCCN1C(=O)[C@H](Cc1ccccc1)NC(=O)[C@@H](NC(O)C(CC1CNCN1)NC(=O)[C@H](Cc1ccccc1)NC(=O)[C@H](CCCC[NH3+])NC(=O)[C@H](CC(N)=O)NC(=O)[C@H](Cc1ccccc1)NC(=O)[C@H](CC(=O)O)NC(=O)[C@H](CCC(N)=O)NC(=O)[C@@H](NC(=O)[C@H](Cc1ccc(O)cc1)NC(=O)[C@@H](NC(=O)CNC(=O)[C@@H](N)CC(C)C)[C@@H](C)O)[C@@H](C)O)[C@@H](C)O)[C@@H](C)O)C(=O)NCC(=O)N[C@H](C(=O)NCC(=O)N[C@@H](C)C(=O)N1CCC[C@H]1C=O)C(C)C,1,-0.30529156,3
CSCC[C@H](NC(=O)[C@H](CC(N)=O)NC(=O)[C@H](CCCNC(N)=[NH2+])NC(=O)[C@H](CCC(N)=O)NC(=O)[C@H](Cc1c[nH]c2ccccc12)NC(=O)[C@H](CCC(N)=O)NC(=O)[C@@H](N)Cc1ccccc1)C(=O)N[C@@H](CCCNC(N)=[NH2+])C(=O)N[C@@H](CCCC[NH3+])C(=O)N[C@H](C(=O)N[C@@H](CCCNC(N)=[NH2+])C(=O)NCC(=O)N1CCC[C@H]1C(=O)N1CCC[C@H]1C(=O)N[C@H](C(=O)N[C@H](C=O)CO)C(C)C)C(C)C,1,4.6832814,3
C[C@H](N)C(=O)N[C@@H](CS)C(=O)N[C@@H](CCCNC(N)=[NH2+])C(=O)NCC(=O)N[C@@H](CO)C(=O)NCC(=O)N[C@@H](CCCNC(N)=[NH2+])C(=O)NCC(=O)N[C@@H](CS)C(=O)NCC(=O)N[C@@H](CCCNC(N)=[NH2+])C(=O)NCC(=O)N[C@@H](CO)C(=O)NCC(=O)N[C@@H](CCCNC(N)=[NH2+])C(=O)N[C@@H](CS)C(=O)NCC=O,1,3.7947876,3
CC[C@H](C)[C@H](NC(=O)[C@H](CCCCN)NC(=O)[C@H](CCCCN)NC(=O)[C@H](C)NC(=O)[C@H](CC(C)C)NC(=O)[C@H](CCCCN)NC(=O)[C@H](C)NC(=O)[C@H](CC(C)C)NC(=O)[C@H](CCCCN)NC(=O)[C@H](C)NC(=O)[C@H](CC(C)C)NC(=O)[C@H](CCCCN)NC(=O)[C@H](C)NC(=O)[C@H](CC(C)C)NC(=O)[C@H](CCCCN)NC(=O)[C@H](C)NC(=O)[C@H](CC(C)C)NC(=O)[C@H](CCCCN)NC(=O)[C@H](C)NC(=O)[C@H](CC(C)C)NC(=O)[C@H](C)NC(=O)[C@H](CC(C)C)NC(=O)[C@H](C)NC(=O)[C@H](CC(C)C)NC(=O)[C@H](C)NC(=O)[C@H](CC(C)C)NC(=O)[C@H](C)NC(=O)[C@H](CC(C)C)NC(=O)[C@H](C)NC(=O)[C@H](CC(C)C)NC(=O)[C@H](C)NC(=O)[C@H](CC(C)C)NC(=O)[C@H](C)NC(=O)[C@@H](N)CC(C)C)C(=O)N[C@H](C=O)CCCCN,1,8.760892,3
CC(C)C[C@H](NC(=O)[C@H](C)NC(=O)[C@H](CC(C)C)NC(=O)[C@H](CC(C)C)NC(=O)[C@@H](NC(=O)[C@H](C)NC(=O)[C@@H]1CCCN1C(=O)[C@H](CC(C)C)NC(=O)[C@H](CC(C)C)NC(=O)[C@H](C)NC(=O)[C@@H](NC(=O)[C@H](C)NC(=O)[C@H](C)NC(=O)[C@H](CCCC[NH3+])NC(=O)[C@H](Cc1ccccc1)NC(=O)[C@H](CCCNC(N)=[NH2+])NC(=O)[C@@H](N)Cc1c[nH]c2ccccc12)C(C)C)C(C)C)C(=O)N[C@@H](CC(C)C)C(=O)N[C@@H](C)C(=O)N1CCC[C@H]1C=O,1,3.948211,3
CC(C)C[C@H](NC(=O)[C@H](C)NC(=O)[C@H](CC(C)C)NC(=O)[C@H](CCCC[NH3+])NC(=O)[C@H](CC(C)C)NC(=O)[C@H](CCCC[NH3+])NC(=O)[C@H](CC(C)C)NC(=O)[C@H](C)NC(=O)[C@@H](N)CCCC[NH3+])C(=O)N[C@@H](C)C(=O)N[C@@H](CC(C)C)C(=O)N[C@@H](CC(C)C)C(=O)N[C@@H](C)C(=O)N[C@@H](CCCC[NH3+])C(=O)N[C@@H](CC(C)C)C(=O)N[C@@H](CCCC[NH3+])C(=O)N[C@@H](CC(C)C)C(=O)N[C@@H](C)C=O,1,6.591276,3
CC[C@H](C)[C@H](NC(=O)[C@H](CC(C)C)NC(=O)[C@H](CC(=O)O)NC(=O)[C@H](CCCNC(N)=[NH2+])NC(=O)[C@H](Cc1ccc(O)cc1)NC(=O)[C@H](C)NC(=O)[C@@H](NC(=O)[C@@H](N)CCSC)[C@@H](C)CC)C(=O)N[C@H](C=O)CO,1,7.499481,3
CC(C)C[C@@H](NC(=O)[C@H](NC(=O)[C@H]1CCCN1C(=O)[C@H](N)C(C)C)[C@@H](C)O)C(=O)N[C@@H](C=O)CCCC[NH3+],1,6.084066,3
CC(C)C[C@H](NC(=O)[C@H](C)NC(=O)[C@H](CCCC[NH3+])NC(=O)[C@H](CC(C)C)NC(=O)[C@H](C)NC(=O)[C@H](CC(C)C)NC(=O)[C@H](CCCC[NH3+])NC(=O)[C@H](CC(C)C)NC(=O)[C@H](C)NC(=O)[C@H](CC(C)C)NC(=O)[C@@H](N)CCCC[NH3+])C(=O)N[C@@H](CCC(N)=O)C(=O)N[C@@H](C)C(=O)N[C@@H](C)C(=O)N[C@@H](CC(C)C)C(=O)N[C@@H](CCC(N)=O)C(=O)N[C@@H](CC(C)C)C(=O)N[C@@H](C)C=O,1,7.6391134,3
CC[C@H](C)[C@H](NC(=O)[C@H](CCCC[NH3+])NC(=O)[C@@H](NC(=O)[C@H](CCC(N)=O)NC(=O)[C@@H](N)CCCNC(N)=[NH2+])[C@@H](C)CC)C(=O)N[C@@H](Cc1c[nH]c2ccccc12)C(=O)N[C@@H](Cc1ccccc1)C(=O)N[C@@H](CCC(N)=O)C(=O)N[C@@H](CC(N)=O)C(=O)N[C@@H](CCCNC(N)=[NH2+])C(=O)N[C@@H](CCCNC(N)=[NH2+])C(=O)N[C@@H](C)C(=O)N[C@@H](CCCC[NH3+])C(=O)N[C@@H](Cc1c[nH]c2ccccc12)C(=O)N[C@@H](CCCC[NH3+])C(=O)N[C@H](C=O)CCCC[NH3+],1,8.435754,3
NC(=[NH2+])NCCC[C@@H](C=O)NC(=O)[C@H](CCCNC(N)=[NH2+])NC(=O)[C@H](CCCNC(N)=[NH2+])NC(=O)[C@H](CCC(N)=O)NC(=O)[C@H](CCCNC(N)=[NH2+])NC(=O)[C@H](CCCNC(N)=[NH2+])NC(=O)[C@H](CCCC[NH3+])NC(=O)[C@H](CCCC[NH3+])NC(=O)[C@H](CCCNC(N)=[NH2+])NC(=O)CNC(=O)[C@H](Cc1ccc(O)cc1)NC(=O)[C@H](CCCC[NH3+])NC(=O)[C@@H](N)CS,1,6.8312006,3
CC(C)C[C@H](NC(=O)CNC(=O)[C@H](CO)NC(=O)[C@H](C)NC(=O)CNC(=O)[C@H](CO)NC(=O)[C@@H]1CCCN1C(=O)[C@H](C)NC(=O)[C@H](CC(C)C)NC(=O)[C@H](CC(C)C)NC(=O)[C@H](C)NC(=O)[C@H](CC(C)C)NC(=O)[C@H](CC(C)C)NC(=O)[C@@H](NC(=O)[C@H](C)NC(=O)[C@@H]1CCCN1C(=O)[C@H](CC(C)C)NC(=O)[C@H](CC(C)C)NC(=O)[C@H](C)NC(=O)[C@@H](NC(=O)[C@H](C)NC(=O)[C@H](C)N)C(C)C)C(C)C)C(=O)N[C@@H](CC(=O)O)C(=O)N[C@@H](CCCC[NH3+])C(=O)N[C@@H](CCCNC(N)=[NH2+])C(=O)N[C@@H](CC(=O)O)C(=O)N[C@@H](Cc1ccc(O)cc1)C(=O)N[C@H](C(N)=O)C(C)C,1,0.17179994,3
CC[C@H](C)[C@H](NC(=O)[C@H](CCCNC(N)=[NH2+])NC(=O)[C@H](Cc1ccccc1)NC(=O)[C@@H](NC(=O)[C@@H](NC(=O)[C@@H](N)CCSC)[C@@H](C)CC)[C@@H](C)CC)C(=O)N[C@@H](C)C(=O)N[C@@H](C)C(=O)N[C@@H](CO)C(=O)NC(CC1CNCN1)C(O)N[C@@H](CCCC[NH3+])C(=O)N[C@H](C=O)CCCC[NH3+],1,9.819584,3
CC(=O)NC(CC1CNCN1)C(O)NC(CC1CNCN1)C(O)NC(CC1CNCN1)C(O)NC(CC1CNCN1)C(O)NC(CC1CNCN1)C(O)NC(CC1CNCN1)C(O)NC(CC1CNCN1)C(O)NC(CC1CNCN1)C(O)N[C@@H](CCCNC(N)=[NH2+])C(=O)N[C@@H](CCCNC(N)=[NH2+])C(=O)N[C@@H](CCCNC(N)=[NH2+])C(=O)N[C@@H](CCCNC(N)=[NH2+])C(=O)N[C@@H](CCCNC(N)=[NH2+])C(=O)N[C@@H](CCCNC(N)=[NH2+])C(=O)N[C@@H](CCCNC(N)=[NH2+])C(=O)N[C@@H](CCCNC(N)=[NH2+])C(=O)N[C@@H](CCCNC(N)=[NH2+])C(=O)N[C@@H](CCCNC(N)=[NH2+])C(=O)N[C@@H](CCCNC(N)=[NH2+])C(=O)N[C@@H](CCCNC(N)=[NH2+])C(=O)N[C@@H](CCCNC(N)=[NH2+])C(=O)N[C@@H](CCCNC(N)=[NH2+])C(=O)N[C@@H](CCCNC(N)=[NH2+])C(N)=O,1,5.409984,3
CC[C@H](C)[C@H](NC(=O)[C@H](CCCC[NH3+])NC(=O)[C@@H](NC(=O)[C@H](CCC(N)=O)NC(=O)[C@@H]([NH3+])CCCNC(N)=[NH2+])[C@@H](C)CC)C(=O)N[C@@H](Cc1c[nH]c2ccccc12)C(=O)N[C@@H](Cc1ccccc1)C(=O)N[C@@H](CCC(N)=O)C(=O)N[C@@H](CC(N)=O)C(=O)N[C@@H](CCCNC(N)=[NH2+])C(=O)N[C@@H](CCCNC(N)=[NH2+])C(=O)N[C@@H](CCSC)C(=O)N[C@@H](CCCC[NH3+])C(=O)N[C@@H](Cc1c[nH]c2ccccc12)C(=O)N[C@@H](CCCC[NH3+])C(=O)N[C@@H](CCCC[NH3+])C(=O)O,1,4.4970875,3
NC(=[NH2+])NCCC[C@H](NC(=O)[C@H](Cc1c[nH]c2ccccc12)NC(=O)[C@H](CCCNC(N)=[NH2+])NC(=O)[C@@H](N)CS)C(=O)N[C@H](Cc1c[nH]c2ccccc12)C(=O)N[C@@H](CCCC[NH3+])C(=O)N[C@@H](CS)C(=O)N[C@@H](CS)C(=O)N[C@@H](CCCC[NH3+])C(=O)N[C@H](C=O)CCCC[NH3+],1,4.354149,3
CC[C@H](C)[C@H](NC(=O)[C@H](CCCC[NH3+])NC(=O)[C@@H](NC(=O)[C@H](CCC(N)=O)NC(=O)[C@@H](N)CCCNC(N)=[NH2+])[C@@H](C)CC)C(=O)N[C@@H](Cc1ccccc1)C(=O)N[C@@H](Cc1ccccc1)C(=O)N[C@@H](CCC(N)=O)C(=O)N[C@@H](CC(N)=O)C(=O)N[C@@H](CCCNC(N)=[NH2+])C(=O)N[C@@H](CCCNC(N)=[NH2+])C(=O)N[C@@H](CCSC)C(=O)N[C@@H](CCCC[NH3+])C(=O)N[C@@H](Cc1c[nH]c2ccccc12)C(=O)N[C@@H](CCCC[NH3+])C(=O)N[C@H](C=O)CCCC[NH3+],1,8.943122,3
CC[C@H](C)[C@H](NC(=O)[C@H](CCCC[NH3+])NC(=O)[C@@H](NC(=O)[C@H](CCC(N)=O)NC(=O)[C@@H](N)CCCNC(N)=[NH2+])[C@@H](C)CC)C(=O)N[C@H](C=O)Cc1c[nH]c2ccccc12,1,5.504627,3
NC(=[NH2+])NCCC[C@H](NC(=O)[C@@H](N)CS)C(=O)N[C@H](Cc1c[nH]c2ccccc12)C(=O)N[C@@H](CCCNC(N)=[NH2+])C(=O)N[C@@H](Cc1c[nH]c2ccccc12)C(=O)N[C@@H](CCCC[NH3+])C(=O)N[C@@H](CS)C(=O)N[C@@H](CS)C(=O)N[C@@H](CCCC[NH3+])C(=O)N[C@H](C=O)CCCC[NH3+],1,4.66563,3
CC[C@H](C)[C@H](NC(=O)[C@H](CCCC[NH3+])NC(=O)[C@@H](NC(=O)[C@H](CCC(N)=O)NC(=O)[C@@H]([NH3+])CCCNC(N)=[NH2+])[C@@H](C)CC)C(=O)N[C@@H](Cc1c[nH]c2ccccc12)C(=O)N[C@@H](Cc1ccccc1)C(=O)N[C@@H](CCC(N)=O)C(=O)N[C@@H](CC(N)=O)C(=O)N[C@@H](CCCNC(N)=[NH2+])C(=O)N[C@@H](CCCNC(N)=[NH2+])C(=O)N[C@@H](CCSC)C(=O)N[C@@H](CCCC[NH3+])C(=O)N[C@@H](Cc1c[nH]c2ccccc12)C(=O)N[C@@H](CCCC[NH3+])C(=O)N[C@@H](CCCC[NH3+])C(=O)O,1,4.4970875,3
CC(C)C[C@@H](C=O)NC(=O)[C@@H](NC(=O)[C@@H](NC(=O)[C@H](CC(C)C)NC(=O)[C@@H](NC(=O)[C@H](CCCC[NH3+])NC(=O)[C@H](C)NC(=O)[C@H](CC(C)C)NC(=O)[C@H](CCCC[NH3+])NC(=O)[C@@H](NC(=O)[C@H](CC(C)C)NC(=O)[C@H](C)NC(=O)[C@@H](NC(=O)[C@H](C)NC(=O)[C@H](CC(C)C)NC(=O)[C@@H](NC(=O)[C@H](CCCC[NH3+])NC(=O)[C@@H](N)CC(C)C)[C@@H](C)O)[C@@H](C)O)[C@@H](C)O)[C@@H](C)O)[C@@H](C)O)[C@@H](C)O,1,5.9529915,3
CC(=O)NCC(=O)N[C@@H](CCCNC(N)=[NH2+])C(=O)NCC(=O)N[C@@H](CC(=O)O)C(=O)NCC(=O)N1CCC[C@H]1C(=O)N[C@@H](CCCNC(N)=[NH2+])C(=O)N[C@@H](CCCNC(N)=[NH2+])C(=O)N[C@@H](CCCC[NH3+])C(=O)N[C@@H](CCCC[NH3+])C(=O)N[C@@H](CCCC[NH3+])C(=O)N[C@@H](CCCC[NH3+])C(=O)NCC(=O)N1CCC[C@H]1C(=O)N[C@@H](CCCNC(N)=[NH2+])C(=O)N[C@@H](CCCNC(N)=[NH2+])C(=O)N[C@@H](CCCC[NH3+])C(=O)N[C@@H](CCCC[NH3+])C(=O)N[C@@H](CCCC[NH3+])C(=O)N[C@@H](CCCC[NH3+])C(=O)NCC(=O)N1CCC[C@H]1C(=O)N[C@@H](CCCNC(N)=[NH2+])C(=O)N[C@H](C=O)CCCNC(N)=[NH2+],1,8.237823,3
N=C(N)NCCC[C@@H](C=O)NC(=O)[C@H](CCCNC(=N)N)NC(=O)[C@H](CCCNC(=N)N)NC(=O)[C@H](CCCNC(=N)N)NC(=O)[C@H](CCCNC(=N)N)NC(=O)[C@H](CCCNC(=N)N)NC(=O)[C@H](CCCNC(=N)N)NC(=O)[C@H](CCCNC(=N)N)NC(=O)[C@H](CCCNC(=N)N)NC(=O)[C@H](CCCNC(=N)N)NC(=O)[C@H](CCCNC(=N)N)NC(=O)[C@H](CCCNC(=N)N)NC(=O)[C@H](CCCNC(=N)N)NC(=O)[C@H](CCCNC(=N)N)NC(=O)[C@H](CCCNC(=N)N)NC(=O)[C@H](Cc1c[nH]cn1)NC(=O)[C@H](Cc1c[nH]cn1)NC(=O)[C@H](Cc1c[nH]cn1)NC(=O)[C@H](Cc1c[nH]cn1)NC(=O)[C@H](Cc1c[nH]cn1)NC(=O)[C@H](Cc1c[nH]cn1)NC(=O)[C@H](Cc1c[nH]cn1)NC(=O)[C@H](Cc1c[nH]cn1)NC(=O)[C@H](Cc1c[nH]cn1)NC(=O)[C@H](Cc1c[nH]cn1)NC(=O)[C@H](Cc1c[nH]cn1)NC(=O)[C@H](Cc1c[nH]cn1)NC(=O)[C@H](Cc1c[nH]cn1)NC(=O)[C@H](Cc1c[nH]cn1)NC(=O)[C@H](Cc1c[nH]cn1)NC(=O)[C@H](Cc1c[nH]cn1)NC(=O)[C@H](Cc1c[nH]cn1)NC(=O)[C@H](Cc1c[nH]cn1)NC(=O)[C@H](Cc1c[nH]cn1)NC(=O)[C@@H](N)Cc1c[nH]cn1,1,7.57592,3
CC(C)C[C@H](NC(=O)[C@H](C)NC(=O)[C@@H](NC(=O)[C@@H](NC(=O)[C@H](CCCC[NH3+])NC(=O)[C@H](CC(C)C)NC(=O)[C@@H](N)CC(C)C)[C@@H](C)O)[C@@H](C)O)C(=O)N[C@@H](CC(C)C)C(=O)N[C@@H](CCCC[NH3+])C(=O)N[C@H](C(=O)N[C@H](C(=O)N[C@@H](C)C(=O)N[C@@H](CC(C)C)C(=O)N[C@@H](CC(C)C)C(=O)N[C@@H](CCCC[NH3+])C(=O)N[C@H](C(=O)N[C@H](C(=O)N[C@@H](C)C=O)[C@@H](C)O)[C@@H](C)O)[C@@H](C)O)[C@@H](C)O,1,4.5048904,3
NC(=[NH2+])NCCC[C@H](NC(=O)CNC(=O)[C@@H](N)CCCC[NH3+])C(=O)N[C@@H](CCCC[NH3+])C(=O)N[C@@H](CCCC[NH3+])C(=O)N[C@@H](CCCNC(N)=[NH2+])C(=O)N[C@@H](CCCNC(N)=[NH2+])C(=O)N[C@@H](CCC(N)=O)C(=O)N[C@@H](CCCNC(N)=[NH2+])C(=O)N[C@@H](CCCNC(N)=[NH2+])C(=O)N[C@@H](CCCNC(N)=[NH2+])C(=O)N1CCC[C@H]1C(=O)N1CCC[C@H]1C(=O)N[C@H](C=O)CCC(N)=O,1,9.065651,3
NCC(=O)N[C@@H](CCCNC(N)=[NH2+])C(=O)N[C@@H](CCCC[NH3+])C(=O)N[C@@H](CCCC[NH3+])C(=O)N[C@@H](CCCNC(N)=[NH2+])C(=O)N[C@@H](CCCNC(N)=[NH2+])C(=O)N[C@@H](CCC(N)=O)C(=O)N[C@@H](CCCNC(N)=[NH2+])C(=O)N[C@@H](CCCNC(N)=[NH2+])C(=O)N[C@@H](CCCNC(N)=[NH2+])C(=O)N1CCC[C@H]1C(=O)N[C@@H](Cc1c[nH]c2ccccc12)C(=O)N[C@H](C=O)CCC(N)=O,1,8.085731,3
CC[C@H](C)[C@@H](C=O)NC(=O)[C@H](CC(C)C)NC(=O)[C@H](Cc1ccc(O)cc1)NC(=O)[C@@H](NC(=O)[C@H](Cc1ccccc1)NC(=O)[C@@H]1CCCN1)C(C)C,1,-1.0863051,3
N[C@@H](CCCC[NH3+])C(=O)N[C@@H](CCCC[NH3+])C(=O)N[C@@H](CCCC[NH3+])C(=O)N[C@@H](CCCC[NH3+])C(=O)N[C@@H](CCCC[NH3+])C(=O)N[C@@H](CCCC[NH3+])C(=O)N[C@@H](CCCC[NH3+])C(=O)N[C@@H](CCCC[NH3+])C(=O)N[C@H](C=O)CCCC[NH3+],1,7.3205433,3
CC(=O)N[C@@H](CCCC[NH3+])C(=O)N[C@@H](CCC(=O)O)C(=O)N[C@H](C(=O)N[C@@H](Cc1c[nH]c2ccccc12)C(=O)N[C@@H](Cc1c[nH]c2ccccc12)C(=O)N[C@@H](CCC(=O)O)C(=O)N[C@H](C(=O)N[C@@H](Cc1c[nH]c2ccccc12)C(=O)N[C@@H](Cc1c[nH]c2ccccc12)C(=O)N[C@H](C(=O)N[C@@H](CCC(=O)O)C(=O)N[C@@H](Cc1c[nH]c2ccccc12)C(=O)N[C@@H](CO)C(=O)N[C@@H](CCC(N)=O)C(=O)N1CCC[C@H]1C(=O)N[C@@H](CCCC[NH3+])C(=O)N[C@@H](CCCC[NH3+])C(=O)N[C@@H](CCCC[NH3+])C(=O)N[C@@H](CCCNC(N)=[NH2+])C(=O)N[C@@H](CCCC[NH3+])C(=O)N[C@H](C(N)=O)C(C)C)[C@@H](C)O)[C@@H](C)O)[C@@H](C)O,1,-0.3110909,3
NC(=[NH2+])NCCC[C@@H](C=O)NC(=O)[C@H](CCCNC(N)=[NH2+])NC(=O)[C@H](CCCNC(N)=[NH2+])NC(=O)[C@H](CCCNC(N)=[NH2+])NC(=O)[C@H](CCCNC(N)=[NH2+])NC(=O)[C@H](CCCNC(N)=[NH2+])NC(=O)[C@H](CCCNC(N)=[NH2+])NC(=O)[C@H](CCCNC(N)=[NH2+])NC(=O)[C@@H](N)CCCNC(N)=[NH2+],1,8.626672,3
CC[C@H](C)[C@H](NC(=O)[C@H](CCCC[NH3+])NC(=O)[C@@H](NC(=O)[C@H](CCC(N)=O)NC(=O)[C@H](CCCNC(N)=[NH2+])NC(=O)[C@@H](N)CS)[C@@H](C)CC)C(=O)N[C@@H](Cc1c[nH]c2ccccc12)C(=O)N[C@@H](Cc1ccccc1)C(=O)N1CCC[C@H]1C(=O)N[C@@H](CC(N)=O)C(=O)N[C@@H](CCCNC(N)=[NH2+])C(=O)N[C@@H](CCCNC(N)=[NH2+])C(=O)N[C@@H](CCSC)C(=O)N[C@@H](CCCC[NH3+])C(=O)N[C@@H](Cc1c[nH]c2ccccc12)C(=O)N[C@@H](CCCC[NH3+])C(=O)N[C@@H](CCCC[NH3+])C(=O)N[C@H](C=O)CS,1,6.7486124,3
NCC(=O)N[C@@H](CCCNC(N)=[NH2+])C(=O)N[C@@H](CCCC[NH3+])C(=O)N[C@@H](CCCC[NH3+])C(=O)N[C@@H](CCCNC(N)=[NH2+])C(=O)N[C@@H](CCCNC(N)=[NH2+])C(=O)N[C@@H](CCC(N)=O)C(=O)N[C@@H](CCCNC(N)=[NH2+])C(=O)N[C@@H](CCCNC(N)=[NH2+])C(=O)N[C@@H](CCCNC(N)=[NH2+])C(=O)N1CCC[C@H]1C(=O)N1CCC[C@H]1C(=O)N[C@H](C=O)CCC(N)=O,1,9.097582,3
CC(C)C[C@H](NC(=O)CN)C(=O)N[C@@H](Cc1c[nH]c2ccccc12)C(=O)N[C@@H](CCCNC(N)=[NH2+])C(=O)N[C@@H](C)C(=O)N[C@@H](CC(C)C)C(=O)N[C@@H](Cc1c[nH]c2ccccc12)C(=O)N[C@@H](CCCNC(N)=[NH2+])C(=O)N[C@@H](C)C(=O)N[C@@H](CC(C)C)C(=O)N[C@@H](Cc1c[nH]c2ccccc12)C(=O)N[C@@H](CCCNC(N)=[NH2+])C(=O)N[C@@H](CO)C(=O)N[C@@H](CC(C)C)C(=O)N[C@@H](Cc1c[nH]c2ccccc12)C(=O)N[C@@H](CCCC[NH3+])C(=O)N[C@@H](CCCC[NH3+])C(=O)N[C@@H](CCCC[NH3+])C(=O)N[C@@H](CCCNC(N)=[NH2+])C(=O)N[C@@H](CCCC[NH3+])C(=O)N[C@H](C=O)C(C)C,1,7.390774,3
NC(=[NH2+])NCCC[C@H](NC(=O)[C@H](CCCNC(N)=[NH2+])NC(=O)[C@H](CCCNC(N)=[NH2+])NC(=O)[C@H](CCCNC(N)=[NH2+])NC(=O)[C@H](CCCNC(N)=[NH2+])NC(=O)[C@H](CCCNC(N)=[NH2+])NC(=O)[C@@H](N)CCCNC(N)=[NH2+])C(=O)N[C@H](C=O)Cc1c[nH]c2ccccc12,1,7.274033,3
CC[C@H](C)[C@H](NC(=O)[C@H](CCCNC(N)=[NH2+])NC(=O)[C@H](CCCNC(N)=[NH2+])NC(=O)[C@H](CCCNC(N)=[NH2+])NC(=O)[C@H](CC(C)C)NC(=O)[C@@H](NC(=O)[C@@H](NC(=O)[C@H](CC(C)C)NC(=O)[C@@H](N)CC(C)C)[C@@H](C)CC)[C@@H](C)CC)C(=O)N[C@@H](CCCNC(N)=[NH2+])C(=O)N[C@@H](CCCC[NH3+])C(=O)N[C@@H](CCC(N)=O)C(=O)N[C@@H](C)C(=O)NC(CC1CNCN1)C(O)N[C@@H](C)C(=O)NC(CC1CNCN1)C(O)N[C@@H](CO)C(=O)N[C@@H](C)C=O,1,7.883668,3
CC(C)[C@@H](C=O)NC(=O)[C@H](CCCC[NH3+])NC(=O)[C@H](CCCNC(N)=[NH2+])NC(=O)[C@H](CCCC[NH3+])NC(=O)[C@H](CO)NC(=O)[C@H](CCCC[NH3+])NC(=O)[C@H](CCCC[NH3+])NC(=O)[C@H](Cc1ccccc1)NC(=O)[C@H](CCCNC(N)=[NH2+])NC(=O)[C@@H](N)Cc1c[nH]c2ccccc12,1,3.3547196,3
CC(C)C[C@H](NC(=O)[C@H](C)NC(=O)[C@H](CC(C)C)NC(=O)[C@H](CCCC[NH3+])NC(=O)[C@H](CC(C)C)NC(=O)[C@H](CCCC[NH3+])NC(=O)[C@H](CC(C)C)NC(=O)[C@H](C)NC(=O)[C@@H](N)CCCC[NH3+])C(=O)N[C@@H](C)C(=O)N[C@@H](CC(C)C)C(=O)N[C@@H](CC(C)C)C(=O)N[C@@H](C)C(=O)N[C@@H](CCCC[NH3+])C(=O)N[C@@H](CC(C)C)C(=O)N[C@@H](CCCC[NH3+])C(=O)N[C@@H](CC(C)C)C(=O)N[C@@H](C)C(N)=O,1,1.8285896,3
CC[C@H](C)[C@H](NC(=O)[C@H](CCCC[NH3+])NC(=O)[C@@H](NC(=O)[C@H](CCC(N)=O)NC(=O)[C@@H](N)CCCNC(N)=[NH2+])[C@@H](C)CC)C(=O)N[C@@H](C)C(=O)N[C@@H](Cc1ccccc1)C(=O)N[C@@H](CCC(N)=O)C(=O)N[C@@H](CC(N)=O)C(=O)N[C@@H](CCCNC(N)=[NH2+])C(=O)N[C@@H](CCCNC(N)=[NH2+])C(=O)N[C@@H](CCSC)C(=O)N[C@@H](CCCC[NH3+])C(=O)N[C@@H](Cc1c[nH]c2ccccc12)C(=O)N[C@@H](CCCC[NH3+])C(=O)N[C@H](C=O)CCCC[NH3+],1,9.06549,3
CC(C)C[C@H](NC(=O)CNC(=O)[C@H](CCCC[NH3+])NC(=O)[C@H](CC(C)C)NC(=O)CNC(=O)[C@H](CC(C)C)NC(=O)[C@H](CCCC[NH3+])NC(=O)[C@H](CC(C)C)NC(=O)CNC(=O)[C@H](CC(C)C)NC(=O)[C@@H](N)CCCC[NH3+])C(=O)N[C@@H](CCCC[NH3+])C(=O)NCC(=O)NCC(=O)N[C@@H](CC(C)C)C(=O)N[C@@H](CCCC[NH3+])C(=O)N[C@@H](CC(C)C)C(=O)NCC=O,1,-0.6495487,3
C[C@H](N)C(=O)N[C@@H](CS)C(=O)N[C@@H](CO)C(=O)NCC(=O)N[C@@H](CO)C(=O)NCC(=O)N[C@@H](CO)C(=O)NCC(=O)N[C@@H](CS)C(=O)NCC(=O)N[C@@H](CO)C(=O)NCC(=O)N[C@@H](CO)C(=O)NCC(=O)N[C@@H](CO)C(=O)N[C@@H](CS)C(=O)NCC(=O)N[C@@H](CCCNC(N)=[NH2+])C(=O)N[C@@H](CCCNC(N)=[NH2+])C(=O)N[C@@H](CCCNC(N)=[NH2+])C(=O)N[C@@H](CCCNC(N)=[NH2+])C(=O)N[C@@H](CCCNC(N)=[NH2+])C(=O)N[C@@H](CCCNC(N)=[NH2+])C(=O)N[C@@H](CCCNC(N)=[NH2+])C(=O)N[C@H](C=O)CCCNC(N)=[NH2+],1,7.165743,3
CC[C@H](C)[C@H](NC(=O)[C@H](CCCNC(N)=[NH2+])NC(=O)[C@H](C)NC(O)C(N)CC1CNCN1)C(=O)N[C@@H](CCCC[NH3+])C(=O)N1CCC[C@H]1C(=O)N[C@H](C(=O)N[C@@H](Cc1ccccc1)C(=O)N[C@@H](CCCNC(N)=[NH2+])C(=O)N[C@@H](CCCNC(N)=[NH2+])C(=O)N[C@@H](CC(C)C)C(=O)N[C@@H](CCCC[NH3+])C(=O)N[C@@H](Cc1c[nH]c2ccccc12)C(=O)N[C@@H](CCCC[NH3+])C(=O)N[C@@H](Cc1ccc(O)cc1)C(=O)N[C@@H](CCCC[NH3+])C(=O)NCC(=O)N[C@@H](CCCC[NH3+])C(=O)N[C@@H](Cc1ccccc1)C(=O)N[C@H](C=O)Cc1c[nH]c2ccccc12)[C@@H](C)O,1,6.306778,3
CC(C)[C@@H](C=O)NC(=O)[C@H](CCCC[NH3+])NC(=O)[C@H](CCCNC(N)=[NH2+])NC(=O)[C@H](CCCC[NH3+])NC(=O)[C@H](CCCC[NH3+])NC(=O)[C@H](CCCC[NH3+])NC(=O)[C@@H]1CCCN1C(=O)[C@H](CCC(N)=O)NC(=O)[C@H](CO)NC(=O)[C@H](Cc1c[nH]c2ccccc12)NC(=O)[C@H](CCC(=O)O)NC(=O)[C@@H](NC(=O)[C@H](Cc1c[nH]c2ccccc12)NC(=O)[C@H](Cc1c[nH]c2ccccc12)NC(=O)[C@@H](NC(=O)[C@H](CCC(=O)O)NC(=O)[C@H](Cc1c[nH]c2ccccc12)NC(=O)[C@H](Cc1c[nH]c2ccccc12)NC(=O)[C@@H](NC(=O)[C@H](CCC(=O)O)NC(=O)[C@@H](N)CCCC[NH3+])[C@@H](C)O)[C@@H](C)O)[C@@H](C)O,1,4.5827293,3
CC(C)C[C@H](NC(=O)[C@H](C)NC(=O)[C@H](CCCC[NH3+])NC(=O)[C@H](CC(C)C)NC(=O)[C@H](C)NC(=O)[C@H](CC(C)C)NC(=O)[C@@H](N)CCCC[NH3+])C(=O)N[C@@H](CCCC[NH3+])C(=O)N[C@@H](C)C(=O)N[C@@H](C)C(=O)N[C@@H](CC(C)C)C(=O)N[C@@H](CCCC[NH3+])C(=O)N[C@@H](CC(C)C)C(=O)N[C@@H](C)C=O,1,6.9512215,3
CSCC[C@H](NC(=O)[C@H](CC(C)C)NC(=O)CNC(=O)[C@H](Cc1ccccc1)NC(=O)[C@H](Cc1ccccc1)NC(=O)[C@H](CCC(N)=O)NC(=O)[C@H](CCC(N)=O)NC(=O)[C@H](CC(C)C)NC(=O)[C@H](CC(C)C)NC(=O)[C@H](CCCC[NH3+])NC(=O)[C@H](Cc1c[nH]c2ccccc12)NC(=O)[C@@H](NC(=O)[C@H](CCCC[NH3+])NC(=O)[C@H](CCCNC(N)=[NH2+])NC(=O)[C@H](CCCC[NH3+])NC(=O)[C@H](CCCC[NH3+])NC(=O)[C@H](CCCC[NH3+])NC(=O)[C@@H]1CCCN1)C(C)C)C(N)=O,1,-3.5083954,3
CC[C@H](C)[C@H](NC(=O)[C@H](C)NC(=O)[C@H](Cc1ccccc1)NC(=O)[C@@H](NC(=O)[C@@H](NC(=O)[C@@H](N)CCSC)[C@@H](C)CC)[C@@H](C)CC)C(=O)N[C@@H](C)C(=O)N[C@@H](C)C(=O)N[C@@H](CO)C(=O)NC(CC1CNCN1)C(O)N[C@@H](CCCC[NH3+])C(=O)N[C@H](C=O)CCCC[NH3+],1,9.053082,3
CC[C@H](C)[C@H](NC(=O)[C@H](CCCNC(N)=[NH2+])NC(=O)[C@H](Cc1ccc(O)cc1)NC(O)C(N)CC1CNCN1)C(=O)N[C@@H](CCCC[NH3+])C(=O)N1CCC[C@H]1C(=O)N[C@H](C(=O)N[C@@H](Cc1ccccc1)C(=O)N[C@@H](CCCNC(N)=[NH2+])C(=O)N[C@@H](CCCNC(N)=[NH2+])C(=O)N[C@@H](CC(C)C)C(=O)N[C@@H](CCCC[NH3+])C(=O)N[C@@H](Cc1c[nH]c2ccccc12)C(=O)N[C@@H](CCCC[NH3+])C(=O)N[C@@H](Cc1ccc(O)cc1)C(=O)N[C@@H](CCCC[NH3+])C(=O)NCC(=O)N[C@@H](CCCC[NH3+])C(=O)N[C@@H](Cc1ccccc1)C(=O)N[C@@H](C)C=O)[C@@H](C)O,1,4.5855494,3
NC(=[NH2+])NCCC[C@H](NC(=O)[C@H](CCCNC(N)=[NH2+])NC(=O)[C@H](CCCNC(N)=[NH2+])NC(=O)[C@H](CCC(N)=O)NC(=O)[C@H](CCCNC(N)=[NH2+])NC(=O)[C@H](CCCNC(N)=[NH2+])NC(=O)[C@H](CCCC[NH3+])NC(=O)[C@H](CCCC[NH3+])NC(=O)[C@H](CCCNC(N)=[NH2+])NC(=O)CNC(=O)[C@@H](N)Cc1ccc(O)cc1)C(N)=O,1,1.8932314,3
CCC[C@H](NC(=O)[C@H](CS)NC(=O)[C@@H](NC(=O)CNC(=O)CN)C(C)C)C(=O)N[C@@H](CCCCN)C(=O)N[C@H](C(=O)N[C@@H](CC(C)C)C(=O)N[C@@H](C)C(=O)N[C@@H](CCCCN)C(=O)N[C@H]1C[SH]2[SH]3C[C@@H](C(=O)NCC(=O)N[C@@H](CO)C(=O)NCC(=O)N[C@@H](CO)C(=O)N[C@H](C=O)CC(=O)O)NC(=O)[C@H](Cc4ccc(O)cc4)NC(=O)CNC(=O)[C@H](CC(N)=O)NC(=O)CNC(=O)[C@H](CCCNC(=N)N)NC(=O)[C@@H]4CSS32C[C@H](NC(=O)[C@H](CC(=O)O)NC(=O)[C@H](CO)NC(=O)[C@H](CC(=O)O)NC(=O)[C@H](CCCNC(=N)N)NC(=O)[C@H](CCCNC(=N)N)NC1=O)C(=O)N1CCC[C@H]1C(=O)NCC(=O)N[C@@H](C)C(=O)N[C@@H](CS)C(=O)N[C@@H]([C@@H](C)CC)C(=O)N4)[C@@H](C)CC,1,-3.9281094,3
CC[C@H](C)[C@H](NC(=O)[C@H](CCCC[NH3+])NC(=O)[C@@H](NC(=O)[C@H](CCC(N)=O)NC(=O)[C@@H]([NH3+])CCCNC(N)=[NH2+])[C@@H](C)CC)C(=O)N[C@@H](Cc1c[nH]c2ccccc12)C(=O)N[C@@H](Cc1ccccc1)C(=O)N[C@@H](CCC(N)=O)C(=O)N[C@@H](CC(N)=O)C(=O)N[C@@H](CCCNC(N)=[NH2+])C(=O)N[C@@H](CCCNC(N)=[NH2+])C(=O)N[C@@H](CCSC)C(=O)N[C@@H](CCCC[NH3+])C(=O)N[C@@H](Cc1c[nH]c2ccccc12)C(=O)N[C@@H](CCCC[NH3+])C(=O)N[C@@H](CCCC[NH3+])C(=O)O,1,4.4970875,3
CC[C@H](C)[C@H](NC(=O)[C@H](CCCC[NH3+])NC(=O)[C@@H](NC(=O)[C@H](CCC(N)=O)NC(=O)[C@@H]([NH3+])CCCNC(N)=[NH2+])[C@@H](C)CC)C(=O)N[C@@H](Cc1c[nH]c2ccccc12)C(=O)N[C@@H](Cc1ccccc1)C(=O)N[C@@H](CCC(N)=O)C(=O)N[C@@H](CC(N)=O)C(=O)N[C@@H](CCCNC(N)=[NH2+])C(=O)N[C@@H](CCCNC(N)=[NH2+])C(=O)N[C@@H](CCSC)C(=O)N[C@@H](CCCC[NH3+])C(=O)N[C@@H](Cc1c[nH]c2ccccc12)C(=O)N[C@@H](CCCC[NH3+])C(=O)N[C@@H](CCCC[NH3+])C(=O)O,1,4.4970875,3
NC(=[NH2+])NCCC[C@@H](C=O)NC(=O)[C@H](CCCNC(N)=[NH2+])NC(=O)[C@H](CCCNC(N)=[NH2+])NC(=O)[C@H](CCC(N)=O)NC(=O)[C@H](CCCNC(N)=[NH2+])NC(=O)[C@H](CCCNC(N)=[NH2+])NC(=O)[C@H](CCCC[NH3+])NC(=O)[C@H](CCCC[NH3+])NC(=O)[C@H](CCCNC(N)=[NH2+])NC(=O)CNC(=O)[C@@H](N)Cc1ccc(O)cc1,1,7.07043,3
NC(=[NH2+])NCCC[C@@H](N)C(=O)N[C@H](CCCNC(N)=[NH2+])C(=O)N[C@H](CCCNC(N)=[NH2+])C(=O)N[C@H](CCCNC(N)=[NH2+])C(=O)N[C@H](CCCNC(N)=[NH2+])C(=O)N[C@H](CCCNC(N)=[NH2+])C(=O)N[C@H](CCCNC(N)=[NH2+])C(=O)N[C@@H](C=O)CCCNC(N)=[NH2+],1,8.582236,3
CC[C@H](C)[C@H](NC(=O)[C@@H](NC(=O)[C@H](CO)NC(=O)[C@H](C)NC(=O)[C@@H](NC(=O)[C@H](CCCC[NH3+])NC(=O)[C@H](CCCC[NH3+])NC(=O)[C@@H](NC(=O)[C@@H](NC(=O)[C@H](CCCC[NH3+])NC(=O)[C@H](Cc1ccccc1)NC(=O)[C@H](CC(C)C)NC(=O)CN)C(C)C)[C@@H](C)CC)C(C)C)C(C)C)C(=O)NCC(=O)NCC(=O)N[C@@H](CC(C)C)C(N)=O,0,-5.3590903,3
CC(C)[C@H](NC(=O)[C@H](CCCNC(N)=[NH2+])NC(=O)[C@H](CS)NC(=O)[C@H](C)NC(=O)[C@@H]1CCCN1C(O)C(CC1CNCN1)NC(=O)[C@H](CO)NC(=O)[C@H](CS)NC(=O)[C@H](CS)NC(=O)CN)C(=O)NC(CC1CNCN1)C(O)N[C@@H](Cc1ccc(O)cc1)C(=O)N1CCC[C@H]1C(=O)NC(CC1CNCN1)C(O)N[C@H](C(=O)N[C@@H](CS)C(=O)N[C@@H](Cc1ccc(O)cc1)C(N)=O)C(C)C,0,-5.2138953,3
CSCC[C@H](NC(=O)[C@H](C)NC(C)=O)C(=O)N[C@H](C(=O)N[C@@H](CO)C(=O)N[C@H](C=O)CO)C(C)C,0,-0.10141216,3
CSCC[C@H](NC(=O)CNC(=O)[C@H](Cc1ccccc1)NC(=O)CN)C(=O)N[C@@H](C)C(=O)N[C@@H](CC(C)C)C(=O)NC(CCC[NH3+])C(O)N[C@@H](CC(C)C)C(=O)N[C@@H](CC(C)C)C(=O)NC(CCC[NH3+])C(O)NC(CCC[NH3+])C(O)N[C@H](C(=O)N[C@@H](CC(C)C)C(N)=O)C(C)C,0,-5.952181,3
CC[C@H](C)[C@H](NC(=O)CNC(=O)[C@H](CCCC[NH3+])NC(=O)[C@@H](NC(=O)[C@H](CC(C)C)NC(=O)[C@H](CO)NC(=O)CNC(=O)[C@H](CC(C)C)NC(=O)CNC(=O)[C@H](C)NC(=O)[C@H](CCCC[NH3+])NC(=O)[C@H](Cc1ccccc1)NC(=O)[C@@H](NC(=O)[C@H](CC(=O)O)NC(=O)[C@H](CCCC[NH3+])NC(=O)[C@H](CC(C)C)NC(=O)CN)[C@@H](C)CC)C(C)C)C(=O)N[C@@H](C)C(=O)N[C@@H](C)C(=O)NC(CC1CNCN1)C(O)N[C@H](C(=O)N[C@@H](C)C(=O)N[C@@H](CC(N)=O)C(N)=O)C(C)C,0,-5.1165514,3
CC(C)[C@H](N)C(=O)NCC(=O)N[C@@H](CCC(=O)O)C(=O)N[C@@H](C)C(=O)N[C@@H](CS)C(=O)N[C@@H](CS)C(=O)N[C@@H](CCCC[NH3+])C(=O)N[C@@H](CC(N)=O)C(=O)NCC(=O)N[C@@H](CCCC[NH3+])C(=O)N[C@@H](CCCNC(N)=[NH2+])C(=O)NCC(=O)N[C@@H](CS)C(=O)NCC(=O)N[C@@H](CCCNC(N)=[NH2+])C(=O)N[C@@H](Cc1c[nH]c2ccccc12)C(=O)N[C@@H](CS)C(=O)N[C@@H](CCCNC(N)=[NH2+])C(=O)N[C@@H](CC(=O)O)C(=O)NC(CC1CNCN1)C(O)N[C@@H](CO)C(=O)N[C@@H](CCCNC(N)=[NH2+])C(=O)N[C@@H](CS)C(=O)N[C@@H](CS)C(N)=O,0,-4.249729,3
CC[C@H](C)[C@H](NC(=O)[C@H](Cc1ccccc1)NC(=O)[C@H](CO)NC(=O)[C@H](CCCC[NH3+])NC(=O)[C@H](Cc1c[nH]c2ccccc12)NC(=O)[C@@H](N)CCCC[NH3+])C(=O)N[C@@H](CCCC[NH3+])C(=O)N[C@@H](CCCC[NH3+])C(=O)N[C@@H](CC(C)C)C(=O)N[C@H](C(=O)N[C@@H](CO)C(=O)N[C@@H](CCCC[NH3+])C(=O)N[C@@H](Cc1ccccc1)C(=O)N[C@@H](CC(C)C)C(=O)NC(CC1CNCN1)C(O)N[C@@H](CO)C(=O)N[C@@H](C)C(=O)N[C@@H](CC(=O)O)C(=O)N[C@@H](CCCC[NH3+])C(=O)N[C@@H](Cc1ccccc1)C(N)=O)[C@@H](C)O,0,-3.5677307,3
CC[C@H](C)[C@H](NC(=O)[C@H](CC(C)C)NC(=O)[C@H](CCCC[NH3+])NC(=O)CNC(=O)[C@H](CC(C)C)NC(=O)[C@@H](NC(=O)[C@H](CCCC[NH3+])NC(=O)[C@H](CCCC[NH3+])NC(=O)[C@H](Cc1c[nH]c2ccccc12)NC(=O)[C@H](CCCC[NH3+])NC(=O)CN)[C@@H](C)CC)C(=O)N[C@@H](CCCNC(N)=[NH2+])C(N)=O,0,-5.5557775,3
CC[C@H](C)[C@H](NC(=O)[C@H](CO)NC(=O)[C@H](C)NC(=O)[C@@H](NC(=O)[C@H](CCCC[NH3+])NC(=O)[C@H](CCCC[NH3+])NC(=O)[C@H](Cc1c[nH]c2ccccc12)NC(=O)[C@@H](NC(=O)[C@@H](N)CC(N)=O)[C@@H](C)CC)[C@@H](C)CC)C(=O)N[C@@H](C)C(=O)N[C@@H](CCCC[NH3+])C(=O)N[C@@H](CCC(=O)O)C(=O)N[C@H](C(=O)N[C@@H](CC(C)C)C(=O)N[C@@H](CCCC[NH3+])C(=O)N[C@@H](C)C(=O)N[C@@H](CC(C)C)C(N)=O)C(C)C,0,-3.0305827,3
CC[C@H](C)[C@H](NC(=O)[C@H](CCCC[NH3+])NC(=O)CNC(=O)[C@H](CC(C)C)NC(=O)[C@H](CO)NC(=O)[C@H](CCCC[NH3+])NC(=O)[C@H](CCCC[NH3+])NC(=O)[C@H](Cc1c[nH]c2ccccc12)NC(=O)[C@H](CO)NC(=O)[C@@H](N)C(C)C)C(=O)N[C@H](C(=O)N[C@@H](CCCC[NH3+])C(=O)N[C@H](C(=O)N[C@H](C(=O)N[C@@H](CCCC[NH3+])C(N)=O)C(C)C)C(C)C)[C@@H](C)CC,0,-5.855816,3
CSCC[C@H](N)C(=O)N[C@@H](CS)C(=O)N1CCC[C@H]1C(=O)N1CCC[C@H]1C(=O)N[C@@H](CC(C)C)C(=O)N[C@@H](CS)C(=O)N[C@@H](C)C(=O)N1CCC[C@H]1C(=O)N[C@@H](CO)C(=O)N[C@@H](CS)C(=O)N[C@H](C(=O)N[C@@H](CC(N)=O)C(=O)N[C@@H](CS)C(N)=O)[C@@H](C)O,0,-4.0925813,3
CC[C@H](C)[C@H](N)C(=O)N[C@@H](CC(C)C)C(=O)N1CCC[C@H]1C(=O)N[C@@H](Cc1c[nH]c2ccccc12)C(=O)N[C@@H](CCCC[NH3+])C(=O)N[C@@H](C)C(=O)N1CCC[C@H]1C(=O)N[C@@H](C)C(=O)N[C@@H](C)C(=O)N1CCC[C@H]1C(=O)N[C@@H](C)C(=O)N[C@@H](CCCNC(N)=[NH2+])C(=O)N[C@@H](CCCNC(N)=[NH2+])C(N)=O,0,-0.38958967,3
CC[C@H](C)[C@H](NC(=O)[C@H](CO)NC(=O)[C@@H](NC(=O)[C@H](CS)NC(=O)[C@H](CCCC[NH3+])NC(=O)CNC(=O)[C@H](CCCNC(N)=[NH2+])NC(=O)[C@H](CO)NC(=O)[C@H](CS)NC(=O)[C@H](CCSC)NC(=O)[C@H](CC(C)C)NC(=O)CNC(=O)[C@H](CCSC)NC(=O)[C@H](CS)NC(=O)[C@H](CS)NC(=O)[C@@H](NC(O)C1CC(O)CN1C(O)C1CC(O)CN1C(=O)[C@H](CS)NC(=O)[C@H](CCCNC(N)=[NH2+])NC(=O)[C@H](CO)NC(=O)[C@H](CC(=O)O)NC(=O)[C@H](CCCNC(N)=[NH2+])NC(=O)CNC(=O)[C@H](CO)NC(=O)[C@H](CS)NC(=O)[C@@H](N)CO)C(C)C)C(C)C)C(=O)N[C@@H](Cc1ccc(O)cc1)C(=O)NCC(=O)N[C@H](C=O)CCC(=O)O,0,-2.0923507,3
CC[C@H](C)[C@H](NC(=O)CN)C(=O)NCC(=O)N[C@@H](CO)C(=O)N[C@@H](C)C(=O)N[C@H](C(=O)N[C@@H](CC(C)C)C(=O)N[C@@H](CO)C(=O)N[C@@H](C)C(=O)NCC(=O)N[C@@H](CCCC[NH3+])C(=O)N[C@@H](CO)C(=O)N[C@@H](C)C(=O)N[C@@H](CC(C)C)C(=O)N[C@@H](CCCC[NH3+])C(=O)NCC(=O)N[C@@H](CC(C)C)C(=O)N[C@@H](C)C(=O)N[C@@H](CCCC[NH3+])C(=O)NCC(=O)N[C@@H](CC(C)C)C(=O)N[C@@H](C)C(=O)N[C@@H](CCC(=O)O)C(=O)NC(CC1CNCN1)C(O)N[C@@H](Cc1ccccc1)C(=O)N[C@@H](C)C(=O)N[C@@H](CC(N)=O)C(N)=O)[C@@H](C)CC,0,-4.349677,3
CC[C@H](C)[C@H](N)C(=O)N[C@@H](CC(C)C)C(=O)NCC(=O)N[C@@H](CCCC[NH3+])C(=O)N[C@@H](CC(C)C)C(=O)N[C@@H](CC(C)C)C(=O)N[C@@H](CCCC[NH3+])C(=O)N[C@H](C(=O)N[C@@H](C)C(=O)N[C@@H](C)C(=O)N[C@@H](CCCC[NH3+])C(=O)N[C@@H](CC(C)C)C(=O)N[C@@H](CC(C)C)C(=O)N[C@@H](CO)C(=O)N[C@@H](CC(N)=O)C(=O)N[C@@H](CC(C)C)C(N)=O)[C@@H](C)O,0,-4.215974,3
C[C@H](NC(=O)[C@@H]1CCCN1C(O)C(CC1CNCN1)NC(=O)[C@H](CS)NC(=O)[C@H](CS)NC(=O)[C@@H](N)CCC(=O)O)C(=O)N[C@@H](CS)C(=O)NCC(=O)N[C@@H](CCCC[NH3+])C(=O)NC(CC1CNCN1)C(O)N[C@@H](Cc1ccccc1)C(=O)N[C@@H](CO)C(=O)N[C@@H](CS)C(N)=O,0,-6.0050592,3
C[C@H](NC(=O)[C@H](C)NC(=O)[C@H](CCCC[NH3+])NC(=O)[C@H](C)NC(=O)[C@H](Cc1ccccc1)NC(=O)[C@H](Cc1c[nH]c2ccccc12)NC(=O)[C@H](CCCC[NH3+])NC(=O)[C@H](Cc1ccccc1)NC(=O)[C@H](CCCC[NH3+])NC(=O)[C@H](CCCC[NH3+])NC(=O)[C@H](C)NC(=O)[C@H](Cc1ccccc1)NC(=O)[C@@H](N)CCCC[NH3+])C(=O)N[C@@H](Cc1ccccc1)C(=O)N[C@@H](CCCC[NH3+])C(=O)N[C@@H](Cc1ccccc1)C(=O)N[C@@H](Cc1ccccc1)C(=O)N[C@@H](CCCC[NH3+])C(=O)N[C@@H](CCCC[NH3+])C(N)=O,0,-1.5740299,3
CC(C)C[C@H](NC(=O)[C@H](CCCC[NH3+])NC(=O)[C@@H](N)CCCC[NH3+])C(=O)N[C@@H](Cc1ccccc1)C(=O)N[C@@H](CCCC[NH3+])C(=O)N[C@@H](CCCC[NH3+])C(=O)N[C@H](CC(C)C)C(=O)N[C@H](CC(C)C)C(=O)N[C@H](CCCC[NH3+])C(=O)N[C@H](Cc1ccc(O)cc1)C(=O)N[C@H](CC(C)C)C(N)=O,0,-2.8567042,3
CC[C@H](C)[C@H](NC(=O)[C@H](Cc1ccccc1)NC(=O)[C@H](CCCC[NH3+])NC(=O)[C@H](C)NC(=O)[C@@H](NC(=O)[C@H](CO)NC(=O)[C@H](CCCC[NH3+])NC(=O)[C@H](CCSC)NC(=O)[C@H](C)NC(=O)[C@H](CCCC[NH3+])NC(=O)[C@H](Cc1ccccc1)NC(=O)[C@H](Cc1c[nH]c2ccccc12)NC(=O)CNC(=O)[C@H](CCCC[NH3+])NC(=O)[C@@H](N)CCCNC(N)=[NH2+])[C@@H](C)CC)C(=O)N[C@@H](C)C(=O)N[C@@H](CCCC[NH3+])C(=O)N[C@@H](CCC(=O)O)C(=O)N[C@@H](CCCC[NH3+])C(=O)N[C@@H](CC(C)C)C(=O)N[C@@H](CCCC[NH3+])C(=O)N[C@@H](CCC(=O)O)C(=O)NC(CC1CNCN1)C(O)N[C@@H](CC(C)C)C(N)=O,0,-0.46650684,3
C[C@H](NC(=O)[C@H](C)NC(=O)[C@H](Cc1ccccc1)NC(=O)[C@H](C)NC(=O)[C@H](C)NC(=O)[C@H](Cc1c[nH]c2ccccc12)NC(=O)[C@H](C)NC(=O)[C@H](C)NC(=O)[C@H](Cc1ccccc1)NC(=O)[C@H](C)NC(=O)[C@H](C)NC(=O)[C@H](CCCC[NH3+])NC(=O)[C@H](CCCC[NH3+])NC(=O)[C@H](CCCC[NH3+])NC(=O)[C@H](CCCC[NH3+])NC(=O)[C@H](CCCC[NH3+])NC(=O)[C@@H](N)CCCC[NH3+])C(N)=O,0,-1.0876855,3
CC(C)C[C@@H](NC(=O)[C@@H](C)NC(=O)[C@H]1CCCN1C(=O)[C@@H](CC(C)C)NC(=O)[C@@H](Cc1c[nH]c2ccccc12)NC(O)C(CC1CNCN1)NC(=O)[C@@H](CCCC[NH3+])NC(=O)[C@@H](CC(C)C)NC(=O)[C@@H](C)NC(=O)[C@@H](CCCC[NH3+])NC(=O)[C@@H](C)NC(=O)[C@@H](CC(C)C)NC(=O)[C@@H](C)NC(=O)[C@@H](CCCC[NH3+])NC(=O)[C@H](N)CCCC[NH3+])C(=O)NC(CC1CNCN1)C(O)N[C@H](CCCC[NH3+])C(=O)N[C@H](CC(C)C)C(=O)N[C@H](C)C(=O)N[C@H](CCCC[NH3+])C(=O)N[C@H](C)C(=O)N[C@H](CC(C)C)C(=O)N[C@H](C)C(=O)N[C@H](CCCC[NH3+])C(=O)N[C@H](CCCC[NH3+])C(N)=O,0,0.5725739,3
CC[C@H](C)[C@H](NC(=O)CN)C(=O)NCC(=O)N[C@@H](C)C(=O)N[C@H](C(=O)N[C@@H](CC(C)C)C(=O)N[C@@H](CCCC[NH3+])C(=O)N[C@H](C(=O)N[C@@H](CC(C)C)C(=O)N[C@@H](C)C(=O)N[C@@H](CC(C)C)C(=O)N[C@H](C(=O)N[C@@H](CO)C(=O)N[C@@H](Cc1c[nH]c2ccccc12)C(=O)N[C@H](C(=O)N[C@@H](CCCC[NH3+])C(=O)N[C@@H](CCCNC(N)=[NH2+])C(=O)N[C@@H](CCCC[NH3+])C(=O)N[C@@H](CCCNC(N)=[NH2+])C(N)=O)[C@@H](C)CC)[C@@H](C)CC)C(C)C)C(C)C,0,-3.8037884,3
CC[C@H](C)[C@H](NC(=O)[C@H](CCCC[NH3+])NC(=O)[C@H](CCCC[NH3+])NC(=O)[C@H](C)NC(=O)[C@@H](NC(=O)CNC(=O)[C@H](CCCNC(N)=[NH2+])NC(=O)[C@H](CC(C)C)NC(=O)[C@@H](NC(=O)[C@@H](N)CCCC[NH3+])[C@@H](C)CC)C(C)C)C(=O)N[C@@H](CCSC)C(=O)N[C@@H](CCCNC(N)=[NH2+])C(=O)N[C@H](C(=O)N[C@@H](Cc1ccccc1)C(=O)N[C@@H](CC(C)C)C(=O)N[C@@H](CCCNC(N)=[NH2+])C(=O)N[C@@H](CCCNC(N)=[NH2+])C(=O)N[C@H](C(=O)N[C@@H](CO)C(=O)N[C@@H](CCCC[NH3+])C(=O)N[C@@H](CC(=O)O)C(=O)N[C@H](C(=O)N[C@@H](CC(C)C)C(=O)N[C@H](C(=O)NCC(=O)N[C@@H](CCCC[NH3+])C(=O)N[C@@H](CCCC[NH3+])C(N)=O)[C@@H](C)O)[C@@H](C)CC)[C@@H](C)CC)[C@@H](C)O,0,-0.051364034,3
CC[C@H](C)[C@H](NC(=O)[C@H](C)NC(O)C(CC1CNCN1)NC(=O)[C@@H]1CCCN1C(=O)[C@@H](NC(=O)[C@H](CC(C)C)NC(=O)[C@H](CO)NC(=O)[C@H](CC(C)C)NC(=O)[C@@H](N)Cc1ccccc1)[C@@H](C)CC)C(=O)N[C@@H](CC(N)=O)C(=O)N[C@@H](C)C(=O)N[C@H](C(=O)N[C@@H](CO)C(=O)N[C@H](C(=O)N[C@@H](CC(C)C)C(=O)N[C@H](C(=O)NC(CC1CNCN1)C(O)NC(CC1CNCN1)C(O)N[C@@H](CO)C(N)=O)C(C)C)[C@@H](C)O)C(C)C,0,-4.2486515,3
CC(C)C[C@H](NC(=O)[C@H](CCCC[NH3+])NC(=O)[C@H](Cc1ccc(O)cc1)NC(=O)CNC(=O)[C@H](CS)NC(=O)[C@H](CS)NC(=O)[C@@H](NC(=O)CNC(=O)[C@@H](N)CC(N)=O)C(C)C)C(=O)N[C@@H](CS)C(=O)NC(CC1CNCN1)C(O)N1CC(O)CC1C(O)N[C@H](C=O)CS,0,-2.8880856,3
CC[C@H](C)[C@H](N)C(=O)N[C@@H](Cc1c[nH]c2ccccc12)C(=O)N[C@@H](CC(C)C)C(=O)N[C@H](C(=O)N[C@@H](C)C(=O)N[C@@H](CC(C)C)C(=O)N[C@@H](CCCC[NH3+])C(=O)N[C@@H](Cc1ccccc1)C(=O)N[C@@H](CC(C)C)C(=O)NCC(=O)N[C@@H](CCCC[NH3+])C(=O)NC(CC1CNCN1)C(O)N[C@@H](C)C(=O)N[C@@H](C)C(=O)N[C@@H](CCCC[NH3+])C(=O)NC(CC1CNCN1)C(O)N[C@@H](CC(C)C)C(=O)N[C@@H](C)C(=O)N[C@@H](CCCC[NH3+])C(=O)N[C@@H](CCC(N)=O)C(=O)N[C@@H](CCC(N)=O)C(=O)N[C@@H](CC(C)C)C(=O)N[C@@H](CO)C(=O)N[C@@H](CCCC[NH3+])C(=O)N[C@@H](CC(C)C)C(N)=O)[C@@H](C)O,0,-1.0559323,3
CCCC(CO)NC(=O)[C@@H]1CCCN1C(=O)[C@@H](NC(=O)[C@@H](NC(=O)[C@H](CC(=O)O)NC(C)=O)[C@@H](C)CC)C(C)C,0,-3.888295,3
CC(C)C[C@H](NC(=O)[C@H](CC(C)C)NC(=O)[C@H](CCCC[NH3+])NC(=O)[C@H](CCCC[NH3+])NC(=O)[C@H](CC(C)C)NC(=O)[C@H](CC(C)C)NC(=O)[C@H](CCCC[NH3+])NC(=O)[C@H](CC(C)C)NC(=O)[C@@H]1CCCN1C(=O)[C@H](CCCC[NH3+])NC(=O)[C@H](CCCC[NH3+])NC(=O)[C@H](CC(C)C)NC(=O)[C@H](CC(C)C)NC(=O)[C@H](CCCC[NH3+])NC(=O)[C@H](CCCC[NH3+])NC(=O)[C@H](Cc1c[nH]c2ccccc12)NC(=O)[C@@H](N)CCCC[NH3+])C(N)=O,0,-4.716466,3
N=C(N)NCCC[C@H](NC(=O)[C@@H]1CCCN1C(=O)[C@@H]1CSSC[C@H](N)C(=O)N[C@@H](Cc2ccc(O)cc2)C(=O)N[C@@H](Cc2ccccc2)C(=O)N[C@@H](CCC(N)=O)C(=O)N[C@@H](CC(N)=O)C(=O)N1)C(=O)NCC(N)=O,0,-4.5642505,3
CC[C@H](C)[C@@H](NC(=O)[C@@H](C)NC(=O)[C@@H](CCCC[NH3+])NC(=O)[C@@H](CC(C)C)NC(=O)[C@@H](CC(C)C)NC(=O)[C@H](NC(O)C(CC1CNCN1)NC(=O)[C@@H](CC(C)C)NC(=O)[C@H](NC(=O)[C@H](NC(=O)[C@@H](CCCC[NH3+])NC(=O)[C@@H](CCCC[NH3+])NC(=O)[C@@H](CC(C)C)NC(=O)[C@@H](CO)NC(=O)[C@@H](CCCC[NH3+])NC(=O)[C@@H](Cc1ccccc1)NC(=O)[C@H](NC(=O)[C@@H](CCCC[NH3+])NC(=O)[C@@H](CC(C)C)NC(=O)[C@@H](Cc1ccccc1)NC(=O)[C@@H](CO)NC(=O)[C@@H](CCCC[NH3+])NC(=O)[C@@H](Cc1c[nH]c2ccccc12)NC(=O)[C@@H](CCCC[NH3+])NC(C)=O)[C@@H](C)O)[C@@H](C)O)C(C)C)[C@@H](C)O)C(=O)N[C@H](CO)C(=O)N[C@@H](CO)C(N)=O,0,-4.494703,3
C[C@@H]1NC(=O)[C@@H]2CSSC[C@H](NC(=O)C[NH3+])C(=O)N[C@@H](CSSC[C@@H](C(N)=O)NC(=O)[C@H](CCCNC(N)=[NH2+])NC(=O)[C@H](Cc3c[nH]c4ccccc34)NC1=O)C(=O)N[C@@H](CO)C(=O)N[C@@H](CC(=O)O)C(=O)N1CCC[C@H]1C(=O)N[C@@H](CCCNC(N)=[NH2+])C(=O)N2,0,-4.9098988,3
CC(C)C[C@@H]1NC(=O)[C@@H](Cc2c[nH]c3ccccc23)NC(=O)[C@H](CCCC[NH3+])NC(O)C(CO)N(C)C(=O)[C@H](CC(N)=O)NC(=O)[C@@H](CCC(=O)O)NC(=O)[C@H](CO)NC(O)C(CC2CNC3CCCCC23)N(C)C1=O,0,-6.694602,3
CC[C@H](C)[C@H](NC(O)C(CC1CNCN1)NC(=O)[C@H](CCCC[NH3+])NC(=O)[C@H](CC(C)C)NC(=O)[C@H](CC(C)C)NC(=O)[C@H](CO)NC(=O)[C@H](CCSC)NC(=O)[C@H](Cc1c[nH]c2ccccc12)NC(=O)[C@H](CCCC[NH3+])NC(=O)CN)C(=O)N[C@@H](CC(C)C)C(=O)N[C@@H](CCCC[NH3+])C(N)=O,0,-5.969518,3
CSCC[C@H](NC(=O)[C@H](CCC(=O)O)NC(=O)[C@H](CC(=O)O)NC(C)=O)C(=O)N[C@@H](CCC(=O)O)C(=O)NC(CC1CCC2CCCCC2C1)C(O)N[C@H](C=O)CS,0,-2.6803353,3
CC(C)C[C@H]1NC(=O)CNC(=O)[C@@H](CC(N)=O)NC(=O)[C@H](CCCNC(N)=[NH2+])NC(=O)[C@H]([C@@H](C)O)NC(=O)[C@H](CS)NC(=O)[C@H](C(C)C)NC(=O)[C@@H]2CCCN2C(=O)[C@H](Cc2c[nH]c3ccccc23)NC(=O)[C@H](CO)NC(=O)[C@H](CS)NC(=O)[C@H](CO)NC(=O)[C@H](CS)NC(=O)CNC(=O)[C@@H]2CCCN2C(=O)[C@H]([C@@H](C)O)NC(=O)[C@H](Cc2ccc(O)cc2)NC(=O)[C@H](CS)NC(=O)[C@H](CO)NC(=O)CNC(=O)[C@H](Cc2ccccc2)NC(=O)[C@H](C)NC(=O)[C@H](CS)NC(=O)[C@H]([C@@H](C)O)NC(=O)[C@H](CCC(=O)O)NC(=O)CNC(=O)[C@H](CS)NC(=O)[C@H](C(C)C)NC(=O)[C@@H]2CCCN2C1=O,0,-5.7013803,3
CC(C)[C@@H]1NC(=O)[C@H](CCCC[NH3+])NC(=O)[C@H](C)NC(=O)[C@@H]2CCCN2C(=O)[C@@H](Cc2ccc(O)cc2)NC(=O)[C@H](C(C)C)NC(=O)[C@@H](CCCC[NH3+])NC(=O)[C@H](C)NC(=O)[C@H](CCCC[NH3+])NC(=O)[C@H](C(C)C)NC(=O)[C@H]2CCCN2C(=O)[C@@H](Cc2ccc(O)cc2)NC(=O)[C@H](C)NC(=O)[C@H](CCCC[NH3+])NC1=O,0,-6.2597218,3
CC[C@H](C)[C@H](NC(=O)CNC(=O)[C@H](C)NC(=O)[C@H](CS)NC(=O)[C@H](C)NC(=O)[C@H](C)NC(=O)[C@H](CCCNC(N)=[NH2+])NC(=O)[C@H](CO)NC(=O)[C@H](CS)NC(=O)[C@H](CS)NC(=O)CN)C(=O)NC(CC1CNCN1)C(O)N[C@@H](CCC(N)=O)C(=O)N[C@@H](CCC(=O)O)C(=O)N[C@@H](CC(C)C)C(=O)N[C@@H](CS)C(N)=O,0,-4.9477935,3
CC(C)C[C@H](NC(=O)[C@H](CCCNC(N)=[NH2+])NC(=O)[C@H](CCCC[NH3+])NC(=O)[C@H](CCCC[NH3+])NC(=O)[C@H](CC(C)C)NC(=O)[C@H](CC(N)=O)NC(=O)[C@H](C)NC(=O)[C@H](Cc1ccccc1)NC(=O)[C@H](CCCNC(N)=[NH2+])NC(=O)[C@H](CCCNC(N)=[NH2+])NC(=O)[C@H](CCCC[NH3+])NC(=O)[C@H](Cc1ccccc1)NC(=O)[C@H](CO)NC(=O)[C@H](C)NC(=O)CNC(=O)[C@H](Cc1ccccc1)NC(=O)[C@H](CCCC[NH3+])NC(=O)[C@H](CCCC[NH3+])NC(=O)[C@H](Cc1ccccc1)NC(=O)[C@H](Cc1ccc(O)cc1)NC(=O)[C@H](CCC(=O)O)NC(=O)[C@H](CCCC[NH3+])NC(=O)[C@H](CCCNC(N)=[NH2+])NC(=O)[C@H](CCCC[NH3+])NC(=O)CNC(=O)[C@H](Cc1ccccc1)NC(=O)[C@H](Cc1ccccc1)NC(=O)CN)C(N)=O,0,-0.5913236,3
CC[C@H](C)[C@H](NC(=O)[C@@H](N)CCCC[NH3+])C(=O)N[C@@H](CCCC[NH3+])C(=O)N[C@H](C(=O)N1CCC[C@H]1C(=O)N[C@@H](Cc1c[nH]c2ccccc12)C(=O)NCC(=O)N[C@@H](CCCC[NH3+])C(=O)N[C@H](C(=O)N[C@@H](CCCC[NH3+])C(=O)N[C@@H](CC(=O)O)C(=O)N[C@@H](Cc1ccccc1)C(=O)N[C@@H](CC(C)C)C(=O)N[C@H](C(=O)NCC(=O)NCC(=O)N[C@@H](CCSC)C(=O)N[C@@H](CCCC[NH3+])C(=O)N[C@@H](C)C(=O)N[C@H](C(N)=O)C(C)C)C(C)C)C(C)C)[C@@H](C)CC,0,-2.5288923,3
CC[C@H](C)[C@H](NC(=O)[C@H](Cc1ccccc1)NC(=O)[C@@H]1CCCN1C(=O)[C@H](C)NC(=O)[C@@H](NC(=O)[C@@H](N)CC(C)C)[C@@H](C)CC)C(=O)N[C@@H](CCCNC(N)=[NH2+])C(=O)N[C@@H](CC(=O)O)C(=O)N[C@@H](Cc1ccc(O)cc1)C(=O)N[C@@H](CS)C(=O)N[C@@H](CS)C(=O)N1CCC[C@H]1C(=O)N[C@@H](CCCNC(N)=[NH2+])C(=O)NCC(=O)N1CCC[C@H]1C(=O)N[C@@H](CS)C(=O)N[C@@H](CCSC)C(=O)N[C@H](C(=O)N[C@@H](Cc1c[nH]c2ccccc12)C(=O)N[C@@H](CS)C(N)=O)C(C)C,0,-3.5846093,3
C[C@H](NC(=O)[C@H](C)NC(=O)[C@H](C)NC(=O)[C@H](Cc1ccccc1)NC(=O)[C@H](C)NC(=O)[C@H](C)NC(=O)[C@H](Cc1c[nH]c2ccccc12)NC(=O)[C@H](C)NC(=O)[C@H](C)NC(=O)[C@H](Cc1ccccc1)NC(=O)[C@H](C)NC(=O)[C@H](C)NC(=O)[C@H](C)NC(=O)[C@H](C)NC(=O)[C@H](C)NC(=O)[C@H](Cc1ccccc1)NC(=O)[C@H](C)NC(=O)[C@H](C)NC(=O)[C@H](C)NC(=O)[C@H](CCCC[NH3+])NC(=O)[C@H](CCCC[NH3+])NC(=O)[C@H](CCCC[NH3+])NC(=O)[C@H](CCCC[NH3+])NC(=O)[C@H](CCCC[NH3+])NC(=O)[C@@H](N)CCCC[NH3+])C(N)=O,0,1.6654284,3
CC(C)C[C@H](NC(=O)[C@H](C)NC(=O)[C@H](CC(C)C)NC(=O)[C@H](C)NC(=O)[C@@H](N)Cc1c[nH]c2ccccc12)C(N)=O,0,-4.6308756,3
CC[C@H](C)[C@H](NC(=O)[C@H](CC(C)C)NC(=O)[C@H](CO)NC(=O)[C@@H](NC(=O)[C@@H](NC(=O)[C@H](CC(C)C)NC(=O)CN)C(C)C)[C@@H](C)O)C(=O)N[C@@H](CCCC[NH3+])C(=O)NCC(=O)N[C@@H](C)C(=O)NCC(=O)N[C@@H](CCCC[NH3+])C(=O)N[C@@H](CC(C)C)C(=O)N[C@@H](CC(C)C)C(=O)NCC(=O)NCC(=O)N[C@@H](CC(C)C)C(=O)N[C@@H](Cc1ccccc1)C(=O)NCC(=O)N[C@@H](CO)C(=O)N[C@H](C(=O)N[C@H](C(=O)NCC(N)=O)[C@@H](C)O)C(C)C,0,-3.9131444,3
CC[C@H](C)[C@H](NC(=O)[C@@H](NC(=O)[C@@H]1CCCN1C(=O)[C@H](CC(C)C)NC(=O)[C@@H](N)Cc1ccccc1)[C@@H](C)CC)C(=O)N[C@H](C(=O)N[C@@H](CC(N)=O)C(=O)N[C@@H](CC(C)C)C(=O)N[C@@H](CC(C)C)C(=O)NCC(=O)N[C@@H](CCCC[NH3+])C(=O)N[C@@H](CC(C)C)C(=O)N[C@@H](CC(C)C)C(N)=O)[C@@H](C)O,0,-4.739599,3
CC[C@H](C)[C@H](NC(=O)[C@@H]1CCCN1C(=O)[C@H](CC(C)C)NC(=O)[C@@H](N)Cc1ccccc1)C(=O)N[C@H](C(=O)NCC(=O)N[C@@H](CCCC[NH3+])C(=O)N[C@@H](CC(C)C)C(=O)N[C@@H](CC(C)C)C(=O)N[C@@H](CO)C(=O)NCC(=O)N[C@@H](CC(C)C)C(=O)N[C@@H](CC(C)C)C(N)=O)C(C)C,0,-5.4574203,3
C[C@H](NC(O)C(CC1CNCN1)NC(=O)[C@H](Cc1ccc(O)cc1)NC(=O)[C@H](CCC(=O)O)NC(=O)[C@H](Cc1c[nH]c2ccccc12)NC(=O)[C@@H](N)CC(=O)O)C(=O)NC(CC1CNCN1)C(O)N1CCC[C@H]1C(=O)N[C@@H](CCCC[NH3+])C(=O)N1CC(O)CC1C(O)N[C@@H](CC(N)=O)C(=O)N[C@@H](CO)C(=O)N[C@H](Cc1ccccc1)C(=O)N[C@@H](Cc1c[nH]c2ccccc12)C(=O)N[C@H](C=O)[C@@H](C)O,0,0.2810713,3
CC[C@H](C)[C@H](NC(=O)[C@H](CC(=O)O)NC(=O)[C@H](CCSC)NC(=O)[C@@H](NC(=O)[C@@H](NC(=O)[C@H](CCC(=O)O)NC(=O)[C@H](Cc1ccc(O)cc1)NC(=O)[C@H](Cc1ccccc1)NC(=O)[C@H](CCCCN)NC(=O)[C@H](CCC(N)=O)NC(=O)[C@H](CCC(N)=O)NC(=O)[C@H](CC(C)C)NC(=O)[C@H](CC(=O)O)NC(=O)[C@H](CCCCN)NC(=O)[C@@H](NC(=O)[C@H](CCC(N)=O)NC(=O)[C@H](CC(N)=O)NC(=O)[C@H](Cc1ccc(O)cc1)NC(=O)[C@H](Cc1c[nH]c2ccccc12)NC(=O)[C@H](CCC(=O)O)NC(=O)CNC(=O)[C@H](CC(C)C)NC(=O)[C@@H](NC(=O)[C@@H](NC(=O)[C@H](CC(N)=O)NC(=O)CNC(=O)[C@H](Cc1c[nH]cn1)NC(=O)[C@H](CC(N)=O)NC(=O)[C@@H](N)Cc1c[nH]c2ccccc12)[C@@H](C)CC)[C@@H](C)O)[C@@H](C)O)[C@@H](C)CC)[C@@H](C)CC)C(=O)N[C@@H](CCC(=O)O)C(=O)N[C@@H](CCC(N)=O)C(=O)N[C@@H](CC(N)=O)C(=O)N[C@@H](CC(N)=O)C(=O)N[C@H](C(=O)N[C@@H](CCC(N)=O)C(=O)O)C(C)C,0,-1.1267474,3
CC[C@H](C)[C@@H]1NC(=O)[C@H](C)NC(=O)[C@H](CO)NC(=O)[C@H](CO)NC(=O)[C@H]([C@@H](C)CC)NC(=O)[C@H](CS)NC(=O)[C@@H]2CCCN2C(=O)[C@H]([C@@H](C)CC)NC(=O)[C@H](Cc2c[nH]c3ccccc23)NC(=O)[C@H](C(C)C)NC(=O)[C@H](CS)NC(=O)[C@H](CO)NC(=O)[C@H](CCC(=O)O)NC(=O)CNC(=O)[C@H](CS)NC(=O)[C@H]2CCCN2C(=O)[C@H]([C@@H](C)CC)NC(=O)CNC(=O)[C@H](CC(N)=O)NC(=O)[C@H](CCCNC(N)=[NH2+])NC(=O)[C@H](Cc2ccc(O)cc2)NC(=O)[C@H](CS)NC(=O)[C@H](C(C)C)NC(=O)[C@H](CCCC[NH3+])NC(=O)[C@H](CO)NC(=O)[C@H](CCCC[NH3+])NC(=O)[C@H](CS)NC(=O)[C@H](CO)NC(=O)[C@H](CS)NC(=O)CNC1=O,0,-5.4362516,3
CSCC[C@@H](C=O)NC(=O)[C@H](CC(C)C)NC(=O)CNC(=O)[C@@H](NC(=O)[C@H](Cc1ccccc1)NC(=O)[C@H](CCC(N)=O)NC(=O)[C@H](CC(=O)O)NC(=O)[C@H](CO)NC(=O)[C@H](CCCCN)NC(=O)[C@@H]1CCCN1C(=O)[C@@H](NC(=O)[C@@H](N)CC(=O)O)C(C)C)C(C)C,0,0.1343664,3
CC[C@H](C)[C@H](NC(=O)[C@H](CCC(N)=O)NC(=O)[C@@H]1CCCN1C(=O)[C@H](CC(N)=O)NC(O)C(CC1CNCN1)NC(=O)[C@@H](NC(=O)[C@@H](NC(=O)[C@H](CS)NC(=O)[C@@H](NC(=O)[C@@H]1CCCN1C(=O)[C@H](CC(N)=O)NC(=O)[C@H](CO)NC(=O)[C@H](CS)NC(=O)[C@@H](N)CS)C(C)C)[C@@H](C)O)C(C)C)C(=O)N[C@@H](CS)C(N)=O,0,-5.1187954,3
CC(=O)N[C@@H](CC(=O)O)C(=O)N[C@@H](CCC(=O)O)C(=O)N[C@@H](Cc1ccccc1)C(=O)N[C@@H](CCC(=O)O)C(=O)NC(CC1CCCCC1)C(O)N[C@H](C=O)CS,0,-2.7570522,3
CC(C)C[C@H](NC(=O)[C@H](CCCC[NH3+])NC(=O)[C@H](CC(C)C)NC(=O)[C@H](CCCC[NH3+])NC(=O)[C@H](CC(C)C)NC(=O)[C@H](C)NC(=O)[C@H](CCCC[NH3+])NC(=O)[C@H](C)NC(=O)[C@H](CC(C)C)NC(=O)[C@H](CC(C)C)NC(=O)[C@H](CCCC[NH3+])NC(=O)[C@H](C)NC(=O)[C@@H](N)Cc1ccccc1)C(N)=O,0,-4.689143,3
CC(C)C[C@H](NC(=O)[C@H](CC(N)=O)NC(=O)[C@H](CO)NC(O)C(CC1CNCN1)NC(=O)[C@H](CCC(=O)O)NC(=O)[C@H](CC(C)C)NC(O)C(CC1CNCN1)NC(=O)[C@H](CS)NC(=O)[C@@H](NC(=O)[C@@H]1CCCN1C(=O)[C@H](CC(N)=O)NC(=O)[C@H](CO)NC(=O)[C@H](CS)NC(=O)[C@H](CS)NC(=O)CNC(=O)[C@@H]1CCCN1C(=O)[C@H](CC(=O)O)NC(=O)[C@@H](N)CCCNC(N)=[NH2+])C(C)C)C(=O)N[C@@H](CS)C(N)=O,0,-5.224808,3
C[C@H](NC(=O)[C@H](CS)NC(=O)[C@H](CCCNC(N)=[NH2+])NC(=O)[C@@H]1CCCN1C(=O)[C@H](CC(=O)O)NC(=O)[C@H](CO)NC(=O)[C@H](CS)NC(=O)[C@H](CS)NC(=O)CN)C(=O)N[C@H](C(=O)N[C@@H](CCCNC(N)=[NH2+])C(=O)N[C@@H](CS)C(N)=O)[C@@H](C)O,0,-5.2600527,3
CC(C)C[C@@H](NC(=O)[C@@H](C)NC(=O)[C@@H](CC(C)C)NC(=O)[C@@H](CCCC[NH3+])NC(=O)[C@@H](CCCC[NH3+])NC(=O)[C@@H](CC(C)C)NC(=O)[C@@H](C)NC(=O)[C@H]1CCCN1C(=O)[C@@H](CC(C)C)NC(=O)[C@@H](Cc1c[nH]c2ccccc12)NC(=O)[C@@H](CCCC[NH3+])NC(=O)[C@@H](CCCC[NH3+])NC(=O)[C@@H](CC(C)C)NC(=O)[C@@H](C)NC(=O)[C@@H](CC(C)C)NC(=O)[C@@H](CC(C)C)NC(=O)[C@@H](C)NC(=O)[C@@H](CC(C)C)NC(=O)[C@@H](CCCC[NH3+])NC(=O)[C@H](N)CCCC[NH3+])C(=O)N[C@H](CC(C)C)C(=O)N[C@H](C)C(=O)N[C@H](CC(C)C)C(=O)N[C@H](CCCC[NH3+])C(=O)N[C@H](CCCC[NH3+])C(N)=O,0,-0.4806521,3
C[C@@H]1NC(=O)[C@@H]2CSSC[C@H](NC(=O)[C@@H](NC(=O)CN)CSSC[C@@H](C(=O)O)NC(=O)[C@H](CCCNC(N)=[NH2+])NC(=O)[C@H](Cc3c[nH]c4ccccc34)NC1=O)C(=O)N[C@@H](CO)C(=O)N[C@@H](CC(=O)O)C(=O)N[C@@H](CCCCN)C(=O)N[C@@H](CCCNC(N)=[NH2+])C(=O)N2,0,-4.7244425,3
CC[C@H](C)[C@H](NC(=O)[C@@H](NC(=O)[C@@H]1CCCN1C(=O)[C@@H](NC(=O)[C@@H](NC(O)C(CC1CNCN1)NC(=O)[C@@H]1CCCN1C(=O)[C@H](CC(C)C)NC(=O)[C@H](CC(C)C)NC(O)C(CC1CNCN1)NC(=O)[C@H](CCCC[NH3+])NC(=O)[C@H](C)NC(=O)[C@@H](NC(=O)[C@H](CO)NC(=O)CNC(=O)[C@H](CC(C)C)NC(=O)[C@@H](NC(=O)[C@H](CO)NC(=O)[C@H](Cc1ccccc1)NC(=O)[C@H](CC(C)C)NC(=O)CN)C(C)C)C(C)C)C(C)C)C(C)C)C(C)C)C(=O)N[C@@H](C)C(=O)N[C@@H](CCC(=O)O)C(=O)N[C@@H](CCCC[NH3+])C(=O)N[C@@H](CC(C)C)C(N)=O,0,-3.8615825,3
CC[C@H](C)[C@H](NC(=O)CNC(=O)[C@H](CO)NC(=O)[C@H](CC(C)C)NC(=O)[C@H](C)NC(=O)[C@H](CCCNC(N)=[NH2+])NC(=O)CNC(=O)[C@@H](NC(=O)[C@H](CC(C)C)NC(=O)[C@@H]1CCCN1C(=O)[C@H](CC(C)C)NC(=O)[C@@H](N)Cc1ccccc1)[C@@H](C)CC)C(=O)N[C@@H](CC(C)C)C(N)=O,0,-4.044549,3
CC(C)C[C@H](NC(=O)[C@H](CCCC[NH3+])NC(=O)[C@H](CCCC[NH3+])NC(=O)[C@H](CC(C)C)NC(=O)[C@H](C)NC(=O)[C@H](CCCC[NH3+])NC(=O)[C@H](CC(C)C)NC(=O)[C@H](C)NC(=O)[C@H](CC(C)C)NC(=O)[C@H](C)NC(=O)[C@@H](N)C(C)C)C(N)=O,0,-4.721471,3
C[C@H](NC(=O)[C@@H]1CCCN1C(=O)[C@H](CC(N)=O)NC(=O)[C@H](CCCNC(N)=[NH2+])NC(=O)[C@H](CS)NC(=O)[C@H](CS)NC(=O)CNC(=O)[C@@H](N)CC(N)=O)C(=O)N[C@@H](CS)C(=O)N[C@@H](CCC(=O)O)C(=O)N[C@@H](CO)C(=O)NC(CC1CNCN1)C(O)N[C@@H](CCCNC(N)=[NH2+])C(=O)N[C@@H](CS)C(N)=O,0,-5.0983458,3
C[C@H](NC(=O)[C@H](CS)NC(=O)[C@H](CC(=O)O)NC(=O)[C@@H]1CCCN1C(=O)[C@H](CCCNC(N)=[NH2+])NC(=O)[C@H](CO)NC(=O)[C@H](CS)NC(=O)[C@H](CS)NC(=O)CN)C(=O)N[C@@H](Cc1c[nH]c2ccccc12)C(=O)N[C@@H](CCCNC(N)=[NH2+])C(=O)N[C@@H](CS)C(N)=O,0,-5.4461927,3
CC(C)C[C@H]1NC(=O)CNC(=O)[C@H](CC(N)=O)NC(=O)[C@@H](CCCNC(N)=[NH2+])NC(=O)[C@H]([C@@H](C)O)NC(=O)[C@H](CS)NC(=O)[C@H](CCCC[NH3+])NC(=O)[C@@H]2CCCN2C(=O)[C@H](Cc2c[nH]c3ccccc23)NC(=O)[C@H](CO)NC(=O)[C@H](CS)NC(=O)[C@H]([C@@H](C)O)NC(=O)[C@H](CS)NC(=O)CNC(=O)[C@@H]2CCCN2C(=O)[C@H]([C@@H](C)O)NC(=O)[C@H](CC(N)=O)NC(=O)[C@H](CS)NC(=O)[C@H]([C@@H](C)O)NC(=O)CNC(=O)CNC(=O)[C@H](C(C)C)NC(=O)[C@H](CS)NC(=O)[C@H]([C@@H](C)O)NC(=O)[C@H](CCC(=O)O)NC(=O)CNC(=O)[C@H](CS)NC(=O)[C@H](C(C)C)NC(=O)[C@@H]2CCCN2C1=O,0,-5.78776,3
CC(C)C[C@H](NC(=O)[C@H](Cc1ccc(O)cc1)NC(=O)[C@@H]1CCCN1C(=O)[C@@H](N)Cc1c[nH]c2ccccc12)C(=O)N1CCC[C@H]1C(=O)N[C@@H](Cc1c[nH]c2ccccc12)C(=O)N[C@@H](CCCNC(N)=[NH2+])C(=O)N[C@@H](CCCNC(N)=[NH2+])C(N)=O,0,-3.1654727,3
CC[C@H](C)[C@H](NC(=O)[C@H](C)NC(=O)[C@H](CO)NC(=O)CNC(=O)[C@@H]1CCCN1C(=O)CN)C(=O)N[C@@H](CS)C(=O)N[C@@H](CC(N)=O)C(=O)N[C@@H](CCSC)C(=O)N[C@@H](C)C(=O)N[C@@H](CS)C(=O)N[C@@H](CCCNC(N)=[NH2+])C(=O)N[C@@H](CC(C)C)C(=O)N[C@@H](CCC(=O)O)C(=O)NC(CC1CNCN1)C(O)NCC(=O)NC(CC1CNCN1)C(O)N[C@@H](CC(C)C)C(=O)N[C@@H](Cc1ccc(O)cc1)C(=O)N1CCC[C@H]1C(=O)N[C@@H](Cc1ccccc1)C(=O)N[C@@H](CS)C(=O)N[C@@H](CC(N)=O)C(=O)N[C@@H](CS)C(=O)N[C@@H](CC(=O)O)C(N)=O,0,-5.263035,3
CC(C)C[C@H](NC(=O)[C@H](C)NC(=O)[C@H](CC(C)C)NC(=O)[C@H](C)NC(=O)[C@H](CCCC[NH3+])NC(=O)[C@H](CCCC[NH3+])NC(=O)[C@H](C)NC(=O)[C@H](CC(C)C)NC(=O)[C@H](CCCC[NH3+])NC(=O)[C@H](C)NC(=O)[C@H](CC(C)C)NC(=O)[C@H](CCCC[NH3+])NC(=O)[C@H](CCCC[NH3+])NC(=O)[C@H](C)NC(=O)[C@@H](N)Cc1ccccc1)C(N)=O,0,-3.2440922,3
CC[C@H](C)[C@H](NC(=O)[C@@H](N)Cc1ccccc1)C(=O)N[C@H](C(=O)N[C@H](C(=O)NC(CC1CNCN1)C(N)O)C(C)C)[C@@H](C)O,0,-3.1602542,3
CC[C@H](C)[C@H](NC(=O)[C@H](CC(=O)O)NC(=O)[C@H](Cc1ccccc1)NC(=O)[C@H](CC(C)C)NC(=O)CN)C(=O)N[C@H](C(=O)N[C@@H](CCCC[NH3+])C(=O)N[C@@H](CCCC[NH3+])C(=O)N[C@H](C(=O)N[C@H](C(=O)NCC(=O)N[C@@H](C)C(=O)N[C@@H](CC(C)C)C(=O)NCC(=O)N[C@@H](CO)C(=O)N[C@@H](CC(C)C)C(N)=O)C(C)C)C(C)C)C(C)C,0,-6.114642,3
CC[C@H](C)[C@@H]1NC(=O)[C@H](CC(C)C)NC(=O)[C@H](C)NC(=O)[C@H]([C@@H](C)O)NC(=O)[C@H](C(C)C)NC(=O)[C@H]([C@@H](C)O)NC(=O)[C@H](CS)NC(=O)[C@@H]2CCCN2C(=O)[C@H]([C@@H](C)CC)NC(=O)[C@H](Cc2c[nH]c3ccccc23)NC(=O)[C@H](C(C)C)NC(=O)[C@H](CS)NC(=O)[C@H](CO)NC(=O)[C@H](CCC(=O)O)NC(=O)[C@H](C)NC(=O)[C@H](CS)NC(=O)[C@@H]2CCCN2C(=O)[C@@H]([C@@H](C)CC)NC(=O)CNC(=O)[C@H](CC(N)=O)NC(=O)[C@@H](Cc2ccc(O)cc2)NC(=O)[C@H](CS)NC(=O)[C@H](C(C)C)NC(=O)[C@H](CCCC[NH3+])NC(=O)[C@H](CC(N)=O)NC(=O)[C@H](CO)NC(=O)[C@H](CS)NC(=O)CNC(=O)[C@H](CS)NC(=O)CNC1=O,0,-5.590106,3
CC(C)C[C@H](NC(=O)[C@H](CCCC[NH3+])NC(=O)[C@H](CCCC[NH3+])NC(=O)[C@H](Cc1c[nH]c2ccccc12)NC(=O)[C@@H](N)CCCC[NH3+])C(=O)N[C@@H](CC(C)C)C(=O)N[C@@H](CCCC[NH3+])C(=O)N[C@@H](CCCC[NH3+])C(=O)N1CCC[C@H]1C(=O)N[C@@H](CC(C)C)C(=O)N[C@@H](CC(C)C)C(=O)N[C@@H](CCCC[NH3+])C(=O)N[C@@H](CCCC[NH3+])C(N)=O,0,-3.4301307,3
CC[C@H](C)[C@H](NC(=O)[C@H](CO)NC(=O)[C@H](CCCC[NH3+])NC(=O)[C@H](CC(C)C)NC(=O)[C@H](CCCC[NH3+])NC(=O)[C@@H](N)CC(C)C)C(=O)N[C@H](C(=O)N[C@@H](CO)C(=O)N[C@@H](Cc1c[nH]c2ccccc12)C(=O)N[C@@H](C)C(=O)N[C@@H](CCCC[NH3+])C(=O)N[C@@H](CC(C)C)C(=O)N[C@H](C(=O)N[C@@H](CC(C)C)C(N)=O)C(C)C)C(C)C,0,-5.0151367,3
CC[C@H](C)[C@@H]1NC(=O)[C@H](CS)NC(=O)[C@@H]2CCCN2C(=O)[C@H]([C@@H](C)CC)NC(=O)[C@H](Cc2c[nH]c3ccccc23)NC(=O)[C@H](C(C)C)NC(=O)[C@H](CS)NC(=O)[C@H](CO)NC(=O)[C@H](CCC(=O)O)NC(=O)[C@@H](CS)NC(=O)[C@H]2CCCN2C(=O)[C@H](CC(C)C)NC(=O)[C@@H]([C@@H](C)O)NC(=O)CNC(=O)[C@H](CC(N)=O)NC(=O)[C@H](CCCC[NH3+])NC(=O)[C@H](Cc2ccc(O)cc2)NC(=O)[C@H](CS)NC(=O)[C@H](C(C)C)NC(=O)[C@H](CCCC[NH3+])NC(=O)[C@H](CO)NC(=O)[C@H](CCCC[NH3+])NC(=O)[C@H](CS)NC(=O)[C@H](CO)NC(=O)[C@H](CS)NC(=O)CNC(=O)[C@H](C(C)C)NC(=O)[C@H](C(C)C)NC(=O)[C@H](CO)NC(=O)[C@H](CO)NC1=O,0,-5.7576017,3
CC(=O)N[C@@H](CCCNC(N)=[NH2+])C(=O)N[C@@H](CCCNC(N)=[NH2+])C(=O)N[C@@H](Cc1c[nH]c2ccccc12)C(=O)N[C@@H](Cc1c[nH]c2ccccc12)C(=O)N[C@@H](CS)C(=O)N[C@@H](CCCNC(N)=[NH2+])C(=O)N[C@H](C(N)=O)C(C)C,0,-1.7640216,3
CCCC(CO)NC(=O)[C@@H]1CCCN1C(=O)[C@@H](NC(=O)[C@@H](NC(=O)[C@H](CC(=O)O)NC(=O)[C@@H](CC(=O)O)NC(C)=O)[C@@H](C)CC)C(C)C,0,-4.5460577,3
CC[C@H](C)[C@H](NC(O)C(C)(C)NC(=O)[C@H](CCCC[NH3+])NC(=O)CNC(=O)[C@H](CC(C)C)NC(O)C(C)(C)NC(=O)[C@H](CCCC[NH3+])NC(=O)[C@H](CCCC[NH3+])NC(=O)[C@H](Cc1c[nH]c2ccccc12)NC(=O)[C@H](CC(N)=O)NC(=O)[C@@H](N)C(C)C)C(=O)N[C@@H](CCCC[NH3+])C(=O)NC(C)(C)C(O)N[C@H](C(=O)N[C@@H](CCCC[NH3+])C(N)=O)C(C)C,0,-6.8711915,3
CC[C@H](C)[C@H](NC(=O)[C@H](CC(C)C)NC(=O)[C@H](CCC(=O)O)NC(=O)[C@@H](CC(=O)O)NC(C)=O)C(=O)NC(CC1CCCCC1)C(O)N[C@@H](CS)C(=O)N1CCC[C@H]1C(=O)NC(CC1CCCCC1)C(O)N[C@@H](CC(=O)O)C(=O)N[C@@H](CC(C)C)C(=O)N1CCC[C@@H]1C(=O)N[C@@H](Cc1ccc(O)cc1)C(=O)N[C@@H](CCCC[NH3+])C(N)=O,0,-4.903637,3
CC(C)C[C@H](NC(=O)[C@H](CCCNC(N)=[NH2+])NC(=O)[C@H](CCCNC(N)=[NH2+])NC(=O)[C@H](Cc1ccc(O)cc1)NC(=O)[C@H](CC(C)C)NC(=O)[C@H](CCCNC(N)=[NH2+])NC(=O)[C@H](CCCNC(N)=[NH2+])NC(=O)[C@H](Cc1ccc(O)cc1)NC(=O)[C@H](CC(C)C)NC(=O)[C@H](CCCNC(N)=[NH2+])NC(=O)[C@H](CCCNC(N)=[NH2+])NC(=O)[C@H](Cc1ccc(O)cc1)NC(=O)[C@H](CC(C)C)NC(=O)[C@@H](N)CCCNC(N)=[NH2+])C(=O)N[C@@H](Cc1ccc(O)cc1)C(=O)N[C@@H](CCCNC(N)=[NH2+])C(=O)N[C@@H](CCCC[NH3+])C(=O)N[C@@H](CCCC[NH3+])C(=O)N[C@@H](CCCC[NH3+])C(N)=O,0,5.1253004,3
CC[C@H](C)[C@H](NC(=O)[C@H](CCCC[NH3+])NC(=O)[C@H](CCCNC(N)=[NH2+])NC(=O)[C@H](CCCC[NH3+])NC(=O)[C@H](CC(C)C)NC(=O)[C@H](CCCNC(N)=[NH2+])NC(=O)[C@H](CCCNC(N)=[NH2+])NC(=O)[C@H](CC(C)C)NC(=O)[C@H](CCCC[NH3+])NC(=O)[C@@H](N)CCCNC(N)=[NH2+])C(=O)N[C@@H](C)C(=O)NC(CC1CNCN1)C(O)N[C@@H](CCCC[NH3+])C(=O)N[C@H](C(=O)N[C@@H](CCCC[NH3+])C(=O)N[C@@H](CCCC[NH3+])C(=O)N[C@@H](Cc1ccc(O)cc1)C(N)=O)C(C)C,0,-0.5484904,3
CC[C@H](C)[C@H](NC(=O)[C@@H](NC(=O)[C@H](CO)NC(=O)[C@H](C)NC(=O)[C@@H](NC(=O)[C@H](CCCC[NH3+])NC(=O)[C@H](CCCC[NH3+])NC(=O)[C@@H](NC(=O)[C@@H](NC(=O)[C@H](CC(=O)O)NC(=O)[C@H](Cc1ccccc1)NC(=O)[C@H](CC(C)C)NC(=O)CN)C(C)C)[C@@H](C)CC)C(C)C)C(C)C)C(=O)N[C@@H](CCCC[NH3+])C(=O)N[C@@H](CCCC[NH3+])C(=O)N[C@@H](CC(C)C)C(N)=O,0,-4.9436846,3
CC(C)C[C@H](NC(=O)[C@H](CCCNC(N)=[NH2+])NC(=O)[C@@H](N)CCCNC(N)=[NH2+])C(=O)N[C@@H](CO)C(=O)N[C@@H](Cc1ccc(O)cc1)C(=O)N[C@@H](CO)C(=O)N[C@@H](CCCNC(N)=[NH2+])C(=O)N[C@@H](CCCNC(N)=[NH2+])C(=O)N[C@@H](CCCNC(N)=[NH2+])C(=O)N[C@@H](Cc1ccccc1)C(N)=O,0,1.4251653,3
C[C@H](NC(=O)[C@H](CCC(=O)O)NC(=O)[C@@H]1CCCN1C(O)C(CC1CNCN1)NC(=O)[C@H](CC(=O)O)NC(=O)[C@H](Cc1ccc(O)cc1)NC(=O)[C@H](CC(N)=O)NC(=O)[C@H](CS)NC(=O)[C@H](CCCNC(N)=[NH2+])NC(=O)[C@@H]1CCCN1C(=O)[C@H](CC(=O)O)NC(=O)[C@H](CO)NC(=O)[C@H](CS)NC(=O)[C@H](CS)NC(=O)CN)C(=O)N[C@@H](CS)C(N)=O,0,-5.5042233,3
CSCC[C@H](NC(=O)[C@@H](NC(=O)[C@H](CCCC[NH3+])NC(=O)[C@H](CCCNC(N)=[NH2+])NC(=O)[C@H](CS)NC(=O)[C@H](CO)NC(=O)[C@H](C)NC(=O)CNC(=O)[C@H](CCCC[NH3+])NC(=O)CNC(=O)[C@H](CCCC[NH3+])NC(=O)[C@@H](N)CS)[C@@H](C)O)C(=O)N[C@@H](Cc1ccc(O)cc1)C(=O)N[C@@H](CC(=O)O)C(=O)N[C@@H](CS)C(=O)N[C@@H](CS)C(=O)N[C@@H](CCCNC(N)=[NH2+])C(=O)NCC(=O)N[C@@H](CO)C(=O)N[C@@H](CS)C(=O)N[C@@H](CCCNC(N)=[NH2+])C(=O)N[C@@H](CO)C(=O)NCC(=O)N[C@@H](CCCNC(N)=[NH2+])C(=O)N[C@@H](CS)C(N)=O,0,-4.476558,3
CC[C@H](C)[C@H](NC(O)C(CC1CNCN1)NC(=O)[C@H](CCCC[NH3+])NC(=O)[C@H](CC(C)C)NC(=O)[C@H](CC(C)C)NC(=O)[C@H](CO)NC(=O)[C@H](CCCC[NH3+])NC(=O)[C@H](Cc1c[nH]c2ccccc12)NC(=O)[C@H](CCCC[NH3+])NC(=O)CN)C(=O)N[C@@H](CC(C)C)C(=O)N[C@@H](CCCC[NH3+])C(N)=O,0,-6.3284883,3
CC[C@H](C)[C@H](N)C(=O)N[C@@H](CC(C)C)C(=O)N1CCC[C@H]1C(=O)N[C@H](C(=O)N[C@@H](CC(C)C)C(=O)NCC(=O)N[C@@H](CC(N)=O)C(=O)N[C@@H](CC(C)C)C(=O)N[C@@H](CC(C)C)C(=O)N[C@@H](CC(N)=O)C(=O)N[C@@H](CO)C(=O)N[C@@H](CC(C)C)C(=O)N[C@@H](CC(C)C)C(N)=O)[C@@H](C)CC,0,-5.2680035,3
CC[C@H](C)[C@@H]1NC(=O)[C@H](CC(C)C)NC(=O)[C@H](Cc2ccccc2)NC(=O)[C@H](Cc2ccccc2)NC(=O)[C@H](C)NC(=O)[C@@H]2CCCN2C(=O)[C@H](C(C)C)NC(=O)[C@H](CC(C)C)NC(=O)[C@H]([C@@H](C)CC)NC1=O,0,-5.903778,3
CC[C@H](C)[C@H](NC(=O)[C@H](CCCC[NH3+])NC(=O)[C@H](CC(N)=O)NC(=O)[C@H](Cc1c[nH]c2ccccc12)NC(=O)[C@H](CC(C)C)NC(=O)CN)C(=O)N[C@@H](CCCC[NH3+])C(=O)N[C@@H](CCC(=O)O)C(=O)N[C@@H](C)C(=O)N[C@@H](C)C(=O)N[C@@H](CO)C(=O)N[C@@H](CCCC[NH3+])C(=O)N[C@@H](C)C(=O)N[C@@H](C)C(=O)NCC(=O)N[C@@H](CCCC[NH3+])C(=O)N[C@@H](C)C(=O)N[C@@H](C)C(=O)N[C@@H](CC(C)C)C(=O)NCC(=O)N[C@@H](Cc1ccccc1)C(=O)N[C@H](C(=O)N[C@@H](CC(N)=O)C(=O)N[C@@H](CCC(=O)O)C(=O)N[C@@H](CCSC)C(=O)N[C@H](C(N)=O)C(C)C)C(C)C,0,-2.6982934,3
CC[C@H](C)[C@H](NC(=O)[C@H](CCCC[NH3+])NC(=O)[C@@H]1CCCN1C(=O)[C@H](CC(C)C)NC(=O)[C@H](Cc1ccccc1)NC(=O)[C@H](CC(N)=O)NC(=O)[C@H](C)NC(=O)[C@H](C)NC(=O)[C@H](CC(C)C)NC(=O)CNC(=O)[C@H](C)NC(=O)[C@H](CC(C)C)NC(=O)[C@H](CC(C)C)NC(=O)[C@@H]1CCCN1C(=O)[C@H](CC(C)C)NC(=O)[C@@H](N)Cc1ccccc1)C(=O)N[C@@H](Cc1ccccc1)C(=O)N[C@@H](CS)C(=O)N[C@@H](CCCC[NH3+])C(=O)N[C@H](C(=O)N[C@H](C(=O)N[C@@H](CCCNC(N)=[NH2+])C(=O)N[C@@H](CCCC[NH3+])C(=O)N[C@@H](CS)C(N)=O)[C@@H](C)O)[C@@H](C)CC,0,-2.92337,3
C[C@H](NC(O)C(CC1CNCN1)NC(=O)[C@H](Cc1ccc(O)cc1)NC(=O)[C@H](CCC(=O)O)NC(=O)[C@H](Cc1c[nH]c2ccccc12)NC(=O)[C@@H](N)CC(=O)O)C(=O)NC(CC1CNCN1)C(O)N1CCC[C@H]1C(=O)N[C@@H](CCCC[NH3+])C(=O)N1CC(O)CC1C(O)N[C@@H](CC(N)=O)C(=O)N[C@@H](CO)C(=O)N[C@@H](Cc1ccccc1)C(=O)N[C@@H](Cc1c[nH]c2ccccc12)C(=O)N[C@H](C=O)[C@@H](C)O,0,0.34016317,3
CC[C@H](C)[C@H](NC(=O)CNC(=O)[C@H](CO)NC(=O)[C@@H](NC(=O)[C@H](CC(C)C)NC(=O)[C@H](CCCNC(N)=[NH2+])NC(=O)CNC(=O)[C@@H](NC(=O)[C@@H](NC(=O)[C@@H]1CCCN1C(=O)[C@H](CC(C)C)NC(=O)[C@@H](N)Cc1ccccc1)[C@@H](C)CC)C(C)C)[C@@H](C)CC)C(=O)N[C@@H](CC(C)C)C(N)=O,0,-4.128446,3
CC[C@H](C)[C@H](NC(=O)[C@H](CC(C)C)NC(=O)[C@H](CC(N)=O)NC(=O)[C@@H](NC(=O)[C@H](CC(C)C)NC(=O)[C@@H](NC(=O)[C@@H]1CCCN1C(=O)[C@H](CC(C)C)NC(=O)[C@@H](N)Cc1ccccc1)[C@@H](C)CC)[C@@H](C)CC)C(=O)NC(CC1CNCN1)C(O)N[C@@H](CCCC[NH3+])C(=O)NCC(=O)N[C@@H](CC(C)C)C(=O)N[C@@H](CC(C)C)C(N)=O,0,-2.9665072,3
CC[C@H](C)[C@@H]1NC(=O)[C@H](Cc2c[nH]c[nH+]2)NC(=O)[C@H](CCC(N)=O)NC(=O)[C@H](CC(N)=O)NC(=O)[C@H](CC(N)=O)NC(=O)CNC(=O)[C@H](C)NC(=O)[C@@H]2CSSC[C@H](NC(=O)C[NH3+])C(=O)N[C@@H](CSSC[C@@H](C(N)=O)NC1=O)C(=O)N[C@@H](CO)C(=O)N[C@@H](Cc1c[nH]c[nH+]1)C(=O)N1CCC[C@H]1C(=O)N[C@@H](C)C(=O)N2,0,-5.438507,3
CC[C@H](C)[C@H](NC(=O)CN)C(=O)NCC(=O)N[C@@H](CCCC[NH3+])C(=O)N[C@@H](Cc1ccccc1)C(=O)N[C@@H](CC(C)C)C(=O)NC(CC1CNCN1)C(O)N[C@@H](CO)C(=O)N[C@H](C)C(=O)N[C@@H](CCCC[NH3+])C(=O)N[C@@H](CCCC[NH3+])C(=O)N[C@@H](Cc1ccccc1)C(=O)N[C@H](C)C(=O)N[C@@H](CCCC[NH3+])C(=O)N[C@@H](C)C(=O)N[C@@H](Cc1ccccc1)C(=O)N[C@H](C(=O)N[C@H](C)C(=O)N[C@@H](CCC(=O)O)C(=O)N[C@H](C(=O)N[C@@H](CCSC)C(=O)N[C@@H](CC(N)=O)C(=O)N[C@@H](CO)C(N)=O)[C@@H](C)CC)C(C)C,0,-3.7937605,3
CC(C)C[C@@H]1NC(=O)[C@H](CC(=O)O)NC(=O)[C@@H]2CCCN2C(=O)[C@H](Cc2c[nH]c[nH+]2)NC(=O)[C@H](CCCC[NH3+])NC(=O)[C@H](CC(N)=O)NC(=O)[C@H](CCCNC(N)=[NH2+])NC(=O)[C@@H]2CSSC[C@H](NC(=O)C[NH3+])C(=O)N[C@@H](CSSC[C@@H](C(N)=O)NC1=O)C(=O)N[C@@H](CO)C(=O)N[C@@H](CC(=O)O)C(=O)N1CCC[C@H]1C(=O)N1CCC[C@H]1C(=O)N2,0,-5.4640465,3
CC[C@H](C)[C@H](NC(=O)CN)C(=O)NCC(=O)NCC(=O)N[C@@H](C)C(=O)N[C@@H](CC(C)C)C(=O)N[C@@H](CC(C)C)C(=O)N[C@@H](CO)C(=O)N[C@@H](C)C(=O)NCC(=O)N[C@@H](CCCC[NH3+])C(=O)N[C@@H](C)C(=O)N[C@@H](C)C(=O)N[C@@H](CC(C)C)C(=O)N[C@@H](CCCC[NH3+])C(=O)NCC(=O)N[C@@H](CC(C)C)C(=O)N[C@@H](C)C(=O)N[C@@H](CCCC[NH3+])C(=O)N[C@H](C(=O)N[C@@H](CC(C)C)C(=O)N[C@H](C(N)=O)C(C)C)C(C)C,0,-2.24583,3
CC(C)C[C@H](NC(=O)[C@@H](NC(=O)[C@H](C)NC(=O)[C@H](CS)NC(=O)[C@@H]1CCCN1C(=O)[C@@H]1CCCN1C(=O)[C@@H](NC(=O)[C@H](CO)NC(=O)[C@H](CS)NC(=O)[C@H](CS)NC(=O)CN)[C@@H](C)O)C(C)C)C(=O)N[C@@H](C)C(=O)N[C@@H](CS)C(N)=O,0,-5.164052,3
CC(=O)NCC(=O)N[C@@H](CCCC[NH3+])C(=O)N[C@@H](CCCC[NH3+])C(=O)N[C@@H](CC(C)C)C(=O)N[C@@H](CC(C)C)C(=O)N[C@@H](CCCC[NH3+])C(=O)N[C@@H](CCCC[NH3+])C(=O)N[C@@H](Cc1c[nH]c2ccccc12)C(=O)N[C@@H](CCCC[NH3+])C(=O)N[C@@H](CCCC[NH3+])C(=O)N[C@@H](CC(C)C)C(=O)N[C@@H](Cc1c[nH]c2ccccc12)C(=O)N[C@@H](CCCC[NH3+])C(=O)N[C@@H](CCCC[NH3+])C(=O)N[C@@H](Cc1c[nH]c2ccccc12)C(N)=O,0,-4.8841743,3
CC(C)C[C@H](NC(=O)[C@H](C)NC(=O)[C@H](CCCC[NH3+])NC(=O)[C@H](CCCC[NH3+])NC(=O)[C@H](CC(C)C)NC(=O)[C@H](C)NC(=O)[C@H](CCCC[NH3+])NC(=O)[C@H](CC(C)C)NC(=O)[C@H](C)NC(=O)[C@H](CC(C)C)NC(=O)[C@H](C)NC(=O)[C@@H](N)Cc1ccccc1)C(N)=O,0,-4.055674,3
CSCC[C@@H]1NC(=O)[C@H](CCCNC(N)=[NH2+])NC(=O)[C@H](C)NC(=O)[C@H](C)NC(=O)[C@H](Cc2c[nH]c3ccccc23)NC(=O)[C@H](CCCNC(N)=[NH2+])NC(=O)[C@H](Cc2ccccc2)NC(=O)[C@H](C)NC(=O)[C@H](CCCC[NH3+])NC(=O)[C@H](CCCNC(N)=[NH2+])NC(=O)[C@H](Cc2c[nH]c3ccccc23)NC(=O)[C@H](C)NC(=O)[C@@H]2CCCN2C(=O)[C@H](C)NC(=O)[C@H](C)NC(=O)[C@H](CCCC[NH3+])NC(=O)[C@H](CCCC[NH3+])NC(=O)[C@H](CC(C)C)NC1=O,0,-4.9271936,3
CC[C@H](C)[C@H](NC(=O)[C@@H](NC(=O)CN)C(C)C)C(=O)N[C@@H](CC(=O)O)C(=O)N[C@@H](C)C(=O)N[C@@H](C)C(=O)N[C@@H](CCCC[NH3+])C(=O)N[C@@H](CCCC[NH3+])C(=O)N[C@H](C(=O)N[C@H](C(=O)N[C@@H](CC(N)=O)C(=O)N[C@H](C(=O)N[C@@H](CC(C)C)C(=O)N[C@@H](CCCC[NH3+])C(=O)N[C@@H](CC(N)=O)C(=O)N[C@@H](CC(C)C)C(=O)N1CCC[C@H]1C(N)=O)C(C)C)C(C)C)C(C)C,0,-5.5272026,3
CC[C@H](C)[C@H](NC(=O)[C@H](C)NC(=O)[C@H](C)NC(=O)[C@H](CCC(=O)O)NC(=O)[C@H](CCCC[NH3+])NC(=O)CNC(=O)[C@@H](NC(=O)[C@H](CC(N)=O)NC(=O)[C@H](CCCC[NH3+])NC(=O)[C@@H](NC(=O)[C@@H](NC(=O)[C@H](CO)NC(=O)[C@H](Cc1c[nH]c2ccccc12)NC(=O)[C@H](CC(C)C)NC(=O)CN)[C@@H](C)O)[C@@H](C)CC)C(C)C)C(=O)N[C@@H](C)C(=O)N[C@@H](C)C(=O)NCC(=O)N[C@@H](CCCC[NH3+])C(=O)N[C@@H](C)C(=O)N[C@H](C(=O)N[C@@H](CC(C)C)C(=O)NCC(=O)N[C@@H](CO)C(=O)N[C@@H](CC(C)C)C(N)=O)C(C)C,0,-4.333776,3
CC[C@H](C)[C@H](NC(=O)[C@H](CCCC[NH3+])NC(=O)[C@H](CCCC[NH3+])NC(=O)[C@H](CC(C)C)NC(=O)[C@H](CC(=O)O)NC(=O)[C@@H](NC(=O)[C@@H](N)Cc1ccccc1)C(C)C)C(=O)N[C@@H](C)C(=O)N[C@@H](CC(N)=O)C(=O)N[C@H](C(=O)N[C@H](C(=O)N[C@@H](CC(N)=O)C(=O)N[C@@H](CO)C(=O)N[C@H](C(=O)N[C@@H](Cc1ccccc1)C(=O)NCC(=O)N[C@@H](CCCC[NH3+])C(N)=O)[C@@H](C)CC)[C@@H](C)CC)[C@@H](C)CC,0,-4.599942,3
CC[C@H](C)[C@H](N)C(=O)N[C@@H](CC(C)C)C(=O)N1CCC[C@H]1C(=O)N[C@@H](CC(C)C)C(=O)N[C@@H](CCCC[NH3+])C(=O)N[C@@H](Cc1c[nH]c2ccccc12)C(=O)N1CCC[C@H]1C(=O)N[C@@H](Cc1c[nH]c2ccccc12)C(=O)N[C@@H](Cc1c[nH]c2ccccc12)C(=O)N1CCC[C@H]1C(=O)N[C@@H](Cc1c[nH]c2ccccc12)C(=O)N[C@@H](CCCNC(N)=[NH2+])C(=O)N[C@@H](CCCNC(N)=[NH2+])C(N)=O,0,-2.4776726,3
CC[C@H](C)[C@H](NC(=O)[C@H](CO)NC(=O)[C@@H]1CCCN1C(=O)[C@H](CC(C)C)NC(=O)[C@@H](NC(=O)CNC(=O)[C@H](C)NC(=O)[C@H](CC(C)C)NC(=O)[C@@H](NC(=O)[C@H](CCCC[NH3+])NC(=O)[C@H](CC(C)C)NC(=O)[C@H](C)NC(=O)[C@H](CO)NC(=O)CNC(=O)[C@@H](NC(=O)[C@@H](N)Cc1ccccc1)[C@@H](C)CC)C(C)C)C(C)C)C(=O)N[C@H](C(=O)N[C@@H](CO)C(=O)N[C@@H](Cc1c[nH]c2ccccc12)C(=O)N[C@H](C(=O)N[C@@H](CCCC[NH3+])C(=O)N[C@@H](CCC(N)=O)C(N)=O)C(C)C)C(C)C,0,-4.3742895,3
CC(C)C[C@H](NC(=O)[C@H](CCC(=O)O)NC(=O)[C@@H]1CCCN1C(=O)[C@H](C)NC(=O)[C@H](CC(N)=O)NC(=O)[C@@H](NC(=O)[C@H](CO)NC(=O)[C@H](CS)NC(=O)[C@H](C)NC(=O)[C@@H]1CCCN1C(O)C(CC1CNCN1)NC(=O)[C@H](CO)NC(=O)[C@H](CS)NC(=O)[C@H](CS)NC(=O)CN)C(C)C)C(=O)N[C@@H](CS)C(N)=O,0,-5.632119,3
CC[C@H](C)[C@H](N)C(=O)N[C@@H](CC(C)C)C(=O)N1CCC[C@H]1C(=O)N[C@H](C(=O)N[C@@H](CC(C)C)C(=O)N[C@@H](C)C(=O)N1CCC[C@H]1C(=O)N[C@@H](CC(C)C)C(=O)N[C@H](C(=O)NCC(=O)NCC(=O)N[C@@H](CC(C)C)C(=O)N[C@@H](CC(C)C)C(N)=O)[C@@H](C)CC)[C@@H](C)CC,0,-4.223378,3
CC[C@H](C)[C@H](NC(=O)[C@H](C)NC(=O)[C@H](CCCC[NH3+])NC(=O)[C@H](CC(C)C)NC(=O)[C@H](CC(C)C)NC(=O)CNC(O)C(CC1CNCN1)NC(=O)[C@H](CC(C)C)NC(=O)[C@@H](NC(=O)[C@@H](NC(=O)[C@H](CCCC[NH3+])NC(=O)[C@H](CCCC[NH3+])NC(=O)[C@H](C)NC(=O)[C@H](CO)NC(=O)[C@H](CCCC[NH3+])NC(=O)[C@H](Cc1ccccc1)NC(=O)[C@@H](NC(=O)[C@H](CCCC[NH3+])NC(=O)[C@H](CC(C)C)NC(=O)[C@H](Cc1ccccc1)NC(=O)[C@H](CO)NC(=O)[C@H](CCCC[NH3+])NC(=O)[C@H](Cc1c[nH]c2ccccc12)NC(=O)[C@H](CCCC[NH3+])NC(C)=O)[C@@H](C)O)[C@@H](C)O)C(C)C)C(=O)N[C@@H](CO)C(=O)N[C@@H](CO)C(N)=O,0,-4.4274178,3
CC[C@H](C)[C@H](NC(=O)[C@H](CCCC[NH3+])NC(=O)CNC(=O)[C@H](CC(C)C)NC(=O)[C@H](Cc1ccccc1)NC(=O)[C@H](CCCC[NH3+])NC(=O)[C@H](CO)NC(=O)[C@H](Cc1ccccc1)NC(=O)[C@H](Cc1c[nH]c2ccccc12)NC(=O)[C@H](CCC(N)=O)NC(=O)[C@@H](NC(=O)[C@@H](N)Cc1ccccc1)C(C)C)C(=O)N[C@@H](CC(C)C)C(N)=O,0,-5.1011486,3
CSCC[C@H](NC(=O)CNC(=O)[C@H](CCCNC(N)=[NH2+])NC(=O)[C@H](CO)NC(=O)[C@H](CS)NC(O)C1CC(O)CN1C(=O)[C@@H](NC(=O)CNC(O)C1CC(O)CN1C(=O)[C@H](CO)NC(=O)[C@H](CCCC[NH3+])NC(=O)[C@@H](N)CS)[C@@H](C)O)C(=O)N[C@@H](CCCNC(N)=[NH2+])C(=O)N[C@@H](CC(=O)O)C(=O)N[C@@H](CS)C(=O)N[C@@H](CS)C(=O)N[C@H](C(=O)N[C@@H](CO)C(=O)N[C@@H](CS)C(=O)N[C@@H](CC(C)C)C(=O)N[C@@H](CC(C)C)C(=O)N[C@@H](Cc1ccc(O)cc1)C(=O)N[C@@H](CO)C(=O)N[C@@H](CC(N)=O)C(=O)N[C@@H](CCCC[NH3+])C(=O)N[C@@H](CS)C(=O)N[C@@H](CCCNC(N)=[NH2+])C(=O)N[C@@H](CCCNC(N)=[NH2+])C(=O)N[C@H](C=O)Cc1ccc(O)cc1)[C@@H](C)O,0,-3.4443033,3
CC(C)C[C@@H]1NC(=O)[C@H](CC(C)C)NC(=O)[C@H](CCC(N)=O)NC(=O)[C@H](CCCNC(=N)N)NC(=O)[C@H](Cc2c[nH]cn2)NC(=O)[C@@H]2CSSC[C@@H](C(=O)N[C@@H](CC(C)C)C(=O)N[C@@H](CCCNC(=N)N)C(=O)N[C@@H](Cc3ccccc3)C(=O)N[C@H](C(N)=O)C(C)C)NC(=O)[C@H](CSSC[C@H](NC(=O)[C@@H](N)CCC(=O)O)C(=O)N2)NC1=O,0,-5.19658,3
CC(=O)N[C@@H](CCCNC(N)=[NH2+])C(=O)N[C@@H](Cc1c[nH]c2ccccc12)C(=O)N[C@@H](Cc1ccc(O)cc1)C(=O)N[C@@H](CS)C(=O)NCC(N)=O,0,-3.670524,3
CC(=O)N[C@@H](CC(C)C)C(=O)N[C@@H](CC(C)C)C(=O)N[C@@H](CCCNC(N)=[NH2+])C(=O)N[C@H](C(=O)N[C@@H](CCCC[NH3+])C(=O)N[C@@H](CCCNC(N)=[NH2+])C(N)=O)C(C)C,0,-5.475283,3
CC(C)[C@H](NC(=O)[C@@H](NC(=O)[C@H](CS)NC(=O)CNC(=O)[C@H](CS)NC(O)C1CC(O)CN1C(O)C(CC1CNCN1)NC(=O)[C@H](CS)NC(=O)[C@H](C)NC(=O)[C@H](C)NC(=O)[C@H](CC(N)=O)NC(O)C1CC(O)CN1C(=O)[C@H](Cc1ccc(O)cc1)NC(=O)[C@H](CCCC[NH3+])NC(=O)CNC(=O)[C@H](CS)NC(=O)[C@H](CS)NC(=O)CN)[C@@H](C)O)C(=O)NCC(=O)N[C@@H](CCCNC(N)=[NH2+])C(=O)N1CC(O)CC1C(O)N1CC(O)CC1C(O)N[C@@H](Cc1ccc(O)cc1)C(=O)N[C@@H](CS)C(=O)N[C@@H](CC(=O)O)C(=O)N[C@@H](CCCNC(N)=[NH2+])C(=O)N1CC(O)CC1C(O)N[C@@H](CO)C(=O)NCC(=O)NCC=O,0,-4.7926836,3
CC[C@H](C)[C@H](NC(=O)[C@@H](N)CCC(N)=O)C(=O)N1CCC[C@H]1C(=O)N[C@@H](Cc1c[nH]c2ccccc12)C(=O)N[C@@H](Cc1ccccc1)C(=O)NC(CC1CNCN1)C(O)N[C@@H](CCCNC(N)=[NH2+])C(N)=O,0,-3.1608021,3
CC(C)C[C@H](NC(=O)[C@H](CC(C)C)NC(=O)[C@@H](CCCC[NH3+])NC(=O)[C@H](CC(C)C)NC(=O)[C@H](CC(C)C)NC(=O)[C@H](CCCC[NH3+])NC(=O)[C@@H](CCCC[NH3+])NC(=O)[C@@H](CC(C)C)NC(=O)[C@H](CC(C)C)NC(=O)[C@@H](CCCC[NH3+])NC(=O)[C@H](CCCC[NH3+])NC(=O)[C@H](CC(C)C)NC(=O)[C@@H](CC(C)C)NC(=O)[C@H](CCCC[NH3+])NC(=O)[C@@H](N)CC(C)C)C(N)=O,0,-3.5199425,3
CC[C@H](C)[C@H](NC(=O)[C@H](CCCC[NH3+])NC(=O)[C@H](CCCC[NH3+])NC(=O)[C@H](Cc1ccccc1)NC(=O)[C@H](CC(C)C)NC(=O)[C@H](CCCC[NH3+])NC(=O)[C@@H](N)CC(C)C)C(=O)N[C@@H](CC(C)C)C(=O)N[C@@H](CCCC[NH3+])C(=O)N[C@@H](Cc1ccc(O)cc1)C(=O)N[C@@H](CC(C)C)C(N)=O,0,-3.8911738,3
CC[C@H](C)[C@H](N)C(=O)N[C@@H](CC(N)=O)C(=O)N[C@@H](Cc1c[nH]c2ccccc12)C(=O)N[C@@H](CC(C)C)C(=O)N[C@@H](CCCC[NH3+])C(=O)N[C@@H](CC(C)C)C(=O)NCC(=O)N[C@@H](CCCC[NH3+])C(=O)N[C@@H](CCCC[NH3+])C(=O)N[C@H](C(=O)N[C@@H](CC(C)C)C(=O)NCC(=O)N[C@@H](C)C(=O)N[C@H](C(N)=O)[C@@H](C)CC)[C@@H](C)CC,0,-2.424904,3
C[C@H](NC(=O)[C@H](C)NC(=O)[C@H](Cc1ccccc1)NC(=O)[C@H](C)NC(=O)[C@H](C)NC(=O)[C@H](CCCNC(N)=[NH2+])NC(=O)[C@H](CCCNC(N)=[NH2+])NC(=O)[C@@H](N)CCCNC(N)=[NH2+])C(=O)N[C@@H](Cc1c[nH]c2ccccc12)C(=O)N[C@@H](C)C(=O)N[C@@H](C)C(=O)N[C@@H](Cc1ccccc1)C(=O)N[C@@H](C)C(=O)N[C@@H](C)C(=O)N[C@@H](CCCNC(N)=[NH2+])C(=O)N[C@@H](CCCNC(N)=[NH2+])C(=O)N[C@@H](CCCNC(N)=[NH2+])C(N)=O,0,3.6172898,3
CC(C)C[C@H](NC(=O)[C@H](CC(N)=O)NC(=O)[C@H](CO)NC(O)C(CC1CNCN1)NC(=O)[C@H](CCC(=O)O)NC(=O)[C@H](C)NC(O)C(CC1CNCN1)NC(=O)[C@H](CS)NC(=O)[C@@H](NC(=O)[C@@H]1CCCN1C(=O)[C@H](CC(N)=O)NC(=O)[C@H](CO)NC(=O)[C@H](CS)NC(=O)[C@H](CS)NC(=O)CN)C(C)C)C(=O)N[C@@H](CS)C(N)=O,0,-5.7900515,3
CC[C@H](C)[C@H](NC(=O)[C@@H](N)CCCNC(N)=[NH2+])C(=O)N[C@@H](CC(C)C)C(=O)N[C@@H](CCCNC(N)=[NH2+])C(=O)NCC(N)=O,0,-0.25621718,3
CC[C@H](C)[C@H](NC(=O)CN)C(=O)NCC(=O)NCC(=O)N[C@@H](CCCC[NH3+])C(=O)N[C@H](C(=O)N[C@@H](CC(C)C)C(=O)NCC(=O)NCC(=O)N[C@@H](CC(C)C)C(=O)N[C@@H](CCCC[NH3+])C(=O)N[C@H](C(=O)N[C@@H](C)C(=O)N[C@@H](CC(C)C)C(=O)N[C@@H](CCCC[NH3+])C(=O)NCC(=O)N[C@@H](C)C(=O)N[C@@H](C)C(=O)N[C@@H](CCCC[NH3+])C(=O)N[C@@H](CCC(=O)O)C(=O)N[C@@H](CC(C)C)C(=O)N[C@@H](C)C(=O)N[C@@H](CO)C(=O)N[C@H](C(=O)N[C@@H](Cc1ccc(O)cc1)C(=O)N[C@@H](CC(C)C)C(=O)NC(CC1CNCN1)C(N)O)[C@@H](C)O)[C@@H](C)O)[C@@H](C)CC,0,-1.9310485,3
CC[C@H](C)[C@H](NC(=O)[C@H](CCC(N)=O)NC(=O)[C@@H]1CCCN1C(=O)[C@H](CC(N)=O)NC(O)C(CC1CNCN1)NC(=O)[C@@H](NC(=O)[C@@H](NC(=O)[C@H](CS)NC(=O)[C@@H](NC(=O)[C@@H]1CCCN1C(=O)[C@H](CC(N)=O)NC(=O)[C@H](CO)NC(=O)[C@H](CS)NC(=O)[C@H](CS)NC(=O)[C@@H]1CCCN1C(=O)[C@H](CC(=O)O)NC(O)C(N)CCCNC(N)N(C)C)C(C)C)[C@@H](C)O)C(C)C)C(=O)N[C@@H](CS)C(N)=O,0,-4.802046,3
CC[C@H](C)[C@H](NC(=O)CN)C(=O)NCC(=O)N[C@@H](CCCC[NH3+])C(=O)N[C@@H](Cc1ccccc1)C(=O)N[C@@H](CC(C)C)C(=O)NC(CC1CNCN1)C(O)N[C@@H](CCCC[NH3+])C(=O)N[C@H](C(=O)NCC(=O)N[C@@H](CO)C(=O)N[C@@H](Cc1ccccc1)C(=O)N[C@H](C(=O)N[C@@H](CCCC[NH3+])C(=O)N[C@@H](CO)C(=O)N[C@@H](Cc1c[nH]c2ccccc12)C(=O)N[C@@H](CCCC[NH3+])C(=O)NCC(=O)N[C@@H](CCC(=O)O)C(=O)N[C@H](C(=O)N[C@@H](CCSC)C(=O)N[C@@H](CC(N)=O)C(=O)N[C@@H](CO)C(N)=O)[C@@H](C)CC)[C@@H](C)CC)C(C)C,0,-4.8287277,3
CCCCC(NC(=O)[C@@H](NC(=O)[C@H](CCCC[NH3+])NC(=O)[C@@H]1CCCN1C(=O)[C@H](CC(C)C)NC(=O)[C@H](CO)NC(=O)[C@H](CCCC[NH3+])NC(=O)[C@H](CCCC[NH3+])NC(=O)[C@H](CC(C)C)NC(=O)[C@H](CO)NC(=O)[C@H](CO)NC(=O)[C@H](CC(C)C)NC(=O)[C@H](Cc1ccccc1)NC(=O)CN)C(C)C)C(O)N[C@@H](C)C(=O)NC(CC1CNCN1)C(O)NC(CCCC)C(O)N[C@@H](CCCC[NH3+])C(N)=O,0,-5.3759274,3
CC(C)C[C@@H]1NC(=O)[C@H](CCCC[NH3+])NC(=O)[C@H](C(C)C)NC(=O)[C@@H]2CCCN2C(=O)[C@@H](Cc2ccc(O)cc2)NC(=O)[C@H](CC(C)C)NC(=O)[C@H](CCCC[NH3+])NC(=O)[C@H](C(C)C)NC(=O)[C@H](CCCC[NH3+])NC(=O)[C@H](CC(C)C)NC(=O)[C@H]2CCCN2C(=O)[C@@H](Cc2ccc(O)cc2)NC(=O)[C@H](C(C)C)NC(=O)[C@H](CCCC[NH3+])NC1=O,0,-6.5395927,3
CC[C@H](C)[C@H](NC(=O)[C@H](CCCC[NH3+])NC(=O)[C@H](CCCC[NH3+])NC(=O)[C@H](CCC(N)=O)NC(=O)CN)C(=O)N[C@@H](CCCNC(N)=[NH2+])C(=O)N[C@H](C(=O)N[C@@H](CCCNC(N)=[NH2+])C(=O)N[C@@H](CC(C)C)C(=O)N[C@@H](CO)C(N)=O)C(C)C,0,-4.2345324,3
CC[C@H](C)[C@H](NC(=O)[C@H](CCCC[NH3+])NC(=O)CNC(=O)[C@@H](NC(=O)[C@H](CC(C)C)NC(O)C(CC1CNCN1)NC(=O)[C@H](C)NC(=O)[C@H](CC(C)C)NC(=O)[C@H](CC(C)C)NC(=O)[C@H](CC(=O)O)NC(=O)[C@H](CCCC[NH3+])NC(=O)CNC(=O)[C@H](C)NC(=O)CNC(=O)[C@H](CCCC[NH3+])NC(=O)[C@H](CC(C)C)NC(=O)[C@@H](NC(=O)[C@H](CC(=O)O)NC(=O)[C@@H](NC(=O)[C@@H](NC(=O)CN)C(C)C)C(C)C)[C@@H](C)CC)C(C)C)C(=O)N[C@@H](CO)C(=O)N[C@@H](CCC(=O)O)C(=O)N[C@@H](CCCC[NH3+])C(=O)N[C@H](C(N)=O)C(C)C,0,-2.4515781,3
CC[C@H](C)[C@@H]1NC(=O)[C@H](CCCNC(=N)N)NC(=O)CNC(=O)[C@@H]2CSSC[C@@H](C(=O)N3CCC[C@H]3C(=O)N[C@@H](CCC(=O)O)C(=O)N[C@H](C(=O)N[C@H](C(=O)N[C@@H](CS)C(=O)N3CCC[C@H]3C(=O)N[C@@H](CCCCN)C(=O)N[C@@H](CC(N)=O)C(=O)O)C(C)C)C(C)C)NC(=O)[C@H]([C@@H](C)CC)NC(=O)[C@H](CS)NC(=O)[C@H](CCCNC(=N)N)NC(=O)[C@H](CO)NC(=O)[C@H](CSSC[C@H](NC(=O)[C@H](CCC(=O)O)NC(=O)[C@@H](NC(=O)[C@H](Cc3c[nH]c4ccccc34)NC(=O)[C@H](Cc3ccc(O)cc3)NC(=O)[C@H](CCC(N)=O)NC(=O)[C@@H]3CCCN3C(=O)[C@@H](NC(=O)[C@H](CC(C)C)NC(=O)[C@H](CC(=O)O)NC(=O)[C@H](CC(N)=O)NC(=O)[C@@H](N)CC(C)C)C(C)C)[C@@H](C)O)C(=O)N2)NC(=O)[C@H](Cc2c[nH]cn2)NC(=O)[C@@H]2CCCN2C(=O)CNC1=O,0,-4.174489,3
CC(C)C[C@H](NC(=O)[C@H](Cc1ccccc1)NC(=O)[C@H](C)NC(=O)CNC(=O)[C@H](Cc1c[nH]c2ccccc12)NC(=O)[C@H](CC(N)=O)NC(=O)[C@@H](N)CC(C)C)C(=O)N[C@@H](CCCC[NH3+])C(=O)NC(CC1CNCN1)C(O)N[C@@H](Cc1ccccc1)C(=O)N[C@@H](Cc1ccccc1)C(=O)N[C@@H](CCCC[NH3+])C(N)=O,0,-4.546936,3
CC[C@H](C)[C@H](N)C(=O)N[C@@H](CC(N)=O)C(=O)N[C@@H](Cc1c[nH]c2ccccc12)C(=O)N[C@@H](CCCC[NH3+])C(=O)N[C@@H](CCCC[NH3+])C(=O)N[C@H](C(=O)N[C@@H](C)C(=O)N[C@@H](CO)C(=O)N[C@H](C(=O)NCC(=O)N[C@@H](CCCC[NH3+])C(=O)N[C@@H](CCC(=O)O)C(=O)N[C@H](C(=O)N[C@@H](CC(C)C)C(=O)N[C@@H](CCCC[NH3+])C(=O)N[C@@H](C)C(=O)N[C@@H](CC(C)C)C(N)=O)C(C)C)[C@@H](C)CC)[C@@H](C)CC,0,-4.3827157,3
CC[C@H](C)[C@H](NC(=O)[C@H](CCC(=O)O)NC(=O)[C@@H]1CCCN1C(O)C(CC1CNCN1)NC(=O)[C@H](CC(=O)O)NC(=O)[C@H](Cc1ccc(O)cc1)NC(=O)[C@H](CC(N)=O)NC(=O)[C@H](CS)NC(=O)[C@H](CCCNC(N)=[NH2+])NC(=O)[C@@H]1CCCN1C(=O)[C@H](CC(=O)O)NC(=O)[C@H](CO)NC(=O)[C@H](CS)NC(=O)[C@H](CS)NC(=O)[C@H](C)N)C(=O)N[C@@H](CS)C(N)=O,0,-4.8593874,3
CC[C@H](C)[C@H](NC(=O)[C@H](CCC(=O)O)NC(=O)[C@@H]1CCCN1C(O)C(CC1CNCN1)NC(=O)[C@H](CC(=O)O)NC(=O)[C@H](Cc1ccc(O)cc1)NC(=O)[C@H](C)NC(=O)[C@H](CS)NC(=O)[C@H](CCCNC(N)=[NH2+])NC(=O)[C@@H]1CCCN1C(=O)[C@H](CC(=O)O)NC(=O)[C@H](CO)NC(=O)[C@H](CS)NC(=O)[C@H](CS)NC(=O)CN)C(=O)N[C@@H](CS)C(N)=O,0,-5.100713,3
CC[C@H](C)[C@H](NC(=O)[C@@H](NC(=O)[C@@H]1CCCN1C(=O)[C@@H](NC(=O)[C@@H](NC(=O)[C@H](CCCNC(N)=[NH2+])NC(=O)[C@@H]1CCCN1C(=O)[C@@H](NC(=O)[C@@H](NC(O)C(CC1CNCN1)NC(=O)[C@H](CCCC[NH3+])NC(=O)[C@H](C)NC(=O)[C@@H](NC(=O)[C@H](CO)NC(=O)CNC(=O)[C@H](CC(C)C)NC(=O)[C@@H](NC(=O)[C@H](CO)NC(=O)[C@H](Cc1ccccc1)NC(=O)[C@H](CC(C)C)NC(=O)CN)C(C)C)C(C)C)C(C)C)C(C)C)C(C)C)C(C)C)C(C)C)C(=O)N[C@@H](C)C(=O)N[C@@H](CCC(=O)O)C(=O)NC(CC1CNCN1)C(O)N[C@@H](CC(C)C)C(N)=O,0,-3.4428012,3
CC(C)[C@H](NC(=O)[C@H](CCCC[NH3+])NC(=O)[C@@H](NC(=O)[C@H](CCCC[NH3+])NC(=O)[C@@H](NC(=O)[C@H](CCCC[NH3+])NC(=O)[C@@H](NC(=O)[C@@H]1CCCN1C(=O)[C@H]1CCCN1C(=O)[C@@H](NC(=O)[C@H](CCCC[NH3+])NC(=O)[C@@H](NC(=O)[C@H](CCCC[NH3+])NC(=O)[C@@H](NC(=O)[C@H](CCCC[NH3+])NC(=O)[C@@H](NC(=O)[C@@H](N)CCCC[NH3+])C(C)C)C(C)C)C(C)C)C(C)C)[C@@H](C)O)C(C)C)C(C)C)C(=O)N[C@@H](CCCC[NH3+])C(N)=O,0,-3.59278,3
CC(C)C[C@H](NC(=O)[C@H](CC(C)C)NC(=O)[C@H](CCCC[NH3+])NC(=O)CNC(=O)[C@H](CC(C)C)NC(=O)[C@H](CC(C)C)NC(=O)[C@H](CO)NC(=O)[C@H](C)NC(=O)[C@H](Cc1ccccc1)NC(=O)[C@H](Cc1ccccc1)NC(=O)[C@@H]1CCCN1C(=O)[C@H](CC(C)C)NC(=O)[C@@H](N)Cc1ccccc1)C(N)=O,0,-5.2963905,3
C[C@H](NC(=O)[C@H](Cc1ccc(O)cc1)NC(=O)[C@H](CC(N)=O)NC(=O)[C@H](CCCC[NH3+])NC(=O)CNC(=O)[C@H](CS)NC(=O)[C@H](C)NC(=O)[C@@H]1CCCN1C(O)C(CC1CNCN1)NC(=O)[C@H](CS)NC(=O)[C@H](CS)NC(=O)[C@H](CCCNC(N)=[NH2+])NC(=O)CN)C(=O)N[C@@H](CS)C(N)=O,0,-6.366464,3
CC(C)C[C@H]1NC(=O)[C@@H](C(C)C)NC(=O)[C@@H]2CCCN2C(=O)[C@@H](CC(=O)O)NC(=O)[C@@H](Cc2c[nH]c3ccccc23)NC1=O,0,-6.0924397,3
CC[C@H](C)[C@@H]1NC(=O)CNC(=O)[C@H](CCCNC(N)=[NH2+])NC(=O)[C@H](Cc2ccc(O)cc2)NC(=O)[C@@H]2CSSC[C@H](NC1=O)C(=O)N[C@@H](Cc1ccc(O)cc1)C(=O)N[C@@H](CCCNC(N)=[NH2+])C(=O)N[C@@H](CCCNC(N)=[NH2+])C(=O)N[C@H](C(=O)N[C@@H](CCCNC(N)=[NH2+])C(=O)O)CSSC[C@H](NC(=O)[C@H](Cc1c[nH]c3ccccc13)NC(=O)[C@@H]([NH3+])CCCC[NH3+])C(=O)N[C@@H](Cc1ccccc1)C(=O)N[C@@H](CCCNC(N)=[NH2+])C(=O)N[C@@H](C(C)C)C(=O)N2,0,-3.180123,3
CC[C@H](C)[C@H](NC(=O)[C@H](CO)NC(=O)[C@H](C)NC(=O)[C@@H]1CCCN1C(=O)[C@H](CC(C)C)NC(=O)CN)C(=O)N[C@@H](CO)C(=O)N[C@@H](Cc1c[nH]c2ccccc12)C(=O)N[C@H](C(=O)N[C@@H](CCCC[NH3+])C(=O)N[C@@H](CCCNC(N)=[NH2+])C(=O)N[C@@H](CCCC[NH3+])C(=O)N[C@@H](CCCNC(N)=[NH2+])C(=O)N[C@@H](CCC(N)=O)C(=O)N[C@@H](CCC(N)=O)C(N)=O)[C@@H](C)CC,0,-2.6861515,3
CC[C@H](C)[C@H](NC(=O)[C@H](CC(C)C)NC(=O)[C@@H]1CCCN1C(=O)[C@H](CC(C)C)NC(=O)[C@@H](N)C(C)C)C(=O)N[C@@H](CO)C(=O)N[C@@H](CCSC)C(=O)N[C@@H](C)C(=O)N[C@@H](CC(C)C)C(=O)NCC(=O)N[C@@H](CCCC[NH3+])C(=O)N[C@@H](CC(C)C)C(=O)N[C@@H](CC(C)C)C(N)=O,0,-4.540198,3
C[C@H](NC(=O)CNC(=O)[C@H](CS)NC(=O)[C@H](C)NC(=O)[C@@H]1CCCN1C(=O)[C@H](CC(N)=O)NC(=O)[C@H](CS)NC(=O)[C@H](CS)NC(=O)[C@@H](N)CCC(=O)O)C(=O)NC(CC1CNCN1)C(O)N[C@@H](Cc1ccc(O)cc1)C(=O)N[C@@H](CO)C(=O)N[C@@H](CS)C(N)=O,0,-6.0246916,3
CC[C@H](C)[C@H](NC(=O)[C@H](Cc1c[nH]c2ccccc12)NC(=O)[C@H](CS)NC(=O)[C@H](CS)NC(=O)[C@@H](N)CC(C)C)C(=O)NC(CC1CNCN1)C(O)N[C@@H](Cc1c[nH]c2ccccc12)C(=O)N[C@@H](CS)C(=O)NC(CC1CNCN1)C(O)N[C@@H](C)C(=O)N[C@@H](CCCNC(N)=[NH2+])C(=O)N[C@@H](CS)C(=O)N[C@H](C(=O)N[C@@H](CS)C(=O)N[C@@H](CS)C(N)=O)[C@@H](C)O,0,-5.347143,3
CC(C)C[C@@H]1NC(O)C(CCC[NH3+])NC(=O)[C@H](C(C)C)NC(=O)[C@@H]2CCCN2C(O)C(CC2CCCC3CCCCC32)NC(=O)[C@H](CC(C)C)NC(O)C(CCC[NH3+])NC(=O)[C@H](C(C)C)NC(=O)[C@@H]2CCCN2C(O)C(CC2CCCC3CCCCC32)NC1=O,0,-5.6275578,3
NC(=O)[C@H](Cc1c[nH]c2ccccc12)NC(O)C(CC1CNCN1)NC(=O)[C@H](CS)NC(=O)[C@H](CS)NC(=O)[C@H](CCC(=O)O)NC(=O)[C@H](Cc1ccccc1)NC=O,0,-5.6471486,3
CC(C)C[C@H](NC(=O)[C@H](C)NC(=O)[C@H](CCCC[NH3+])NC(=O)[C@H](CCCC[NH3+])NC(=O)[C@H](C)NC(=O)CNC(=O)[C@H](CCCC[NH3+])NC(=O)[C@H](CC(C)C)NC(=O)[C@H](CC(C)C)NC(=O)[C@H](CC(=O)O)NC(=O)[C@H](CCCC[NH3+])NC(=O)[C@H](Cc1ccccc1)NC(=O)CN)C(=O)N[C@H](C(=O)N[C@@H](CCCC[NH3+])C(=O)N[C@H](C(=O)N[C@H](C(=O)N[C@@H](CC(C)C)C(=O)N[C@@H](Cc1ccccc1)C(N)=O)C(C)C)[C@@H](C)O)C(C)C,0,-5.7019954,3
CC[C@H](C)[C@H](NC(=O)[C@H](CC(C)C)NC(O)C(CC1CNCN1)NC(=O)CNC(=O)[C@H](CC(C)C)NC(=O)[C@@H](NC(=O)[C@H](CCCC[NH3+])NC(=O)[C@H](CO)NC(=O)[C@H](Cc1c[nH]c2ccccc12)NC(=O)[C@H](CCSC)NC(=O)CN)[C@@H](C)CC)C(=O)N[C@@H](CCCC[NH3+])C(N)=O,0,-5.4751177,3
CC[C@H](C)[C@H](NC(=O)[C@H](CCCNC(N)=[NH2+])NC(=O)[C@H](CS)NC(=O)[C@H](Cc1c[nH]c2ccccc12)NC(=O)[C@H](Cc1c[nH]c2ccccc12)NC(=O)[C@H](CCCNC(N)=[NH2+])NC(=O)[C@H](CCCNC(N)=[NH2+])NC(C)=O)C(N)=O,0,-4.9959497,3
CSCC[C@@H]1NC(=O)[C@H](CCCNC(N)=[NH2+])NC(=O)[C@H](Cc2c[nH]c3ccccc23)NC(=O)[C@H](C)NC(=O)[C@H](C)NC(=O)[C@H](CCCNC(N)=[NH2+])NC(=O)[C@H](Cc2ccccc2)NC(=O)[C@H](C)NC(=O)[C@H](CCCC[NH3+])NC(=O)[C@H](CCCNC(N)=[NH2+])NC(=O)[C@H](Cc2c[nH]c3ccccc23)NC(=O)[C@H](C)NC(=O)[C@H]2CCCN2C(=O)[C@@H](C)NC(=O)[C@H](C)NC(=O)[C@H](CCCC[NH3+])NC(=O)[C@H](CCCC[NH3+])NC(=O)[C@H](CC(C)C)NC1=O,0,-5.009611,3
CC[C@H](C)[C@H]([NH3+])C(=O)N[C@H](C(=O)NCC(=O)N1CCC[C@H]1C(=O)N[C@H](C(=O)N[C@@H](CC(C)C)C(=O)NCC(=O)N[C@@H](CC(C)C)C(=O)N[C@H](C(=O)NCC(=O)N[C@@H](CO)C(=O)N[C@@H](C)C(=O)N[C@@H](CC(C)C)C(=O)NCC(=O)NCC(=O)N[C@@H](CC(C)C)C(=O)N[C@@H](CC(C)C)C(=O)N[C@@H](CCCC[NH3+])C(=O)N[C@@H](CCCC[NH3+])C(=O)N[C@H](C(=O)O)[C@@H](C)CC)C(C)C)C(C)C)[C@@H](C)CC,0,-4.492094,3
CC[C@H](C)[C@H](NC(=O)[C@H](CCCC[NH3+])NC(=O)[C@H](Cc1ccc(O)cc1)NC(=O)CNC(O)C(CC1CNCN1)NC(O)C(CC1CNCN1)NC(=O)[C@H](CCCNC(N)=[NH2+])NC(=O)[C@H](CCCC[NH3+])NC(=O)[C@H](C)NC(O)C(CC1CNCN1)NC(=O)[C@H](CO)NC(=O)[C@@H](N)CC(=O)O)C(=O)N[C@@H](CCCC[NH3+])C(=O)N[C@@H](Cc1ccccc1)C(=O)NC(CC1CNCN1)C(O)N[C@@H](CCC(=O)O)C(=O)N[C@@H](CC(N)=O)C(=O)NC(CC1CNCN1)C(O)NC(CC1CNCN1)C(O)N[C@@H](CO)C(=O)NC(CC1CNCN1)C(O)N[C@@H](CCCNC(N)=[NH2+])C(=O)NCC(=O)N[C@@H](Cc1ccc(O)cc1)C(N)=O,0,-0.28105903,3
CC[C@@H](C)[C@H]1NC(=O)[C@H]2CCCN2C(=O)[C@H](Cc2c[nH]c3ccccc23)NC(=O)[C@H](CO)NC(=O)[C@@H](CS)NC(=O)[C@H]([C@@H](C)O)NC(=O)[C@@H](CS)NC(=O)CNC(=O)[C@H](CCC(N)=O)NC(=O)[C@H]([C@@H](C)O)NC(=O)[C@H](Cc2ccc(O)cc2)NC(=O)[C@H](CS)NC(=O)[C@H]([C@@H](C)O)NC(=O)CNC(=O)[C@H](CC(C)C)NC(=O)[C@H]([C@@H](C)O)NC(=O)[C@H](CS)NC(=O)[C@H]([C@@H](C)O)NC(=O)[C@H](CCC(=O)O)NC(=O)CNC(=O)[C@H](CS)NC(=O)[C@H](C(C)C)NC(=O)[C@@H]2CCCN2C(=O)[C@H](CC(C)C)NC(=O)CNC(=O)[C@H](CC(N)=O)NC(=O)[C@H](CCCNC(N)=[NH2+])NC(=O)[C@H](CCCC[NH3+])NC(=O)[C@H](CS)NC1=O,0,-5.4617395,3
CC(C)C[C@H](NC(=O)[C@H](CCC(=O)O)NC(O)C1CC(O)CN1C(O)C(CC1CNCN1)NC(=O)[C@H](CC(N)=O)NC(=O)[C@@H](NC(=O)[C@H](CO)NC(=O)[C@H](CS)NC(=O)[C@H](C)NC(=O)[C@@H]1CCCN1C(O)C(CC1CNCN1)NC(=O)[C@H](CO)NC(=O)[C@H](CS)NC(=O)[C@H](CS)NC(=O)CN)C(C)C)C(=O)N[C@H](C=O)CS,0,-1.817599,3
CC(C)C[C@H](NC(=O)[C@H](CCCC[NH3+])NC(=O)[C@H](CCCNC(N)=[NH2+])NC(=O)[C@H](Cc1ccccc1)NC(=O)[C@H](Cc1ccccc1)NC(=O)[C@H](CCCC[NH3+])NC(=O)[C@H](CCCC[NH3+])NC(=O)[C@H](Cc1ccccc1)NC(=O)[C@H](CCCNC(N)=[NH2+])NC(=O)[C@H](CCCC[NH3+])NC(=O)[C@@H](N)C(C)C)C(=O)N[C@@H](CCCC[NH3+])C(=O)N[C@@H](CCCC[NH3+])C(=O)N[C@@H](CCCC[NH3+])C(=O)N[C@H](C(N)=O)C(C)C,1,2.2773836,4
NC(=[NH2+])NCCC[C@H](NC(=O)[C@H](CCCNC(N)=[NH2+])NC(=O)[C@H](CCCNC(N)=[NH2+])NC(=O)[C@H](CCC(N)=O)NC(=O)[C@H](CCCNC(N)=[NH2+])NC(=O)[C@H](CCCNC(N)=[NH2+])NC(=O)[C@H](CCCC[NH3+])NC(=O)[C@H](CCCC[NH3+])NC(=O)[C@@H](N)CCCNC(N)=[NH2+])C(=O)NCC(=O)NCC(=O)NCC(N)=O,1,6.2130923,4
CNCCC[C@H](NC(=O)[C@H](CCCNC)NC(=O)[C@H](CCCNC)NC(=O)[C@H](CCCNC)NC(=O)[C@H](CCCNC)NC(=O)[C@H](CCCNC)NC(=O)[C@H](CCCNC)NC(O)C(C)CN)C(N)=O,1,1.3796294,4
CC(C)C[C@H](NC(=O)[C@H](CC(C)C)NC(=O)[C@H](C)NC(=O)[C@H](C)NC(=O)[C@H](C)NC(=O)[C@H](CC(C)C)NC(=O)[C@H](CCCC[NH3+])NC(=O)[C@H](CCCC[NH3+])NC(=O)[C@H](Cc1c[nH]c2ccccc12)NC(=O)[C@H](CCCC[NH3+])NC(=O)[C@H](CCCC[NH3+])NC(=O)[C@H](CC(C)C)NC(=O)[C@H](CC(C)C)NC(=O)[C@H](C)NC(=O)[C@H](C)NC(=O)[C@H](C)NC(=O)[C@H](CC(C)C)NC(=O)[C@@H](N)CCCC[NH3+])C(N)=O,1,-0.40544048,4
CC[C@H](C)[C@H](NC(=O)[C@H](CC(C)C)NC(=O)[C@@H](NC(=O)[C@H](CCCNC(N)=[NH2+])NC(=O)[C@H](Cc1ccccc1)NC(=O)[C@@H](NC(=O)[C@@H](NC(=O)[C@@H](N)CC(C)C)[C@@H](C)CC)[C@@H](C)CC)[C@@H](C)CC)C(=O)N[C@@H](CO)C(=O)NC(CC1CNCN1)C(O)NC(CC1CNCN1)C(O)NC(CO)CC1CNCN1,1,2.2166438,4
CC[C@H](C)[C@H](NC(=O)[C@H](CCCNC(N)=[NH2+])NC(=O)[C@H](CCCNC(N)=[NH2+])NC(=O)[C@H](CCCNC(N)=[NH2+])NC(=O)[C@H](CC(C)C)NC(=O)[C@@H](NC(=O)[C@@H](NC(=O)[C@H](CC(C)C)NC(=O)[C@H](C)N)[C@@H](C)CC)[C@@H](C)CC)C(=O)N[C@@H](CCCNC(N)=[NH2+])C(=O)N[C@@H](CCCC[NH3+])C(=O)N[C@@H](CCC(N)=O)C(=O)N[C@@H](C)C(=O)NC(CC1CNCN1)C(O)N[C@@H](C)C(=O)NC(CC1CNCN1)C(O)N[C@@H](CO)C(=O)N[C@H](C=O)CCCC[NH3+],1,9.042573,4
CC[C@H](C)[C@H](NC(=O)[C@H](CCCC[NH3+])NC(=O)[C@H](CCCC[NH3+])NC(=O)[C@H](C)NC(=O)[C@H](CC(C)C)NC(=O)[C@H](C)NC(=O)[C@H](C)NC(=O)[C@H](CC(C)C)NC(=O)[C@H](C)NC(=O)[C@H](CCCC[NH3+])NC(=O)[C@H](CC(C)C)NC(=O)[C@H](CC(N)=O)NC(=O)[C@@H](NC(=O)[C@H](CCCC[NH3+])NC(=O)CNC(=O)[C@H](CC(C)C)NC(=O)[C@H](CC(C)C)NC(=O)[C@H](Cc1ccc(O)cc1)NC(=O)CNC(=O)[C@H](C)N)[C@@H](C)CC)C(=O)N[C@H](C=O)CC(C)C,1,7.493062,4
C[C@H](N)C(=O)N[C@@H](CS)C(=O)N[C@@H](CCCNC(N)=[NH2+])C(=O)NCC(=O)N[C@@H](CCCNC(N)=[NH2+])C(=O)NCC(=O)N[C@@H](CCCNC(N)=[NH2+])C(=O)NCC(=O)N[C@@H](CS)C(=O)NCC(=O)N[C@@H](CO)C(=O)NCC(=O)N[C@@H](CO)C(=O)N[C@@H](CCCNC(N)=[NH2+])C(=O)N[C@@H](CO)C(=O)N[C@@H](CS)C(=O)NCC=O,1,5.997993,4
CC[C@H](C)[C@H](NC(=O)[C@H](C)NC(=O)[C@@H](NC(=O)[C@H](CCC(N)=O)NC(=O)[C@@H](N)CCCNC(N)=[NH2+])[C@@H](C)CC)C(=O)N[C@@H](Cc1c[nH]c2ccccc12)C(=O)N[C@@H](Cc1ccccc1)C(=O)N[C@@H](CCC(N)=O)C(=O)N[C@@H](CC(N)=O)C(=O)N[C@@H](CCCNC(N)=[NH2+])C(=O)N[C@@H](CCCNC(N)=[NH2+])C(=O)N[C@@H](CCSC)C(=O)N[C@@H](CCCC[NH3+])C(=O)N[C@@H](Cc1c[nH]c2ccccc12)C(=O)N[C@@H](CCCC[NH3+])C(=O)N[C@H](C=O)CCCC[NH3+],1,8.539485,4
NCC(=O)N[C@@H](CCCNC(N)=[NH2+])C(=O)N[C@@H](CCCC[NH3+])C(=O)N[C@@H](CCCC[NH3+])C(=O)N[C@@H](CCCNC(N)=[NH2+])C(=O)N[C@@H](CCCNC(N)=[NH2+])C(=O)N[C@@H](CCC(N)=O)C(=O)N[C@@H](CCCNC(N)=[NH2+])C(=O)N[C@@H](CCCNC(N)=[NH2+])C(=O)N[C@@H](CCCNC(N)=[NH2+])C(=O)N1CCC[C@H]1C(=O)N1CCC[C@H]1C(=O)N[C@@H](CCC(N)=O)C(=O)N[C@H](C=O)Cc1ccc(O)cc1,1,8.986482,4
CC(=O)N[C@@H](CCCNC(N)=[NH2+])C(=O)N[C@@H](CCCNC(N)=[NH2+])C(=O)N[C@@H](CCCNC(N)=[NH2+])C(=O)N[C@@H](CCCNC(N)=[NH2+])C(=O)N[C@@H](CCCNC(N)=[NH2+])C(=O)N[C@@H](CCCNC(N)=[NH2+])C(=O)N[C@@H](CCCNC(N)=[NH2+])C(=O)N[C@@H](CCCNC(N)=[NH2+])C(N)=O,1,2.042688,4
NC(=[NH2+])NCCC[C@@H](N)C(=O)N[C@H](CCCNC(N)=[NH2+])C(=O)N[C@H](CCCNC(N)=[NH2+])C(=O)N[C@H](CCCNC(N)=[NH2+])C(=O)N[C@H](CCCNC(N)=[NH2+])C(=O)N[C@@H](C=O)CCCNC(N)=[NH2+],1,8.794044,4
NC(=[NH2+])NCCC[C@@H](C=O)NC(=O)[C@H](CCCNC(N)=[NH2+])NC(=O)[C@H](CCCNC(N)=[NH2+])NC(=O)[C@H](CCCNC(N)=[NH2+])NC(=O)[C@H](CCCNC(N)=[NH2+])NC(=O)[C@@H](N)CCCNC(N)=[NH2+],1,9.039261,4
CC[C@H](C)[C@H](NC(=O)[C@@H](NC(=O)[C@@H](N)Cc1c[nH]c2ccccc12)[C@@H](C)CC)C(=O)N[C@@H](Cc1ccccc1)C(=O)N[C@@H](CCCNC(N)=[NH2+])C(=O)N[C@@H](C)C(=O)N[C@@H](C)C(=O)N[C@@H](C)C(=O)N[C@@H](CO)C(=O)NC(CC1CNCN1)C(O)N[C@@H](CCCC[NH3+])C(=O)N[C@H](C=O)CCCC[NH3+],1,7.104139,4
CC(C)C[C@H](NC(=O)[C@H](CCCNC(N)=[NH2+])NC(=O)[C@H](CCC(=O)O)NC(=O)[C@H](CC(=O)O)NC(=O)[C@H](C)NC(=O)[C@@H]1CCCN1C(=O)[C@H](CS)NC(=O)[C@H](CC(N)=O)NC(=O)[C@H](CCCNC(N)=[NH2+])NC(=O)[C@H](Cc1ccccc1)NC(=O)[C@H](CCCNC(N)=[NH2+])NC(=O)[C@H](CC(=O)O)NC(=O)[C@H](CCCNC(N)=[NH2+])NC(=O)[C@H](CS)NC(=O)[C@H](C)N)C(=O)N[C@@H](CS)C(=O)NCC=O,1,2.9507127,4
CC(C)C[C@H](NC(=O)[C@H](C)NC(=O)[C@H](CCCC[NH3+])NC(=O)[C@H](CC(C)C)NC(=O)[C@H](C)NC(=O)[C@H](CC(C)C)NC(=O)[C@H](CCCC[NH3+])NC(=O)[C@H](CC(C)C)NC(=O)[C@H](C)NC(=O)[C@H](CC(C)C)NC(=O)[C@@H](N)CCCC[NH3+])C(=O)N[C@@H](CCCC[NH3+])C(=O)N[C@@H](C)C(=O)N[C@@H](C)C(=O)N[C@@H](CC(C)C)C(=O)N[C@@H](CCCC[NH3+])C(=O)N[C@@H](CC(C)C)C(=O)N[C@@H](C)C(=O)NCC(=O)N[C@H](C=O)CS,1,6.934154,4
NC(=[NH2+])NCCC[C@H](NC(=O)[C@H](CCCNC(N)=[NH2+])NC(=O)[C@H](CCCNC(N)=[NH2+])NC(=O)[C@H](CCCNC(N)=[NH2+])NC(=O)[C@H](CCCNC(N)=[NH2+])NC(=O)[C@H](CCCNC(N)=[NH2+])NC(=O)[C@H](CCCNC(N)=[NH2+])NC(=O)[C@@H](N)CCCNC(N)=[NH2+])C(=O)NCC(=O)N[C@@H](CS)C(N)=O,1,5.104339,4
CC[C@H](C)[C@H](NC(=O)[C@H](CCCC[NH3+])NC(=O)[C@H](CCCC[NH3+])NC(=O)[C@H](C)NC(=O)[C@H](CC(C)C)NC(=O)[C@H](C)NC(=O)[C@H](C)NC(=O)[C@H](CC(C)C)NC(=O)[C@H](C)NC(=O)[C@H](CCCC[NH3+])NC(=O)[C@H](CC(C)C)NC(=O)[C@H](CC(N)=O)NC(=O)[C@@H](NC(=O)[C@H](CCCC[NH3+])NC(=O)CNC(=O)[C@H](CC(C)C)NC(=O)[C@H](CC(C)C)NC(=O)[C@H](Cc1ccc(O)cc1)NC(=O)CNC(=O)[C@H](C)NC(=O)[C@H](CO)NC(=O)[C@H](CC(N)=O)NC(=O)[C@@H](N)CC(C)C)[C@@H](C)CC)C(=O)N[C@H](C=O)CC(C)C,1,6.8177705,4
CC(=O)N[C@@H](CS)C(=O)N[C@@H](Cc1c[nH]c2ccccc12)C(=O)N[C@@H](CCCC[NH3+])C(=O)N[C@@H](CCCC[NH3+])C(=O)N[C@@H](CCCC[NH3+])C(=O)N[C@@H](CCCC[NH3+])C(=O)N[C@@H](CCCC[NH3+])C(=O)N[C@@H](CCCC[NH3+])C(=O)N[C@@H](CCCC[NH3+])C(=O)N[C@@H](CCCC[NH3+])C(=O)N[C@@H](CCCC[NH3+])C(=O)N[C@@H](CCCC[NH3+])C(=O)N[C@@H](CCCC[NH3+])C(=O)N[C@@H](CCCC[NH3+])C(=O)N[C@@H](CCCC[NH3+])C(=O)N[C@@H](CCCC[NH3+])C(=O)N[C@@H](CCCC[NH3+])C(=O)N[C@@H](CCCC[NH3+])C(=O)N[C@@H](CCCC[NH3+])C(=O)N[C@H](C=O)CCCC[NH3+],1,6.5098248,4
CC[C@H](C)[C@H](NC(=O)[C@H](CCCC[NH3+])NC(=O)[C@@H](NC(=O)[C@H](CCC(N)=O)NC(=O)[C@@H]([NH3+])CCCNC(N)=[NH2+])[C@@H](C)CC)C(=O)N[C@@H](Cc1c[nH]c2ccccc12)C(=O)N[C@@H](Cc1ccccc1)C(=O)N[C@@H](CCC(N)=O)C(=O)N[C@@H](CC(N)=O)C(=O)N[C@@H](CCCNC(N)=[NH2+])C(=O)N[C@@H](CCCNC(N)=[NH2+])C(=O)N[C@@H](CCSC)C(=O)N[C@@H](CCCC[NH3+])C(=O)N[C@@H](Cc1c[nH]c2ccccc12)C(=O)N[C@@H](CCCC[NH3+])C(=O)N[C@@H](CCCC[NH3+])C(=O)O,1,4.5288815,4
C[C@H](N)C(=O)N[C@@H](CS)C(=O)N[C@@H](CCCNC(N)=[NH2+])C(=O)N[C@@H](CCCNC(N)=[NH2+])C(=O)N[C@@H](CO)C(=O)N[C@@H](CCCNC(N)=[NH2+])C(=O)N[C@@H](CCCNC(N)=[NH2+])C(=O)NCC(=O)N[C@@H](CS)C(=O)NCC(=O)N[C@@H](CCCNC(N)=[NH2+])C(=O)N[C@@H](CCCNC(N)=[NH2+])C(=O)N[C@@H](CO)C(=O)N[C@@H](CCCNC(N)=[NH2+])C(=O)N[C@@H](CCCNC(N)=[NH2+])C(=O)N[C@@H](CS)C(=O)NCC=O,1,6.9511867,4
CC(=O)N[C@@H](CCCNC(N)=[NH2+])C(=O)N[C@@H](CC(C)C)C(=O)N[C@@H](CC(C)C)C(=O)N[C@@H](CCCNC(N)=[NH2+])C(=O)N[C@@H](CC(C)C)C(=O)N[C@@H](CC(C)C)C(=O)N[C@@H](CC(C)C)C(=O)N[C@@H](CCCNC(N)=[NH2+])C(=O)N[C@@H](CC(C)C)C(=O)N[C@@H](Cc1c[nH]c2ccccc12)C(=O)N[C@@H](CCCNC(N)=[NH2+])C(=O)N[C@@H](CCCNC(N)=[NH2+])C(=O)N[C@@H](CC(C)C)C(=O)N[C@@H](CC(C)C)C(=O)N[C@@H](CCCNC(N)=[NH2+])C(=O)N[C@@H](CC(C)C)C(=O)N[C@@H](CC(C)C)C(=O)N[C@@H](CCCNC(N)=[NH2+])C(N)=O,1,3.8119082,4
C[C@H](NC(=O)[C@H](CCCC[NH3+])NC(=O)[C@H](CO)NC(=O)[C@H](CCCNC(N)=[NH2+])NC(=O)[C@H](C)NC(O)C(CC1CNCN1)NC(O)C(CC1CNCN1)NC(=O)[C@H](CCCNC(N)=[NH2+])NC(=O)[C@H](CCCNC(N)=[NH2+])NC(=O)[C@@H](N)CO)C(=O)N[C@@H](CCCC[NH3+])C(=O)N[C@@H](CCCNC(N)=[NH2+])C(=O)N[C@@H](CO)C(=O)N[C@@H](CCCNC(N)=[NH2+])C(=O)NC(CC1CNCN1)C(O)NC(CO)CC1CNCN1,1,3.9096599,4
NC(=[NH2+])NCCC[C@@H](C=O)NC(=O)[C@H](CCCNC(N)=[NH2+])NC(=O)[C@H](CCCNC(N)=[NH2+])NC(=O)[C@H](CCCNC(N)=[NH2+])NC(=O)[C@H](CCCNC(N)=[NH2+])NC(=O)[C@H](CCCNC(N)=[NH2+])NC(=O)[C@H](CCCNC(N)=[NH2+])NC(=O)[C@H](CCCNC(N)=[NH2+])NC(=O)[C@H](CCCNC(N)=[NH2+])NC(=O)[C@H](CCCNC(N)=[NH2+])NC(=O)[C@@H](N)CCCNC(N)=[NH2+],1,9.736667,4
C[C@H](NC(=O)[C@H](CCC(N)=O)NC(=O)[C@@H](N)CCCNC(N)=[NH2+])C(=O)N[C@@H](CCCNC(N)=[NH2+])C(=O)N[C@@H](CCCNC(N)=[NH2+])C(=O)N[C@@H](CC(N)=O)C(=O)N[C@@H](CCCNC(N)=[NH2+])C(=O)N[C@@H](CCCNC(N)=[NH2+])C(=O)N[C@@H](CCCNC(N)=[NH2+])C(=O)N[C@H](C=O)CS,1,9.169751,4
CC[C@H](C)[C@H](NC(=O)[C@H](CCCC[NH3+])NC(=O)[C@@H](NC(=O)[C@H](CCC(N)=O)NC(=O)[C@@H]([NH3+])CCCNC(N)=[NH2+])[C@@H](C)CC)C(=O)N[C@@H](Cc1c[nH]c2ccccc12)C(=O)N[C@@H](Cc1ccccc1)C(=O)N[C@@H](CCC(N)=O)C(=O)N[C@@H](CC(N)=O)C(=O)N[C@@H](CCCNC(N)=[NH2+])C(=O)N[C@@H](CCCNC(N)=[NH2+])C(=O)N[C@@H](CCSC)C(=O)N[C@@H](CCCC[NH3+])C(=O)N[C@@H](Cc1c[nH]c2ccccc12)C(=O)N[C@@H](CCCC[NH3+])C(=O)N[C@@H](CCCC[NH3+])C(=O)O,1,4.5288815,4
NC(=[NH2+])NCCC[C@@H](NC(=O)[C@H](N)CS)C(=O)N[C@H](Cc1c[nH]c2ccccc12)C(=O)N[C@H](CCCNC(N)=[NH2+])C(=O)N[C@H](Cc1c[nH]c2ccccc12)C(=O)N[C@H](CCCC[NH3+])C(=O)N[C@H](CS)C(=O)N[C@H](CS)C(=O)N[C@H](CCCC[NH3+])C(=O)N[C@@H](C=O)CCCC[NH3+],1,3.8008332,4
NC(=[NH2+])NCCC[C@H](NC(=O)[C@H](Cc1c[nH]c2ccccc12)NC(=O)[C@@H](CCCNC(N)=[NH2+])NC(=O)[C@@H](N)CS)C(=O)N[C@@H](Cc1c[nH]c2ccccc12)C(=O)N[C@@H](CCCC[NH3+])C(=O)N[C@@H](CS)C(=O)N[C@@H](CS)C(=O)N[C@@H](CCCC[NH3+])C(=O)N[C@H](C=O)CCCC[NH3+],1,3.9300668,4
CC[C@H](C)[C@H](NC(=O)[C@H](CC(C)C)NC(=O)[C@@H](N)CCCC[NH3+])C(=O)N[C@@H](CCCC[NH3+])C(=O)NCC(=O)N[C@@H](CCCNC(N)=[NH2+])C(=O)N[C@H](C(=O)N1CCC[C@H]1C(=O)N[C@H](C(=O)N[C@@H](CCCC[NH3+])C(=O)N[C@@H](Cc1ccccc1)C(=O)NCC(=O)N[C@@H](CCCC[NH3+])C(=O)N[C@@H](C)C(=O)N[C@@H](CC(=O)O)C(=O)N[C@@H](CS)C(=O)N[C@@H](CC(=O)O)C(=O)N[C@@H](CCCNC(N)=[NH2+])C(=O)N1CCC[C@H]1C(=O)N1CCC[C@H]1C(=O)N[C@@H](CCCC[NH3+])C(=O)NC(CC1CNCN1)C(O)N[C@@H](CO)C(=O)NCC(=O)N[C@H](C=O)CCCC[NH3+])[C@@H](C)CC)[C@@H](C)O,1,6.705339,4
CC[C@H](C)[C@H](NC(=O)[C@H](CCCC[NH3+])NC(=O)[C@@H](NC(=O)[C@H](CCC(N)=O)NC(=O)[C@@H]([NH3+])CCCNC(N)=[NH2+])[C@@H](C)CC)C(=O)N[C@@H](Cc1c[nH]c2ccccc12)C(=O)N[C@@H](Cc1ccccc1)C(=O)N[C@@H](CCC(N)=O)C(=O)N[C@@H](CC(N)=O)C(=O)N[C@@H](CCCNC(N)=[NH2+])C(=O)N[C@@H](CCCNC(N)=[NH2+])C(=O)N[C@@H](CCSC)C(=O)N[C@@H](CCCC[NH3+])C(=O)N[C@@H](Cc1c[nH]c2ccccc12)C(=O)N[C@@H](CCCC[NH3+])C(=O)N[C@@H](CCCC[NH3+])C(=O)O,1,4.5288815,4
C[C@H](NC(=O)[C@H](CCCNC(N)=[NH2+])NC(=O)[C@H](CCCNC(N)=[NH2+])NC(=O)[C@H](CCC(=O)O)NC(=O)[C@H](CCCNC(N)=[NH2+])NC(=O)[C@H](CCCNC(N)=[NH2+])NC(=O)[C@@H](N)CCCNC(N)=[NH2+])C(=O)N[C@@H](CCC(=O)O)C(=O)N[C@H](C=O)CCCC[NH3+],1,9.8461895,4
NCC(=O)N[C@@H](CCCNC(N)=[NH2+])C(=O)N[C@@H](CCCC[NH3+])C(=O)N[C@@H](CCCC[NH3+])C(=O)N[C@@H](CCCNC(N)=[NH2+])C(=O)N[C@@H](CCCNC(N)=[NH2+])C(=O)N[C@@H](CCC(N)=O)C(=O)N[C@@H](CCCNC(N)=[NH2+])C(=O)N[C@@H](CCCNC(N)=[NH2+])C(=O)N[C@@H](CCCNC(N)=[NH2+])C(=O)N1CCC[C@H]1C(=O)N1CCC[C@H]1C(=O)N[C@H](C=O)CCC(N)=O,1,9.563029,4
NC(=[NH2+])NCCC[C@@H](C=O)NC(=O)[C@H](CCCNC(N)=[NH2+])NC(=O)[C@H](CCCNC(N)=[NH2+])NC(=O)[C@H](CCCNC(N)=[NH2+])NC(=O)[C@H](CCCNC(N)=[NH2+])NC(=O)[C@H](CCCNC(N)=[NH2+])NC(=O)[C@H](CCCNC(N)=[NH2+])NC(=O)[C@H](CCCNC(N)=[NH2+])NC(=O)[C@H](Cc1c[nH]c2ccccc12)NC(=O)[C@H](Cc1c[nH]c2ccccc12)NC(=O)[C@H](Cc1c[nH]c2ccccc12)NC(=O)[C@@H](N)Cc1c[nH]c2ccccc12,1,5.80055,4
CC[C@H](C)[C@H](NC(=O)[C@H](CCCNC(N)=[NH2+])NC(=O)[C@@H](NC(=O)[C@H](CCC(N)=O)NC(=O)[C@@H](N)CCCNC(N)=[NH2+])[C@@H](C)CC)C(=O)N[C@@H](Cc1c[nH]c2ccccc12)C(=O)N[C@@H](Cc1ccccc1)C(=O)N[C@@H](CCC(N)=O)C(=O)N[C@@H](CC(N)=O)C(=O)N[C@@H](CCCNC(N)=[NH2+])C(=O)N[C@@H](CCCNC(N)=[NH2+])C(=O)N[C@@H](CCSC)C(=O)N[C@@H](CCCNC(N)=[NH2+])C(=O)N[C@@H](Cc1c[nH]c2ccccc12)C(=O)N[C@@H](CCCNC(N)=[NH2+])C(=O)N[C@H](C=O)CCCNC(N)=[NH2+],1,8.509035,4
CC(C)C[C@H](NC(=O)[C@H](CO)NC(=O)[C@H](CO)NC(=O)[C@H](Cc1c[nH]c2ccccc12)NC(=O)[C@H](CC(C)C)NC(=O)[C@H](CO)NC(=O)[C@@H]1CCCN1C(=O)[C@H](Cc1c[nH]c2ccccc12)NC(=O)[C@H](C)NC(=O)[C@H](CO)NC(=O)[C@H](Cc1c[nH]c2ccccc12)NC(=O)[C@H](CC(C)C)NC(=O)[C@@H](N)CCCC[NH3+])C(=O)N[C@@H](Cc1c[nH]c2ccccc12)C(=O)N[C@@H](CCCC[NH3+])C(=O)N1CCC[C@H]1C(N)=O,1,-3.5218406,4
CC[C@H](C)[C@@H]1NC(=O)[C@@H]2CCCN2C(=O)[C@@H]2CCCN2C(=O)[C@H]([C@@H](C)CC)NC(=O)[C@H](CO)NC(=O)[C@H](CCCC[NH3+])NC(=O)[C@H]([C@@H](C)O)NC(=O)[C@@H]2CSSC[C@H](NC1=O)C(=O)N[C@@H](Cc1ccccc1)C(=O)N1CCC[C@H]1C(=O)N[C@@H](CC(=O)O)C(=O)NCC(=O)N[C@@H](CCCNC(N)=[NH2+])C(=O)N2,1,-4.9741144,4
CC(C)C[C@H](NC(=O)[C@@H](NC(=O)[C@H](CCCCN)NC(=O)[C@H](Cc1ccc(O)cc1)NC(=O)[C@@H](NC(=O)[C@H](Cc1ccc(O)cc1)NC(=O)[C@@H](NC(=O)[C@H](CO)NC(=O)[C@H](Cc1ccc(O)cc1)NC(=O)[C@H](CO)NC(=O)[C@H](CCC(=O)O)NC(=O)[C@H](CCCCN)NC(=O)[C@H](CCCNC(=N)N)NC(=O)[C@H](CO)NC(=O)[C@H](CCCNC(=N)N)NC1=[O+]C(CN)CC[C@@H]1NC(=O)[C@H](CCCNC(=N)N)NC(=O)[C@H](CCCCN)NC(=O)[C@H](CCCCN)NC(=O)CNC(=O)[C@H](CC(=O)O)NC(=O)[C@H](CCCCN)NC(=O)[C@H](CCCCN)NC(=O)[C@H](CCC(N)=O)NC(=O)[C@H](C)NC(=O)[C@H](CCCCN)NC(=O)[C@@H](NC(=O)[C@@H](NC(=O)[C@H](C)NC(=O)[C@H](CCCCN)NC(=O)[C@H](CCCCN)NC(=O)[C@H](CO)NC(=O)CNC(=O)[C@@H](N)CCCCN)C(C)C)[C@@H](C)O)C(C)C)C(C)C)C(C)C)C(=O)N[C@@H](CCCCN)C(=O)N[C@H](C=O)CCC(N)=O,1,5.989104,4
C[C@@H](O)[C@@H](C=O)NC(=O)[C@H](CCCNC(N)=[NH2+])NC(=O)[C@H](CCCC[NH3+])NC(=O)[C@H](CCCC[NH3+])NC(=O)[C@H](CCCNC(N)=[NH2+])NC(=O)[C@H](CCCC[NH3+])NC(=O)[C@H](CCCNC(N)=[NH2+])NC(=O)CN,1,7.985501,4
C[C@H](NC(=O)[C@H](CCCNC(N)=[NH2+])NC(=O)[C@H](CCCNC(N)=[NH2+])NC(=O)[C@H](CCCNC(N)=[NH2+])NC(=O)[C@H](CCCNC(N)=[NH2+])NC(=O)CN)C(=O)N[C@H](C(=O)N[C@@H](C)C(=O)N[C@@H](CCCC[NH3+])C(=O)N[C@@H](Cc1ccc(O)cc1)C(=O)N[C@@H](CCCNC(N)=[NH2+])C(=O)N[C@H](C(=O)N[C@@H](C)C(=O)NC(CO)CC1CNCN1)[C@@H](C)O)[C@@H](C)O,1,3.5175357,4
CC[C@H](C)[C@H](NC(=O)[C@H](CCCC[NH3+])NC(=O)[C@H](C)NC(=O)[C@H](CCC(N)=O)NC(=O)[C@@H](N)CCCNC(N)=[NH2+])C(=O)N[C@@H](Cc1c[nH]c2ccccc12)C(=O)N[C@@H](Cc1ccccc1)C(=O)N[C@@H](CCC(N)=O)C(=O)N[C@@H](CC(N)=O)C(=O)N[C@@H](CCCNC(N)=[NH2+])C(=O)N[C@@H](CCCNC(N)=[NH2+])C(=O)N[C@@H](CCSC)C(=O)N[C@@H](CCCC[NH3+])C(=O)N[C@@H](Cc1c[nH]c2ccccc12)C(=O)N[C@@H](CCCC[NH3+])C(=O)N[C@H](C=O)CCCC[NH3+],1,8.3073845,4
CC[C@H](C)[C@H](NC(=O)[C@H](CCCC[NH3+])NC(=O)[C@@H](NC(=O)[C@H](CCC(N)=O)NC(=O)[C@@H](N)CCCNC(N)=[NH2+])[C@@H](C)CC)C(=O)N[C@@H](Cc1c[nH]c2ccccc12)C(=O)N[C@@H](Cc1ccccc1)C(=O)N[C@@H](CCC(N)=O)C(=O)N[C@@H](CC(N)=O)C(=O)N[C@@H](CCCNC(N)=[NH2+])C(=O)N[C@@H](CCCNC(N)=[NH2+])C(=O)N[C@H](C=O)CCSC,1,8.510407,4
CC[C@H](C)[C@H](NC(=O)[C@@H](NC(=O)[C@@H]1CCCN1C(=O)[C@H](CCCC[NH3+])NC(=O)[C@H](CCCC[NH3+])NC(=O)[C@@H](NC(=O)[C@@H]1CCCN1C(=O)[C@H](CCCC[NH3+])NC(=O)[C@@H](NC(=O)[C@@H](NC(=O)[C@@H](NC(=O)[C@H](CCCC[NH3+])NC(=O)[C@H](CCCC[NH3+])NC(=O)CNC(=O)[C@@H]1CCCN1C(=O)[C@H](CCCC[NH3+])NC(=O)[C@H](CCCC[NH3+])NC(=O)[C@H](CC(N)=O)NC(=O)[C@@H]1CCCN1C(=O)[C@@H](NC(=O)[C@H](CCCNC(N)=[NH2+])NC(=O)[C@@H](N)CCCC[NH3+])[C@@H](C)CC)[C@@H](C)O)[C@@H](C)O)[C@@H](C)O)[C@@H](C)O)[C@@H](C)O)C(=O)N[C@@H](CCCC[NH3+])C(=O)N[C@H](C(=O)N[C@H](C(=O)N[C@@H](CCCC[NH3+])C(=O)N[C@H](C=O)CCCC[NH3+])[C@@H](C)O)[C@@H](C)O,1,6.643319,4
NC(=[NH2+])NCCC[C@@H](N)C(=O)N[C@H](CCCNC(N)=[NH2+])C(=O)N[C@H](CCCNC(N)=[NH2+])C(=O)N[C@H](CCCNC(N)=[NH2+])C(=O)N[C@H](CCCNC(N)=[NH2+])C(=O)N[C@H](CCCNC(N)=[NH2+])C(=O)N[C@H](CCCNC(N)=[NH2+])C(=O)N[C@H](CCCNC(N)=[NH2+])C(=O)N[C@H](CCCNC(N)=[NH2+])C(=O)N[C@H](CCCNC(N)=[NH2+])C(=O)N[C@H](CCCNC(N)=[NH2+])C(=O)N[C@H](CCCNC(N)=[NH2+])C(N)=O,1,6.6400485,4
C[C@@H](O)[C@H](NC(=O)[C@H](CCCNC(N)=[NH2+])NC(=O)[C@H](CCCC[NH3+])NC(=O)[C@H](CC(N)=O)NC(=O)CNC(=O)[C@@H](N)CS)C(=O)N[C@@H](CCCNC(N)=[NH2+])C(=O)NCC(=O)N[C@H](C=O)CS,1,4.7747073,4
CC(C)C[C@H](NC(=O)CN)C(=O)N[C@@H](CCCC[NH3+])C(=O)N[C@@H](CCCC[NH3+])C(=O)N[C@@H](CC(C)C)C(=O)N[C@@H](C)C(=O)N[C@@H](CCC(=O)O)C(=O)N[C@@H](CC(C)C)C(=O)N[C@@H](C)C(=O)NC(CC1CNCN1)C(O)N[C@@H](CCCC[NH3+])C(=O)N[C@@H](CC(C)C)C(=O)N[C@@H](CC(C)C)C(=O)N[C@@H](CCCC[NH3+])C(=O)N[C@@H](CC(C)C)C(=O)NCC(=O)N[C@@H](CS)C(N)=O,1,-1.023794,4
CC[C@H](C)[C@H](NC(=O)[C@H](CCCNC(N)=[NH2+])NC(=O)[C@@H](N)CCCC[NH3+])C(=O)N1CCC[C@H]1C(=O)N[C@@H](CC(N)=O)C(=O)N[C@@H](CCCC[NH3+])C(=O)N[C@@H](CCCC[NH3+])C(=O)N1CCC[C@H]1C(=O)N[C@@H](CCCC[NH3+])C(=O)N[C@H](C=O)CCCC[NH3+],1,8.440817,4
CCC[C@@H](C=O)NC(=O)[C@H](C)NC(=O)[C@H](C)NC(=O)[C@H](Cc1c[nH]c2ccccc12)NC(=O)[C@H](CCC(=O)O)NC(=O)CNC(=O)[C@@H](NC(=O)[C@H](CC(C)C)NC(=O)[C@H](CCCNC(=N)N)NC(=O)[C@H](CCC)NC(=O)[C@@H](NC(=O)[C@H](Cc1c[nH]cn1)NC(=O)[C@@H](NC(=O)[C@@H](NC(=O)[C@H](Cc1ccccc1)NC(=O)[C@@H](NC(=O)[C@H](CCCNC(=N)N)NC(=O)[C@@H](NC(=O)[C@H](CCCNC(=N)N)NC(=O)[C@H](CCC)NC(=O)[C@H](CCC)NC(=O)CNC(=O)[C@H](CS)NC(=O)[C@H](C)NC(=O)[C@H](CCCNC(=N)N)NC(=O)[C@H](CCCNC(=N)N)NC(=O)[C@@H](NC(=O)[C@H](CCCNC(=N)N)NC(=O)[C@H](CC(C)C)NC(=O)[C@@H](NC(=O)[C@@H](NC(=O)[C@H](CC(C)C)NC(=O)[C@H](Cc1ccccc1)NC(=O)[C@H](CCCNC(=N)N)NC(=O)[C@H](CCCNC(=N)N)NC(=O)[C@@H](NC(=O)[C@@H](N)CCSC)C(C)C)C(C)C)[C@@H](C)O)[C@@H](C)CC)C(C)C)C(C)C)C(C)C)C(C)C)[C@@H](C)CC)[C@@H](C)O,1,0.25616542,4
CC(C)C[C@H](NC(=O)[C@H](CCCC[NH3+])NC(=O)[C@H](CCCNC(N)=[NH2+])NC(=O)[C@H](Cc1ccccc1)NC(=O)[C@H](Cc1ccccc1)NC(=O)[C@H](CCCC[NH3+])NC(=O)[C@H](CCCC[NH3+])NC(=O)[C@H](Cc1ccccc1)NC(=O)[C@H](CCCNC(N)=[NH2+])NC(=O)[C@H](CCCC[NH3+])NC(=O)[C@@H](N)C(C)C)C(=O)N[C@@H](CCCC[NH3+])C(=O)N[C@@H](CCCC[NH3+])C(=O)N[C@@H](CC(C)C)C(=O)N[C@H](C(N)=O)C(C)C,1,2.4359093,4
CC[C@H](C)[C@H](NC(=O)[C@H](CC(C)C)NC(=O)[C@@H](NC(=O)[C@H](CCCNC(N)=[NH2+])NC(=O)[C@H](Cc1ccccc1)NC(=O)[C@@H](NC(=O)[C@@H](NC(=O)[C@@H](N)CC(C)C)[C@@H](C)CC)[C@@H](C)CC)[C@@H](C)CC)C(=O)N[C@@H](CO)C(=O)NC(CC1CNCN1)C(O)N[C@@H](CCCNC(N)=[NH2+])C(=O)N[C@H](C=O)CCCNC(N)=[NH2+],1,8.268374,4
CC[C@H](C)[C@H](NC(=O)[C@H](C)NC(=O)[C@@H](NC(=O)[C@@H](N)Cc1ccc(O)cc1)[C@@H](C)O)C(=O)N[C@@H](C)C(=O)N[C@@H](Cc1c[nH]c2ccccc12)C(=O)N[C@H](C(=O)N[C@@H](CCCC[NH3+])C(=O)N[C@@H](C)C(=O)N[C@@H](Cc1ccccc1)C(=O)N[C@H](C(=O)N[C@@H](CCCNC(N)=[NH2+])C(=O)N[C@@H](CCCC[NH3+])C(=O)N[C@@H](CC(C)C)C(=O)N[C@@H](CCCNC(N)=[NH2+])C(=O)N[C@H](C=O)CCCC[NH3+])[C@@H](C)CC)C(C)C,1,7.2963934,4
CCC(NC(=O)[C@H](CC(=O)O)NC(=O)CN)C(O)N[C@@H](CC(C)C)C(=O)N1CCC[C@H]1C(=O)NC(CC1CNCN1)C(O)N[C@@H](CC(C)C)C(=O)N[C@@H](CCCCN)C(=O)N[C@@H](CC(C)C)C(=O)N[C@@H](CS)C(=O)O,1,-3.8843796,4
CC[C@H](C)[C@H](NC(=O)[C@H](CS)NC(=O)[C@H](CO)NC(=O)[C@@H](NC(=O)[C@@H]1CCCN1C(=O)[C@@H]1CCCN1C(=O)CNC(=O)[C@H](CCCNC(N)=[NH2+])NC(=O)[C@@H](NC(=O)[C@H](CCCC[NH3+])NC(=O)[C@H](CCCNC(N)=[NH2+])NC(=O)[C@H](CCSC)NC(=O)[C@H](CC(N)=O)NC(=O)[C@H](CCCNC(N)=[NH2+])NC(=O)[C@H](CCC(N)=O)NC(=O)[C@H](Cc1c[nH]c2ccccc12)NC(=O)[C@@H](N)CCC(N)=O)C(C)C)C(C)C)C(=O)N[C@@H](CCCC[NH3+])C(=O)N[C@H](C=O)CCCNC(N)=[NH2+],1,6.964993,4
C[C@H](N)C(=O)N[C@@H](CS)C(=O)N[C@@H](CCCNC(N)=[NH2+])C(=O)NCC(=O)N[C@@H](CCCNC(N)=[NH2+])C(=O)NCC(=O)N[C@@H](CCCNC(N)=[NH2+])C(=O)NCC(=O)N[C@@H](CS)C(=O)N[C@@H](CCCNC(N)=[NH2+])C(=O)NCC(=O)N[C@@H](CCCNC(N)=[NH2+])C(=O)NCC(=O)N[C@@H](CCCNC(N)=[NH2+])C(=O)NCC(=O)N[C@@H](CS)C(=O)NCC=O,1,5.524549,4
CC[C@H](C)[C@H](NC(=O)[C@H](CCCC[NH3+])NC(=O)[C@H](Cc1ccccc1)NC(=O)[C@@H](NC(=O)[C@@H](NC(=O)[C@@H](N)CCSC)[C@@H](C)CC)[C@@H](C)CC)C(=O)N[C@@H](C)C(=O)N[C@@H](C)C(=O)N[C@@H](CO)C(=O)NC(CC1CNCN1)C(O)N[C@@H](CCCC[NH3+])C(=O)N[C@H](C=O)CCCC[NH3+],1,8.332831,4
CC[C@H](C)[C@H](NC(=O)[C@H](CCCNC(N)=[NH2+])NC(=O)[C@H](CCCNC(N)=[NH2+])NC(=O)[C@H](CCCNC(N)=[NH2+])NC(=O)[C@H](CC(C)C)NC(=O)[C@@H](NC(=O)[C@@H](NC(=O)[C@H](CC(C)C)NC(=O)[C@@H](N)CC(C)C)[C@@H](C)CC)[C@@H](C)CC)C(=O)N[C@@H](CCCNC(N)=[NH2+])C(=O)N[C@@H](CCCC[NH3+])C(=O)N[C@@H](CCC(N)=O)C(=O)N[C@@H](C)C(=O)NC(CC1CNCN1)C(O)N[C@H](C)C(=O)NC(CC1CNCN1)C(O)N[C@@H](CO)C(=O)N[C@H](C=O)CCCC[NH3+],1,9.096459,4
CC[C@H](C)[C@H](NC(=O)[C@H](CC(C)C)NC(=O)[C@H](CC(=O)O)NC(=O)[C@H](CCCNC(N)=[NH2+])NC(=O)[C@H](C)NC(=O)[C@@H](NC(=O)[C@@H](NC(=O)[C@@H](N)CCSC)[C@@H](C)CC)[C@@H](C)CC)C(=O)N[C@H](C=O)CO,1,9.051911,4
CC[C@H](C)[C@H](NC(=O)[C@H](CCCC[NH3+])NC(=O)[C@H](CCCC[NH3+])NC(=O)[C@H](C)NC(=O)[C@H](CC(C)C)NC(=O)[C@H](C)NC(=O)[C@H](C)NC(=O)[C@H](CC(C)C)NC(=O)[C@H](C)NC(=O)[C@H](CCCC[NH3+])NC(=O)[C@H](CC(C)C)NC(=O)[C@H](CC(N)=O)NC(=O)[C@@H](NC(=O)[C@H](CCCC[NH3+])NC(=O)CNC(=O)[C@H](CC(C)C)NC(=O)[C@H](CC(C)C)NC(=O)[C@H](Cc1ccc(O)cc1)NC(=O)CNC(=O)[C@H](C)NC(=O)[C@H](CO)NC(=O)[C@H](CC(N)=O)NC(=O)[C@H](CC(C)C)NC(=O)[C@@H](NC(=O)[C@H](Cc1c[nH]c2ccccc12)NC(=O)CN)[C@@H](C)O)[C@@H](C)CC)C(=O)N[C@H](C=O)CC(C)C,1,6.152726,4
CC[C@H](C)[C@H](NC(=O)CNC(=O)[C@H](CC(=O)O)NC(=O)[C@H](CO)NC(=O)[C@@H]([NH3+])Cc1c[nH]cn1)C(=O)N[C@@H](Cc1ccccc1)C(=O)N[C@H](C(=O)N[C@@H](CC(=O)O)C(=O)N[C@@H](CO)C(=O)N[C@@H](Cc1ccc(O)cc1)C(=O)N[C@@H](CO)C(=O)N[C@@H](CCCNC(N)=[NH2+])C(=O)N[C@@H](Cc1ccc(O)cc1)C(=O)N[C@@H](CCCNC(N)=[NH2+])C(=O)N[C@@H](CCCC[NH3+])C(=O)N[C@@H](CCC(N)=O)C(=O)N[C@@H](CCSC)C(=O)N[C@@H](C)C(=O)N[C@H](C(=O)N[C@@H](CCCC[NH3+])C(=O)N[C@@H](CCCC[NH3+])C(=O)N[C@@H](Cc1ccc(O)cc1)C(=O)N[C@@H](CC(C)C)C(=O)N[C@@H](C)C(=O)N[C@@H](C)C(=O)N[C@H](C(=O)N[C@@H](CC(C)C)C(=O)NCC(=O)N[C@@H](CCCC[NH3+])C(=O)N[C@@H](CCCNC(N)=[NH2+])C(=O)N[C@@H](Cc1ccc(O)cc1)C(=O)N[C@@H](CCCC[NH3+])C(=O)N[C@@H](CCC(N)=O)C(=O)N[C@@H](CCCNC(N)=[NH2+])C(=O)N[C@H](C(=O)N[C@@H](CCCC[NH3+])C(=O)N[C@@H](CC(N)=O)C(=O)N[C@@H](CCCC[NH3+])C(N)=O)C(C)C)C(C)C)C(C)C)[C@@H](C)O,1,-2.1397111,4
CC[C@H](C)[C@H](NC(=O)[C@H](CC(N)=O)NC(=O)[C@H](C)NC(=O)[C@H](CC(C)C)NC(=O)[C@H](CC(C)C)NC(=O)[C@H](CC(N)=O)NC(=O)[C@H](CO)NC(O)C(CC1CNCN1)NC(O)C(CC1CNCN1)NC(=O)[C@H](CCCNC(N)=[NH2+])NC(=O)[C@H](CC(C)C)NC(O)C(CC1CNCN1)NC(=O)[C@H](CCCNC(N)=[NH2+])NC(=O)[C@H](CC(C)C)NC(=O)[C@H](CC(C)C)NC(=O)[C@H](CC(C)C)NC(=O)CNC(=O)[C@H](CC(C)C)NC(C)=O)C(N)=O,1,-2.6623104,4
NC(=[NH2+])NCCC[C@@H](N)C(=O)N[C@H](CCCNC(N)=[NH2+])C(=O)N[C@H](CCCNC(N)=[NH2+])C(=O)N[C@H](CCCNC(N)=[NH2+])C(=O)N[C@H](CCCNC(N)=[NH2+])C(=O)N[C@H](CCCNC(N)=[NH2+])C(=O)N[C@H](CCCNC(N)=[NH2+])C(=O)N[C@H](CCCNC(N)=[NH2+])C(=O)N[C@H](CCCNC(N)=[NH2+])C(=O)N[C@H](CCCNC(N)=[NH2+])C(=O)N[C@H](CCCNC(N)=[NH2+])C(=O)N[C@H](CCCNC(N)=[NH2+])C(=O)NCC(=O)N[C@@H](CS)C(N)=O,1,7.162161,4
CC(C)[C@H](NC(=O)[C@H](CCCNC(N)=[NH2+])NC(=O)[C@H](CCCNC(N)=[NH2+])NC(=O)[C@H](CCCNC(N)=[NH2+])NC(=O)[C@H](CC(N)=O)NC(=O)[C@H](CCCNC(N)=[NH2+])NC(=O)[C@H](CCCNC(N)=[NH2+])NC(=O)[C@@H](NC(=O)[C@@H](N)CCCNC(N)=[NH2+])[C@@H](C)O)C(=O)N[C@H](C=O)CCCNC(N)=[NH2+],1,9.749789,4
CC[C@H](C)[C@H](NC(=O)[C@H](CO)NC(=O)[C@H](CCCCN)NC(=O)[C@@H](NC(=O)[C@H](CCCNC(=N)N)NC(=O)[C@H](CCC(=O)O)NC(=O)[C@H](Cc1c[nH]c2ccccc12)NC(=O)[C@H](CCSC)NC(=O)[C@H](CO)NC(=O)[C@H](C)N)C(C)C)C(=O)N[C@H](C(=O)N[C@@H](CCCCN)C(=O)N[C@@H](CO)C(=O)N[C@@H](CO)C(=O)N[C@@H](CC(C)C)C(=O)N[C@@H](C)C(=O)N[C@@H](C)C(=O)N[C@@H](C)C(=O)N[C@@H](CO)C(=O)N[C@@H](CC(N)=O)C(=O)N[C@H](C=O)[C@@H](C)CC)[C@@H](C)CC,1,5.375688,4
C[C@H](NC(=O)[C@H](CCC(N)=O)NC(=O)[C@H](CCCC[NH3+])NC(=O)[C@H](CCC(=O)O)NC(=O)[C@H](C)NC(=O)[C@H](CCCNC(N)=[NH2+])NC(=O)[C@H](CCCNC(N)=[NH2+])NC(=O)[C@H](CCC(=O)O)NC(=O)[C@H](CCCNC(N)=[NH2+])NC(=O)[C@H](CCCNC(N)=[NH2+])NC(=O)[C@H](CCCNC(N)=[NH2+])NC(=O)[C@@H](NC(=O)[C@@H](N)CCC(N)=O)[C@@H](C)O)C(=O)N[C@@H](CCC(N)=O)C(=O)N[C@H](C=O)Cc1c[nH]c2ccccc12,1,9.185801,4
CC[C@H](C)[C@H](NC(=O)[C@H](C)NC(=O)[C@H](CC(C)C)NC(=O)[C@H](CCCC[NH3+])NC(=O)[C@H](CC(C)C)NC(=O)[C@@H](NC(=O)[C@@H](NC(=O)[C@@H](N)CCCC[NH3+])[C@@H](C)CC)[C@@H](C)O)C(=O)N[C@@H](CCCC[NH3+])C(=O)N[C@@H](C)C(=O)N[C@@H](Cc1c[nH]c2ccccc12)C(=O)N[C@@H](CCCC[NH3+])C(=O)N[C@@H](CC(C)C)C(=O)N[C@@H](C)C(=O)N[C@@H](CC(C)C)C(=O)N[C@@H](CCCC[NH3+])C(=O)N[C@@H](C)C(=O)N[C@@H](C)C(N)=O,1,2.2992692,4
NCC(=O)N[C@@H](CCCNC(N)=[NH2+])C(=O)NCC(=O)N[C@@H](CC(=O)O)C(=O)N[C@@H](CO)C(=O)N1CCC[C@H]1C(=O)N[C@@H](CCCNC(N)=[NH2+])C(=O)N[C@@H](CCCNC(N)=[NH2+])C(=O)N[C@@H](CO)C(=O)N1CCC[C@H]1C(=O)N[C@@H](CCCNC(N)=[NH2+])C(=O)N[C@H](C=O)CCCNC(N)=[NH2+],1,7.730568,4
CC[C@H](C)[C@H](NC(=O)[C@H](CC(C)C)NC(=O)[C@@H](N)CCCC[NH3+])C(=O)N[C@@H](CCCC[NH3+])C(=O)NCC(=O)N[C@@H](CCCNC(N)=[NH2+])C(=O)N[C@H](C(=O)N1CCC[C@H]1C(=O)N[C@H](C(=O)N[C@@H](CCCC[NH3+])C(=O)N[C@@H](Cc1ccccc1)C(=O)NCC(=O)N[C@@H](CCCC[NH3+])C(=O)N[C@@H](C)C(=O)N[C@@H](CCCNC(N)=[NH2+])C(=O)N[C@@H](CS)C(=O)N[C@@H](CCCNC(N)=[NH2+])C(=O)N[C@@H](CCCNC(N)=[NH2+])C(=O)N1CCC[C@H]1C(=O)N1CCC[C@H]1C(=O)N[C@@H](CCCC[NH3+])C(=O)NC(CC1CNCN1)C(O)N[C@@H](CO)C(=O)NCC(=O)N[C@H](C=O)CCCC[NH3+])[C@@H](C)CC)[C@@H](C)O,1,7.5494437,4
CC[C@H](C)[C@H](NC(=O)[C@H](CCCNC(N)=[NH2+])NC(=O)[C@H](CC(C)C)NC(=O)[C@H](CCC(N)=O)NC(=O)[C@@H](N)CCCNC(N)=[NH2+])C(=O)N[C@@H](C)C(=O)NCC(=O)N[C@@H](CCCNC(N)=[NH2+])C(=O)N[C@@H](CCCNC(N)=[NH2+])C(=O)N[C@@H](CC(C)C)C(=O)N[C@@H](CCCNC(N)=[NH2+])C(=O)NCC(=O)N[C@@H](CCCNC(N)=[NH2+])C(=O)N[C@@H](CO)C(=O)N[C@H](C=O)CCCNC(N)=[NH2+],1,9.557193,4
NC(=[NH2+])NCCC[C@H](NC(=O)[C@H](CCCNC(N)=[NH2+])NC(=O)[C@H](CCCNC(N)=[NH2+])NC(=O)[C@H](CCCNC(N)=[NH2+])NC(=O)[C@H](CCCNC(N)=[NH2+])NC(=O)[C@H](CCCNC(N)=[NH2+])NC(=O)[C@H](CCCNC(N)=[NH2+])NC(=O)[C@H](CCCNC(N)=[NH2+])NC(=O)[C@@H](N)CCCNC(N)=[NH2+])C(N)=O,1,4.988055,4
CC(C)C[C@H](NC(=O)CN)C(=O)N[C@@H](Cc1c[nH]c2ccccc12)C(=O)N[C@@H](CCCNC(N)=[NH2+])C(=O)N[C@@H](C)C(=O)N[C@@H](CC(C)C)C(=O)N[C@@H](Cc1c[nH]c2ccccc12)C(=O)N[C@@H](CCCNC(N)=[NH2+])C(=O)N[C@@H](CC(C)C)C(=O)N[C@@H](CC(C)C)C(=O)N[C@@H](CCCNC(N)=[NH2+])C(=O)N[C@@H](CO)C(=O)N[C@@H](CC(C)C)C(=O)N[C@@H](Cc1c[nH]c2ccccc12)C(=O)N[C@@H](CCCNC(N)=[NH2+])C(=O)N[C@@H](CC(C)C)C(=O)N[C@@H](CC(C)C)C(=O)N[C@@H](Cc1c[nH]c2ccccc12)C(=O)N[C@@H](CCCNC(N)=[NH2+])C(=O)N[C@@H](C)C=O,1,6.677167,4
CC(C)C[C@H](NC(=O)CN)C(=O)N[C@@H](CCCC[NH3+])C(=O)N[C@@H](CCCC[NH3+])C(=O)N[C@@H](CC(C)C)C(=O)N[C@@H](C)C(=O)N[C@@H](CCC(=O)O)C(=O)N[C@@H](CC(C)C)C(=O)N[C@@H](Cc1ccccc1)C(=O)NC(CC1CNCN1)C(O)N[C@@H](CCCC[NH3+])C(=O)N[C@@H](CC(C)C)C(=O)N[C@@H](CC(C)C)C(=O)N[C@@H](CCCC[NH3+])C(=O)N[C@@H](CC(C)C)C(=O)NCC(=O)N[C@@H](CS)C(N)=O,1,-1.4844584,4
CSCC[C@H](NC(=O)[C@@H](NC(=O)[C@H](CO)NC(=O)CNC(=O)[C@H](C)NC(=O)[C@H](C)NC(=O)CNC(=O)[C@H](CC(C)C)NC(=O)[C@H](Cc1ccccc1)NC(=O)CNC(=O)[C@H](CC(C)C)NC(=O)[C@H](Cc1ccccc1)NC(=O)[C@H](CC(C)C)NC(=O)[C@H](C)NC(=O)CN)[C@@H](C)O)C(=O)NCC(=O)N[C@@H](C)C(=O)N[C@@H](Cc1c[nH]c2ccccc12)C(=O)N[C@@H](CO)C(=O)N[C@@H](CCC(N)=O)C(=O)N1CCC[C@H]1C(=O)N[C@@H](CCCC[NH3+])C(=O)N[C@@H](CO)C(=O)N[C@@H](CCCC[NH3+])C(=O)N[C@@H](CCCNC(N)=[NH2+])C(=O)N[C@@H](CCCC[NH3+])C(=O)N[C@H](C=O)C(C)C,1,4.72855,4
CC[C@H](C)[C@H](NC(=O)[C@H](C)NC(=O)[C@H](C)NC(=O)[C@@H]1CCCN1C(=O)[C@H](CCCNC(N)=[NH2+])NC(=O)[C@@H](N)CCCC[NH3+])C(=O)N[C@@H](CCCC[NH3+])C(=O)N[C@@H](CCCC[NH3+])C(=O)N[C@@H](C)C(=O)NCC(=O)N[C@@H](CCC(N)=O)C(=O)N[C@@H](C)C(=O)N[C@@H](CCCC[NH3+])C(=O)N[C@@H](CCCC[NH3+])C(=O)N[C@@H](CCCC[NH3+])C(=O)N[C@H](C=O)CCCC[NH3+],1,9.342617,4
C[C@H](NC(=O)[C@H](CCCC[NH3+])NC(=O)[C@H](CO)NC(=O)[C@H](CCCNC(N)=[NH2+])NC(=O)[C@H](CS)NC(O)C(CC1CNCN1)NC(O)C(CC1CNCN1)NC(=O)[C@H](CCCNC(N)=[NH2+])NC(=O)[C@H](CCCNC(N)=[NH2+])NC(=O)CN)C(=O)N[C@@H](CCCC[NH3+])C(=O)N[C@@H](CCCNC(N)=[NH2+])C(=O)N[C@@H](CO)C(=O)N[C@@H](CCCNC(N)=[NH2+])C(=O)NC(CC1CNCN1)C(O)NC(CO)CC1CNCN1,1,3.141899,4
C[C@H](N)C(=O)N[C@@H](CS)C(=O)N[C@@H](CO)C(=O)NCC(=O)N[C@@H](CO)C(=O)NCC(=O)N[C@@H](CO)C(=O)NCC(=O)N[C@@H](CS)C(=O)NCC(=O)N[C@@H](CO)C(=O)NCC(=O)N[C@@H](CO)C(=O)NCC(=O)N[C@@H](CO)C(=O)N[C@@H](CS)C(=O)NCC=O,1,-1.0516636,4
NC(=[NH2+])NCCC[C@@H](C=O)NC(=O)[C@H](CCCNC(N)=[NH2+])NC(=O)[C@H](CCCNC(N)=[NH2+])NC(=O)[C@H](CCCNC(N)=[NH2+])NC(=O)[C@H](CCCNC(N)=[NH2+])NC(=O)[C@H](CCCNC(N)=[NH2+])NC(=O)[C@H](CCCNC(N)=[NH2+])NC(=O)[C@@H](N)CCCNC(N)=[NH2+],1,9.49826,4
NCC(=O)N[C@@H](CCCC[NH3+])C(=O)NC(CC1CNCN1)C(O)N[C@@H](CCCNC(N)=[NH2+])C(=O)NC(CC1CNCN1)C(O)N[C@@H](CCC(=O)O)C(=O)N[C@@H](CCCNC(N)=[NH2+])C(=O)NCC(=O)NC(CC1CNCN1)C(O)NC(CC1CNCN1)C(O)N[C@@H](CCCNC(N)=[NH2+])C(=O)N[C@@H](CC(=O)O)C(=O)N[C@@H](CCCNC(N)=[NH2+])C(=O)N[C@@H](CCCNC(N)=[NH2+])C(=O)N[C@@H](CCC(=O)O)C(=O)N[C@H](C=O)CCCNC(N)=[NH2+],1,5.570189,4
NC(=[NH2+])NCCC[C@@H](C=O)NC(=O)[C@H](CCCNC(N)=[NH2+])NC(=O)[C@H](CCCNC(N)=[NH2+])NC(=O)[C@H](CCCNC(N)=[NH2+])NC(=O)[C@H](CCCNC(N)=[NH2+])NC(=O)[C@H](CCCNC(N)=[NH2+])NC(=O)[C@H](CCCNC(N)=[NH2+])NC(=O)[C@H](CCCNC(N)=[NH2+])NC(=O)[C@@H](N)Cc1c[nH]c2ccccc12,1,8.092832,4
CC[C@H](C)[C@H](NC(=O)[C@H](CCCC[NH3+])NC(=O)[C@H](CC(C)C)NC(=O)[C@@H](NC(=O)[C@H](CO)NC(=O)[C@H](CCCC[NH3+])NC(=O)[C@H](Cc1c[nH]c2ccccc12)NC(=O)[C@@H](NC(=O)[C@H](CCCC[NH3+])NC(=O)[C@H](C)NC(=O)[C@@H](NC(=O)[C@H](CO)NC(=O)[C@H](CCCC[NH3+])NC(=O)[C@H](C)NC(=O)[C@H](C)NC(=O)[C@@H](NC(=O)[C@@H](N)CCCC[NH3+])[C@@H](C)CC)[C@@H](C)CC)[C@@H](C)CC)[C@@H](C)CC)C(=O)N[C@@H](C)C(N)=O,1,-0.37396443,4
CC[C@H](C)[C@H](NC(=O)[C@H](CCCC[NH3+])NC(=O)[C@@H](NC(=O)[C@H](CCC(N)=O)NC(=O)[C@@H]([NH3+])CCCNC(N)=[NH2+])[C@@H](C)CC)C(=O)N[C@@H](Cc1c[nH]c2ccccc12)C(=O)N[C@@H](Cc1ccccc1)C(=O)N[C@@H](CCC(N)=O)C(=O)N[C@@H](CC(N)=O)C(=O)N[C@@H](CCCNC(N)=[NH2+])C(=O)N[C@@H](CCCNC(N)=[NH2+])C(=O)N[C@@H](CCSC)C(=O)N[C@@H](CCCC[NH3+])C(=O)N[C@@H](Cc1c[nH]c2ccccc12)C(=O)N[C@@H](CCCC[NH3+])C(=O)N[C@@H](CCCC[NH3+])C(=O)O,1,4.5288815,4
CC(C)[C@@H](N)C(=O)N[C@H](CS)C(=O)N[C@@H](C(=O)N[C@@H](C=O)CCCNC(N)=[NH2+])C(C)C,1,5.1702347,4
CC(C)C[C@@H](C=O)NC(=O)[C@H](CCC(=O)O)NC(=O)[C@@H](NC(=O)[C@H](CC(C)C)NC(=O)[C@@H](NC(=O)[C@H](CCCC[NH3+])NC(=O)[C@@H](NC(=O)[C@H](CC(C)C)NC(=O)[C@H](CCC(=O)O)NC(=O)[C@H](CCCC[NH3+])NC(=O)[C@H](CC(C)C)NC(=O)[C@@H](NC(=O)[C@H](CCC(=O)O)NC(=O)[C@@H](NC(=O)[C@H](CC(C)C)NC(=O)[C@@H](NC(=O)[C@H](CCCC[NH3+])NC(=O)[C@@H](N)CC(C)C)[C@@H](C)O)[C@@H](C)O)[C@@H](C)O)[C@@H](C)O)[C@@H](C)O)[C@@H](C)O,1,2.7826166,4
CC(C)C[C@H](NC(=O)CNC(=O)[C@H](C)NC(=O)[C@H](CCCNC(=N)N)NC(=O)[C@H](CO)NC(=O)[C@H](CO)NC(=O)[C@H](CCCNC(=N)N)NC(=O)[C@@H](NC(=O)[C@H](CCCCN)NC(=O)[C@H](C)NC(=O)[C@H](CCCCN)NC(=O)[C@H](C)NC(=O)[C@H](CCCNC(=N)N)NC(=O)[C@H](C)NC(=O)[C@H](CCCCN)NC(=O)CNC(=O)CNC(=O)[C@H](CCC(N)=O)NC(=O)[C@H](CCCCN)NC(=O)CNC(=O)[C@H](CCCNC(=N)N)NC(=O)CNC(=O)[C@@H](N)CO)[C@@H](C)O)C(=O)N[C@@H](CCC(N)=O)C(=O)N[C@@H](Cc1ccccc1)C(=O)N1CCC[C@H]1C(=O)N[C@H](C(=O)NCC(=O)N[C@@H](CCCNC(=N)N)C(=O)N[C@H](C(=O)N[C@@H](Cc1c[nH]cn1)C(=O)N[C@@H](CCCNC(=N)N)C(=O)N[C@@H](CC(C)C)C(=O)N[C@@H](CC(C)C)C(=O)N[C@@H](CCCNC(=N)N)C(=O)N[C@@H](CCCCN)C(=O)NCC=O)C(C)C)C(C)C,1,4.186761,4
CC[C@H](C)[C@H](NC(=O)[C@H](CCCC[NH3+])NC(=O)[C@@H](NC(=O)[C@H](CCC(N)=O)NC(=O)[C@@H]([NH3+])CCCNC(N)=[NH2+])[C@@H](C)CC)C(=O)N[C@@H](Cc1c[nH]c2ccccc12)C(=O)N[C@@H](Cc1ccccc1)C(=O)N[C@@H](CCC(N)=O)C(=O)N[C@@H](CC(N)=O)C(=O)N[C@@H](CCCNC(N)=[NH2+])C(=O)N[C@@H](CCCNC(N)=[NH2+])C(=O)N[C@@H](CCSC)C(=O)N[C@@H](CCCC[NH3+])C(=O)N[C@@H](Cc1c[nH]c2ccccc12)C(=O)N[C@@H](CCCC[NH3+])C(=O)N[C@@H](CCCC[NH3+])C(=O)O,1,4.5288815,4
NC(=[NH2+])NCCC[C@@H](N)C(=O)N[C@@H](CCCNC(N)=[NH2+])C(=O)N[C@H](CCCNC(N)=[NH2+])C(=O)NCC(=O)N[C@H](CCCNC(N)=[NH2+])C(=O)N[C@@H](CCCC[NH3+])C(=O)N[C@H](CCCC[NH3+])C(=O)N[C@@H](CCCNC(N)=[NH2+])C(=O)N[C@@H](C=O)CCCNC(N)=[NH2+],1,8.716949,4
CC[C@H](C)[C@H](NC(=O)[C@H](CCCC[NH3+])NC(=O)[C@@H](NC(=O)[C@H](CCC(N)=O)NC(=O)[C@@H](N)CCCNC(N)=[NH2+])[C@@H](C)CC)C(=O)N[C@@H](Cc1c[nH]c2ccccc12)C(=O)N[C@@H](Cc1ccccc1)C(=O)N[C@@H](CCC(N)=O)C(=O)N[C@H](C=O)CC(N)=O,1,8.118241,4
C[C@H](NC(=O)[C@H](C)NC(=O)[C@H](CO)NC(=O)[C@H](CCCNC(N)=[NH2+])NC(=O)[C@H](CS)NC(O)C(CC1CNCN1)NC(O)C(CC1CNCN1)NC(=O)[C@H](CCCNC(N)=[NH2+])NC(=O)[C@H](CCCNC(N)=[NH2+])NC(=O)[C@@H](N)CO)C(=O)N[C@@H](CCCC[NH3+])C(=O)N[C@@H](CCCNC(N)=[NH2+])C(=O)N[C@@H](CO)C(=O)N[C@@H](CCCNC(N)=[NH2+])C(=O)NC(CC1CNCN1)C(O)NC(CO)CC1CNCN1,1,3.837422,4
NC(=[NH2+])NCCC[C@H](NC(=O)[C@H](Cc1ccccc1)NC(=O)[C@H](CCCC[NH3+])NC(=O)[C@H](CCCC[NH3+])NC(=O)[C@@H](N)Cc1ccccc1)C(=O)N[C@@H](CCCC[NH3+])C(=O)N[C@H](C=O)Cc1ccccc1,1,4.815497,4
CCC[C@@H]1NC(=O)[C@@H]2CS34SC[C@H](NC(=O)[C@H]([C@@H](C)CC)NC(=O)[C@H](CS)NC(=O)[C@H](C)NC(=O)CNC1=O)C(=O)N[C@@H](CCCNC(=N)N)C(=O)NCC(=O)N[C@@H](CC(N)=O)C(=O)NCC(=O)N[C@@H](Cc1ccc(O)cc1)C(=O)N[C@H](C(=O)NCC(=O)N[C@@H](CO)C(=O)NCC(=O)N[C@@H](CO)C(=O)N[C@H](C=O)CC(=O)O)C[SH]3[SH]4C[C@H](NC(=O)[C@H](CCCCN)NC(=O)[C@H](CCCCN)NC(=O)[C@H](CC(C)C)NC(=O)[C@@H](NC(=O)[C@H](C)NC(=O)[C@H](CCC)NC(=O)[C@H](CS)NC(=O)[C@@H](NC(=O)CNC(=O)CN)C(C)C)[C@@H](C)CC)C(=O)N[C@@H](CCCNC(=N)N)C(=O)N[C@@H](CCCNC(=N)N)C(=O)N[C@@H](CC(=O)O)C(=O)N[C@@H](CO)C(=O)N[C@@H](CC(=O)O)C(=O)N2,1,0.19048992,4
C[C@H](N)C(=O)N[C@@H](CS)C(=O)N[C@@H](CO)C(=O)NCC(=O)N[C@@H](CCCNC(N)=[NH2+])C(=O)NCC(=O)N[C@@H](CCCNC(N)=[NH2+])C(=O)NCC(=O)N[C@@H](CS)C(=O)NCC(=O)N[C@@H](CO)C(=O)NCC(=O)N[C@@H](CO)C(=O)NCC(=O)N[C@@H](CO)C(=O)N[C@@H](CS)C(=O)NCC=O,1,3.2338629,4
CC[C@H](C)[C@H](NC(=O)[C@H](CC(C)C)NC(=O)[C@H](C)NC(=O)[C@H](CCCNC(N)=[NH2+])NC(=O)[C@H](Cc1ccccc1)NC(=O)[C@@H](NC(=O)[C@@H](NC(=O)[C@@H](N)CCSC)[C@@H](C)CC)[C@@H](C)CC)C(=O)N[C@@H](CO)C(=O)NC(CC1CNCN1)C(O)N[C@@H](CCCC[NH3+])C(=O)N[C@H](C=O)CCCC[NH3+],1,8.821379,4
CC(C)C[C@H](NC(=O)[C@H](CCCNC(N)=[NH2+])NC(=O)[C@H](CCCNC(N)=[NH2+])NC(=O)[C@H](CC(C)C)NC(=O)[C@H](CC(C)C)NC(=O)[C@H](CCCNC(N)=[NH2+])NC(=O)[C@@H](N)CCCNC(N)=[NH2+])C(=O)N[C@@H](CCCNC(N)=[NH2+])C(=O)N[C@H](C=O)CCCNC(N)=[NH2+],1,9.437322,4
CC[C@H](C)[C@H](NC(=O)[C@H](CCCNC(N)=[NH2+])NC(=O)[C@@H](N)CCCC[NH3+])C(=O)N1CCC[C@H]1C(=O)N[C@@H](CC(N)=O)C(=O)N[C@@H](CCCC[NH3+])C(=O)N[C@@H](CCCC[NH3+])C(=O)N1CCC[C@H]1C(=O)NCC(=O)N[C@@H](CCCC[NH3+])C(=O)N[C@H](C=O)CCCC[NH3+],1,8.3664465,4
CC[C@H](C)[C@H](NC(=O)[C@H](CCCC[NH3+])NC(=O)[C@@H](NC(=O)[C@H](CCC(N)=O)NC(=O)[C@@H](N)CCCNC(N)=[NH2+])[C@@H](C)CC)C(=O)N[C@@H](Cc1c[nH]c2ccccc12)C(=O)N[C@@H](Cc1ccccc1)C(=O)N1CCC[C@H]1C(=O)N[C@@H](CC(N)=O)C(=O)N[C@@H](CCCNC(N)=[NH2+])C(=O)N[C@@H](CCCNC(N)=[NH2+])C(=O)N[C@@H](CCSC)C(=O)N[C@@H](CCCC[NH3+])C(=O)N[C@@H](Cc1c[nH]c2ccccc12)C(=O)N[C@@H](CCCC[NH3+])C(=O)N[C@H](C=O)CCCC[NH3+],1,8.271936,4
CC[C@H](C)[C@H](NC(=O)[C@H](CCCNC(N)=[NH2+])NC(=O)[C@@H](NC(=O)[C@@H](N)CCCNC(N)=[NH2+])C(C)C)C(=O)N[C@@H](CC(C)C)C(=O)N[C@@H](C)C(=O)N[C@@H](CCCNC(N)=[NH2+])C(=O)N[C@@H](Cc1ccccc1)C(=O)N[C@@H](CC(C)C)C(=O)N[C@@H](CCCNC(N)=[NH2+])C(=O)N[C@H](C(=O)N[C@@H](CCCNC(N)=[NH2+])C(=O)N[C@H](C=O)C(C)C)[C@@H](C)O,1,8.211171,4
CC[C@H](C)[C@H](NC(=O)[C@H](CCCCN)NC(=O)[C@H](CCCCN)NC(=O)[C@H](C)NC(=O)[C@H](CC(C)C)NC(=O)[C@H](C)NC(=O)[C@H](C)NC(=O)[C@H](CC(C)C)NC(=O)[C@H](C)NC(=O)[C@H](CCCCN)NC(=O)[C@H](CC(C)C)NC(=O)[C@H](CC(N)=O)NC(=O)[C@@H](NC(=O)[C@H](CCCCN)NC(=O)CNC(=O)[C@H](CC(C)C)NC(=O)[C@H](CC(C)C)NC(=O)[C@H](Cc1ccc(O)cc1)NC(=O)CNC(=O)[C@H](C)N)[C@@H](C)O)C(=O)N[C@H](C=O)CC(C)C,1,7.8082147,4
NC(=[NH2+])NCCC[C@H](NC(=O)CNC(=O)[C@H](CCCNC(N)=[NH2+])NC(=O)[C@@H](N)CCCNC(N)=[NH2+])C(=O)N[C@@H](CCCNC(N)=[NH2+])C(=O)NCC=O,1,5.9026,4
CC[C@H](C)[C@H](NC(=O)[C@H](CCCNC(N)=[NH2+])NC(=O)[C@H](CC(C)C)NC(=O)[C@@H](NC(=O)[C@@H](NC(=O)[C@H](CC(C)C)NC(=O)[C@H](Cc1ccccc1)NC(=O)[C@H](CCCNC(N)=[NH2+])NC(=O)[C@H](CCCNC(N)=[NH2+])NC(=O)[C@@H](N)C(C)C)C(C)C)[C@@H](C)O)C(=O)N[C@@H](CCCNC(N)=[NH2+])C(=O)N[C@@H](CCCNC(N)=[NH2+])C(=O)N[C@@H](C)C=O,1,7.311313,4
CCC[C@H](NC(=O)[C@@H](NC(=O)[C@H](CC(C)C)NC(=O)[C@H](CC(N)=O)NC(=O)[C@H](CCCNC(=N)N)NC(=O)[C@H](CC(C)C)NC(=O)[C@H](Cc1ccccc1)NC(=O)[C@H](CC(=O)O)NC(=O)[C@H](CCCCN)NC(=O)[C@@H](NC(=O)[C@H](CCCNC(=N)N)NC(=O)[C@H](CCC(N)=O)NC(=O)[C@@H](NC(=O)[C@@H](NC(=O)[C@H](CCCNC(=N)N)NC(=O)[C@H](CCCCN)NC(=O)[C@H](Cc1ccccc1)NC(=O)[C@H](CCC(=O)O)NC(=O)[C@H](CCCCN)NC(=O)CNC(=O)[C@@H](NC(=O)[C@H](CCCCN)NC(=O)[C@H](CCC(=O)O)NC(=O)[C@H](CCCCN)NC(=O)[C@H](CO)NC(=O)[C@H](CCCCN)NC(=O)[C@H](CCCNC(=N)N)NC(=O)[C@H](Cc1ccccc1)NC(=O)[C@H](Cc1ccccc1)NC(=O)[C@H](CC(=O)O)NC(=O)CNC(=O)[C@H](CC(C)C)NC(=O)[C@@H](N)CC(C)C)[C@@H](C)CC)[C@@H](C)CC)C(C)C)[C@@H](C)CC)C(C)C)C(=O)N[C@@H](CCCNC(=N)N)C(=O)N[C@H](C(=O)N[C@@H](CCC(=O)O)C(=O)N[C@@H](CO)C(=O)N[C@H](C=O)CS)[C@@H](C)O,1,1.4987764,4
CC[C@H](C)[C@H](NC(=O)[C@H](C)NC(=O)[C@@H](NC(=O)[C@H](CCC(N)=O)NC(=O)[C@@H]1CCCN1C(=O)[C@H](Cc1ccccc1)NC(=O)[C@@H](NC(O)C(CC1CNCN1)NC(=O)[C@H](Cc1ccccc1)NC(=O)[C@H](CCCC[NH3+])NC(=O)[C@H](CC(N)=O)NC(=O)[C@H](Cc1ccccc1)NC(=O)[C@H](CC(=O)O)NC(=O)[C@H](CCC(N)=O)NC(=O)[C@@H](NC(=O)[C@H](Cc1ccc(O)cc1)NC(=O)[C@@H](NC(=O)CNC(=O)[C@@H](N)CC(C)C)[C@@H](C)O)[C@@H](C)O)[C@@H](C)O)[C@@H](C)O)C(=O)NCC(=O)N[C@H](C(=O)NCC(=O)N[C@@H](C)C(=O)N1CCC[C@H]1C=O)C(C)C,1,0.6567906,4
CSCC[C@H](NC(=O)[C@H](CC(N)=O)NC(=O)[C@H](CCCNC(N)=[NH2+])NC(=O)[C@H](CCC(N)=O)NC(=O)[C@H](Cc1c[nH]c2ccccc12)NC(=O)[C@H](CCC(N)=O)NC(=O)[C@@H](N)Cc1ccccc1)C(=O)N[C@@H](CCCNC(N)=[NH2+])C(=O)N[C@@H](CCCC[NH3+])C(=O)N[C@H](C(=O)N[C@@H](CCCNC(N)=[NH2+])C(=O)NCC(=O)N1CCC[C@H]1C(=O)N1CCC[C@H]1C(=O)N[C@H](C(=O)N[C@H](C=O)CO)C(C)C)C(C)C,1,6.1276426,4
C[C@H](N)C(=O)N[C@@H](CS)C(=O)N[C@@H](CCCNC(N)=[NH2+])C(=O)NCC(=O)N[C@@H](CO)C(=O)NCC(=O)N[C@@H](CCCNC(N)=[NH2+])C(=O)NCC(=O)N[C@@H](CS)C(=O)NCC(=O)N[C@@H](CCCNC(N)=[NH2+])C(=O)NCC(=O)N[C@@H](CO)C(=O)NCC(=O)N[C@@H](CCCNC(N)=[NH2+])C(=O)N[C@@H](CS)C(=O)NCC=O,1,4.99162,4
CC[C@H](C)[C@H](NC(=O)[C@H](CCCCN)NC(=O)[C@H](CCCCN)NC(=O)[C@H](C)NC(=O)[C@H](CC(C)C)NC(=O)[C@H](CCCCN)NC(=O)[C@H](C)NC(=O)[C@H](CC(C)C)NC(=O)[C@H](CCCCN)NC(=O)[C@H](C)NC(=O)[C@H](CC(C)C)NC(=O)[C@H](CCCCN)NC(=O)[C@H](C)NC(=O)[C@H](CC(C)C)NC(=O)[C@H](CCCCN)NC(=O)[C@H](C)NC(=O)[C@H](CC(C)C)NC(=O)[C@H](CCCCN)NC(=O)[C@H](C)NC(=O)[C@H](CC(C)C)NC(=O)[C@H](C)NC(=O)[C@H](CC(C)C)NC(=O)[C@H](C)NC(=O)[C@H](CC(C)C)NC(=O)[C@H](C)NC(=O)[C@H](CC(C)C)NC(=O)[C@H](C)NC(=O)[C@H](CC(C)C)NC(=O)[C@H](C)NC(=O)[C@H](CC(C)C)NC(=O)[C@H](C)NC(=O)[C@H](CC(C)C)NC(=O)[C@H](C)NC(=O)[C@@H](N)CC(C)C)C(=O)N[C@H](C=O)CCCCN,1,7.7889957,4
CC(C)C[C@H](NC(=O)[C@H](C)NC(=O)[C@H](CC(C)C)NC(=O)[C@H](CC(C)C)NC(=O)[C@@H](NC(=O)[C@H](C)NC(=O)[C@@H]1CCCN1C(=O)[C@H](CC(C)C)NC(=O)[C@H](CC(C)C)NC(=O)[C@H](C)NC(=O)[C@@H](NC(=O)[C@H](C)NC(=O)[C@H](C)NC(=O)[C@H](CCCC[NH3+])NC(=O)[C@H](Cc1ccccc1)NC(=O)[C@H](CCCNC(N)=[NH2+])NC(=O)[C@@H](N)Cc1c[nH]c2ccccc12)C(C)C)C(C)C)C(=O)N[C@@H](CC(C)C)C(=O)N[C@@H](C)C(=O)N1CCC[C@H]1C=O,1,4.095897,4
CC(C)C[C@H](NC(=O)[C@H](C)NC(=O)[C@H](CC(C)C)NC(=O)[C@H](CCCC[NH3+])NC(=O)[C@H](CC(C)C)NC(=O)[C@H](CCCC[NH3+])NC(=O)[C@H](CC(C)C)NC(=O)[C@H](C)NC(=O)[C@@H](N)CCCC[NH3+])C(=O)N[C@@H](C)C(=O)N[C@@H](CC(C)C)C(=O)N[C@@H](CC(C)C)C(=O)N[C@@H](C)C(=O)N[C@@H](CCCC[NH3+])C(=O)N[C@@H](CC(C)C)C(=O)N[C@@H](CCCC[NH3+])C(=O)N[C@@H](CC(C)C)C(=O)N[C@@H](C)C=O,1,7.079787,4
CC[C@H](C)[C@H](NC(=O)[C@H](CC(C)C)NC(=O)[C@H](CC(=O)O)NC(=O)[C@H](CCCNC(N)=[NH2+])NC(=O)[C@H](Cc1ccc(O)cc1)NC(=O)[C@H](C)NC(=O)[C@@H](NC(=O)[C@@H](N)CCSC)[C@@H](C)CC)C(=O)N[C@H](C=O)CO,1,8.105496,4
CC(C)C[C@@H](NC(=O)[C@H](NC(=O)[C@H]1CCCN1C(=O)[C@H](N)C(C)C)[C@@H](C)O)C(=O)N[C@@H](C=O)CCCC[NH3+],1,7.8915133,4
CC(C)C[C@H](NC(=O)[C@H](C)NC(=O)[C@H](CCCC[NH3+])NC(=O)[C@H](CC(C)C)NC(=O)[C@H](C)NC(=O)[C@H](CC(C)C)NC(=O)[C@H](CCCC[NH3+])NC(=O)[C@H](CC(C)C)NC(=O)[C@H](C)NC(=O)[C@H](CC(C)C)NC(=O)[C@@H](N)CCCC[NH3+])C(=O)N[C@@H](CCC(N)=O)C(=O)N[C@@H](C)C(=O)N[C@@H](C)C(=O)N[C@@H](CC(C)C)C(=O)N[C@@H](CCC(N)=O)C(=O)N[C@@H](CC(C)C)C(=O)N[C@@H](C)C=O,1,8.351115,4
CC[C@H](C)[C@H](NC(=O)[C@H](CCCC[NH3+])NC(=O)[C@@H](NC(=O)[C@H](CCC(N)=O)NC(=O)[C@@H](N)CCCNC(N)=[NH2+])[C@@H](C)CC)C(=O)N[C@@H](Cc1c[nH]c2ccccc12)C(=O)N[C@@H](Cc1ccccc1)C(=O)N[C@@H](CCC(N)=O)C(=O)N[C@@H](CC(N)=O)C(=O)N[C@@H](CCCNC(N)=[NH2+])C(=O)N[C@@H](CCCNC(N)=[NH2+])C(=O)N[C@@H](C)C(=O)N[C@@H](CCCC[NH3+])C(=O)N[C@@H](Cc1c[nH]c2ccccc12)C(=O)N[C@@H](CCCC[NH3+])C(=O)N[C@H](C=O)CCCC[NH3+],1,8.580821,4
NC(=[NH2+])NCCC[C@@H](C=O)NC(=O)[C@H](CCCNC(N)=[NH2+])NC(=O)[C@H](CCCNC(N)=[NH2+])NC(=O)[C@H](CCC(N)=O)NC(=O)[C@H](CCCNC(N)=[NH2+])NC(=O)[C@H](CCCNC(N)=[NH2+])NC(=O)[C@H](CCCC[NH3+])NC(=O)[C@H](CCCC[NH3+])NC(=O)[C@H](CCCNC(N)=[NH2+])NC(=O)CNC(=O)[C@H](Cc1ccc(O)cc1)NC(=O)[C@H](CCCC[NH3+])NC(=O)[C@@H](N)CS,1,7.753471,4
CC(C)C[C@H](NC(=O)CNC(=O)[C@H](CO)NC(=O)[C@H](C)NC(=O)CNC(=O)[C@H](CO)NC(=O)[C@@H]1CCCN1C(=O)[C@H](C)NC(=O)[C@H](CC(C)C)NC(=O)[C@H](CC(C)C)NC(=O)[C@H](C)NC(=O)[C@H](CC(C)C)NC(=O)[C@H](CC(C)C)NC(=O)[C@@H](NC(=O)[C@H](C)NC(=O)[C@@H]1CCCN1C(=O)[C@H](CC(C)C)NC(=O)[C@H](CC(C)C)NC(=O)[C@H](C)NC(=O)[C@@H](NC(=O)[C@H](C)NC(=O)[C@H](C)N)C(C)C)C(C)C)C(=O)N[C@@H](CC(=O)O)C(=O)N[C@@H](CCCC[NH3+])C(=O)N[C@@H](CCCNC(N)=[NH2+])C(=O)N[C@@H](CC(=O)O)C(=O)N[C@@H](Cc1ccc(O)cc1)C(=O)N[C@H](C(N)=O)C(C)C,1,0.67809415,4
CC[C@H](C)[C@H](NC(=O)[C@H](CCCNC(N)=[NH2+])NC(=O)[C@H](Cc1ccccc1)NC(=O)[C@@H](NC(=O)[C@@H](NC(=O)[C@@H](N)CCSC)[C@@H](C)CC)[C@@H](C)CC)C(=O)N[C@@H](C)C(=O)N[C@@H](C)C(=O)N[C@@H](CO)C(=O)NC(CC1CNCN1)C(O)N[C@@H](CCCC[NH3+])C(=O)N[C@H](C=O)CCCC[NH3+],1,9.093389,4
CC(=O)NC(CC1CNCN1)C(O)NC(CC1CNCN1)C(O)NC(CC1CNCN1)C(O)NC(CC1CNCN1)C(O)NC(CC1CNCN1)C(O)NC(CC1CNCN1)C(O)NC(CC1CNCN1)C(O)NC(CC1CNCN1)C(O)N[C@@H](CCCNC(N)=[NH2+])C(=O)N[C@@H](CCCNC(N)=[NH2+])C(=O)N[C@@H](CCCNC(N)=[NH2+])C(=O)N[C@@H](CCCNC(N)=[NH2+])C(=O)N[C@@H](CCCNC(N)=[NH2+])C(=O)N[C@@H](CCCNC(N)=[NH2+])C(=O)N[C@@H](CCCNC(N)=[NH2+])C(=O)N[C@@H](CCCNC(N)=[NH2+])C(=O)N[C@@H](CCCNC(N)=[NH2+])C(=O)N[C@@H](CCCNC(N)=[NH2+])C(=O)N[C@@H](CCCNC(N)=[NH2+])C(=O)N[C@@H](CCCNC(N)=[NH2+])C(=O)N[C@@H](CCCNC(N)=[NH2+])C(=O)N[C@@H](CCCNC(N)=[NH2+])C(=O)N[C@@H](CCCNC(N)=[NH2+])C(N)=O,1,4.983655,4
CC[C@H](C)[C@H](NC(=O)[C@H](CCCC[NH3+])NC(=O)[C@@H](NC(=O)[C@H](CCC(N)=O)NC(=O)[C@@H]([NH3+])CCCNC(N)=[NH2+])[C@@H](C)CC)C(=O)N[C@@H](Cc1c[nH]c2ccccc12)C(=O)N[C@@H](Cc1ccccc1)C(=O)N[C@@H](CCC(N)=O)C(=O)N[C@@H](CC(N)=O)C(=O)N[C@@H](CCCNC(N)=[NH2+])C(=O)N[C@@H](CCCNC(N)=[NH2+])C(=O)N[C@@H](CCSC)C(=O)N[C@@H](CCCC[NH3+])C(=O)N[C@@H](Cc1c[nH]c2ccccc12)C(=O)N[C@@H](CCCC[NH3+])C(=O)N[C@@H](CCCC[NH3+])C(=O)O,1,4.5288815,4
NC(=[NH2+])NCCC[C@H](NC(=O)[C@H](Cc1c[nH]c2ccccc12)NC(=O)[C@H](CCCNC(N)=[NH2+])NC(=O)[C@@H](N)CS)C(=O)N[C@H](Cc1c[nH]c2ccccc12)C(=O)N[C@@H](CCCC[NH3+])C(=O)N[C@@H](CS)C(=O)N[C@@H](CS)C(=O)N[C@@H](CCCC[NH3+])C(=O)N[C@H](C=O)CCCC[NH3+],1,4.063524,4
CC[C@H](C)[C@H](NC(=O)[C@H](CCCC[NH3+])NC(=O)[C@@H](NC(=O)[C@H](CCC(N)=O)NC(=O)[C@@H](N)CCCNC(N)=[NH2+])[C@@H](C)CC)C(=O)N[C@@H](Cc1ccccc1)C(=O)N[C@@H](Cc1ccccc1)C(=O)N[C@@H](CCC(N)=O)C(=O)N[C@@H](CC(N)=O)C(=O)N[C@@H](CCCNC(N)=[NH2+])C(=O)N[C@@H](CCCNC(N)=[NH2+])C(=O)N[C@@H](CCSC)C(=O)N[C@@H](CCCC[NH3+])C(=O)N[C@@H](Cc1c[nH]c2ccccc12)C(=O)N[C@@H](CCCC[NH3+])C(=O)N[C@H](C=O)CCCC[NH3+],1,9.024337,4
CC[C@H](C)[C@H](NC(=O)[C@H](CCCC[NH3+])NC(=O)[C@@H](NC(=O)[C@H](CCC(N)=O)NC(=O)[C@@H](N)CCCNC(N)=[NH2+])[C@@H](C)CC)C(=O)N[C@H](C=O)Cc1c[nH]c2ccccc12,1,7.1154604,4
NC(=[NH2+])NCCC[C@H](NC(=O)[C@@H](N)CS)C(=O)N[C@H](Cc1c[nH]c2ccccc12)C(=O)N[C@@H](CCCNC(N)=[NH2+])C(=O)N[C@@H](Cc1c[nH]c2ccccc12)C(=O)N[C@@H](CCCC[NH3+])C(=O)N[C@@H](CS)C(=O)N[C@@H](CS)C(=O)N[C@@H](CCCC[NH3+])C(=O)N[C@H](C=O)CCCC[NH3+],1,4.292254,4
CC[C@H](C)[C@H](NC(=O)[C@H](CCCC[NH3+])NC(=O)[C@@H](NC(=O)[C@H](CCC(N)=O)NC(=O)[C@@H]([NH3+])CCCNC(N)=[NH2+])[C@@H](C)CC)C(=O)N[C@@H](Cc1c[nH]c2ccccc12)C(=O)N[C@@H](Cc1ccccc1)C(=O)N[C@@H](CCC(N)=O)C(=O)N[C@@H](CC(N)=O)C(=O)N[C@@H](CCCNC(N)=[NH2+])C(=O)N[C@@H](CCCNC(N)=[NH2+])C(=O)N[C@@H](CCSC)C(=O)N[C@@H](CCCC[NH3+])C(=O)N[C@@H](Cc1c[nH]c2ccccc12)C(=O)N[C@@H](CCCC[NH3+])C(=O)N[C@@H](CCCC[NH3+])C(=O)O,1,4.5288815,4
CC(C)C[C@@H](C=O)NC(=O)[C@@H](NC(=O)[C@@H](NC(=O)[C@H](CC(C)C)NC(=O)[C@@H](NC(=O)[C@H](CCCC[NH3+])NC(=O)[C@H](C)NC(=O)[C@H](CC(C)C)NC(=O)[C@H](CCCC[NH3+])NC(=O)[C@@H](NC(=O)[C@H](CC(C)C)NC(=O)[C@H](C)NC(=O)[C@@H](NC(=O)[C@H](C)NC(=O)[C@H](CC(C)C)NC(=O)[C@@H](NC(=O)[C@H](CCCC[NH3+])NC(=O)[C@@H](N)CC(C)C)[C@@H](C)O)[C@@H](C)O)[C@@H](C)O)[C@@H](C)O)[C@@H](C)O)[C@@H](C)O,1,4.5524654,4
CC(=O)NCC(=O)N[C@@H](CCCNC(N)=[NH2+])C(=O)NCC(=O)N[C@@H](CC(=O)O)C(=O)NCC(=O)N1CCC[C@H]1C(=O)N[C@@H](CCCNC(N)=[NH2+])C(=O)N[C@@H](CCCNC(N)=[NH2+])C(=O)N[C@@H](CCCC[NH3+])C(=O)N[C@@H](CCCC[NH3+])C(=O)N[C@@H](CCCC[NH3+])C(=O)N[C@@H](CCCC[NH3+])C(=O)NCC(=O)N1CCC[C@H]1C(=O)N[C@@H](CCCNC(N)=[NH2+])C(=O)N[C@@H](CCCNC(N)=[NH2+])C(=O)N[C@@H](CCCC[NH3+])C(=O)N[C@@H](CCCC[NH3+])C(=O)N[C@@H](CCCC[NH3+])C(=O)N[C@@H](CCCC[NH3+])C(=O)NCC(=O)N1CCC[C@H]1C(=O)N[C@@H](CCCNC(N)=[NH2+])C(=O)N[C@H](C=O)CCCNC(N)=[NH2+],1,8.003842,4
N=C(N)NCCC[C@@H](C=O)NC(=O)[C@H](CCCNC(=N)N)NC(=O)[C@H](CCCNC(=N)N)NC(=O)[C@H](CCCNC(=N)N)NC(=O)[C@H](CCCNC(=N)N)NC(=O)[C@H](CCCNC(=N)N)NC(=O)[C@H](CCCNC(=N)N)NC(=O)[C@H](CCCNC(=N)N)NC(=O)[C@H](CCCNC(=N)N)NC(=O)[C@H](CCCNC(=N)N)NC(=O)[C@H](CCCNC(=N)N)NC(=O)[C@H](CCCNC(=N)N)NC(=O)[C@H](CCCNC(=N)N)NC(=O)[C@H](CCCNC(=N)N)NC(=O)[C@H](CCCNC(=N)N)NC(=O)[C@H](Cc1c[nH]cn1)NC(=O)[C@H](Cc1c[nH]cn1)NC(=O)[C@H](Cc1c[nH]cn1)NC(=O)[C@H](Cc1c[nH]cn1)NC(=O)[C@H](Cc1c[nH]cn1)NC(=O)[C@H](Cc1c[nH]cn1)NC(=O)[C@H](Cc1c[nH]cn1)NC(=O)[C@H](Cc1c[nH]cn1)NC(=O)[C@H](Cc1c[nH]cn1)NC(=O)[C@H](Cc1c[nH]cn1)NC(=O)[C@H](Cc1c[nH]cn1)NC(=O)[C@H](Cc1c[nH]cn1)NC(=O)[C@H](Cc1c[nH]cn1)NC(=O)[C@H](Cc1c[nH]cn1)NC(=O)[C@H](Cc1c[nH]cn1)NC(=O)[C@H](Cc1c[nH]cn1)NC(=O)[C@H](Cc1c[nH]cn1)NC(=O)[C@H](Cc1c[nH]cn1)NC(=O)[C@H](Cc1c[nH]cn1)NC(=O)[C@@H](N)Cc1c[nH]cn1,1,6.715038,4
CC(C)C[C@H](NC(=O)[C@H](C)NC(=O)[C@@H](NC(=O)[C@@H](NC(=O)[C@H](CCCC[NH3+])NC(=O)[C@H](CC(C)C)NC(=O)[C@@H](N)CC(C)C)[C@@H](C)O)[C@@H](C)O)C(=O)N[C@@H](CC(C)C)C(=O)N[C@@H](CCCC[NH3+])C(=O)N[C@H](C(=O)N[C@H](C(=O)N[C@@H](C)C(=O)N[C@@H](CC(C)C)C(=O)N[C@@H](CC(C)C)C(=O)N[C@@H](CCCC[NH3+])C(=O)N[C@H](C(=O)N[C@H](C(=O)N[C@@H](C)C=O)[C@@H](C)O)[C@@H](C)O)[C@@H](C)O)[C@@H](C)O,1,4.3926725,4
NC(=[NH2+])NCCC[C@H](NC(=O)CNC(=O)[C@@H](N)CCCC[NH3+])C(=O)N[C@@H](CCCC[NH3+])C(=O)N[C@@H](CCCC[NH3+])C(=O)N[C@@H](CCCNC(N)=[NH2+])C(=O)N[C@@H](CCCNC(N)=[NH2+])C(=O)N[C@@H](CCC(N)=O)C(=O)N[C@@H](CCCNC(N)=[NH2+])C(=O)N[C@@H](CCCNC(N)=[NH2+])C(=O)N[C@@H](CCCNC(N)=[NH2+])C(=O)N1CCC[C@H]1C(=O)N1CCC[C@H]1C(=O)N[C@H](C=O)CCC(N)=O,1,9.466505,4
NCC(=O)N[C@@H](CCCNC(N)=[NH2+])C(=O)N[C@@H](CCCC[NH3+])C(=O)N[C@@H](CCCC[NH3+])C(=O)N[C@@H](CCCNC(N)=[NH2+])C(=O)N[C@@H](CCCNC(N)=[NH2+])C(=O)N[C@@H](CCC(N)=O)C(=O)N[C@@H](CCCNC(N)=[NH2+])C(=O)N[C@@H](CCCNC(N)=[NH2+])C(=O)N[C@@H](CCCNC(N)=[NH2+])C(=O)N1CCC[C@H]1C(=O)N[C@@H](Cc1c[nH]c2ccccc12)C(=O)N[C@H](C=O)CCC(N)=O,1,8.531212,4
CC[C@H](C)[C@@H](C=O)NC(=O)[C@H](CC(C)C)NC(=O)[C@H](Cc1ccc(O)cc1)NC(=O)[C@@H](NC(=O)[C@H](Cc1ccccc1)NC(=O)[C@@H]1CCCN1)C(C)C,1,2.5477118,4
N[C@@H](CCCC[NH3+])C(=O)N[C@@H](CCCC[NH3+])C(=O)N[C@@H](CCCC[NH3+])C(=O)N[C@@H](CCCC[NH3+])C(=O)N[C@@H](CCCC[NH3+])C(=O)N[C@@H](CCCC[NH3+])C(=O)N[C@@H](CCCC[NH3+])C(=O)N[C@@H](CCCC[NH3+])C(=O)N[C@H](C=O)CCCC[NH3+],1,7.846306,4
CC(=O)N[C@@H](CCCC[NH3+])C(=O)N[C@@H](CCC(=O)O)C(=O)N[C@H](C(=O)N[C@@H](Cc1c[nH]c2ccccc12)C(=O)N[C@@H](Cc1c[nH]c2ccccc12)C(=O)N[C@@H](CCC(=O)O)C(=O)N[C@H](C(=O)N[C@@H](Cc1c[nH]c2ccccc12)C(=O)N[C@@H](Cc1c[nH]c2ccccc12)C(=O)N[C@H](C(=O)N[C@@H](CCC(=O)O)C(=O)N[C@@H](Cc1c[nH]c2ccccc12)C(=O)N[C@@H](CO)C(=O)N[C@@H](CCC(N)=O)C(=O)N1CCC[C@H]1C(=O)N[C@@H](CCCC[NH3+])C(=O)N[C@@H](CCCC[NH3+])C(=O)N[C@@H](CCCC[NH3+])C(=O)N[C@@H](CCCNC(N)=[NH2+])C(=O)N[C@@H](CCCC[NH3+])C(=O)N[C@H](C(N)=O)C(C)C)[C@@H](C)O)[C@@H](C)O)[C@@H](C)O,1,-2.9061022,4
NC(=[NH2+])NCCC[C@@H](C=O)NC(=O)[C@H](CCCNC(N)=[NH2+])NC(=O)[C@H](CCCNC(N)=[NH2+])NC(=O)[C@H](CCCNC(N)=[NH2+])NC(=O)[C@H](CCCNC(N)=[NH2+])NC(=O)[C@H](CCCNC(N)=[NH2+])NC(=O)[C@H](CCCNC(N)=[NH2+])NC(=O)[C@H](CCCNC(N)=[NH2+])NC(=O)[C@@H](N)CCCNC(N)=[NH2+],1,9.533423,4
CC[C@H](C)[C@H](NC(=O)[C@H](CCCC[NH3+])NC(=O)[C@@H](NC(=O)[C@H](CCC(N)=O)NC(=O)[C@H](CCCNC(N)=[NH2+])NC(=O)[C@@H](N)CS)[C@@H](C)CC)C(=O)N[C@@H](Cc1c[nH]c2ccccc12)C(=O)N[C@@H](Cc1ccccc1)C(=O)N1CCC[C@H]1C(=O)N[C@@H](CC(N)=O)C(=O)N[C@@H](CCCNC(N)=[NH2+])C(=O)N[C@@H](CCCNC(N)=[NH2+])C(=O)N[C@@H](CCSC)C(=O)N[C@@H](CCCC[NH3+])C(=O)N[C@@H](Cc1c[nH]c2ccccc12)C(=O)N[C@@H](CCCC[NH3+])C(=O)N[C@@H](CCCC[NH3+])C(=O)N[C@H](C=O)CS,1,6.7667913,4
NCC(=O)N[C@@H](CCCNC(N)=[NH2+])C(=O)N[C@@H](CCCC[NH3+])C(=O)N[C@@H](CCCC[NH3+])C(=O)N[C@@H](CCCNC(N)=[NH2+])C(=O)N[C@@H](CCCNC(N)=[NH2+])C(=O)N[C@@H](CCC(N)=O)C(=O)N[C@@H](CCCNC(N)=[NH2+])C(=O)N[C@@H](CCCNC(N)=[NH2+])C(=O)N[C@@H](CCCNC(N)=[NH2+])C(=O)N1CCC[C@H]1C(=O)N1CCC[C@H]1C(=O)N[C@H](C=O)CCC(N)=O,1,9.563029,4
CC(C)C[C@H](NC(=O)CN)C(=O)N[C@@H](Cc1c[nH]c2ccccc12)C(=O)N[C@@H](CCCNC(N)=[NH2+])C(=O)N[C@@H](C)C(=O)N[C@@H](CC(C)C)C(=O)N[C@@H](Cc1c[nH]c2ccccc12)C(=O)N[C@@H](CCCNC(N)=[NH2+])C(=O)N[C@@H](C)C(=O)N[C@@H](CC(C)C)C(=O)N[C@@H](Cc1c[nH]c2ccccc12)C(=O)N[C@@H](CCCNC(N)=[NH2+])C(=O)N[C@@H](CO)C(=O)N[C@@H](CC(C)C)C(=O)N[C@@H](Cc1c[nH]c2ccccc12)C(=O)N[C@@H](CCCC[NH3+])C(=O)N[C@@H](CCCC[NH3+])C(=O)N[C@@H](CCCC[NH3+])C(=O)N[C@@H](CCCNC(N)=[NH2+])C(=O)N[C@@H](CCCC[NH3+])C(=O)N[C@H](C=O)C(C)C,1,6.602425,4
NC(=[NH2+])NCCC[C@H](NC(=O)[C@H](CCCNC(N)=[NH2+])NC(=O)[C@H](CCCNC(N)=[NH2+])NC(=O)[C@H](CCCNC(N)=[NH2+])NC(=O)[C@H](CCCNC(N)=[NH2+])NC(=O)[C@H](CCCNC(N)=[NH2+])NC(=O)[C@@H](N)CCCNC(N)=[NH2+])C(=O)N[C@H](C=O)Cc1c[nH]c2ccccc12,1,8.348044,4
CC[C@H](C)[C@H](NC(=O)[C@H](CCCNC(N)=[NH2+])NC(=O)[C@H](CCCNC(N)=[NH2+])NC(=O)[C@H](CCCNC(N)=[NH2+])NC(=O)[C@H](CC(C)C)NC(=O)[C@@H](NC(=O)[C@@H](NC(=O)[C@H](CC(C)C)NC(=O)[C@@H](N)CC(C)C)[C@@H](C)CC)[C@@H](C)CC)C(=O)N[C@@H](CCCNC(N)=[NH2+])C(=O)N[C@@H](CCCC[NH3+])C(=O)N[C@@H](CCC(N)=O)C(=O)N[C@@H](C)C(=O)NC(CC1CNCN1)C(O)N[C@@H](C)C(=O)NC(CC1CNCN1)C(O)N[C@@H](CO)C(=O)N[C@@H](C)C=O,1,8.730567,4
CC(C)[C@@H](C=O)NC(=O)[C@H](CCCC[NH3+])NC(=O)[C@H](CCCNC(N)=[NH2+])NC(=O)[C@H](CCCC[NH3+])NC(=O)[C@H](CO)NC(=O)[C@H](CCCC[NH3+])NC(=O)[C@H](CCCC[NH3+])NC(=O)[C@H](Cc1ccccc1)NC(=O)[C@H](CCCNC(N)=[NH2+])NC(=O)[C@@H](N)Cc1c[nH]c2ccccc12,1,5.6673417,4
CC(C)C[C@H](NC(=O)[C@H](C)NC(=O)[C@H](CC(C)C)NC(=O)[C@H](CCCC[NH3+])NC(=O)[C@H](CC(C)C)NC(=O)[C@H](CCCC[NH3+])NC(=O)[C@H](CC(C)C)NC(=O)[C@H](C)NC(=O)[C@@H](N)CCCC[NH3+])C(=O)N[C@@H](C)C(=O)N[C@@H](CC(C)C)C(=O)N[C@@H](CC(C)C)C(=O)N[C@@H](C)C(=O)N[C@@H](CCCC[NH3+])C(=O)N[C@@H](CC(C)C)C(=O)N[C@@H](CCCC[NH3+])C(=O)N[C@@H](CC(C)C)C(=O)N[C@@H](C)C(N)=O,1,1.9427698,4
CC[C@H](C)[C@H](NC(=O)[C@H](CCCC[NH3+])NC(=O)[C@@H](NC(=O)[C@H](CCC(N)=O)NC(=O)[C@@H](N)CCCNC(N)=[NH2+])[C@@H](C)CC)C(=O)N[C@@H](C)C(=O)N[C@@H](Cc1ccccc1)C(=O)N[C@@H](CCC(N)=O)C(=O)N[C@@H](CC(N)=O)C(=O)N[C@@H](CCCNC(N)=[NH2+])C(=O)N[C@@H](CCCNC(N)=[NH2+])C(=O)N[C@@H](CCSC)C(=O)N[C@@H](CCCC[NH3+])C(=O)N[C@@H](Cc1c[nH]c2ccccc12)C(=O)N[C@@H](CCCC[NH3+])C(=O)N[C@H](C=O)CCCC[NH3+],1,9.268434,4
CC(C)C[C@H](NC(=O)CNC(=O)[C@H](CCCC[NH3+])NC(=O)[C@H](CC(C)C)NC(=O)CNC(=O)[C@H](CC(C)C)NC(=O)[C@H](CCCC[NH3+])NC(=O)[C@H](CC(C)C)NC(=O)CNC(=O)[C@H](CC(C)C)NC(=O)[C@@H](N)CCCC[NH3+])C(=O)N[C@@H](CCCC[NH3+])C(=O)NCC(=O)NCC(=O)N[C@@H](CC(C)C)C(=O)N[C@@H](CCCC[NH3+])C(=O)N[C@@H](CC(C)C)C(=O)NCC=O,1,3.266429,4
C[C@H](N)C(=O)N[C@@H](CS)C(=O)N[C@@H](CO)C(=O)NCC(=O)N[C@@H](CO)C(=O)NCC(=O)N[C@@H](CO)C(=O)NCC(=O)N[C@@H](CS)C(=O)NCC(=O)N[C@@H](CO)C(=O)NCC(=O)N[C@@H](CO)C(=O)NCC(=O)N[C@@H](CO)C(=O)N[C@@H](CS)C(=O)NCC(=O)N[C@@H](CCCNC(N)=[NH2+])C(=O)N[C@@H](CCCNC(N)=[NH2+])C(=O)N[C@@H](CCCNC(N)=[NH2+])C(=O)N[C@@H](CCCNC(N)=[NH2+])C(=O)N[C@@H](CCCNC(N)=[NH2+])C(=O)N[C@@H](CCCNC(N)=[NH2+])C(=O)N[C@@H](CCCNC(N)=[NH2+])C(=O)N[C@H](C=O)CCCNC(N)=[NH2+],1,6.504399,4
CC[C@H](C)[C@H](NC(=O)[C@H](CCCNC(N)=[NH2+])NC(=O)[C@H](C)NC(O)C(N)CC1CNCN1)C(=O)N[C@@H](CCCC[NH3+])C(=O)N1CCC[C@H]1C(=O)N[C@H](C(=O)N[C@@H](Cc1ccccc1)C(=O)N[C@@H](CCCNC(N)=[NH2+])C(=O)N[C@@H](CCCNC(N)=[NH2+])C(=O)N[C@@H](CC(C)C)C(=O)N[C@@H](CCCC[NH3+])C(=O)N[C@@H](Cc1c[nH]c2ccccc12)C(=O)N[C@@H](CCCC[NH3+])C(=O)N[C@@H](Cc1ccc(O)cc1)C(=O)N[C@@H](CCCC[NH3+])C(=O)NCC(=O)N[C@@H](CCCC[NH3+])C(=O)N[C@@H](Cc1ccccc1)C(=O)N[C@H](C=O)Cc1c[nH]c2ccccc12)[C@@H](C)O,1,5.5970926,4
CC(C)[C@@H](C=O)NC(=O)[C@H](CCCC[NH3+])NC(=O)[C@H](CCCNC(N)=[NH2+])NC(=O)[C@H](CCCC[NH3+])NC(=O)[C@H](CCCC[NH3+])NC(=O)[C@H](CCCC[NH3+])NC(=O)[C@@H]1CCCN1C(=O)[C@H](CCC(N)=O)NC(=O)[C@H](CO)NC(=O)[C@H](Cc1c[nH]c2ccccc12)NC(=O)[C@H](CCC(=O)O)NC(=O)[C@@H](NC(=O)[C@H](Cc1c[nH]c2ccccc12)NC(=O)[C@H](Cc1c[nH]c2ccccc12)NC(=O)[C@@H](NC(=O)[C@H](CCC(=O)O)NC(=O)[C@H](Cc1c[nH]c2ccccc12)NC(=O)[C@H](Cc1c[nH]c2ccccc12)NC(=O)[C@@H](NC(=O)[C@H](CCC(=O)O)NC(=O)[C@@H](N)CCCC[NH3+])[C@@H](C)O)[C@@H](C)O)[C@@H](C)O,1,2.9757433,4
CC(C)C[C@H](NC(=O)[C@H](C)NC(=O)[C@H](CCCC[NH3+])NC(=O)[C@H](CC(C)C)NC(=O)[C@H](C)NC(=O)[C@H](CC(C)C)NC(=O)[C@@H](N)CCCC[NH3+])C(=O)N[C@@H](CCCC[NH3+])C(=O)N[C@@H](C)C(=O)N[C@@H](C)C(=O)N[C@@H](CC(C)C)C(=O)N[C@@H](CCCC[NH3+])C(=O)N[C@@H](CC(C)C)C(=O)N[C@@H](C)C=O,1,7.664701,4
CSCC[C@H](NC(=O)[C@H](CC(C)C)NC(=O)CNC(=O)[C@H](Cc1ccccc1)NC(=O)[C@H](Cc1ccccc1)NC(=O)[C@H](CCC(N)=O)NC(=O)[C@H](CCC(N)=O)NC(=O)[C@H](CC(C)C)NC(=O)[C@H](CC(C)C)NC(=O)[C@H](CCCC[NH3+])NC(=O)[C@H](Cc1c[nH]c2ccccc12)NC(=O)[C@@H](NC(=O)[C@H](CCCC[NH3+])NC(=O)[C@H](CCCNC(N)=[NH2+])NC(=O)[C@H](CCCC[NH3+])NC(=O)[C@H](CCCC[NH3+])NC(=O)[C@H](CCCC[NH3+])NC(=O)[C@@H]1CCCN1)C(C)C)C(N)=O,1,-3.5051785,4
CC[C@H](C)[C@H](NC(=O)[C@H](C)NC(=O)[C@H](Cc1ccccc1)NC(=O)[C@@H](NC(=O)[C@@H](NC(=O)[C@@H](N)CCSC)[C@@H](C)CC)[C@@H](C)CC)C(=O)N[C@@H](C)C(=O)N[C@@H](C)C(=O)N[C@@H](CO)C(=O)NC(CC1CNCN1)C(O)N[C@@H](CCCC[NH3+])C(=O)N[C@H](C=O)CCCC[NH3+],1,8.272021,4
CC[C@H](C)[C@H](NC(=O)[C@H](CCCNC(N)=[NH2+])NC(=O)[C@H](Cc1ccc(O)cc1)NC(O)C(N)CC1CNCN1)C(=O)N[C@@H](CCCC[NH3+])C(=O)N1CCC[C@H]1C(=O)N[C@H](C(=O)N[C@@H](Cc1ccccc1)C(=O)N[C@@H](CCCNC(N)=[NH2+])C(=O)N[C@@H](CCCNC(N)=[NH2+])C(=O)N[C@@H](CC(C)C)C(=O)N[C@@H](CCCC[NH3+])C(=O)N[C@@H](Cc1c[nH]c2ccccc12)C(=O)N[C@@H](CCCC[NH3+])C(=O)N[C@@H](Cc1ccc(O)cc1)C(=O)N[C@@H](CCCC[NH3+])C(=O)NCC(=O)N[C@@H](CCCC[NH3+])C(=O)N[C@@H](Cc1ccccc1)C(=O)N[C@@H](C)C=O)[C@@H](C)O,1,5.450708,4
NC(=[NH2+])NCCC[C@H](NC(=O)[C@H](CCCNC(N)=[NH2+])NC(=O)[C@H](CCCNC(N)=[NH2+])NC(=O)[C@H](CCC(N)=O)NC(=O)[C@H](CCCNC(N)=[NH2+])NC(=O)[C@H](CCCNC(N)=[NH2+])NC(=O)[C@H](CCCC[NH3+])NC(=O)[C@H](CCCC[NH3+])NC(=O)[C@H](CCCNC(N)=[NH2+])NC(=O)CNC(=O)[C@@H](N)Cc1ccc(O)cc1)C(N)=O,1,2.465413,4
CCC[C@H](NC(=O)[C@H](CS)NC(=O)[C@@H](NC(=O)CNC(=O)CN)C(C)C)C(=O)N[C@@H](CCCCN)C(=O)N[C@H](C(=O)N[C@@H](CC(C)C)C(=O)N[C@@H](C)C(=O)N[C@@H](CCCCN)C(=O)N[C@H]1C[SH]2[SH]3C[C@@H](C(=O)NCC(=O)N[C@@H](CO)C(=O)NCC(=O)N[C@@H](CO)C(=O)N[C@H](C=O)CC(=O)O)NC(=O)[C@H](Cc4ccc(O)cc4)NC(=O)CNC(=O)[C@H](CC(N)=O)NC(=O)CNC(=O)[C@H](CCCNC(=N)N)NC(=O)[C@@H]4CSS32C[C@H](NC(=O)[C@H](CC(=O)O)NC(=O)[C@H](CO)NC(=O)[C@H](CC(=O)O)NC(=O)[C@H](CCCNC(=N)N)NC(=O)[C@H](CCCNC(=N)N)NC1=O)C(=O)N1CCC[C@H]1C(=O)NCC(=O)N[C@@H](C)C(=O)N[C@@H](CS)C(=O)N[C@@H]([C@@H](C)CC)C(=O)N4)[C@@H](C)CC,1,-0.20033379,4
CC[C@H](C)[C@H](NC(=O)[C@H](CCCC[NH3+])NC(=O)[C@@H](NC(=O)[C@H](CCC(N)=O)NC(=O)[C@@H]([NH3+])CCCNC(N)=[NH2+])[C@@H](C)CC)C(=O)N[C@@H](Cc1c[nH]c2ccccc12)C(=O)N[C@@H](Cc1ccccc1)C(=O)N[C@@H](CCC(N)=O)C(=O)N[C@@H](CC(N)=O)C(=O)N[C@@H](CCCNC(N)=[NH2+])C(=O)N[C@@H](CCCNC(N)=[NH2+])C(=O)N[C@@H](CCSC)C(=O)N[C@@H](CCCC[NH3+])C(=O)N[C@@H](Cc1c[nH]c2ccccc12)C(=O)N[C@@H](CCCC[NH3+])C(=O)N[C@@H](CCCC[NH3+])C(=O)O,1,4.5288815,4
CC[C@H](C)[C@H](NC(=O)[C@H](CCCC[NH3+])NC(=O)[C@@H](NC(=O)[C@H](CCC(N)=O)NC(=O)[C@@H]([NH3+])CCCNC(N)=[NH2+])[C@@H](C)CC)C(=O)N[C@@H](Cc1c[nH]c2ccccc12)C(=O)N[C@@H](Cc1ccccc1)C(=O)N[C@@H](CCC(N)=O)C(=O)N[C@@H](CC(N)=O)C(=O)N[C@@H](CCCNC(N)=[NH2+])C(=O)N[C@@H](CCCNC(N)=[NH2+])C(=O)N[C@@H](CCSC)C(=O)N[C@@H](CCCC[NH3+])C(=O)N[C@@H](Cc1c[nH]c2ccccc12)C(=O)N[C@@H](CCCC[NH3+])C(=O)N[C@@H](CCCC[NH3+])C(=O)O,1,4.5288815,4
NC(=[NH2+])NCCC[C@@H](C=O)NC(=O)[C@H](CCCNC(N)=[NH2+])NC(=O)[C@H](CCCNC(N)=[NH2+])NC(=O)[C@H](CCC(N)=O)NC(=O)[C@H](CCCNC(N)=[NH2+])NC(=O)[C@H](CCCNC(N)=[NH2+])NC(=O)[C@H](CCCC[NH3+])NC(=O)[C@H](CCCC[NH3+])NC(=O)[C@H](CCCNC(N)=[NH2+])NC(=O)CNC(=O)[C@@H](N)Cc1ccc(O)cc1,1,8.244615,4
NC(=[NH2+])NCCC[C@@H](N)C(=O)N[C@H](CCCNC(N)=[NH2+])C(=O)N[C@H](CCCNC(N)=[NH2+])C(=O)N[C@H](CCCNC(N)=[NH2+])C(=O)N[C@H](CCCNC(N)=[NH2+])C(=O)N[C@H](CCCNC(N)=[NH2+])C(=O)N[C@H](CCCNC(N)=[NH2+])C(=O)N[C@@H](C=O)CCCNC(N)=[NH2+],1,9.338014,4
CC[C@H](C)[C@H](NC(=O)[C@@H](NC(=O)[C@H](CO)NC(=O)[C@H](C)NC(=O)[C@@H](NC(=O)[C@H](CCCC[NH3+])NC(=O)[C@H](CCCC[NH3+])NC(=O)[C@@H](NC(=O)[C@@H](NC(=O)[C@H](CCCC[NH3+])NC(=O)[C@H](Cc1ccccc1)NC(=O)[C@H](CC(C)C)NC(=O)CN)C(C)C)[C@@H](C)CC)C(C)C)C(C)C)C(=O)NCC(=O)NCC(=O)N[C@@H](CC(C)C)C(N)=O,0,-4.053186,4
CC(C)[C@H](NC(=O)[C@H](CCCNC(N)=[NH2+])NC(=O)[C@H](CS)NC(=O)[C@H](C)NC(=O)[C@@H]1CCCN1C(O)C(CC1CNCN1)NC(=O)[C@H](CO)NC(=O)[C@H](CS)NC(=O)[C@H](CS)NC(=O)CN)C(=O)NC(CC1CNCN1)C(O)N[C@@H](Cc1ccc(O)cc1)C(=O)N1CCC[C@H]1C(=O)NC(CC1CNCN1)C(O)N[C@H](C(=O)N[C@@H](CS)C(=O)N[C@@H](Cc1ccc(O)cc1)C(N)=O)C(C)C,0,-6.334332,4
CSCC[C@H](NC(=O)[C@H](C)NC(C)=O)C(=O)N[C@H](C(=O)N[C@@H](CO)C(=O)N[C@H](C=O)CO)C(C)C,0,3.4411328,4
CSCC[C@H](NC(=O)CNC(=O)[C@H](Cc1ccccc1)NC(=O)CN)C(=O)N[C@@H](C)C(=O)N[C@@H](CC(C)C)C(=O)NC(CCC[NH3+])C(O)N[C@@H](CC(C)C)C(=O)N[C@@H](CC(C)C)C(=O)NC(CCC[NH3+])C(O)NC(CCC[NH3+])C(O)N[C@H](C(=O)N[C@@H](CC(C)C)C(N)=O)C(C)C,0,-4.780152,4
CC[C@H](C)[C@H](NC(=O)CNC(=O)[C@H](CCCC[NH3+])NC(=O)[C@@H](NC(=O)[C@H](CC(C)C)NC(=O)[C@H](CO)NC(=O)CNC(=O)[C@H](CC(C)C)NC(=O)CNC(=O)[C@H](C)NC(=O)[C@H](CCCC[NH3+])NC(=O)[C@H](Cc1ccccc1)NC(=O)[C@@H](NC(=O)[C@H](CC(=O)O)NC(=O)[C@H](CCCC[NH3+])NC(=O)[C@H](CC(C)C)NC(=O)CN)[C@@H](C)CC)C(C)C)C(=O)N[C@@H](C)C(=O)N[C@@H](C)C(=O)NC(CC1CNCN1)C(O)N[C@H](C(=O)N[C@@H](C)C(=O)N[C@@H](CC(N)=O)C(N)=O)C(C)C,0,-3.9436283,4
CC(C)[C@H](N)C(=O)NCC(=O)N[C@@H](CCC(=O)O)C(=O)N[C@@H](C)C(=O)N[C@@H](CS)C(=O)N[C@@H](CS)C(=O)N[C@@H](CCCC[NH3+])C(=O)N[C@@H](CC(N)=O)C(=O)NCC(=O)N[C@@H](CCCC[NH3+])C(=O)N[C@@H](CCCNC(N)=[NH2+])C(=O)NCC(=O)N[C@@H](CS)C(=O)NCC(=O)N[C@@H](CCCNC(N)=[NH2+])C(=O)N[C@@H](Cc1c[nH]c2ccccc12)C(=O)N[C@@H](CS)C(=O)N[C@@H](CCCNC(N)=[NH2+])C(=O)N[C@@H](CC(=O)O)C(=O)NC(CC1CNCN1)C(O)N[C@@H](CO)C(=O)N[C@@H](CCCNC(N)=[NH2+])C(=O)N[C@@H](CS)C(=O)N[C@@H](CS)C(N)=O,0,-5.573851,4
CC[C@H](C)[C@H](NC(=O)[C@H](Cc1ccccc1)NC(=O)[C@H](CO)NC(=O)[C@H](CCCC[NH3+])NC(=O)[C@H](Cc1c[nH]c2ccccc12)NC(=O)[C@@H](N)CCCC[NH3+])C(=O)N[C@@H](CCCC[NH3+])C(=O)N[C@@H](CCCC[NH3+])C(=O)N[C@@H](CC(C)C)C(=O)N[C@H](C(=O)N[C@@H](CO)C(=O)N[C@@H](CCCC[NH3+])C(=O)N[C@@H](Cc1ccccc1)C(=O)N[C@@H](CC(C)C)C(=O)NC(CC1CNCN1)C(O)N[C@@H](CO)C(=O)N[C@@H](C)C(=O)N[C@@H](CC(=O)O)C(=O)N[C@@H](CCCC[NH3+])C(=O)N[C@@H](Cc1ccccc1)C(N)=O)[C@@H](C)O,0,-3.951363,4
CC[C@H](C)[C@H](NC(=O)[C@H](CC(C)C)NC(=O)[C@H](CCCC[NH3+])NC(=O)CNC(=O)[C@H](CC(C)C)NC(=O)[C@@H](NC(=O)[C@H](CCCC[NH3+])NC(=O)[C@H](CCCC[NH3+])NC(=O)[C@H](Cc1c[nH]c2ccccc12)NC(=O)[C@H](CCCC[NH3+])NC(=O)CN)[C@@H](C)CC)C(=O)N[C@@H](CCCNC(N)=[NH2+])C(N)=O,0,-4.7191453,4
CC[C@H](C)[C@H](NC(=O)[C@H](CO)NC(=O)[C@H](C)NC(=O)[C@@H](NC(=O)[C@H](CCCC[NH3+])NC(=O)[C@H](CCCC[NH3+])NC(=O)[C@H](Cc1c[nH]c2ccccc12)NC(=O)[C@@H](NC(=O)[C@@H](N)CC(N)=O)[C@@H](C)CC)[C@@H](C)CC)C(=O)N[C@@H](C)C(=O)N[C@@H](CCCC[NH3+])C(=O)N[C@@H](CCC(=O)O)C(=O)N[C@H](C(=O)N[C@@H](CC(C)C)C(=O)N[C@@H](CCCC[NH3+])C(=O)N[C@@H](C)C(=O)N[C@@H](CC(C)C)C(N)=O)C(C)C,0,-2.2958763,4
CC[C@H](C)[C@H](NC(=O)[C@H](CCCC[NH3+])NC(=O)CNC(=O)[C@H](CC(C)C)NC(=O)[C@H](CO)NC(=O)[C@H](CCCC[NH3+])NC(=O)[C@H](CCCC[NH3+])NC(=O)[C@H](Cc1c[nH]c2ccccc12)NC(=O)[C@H](CO)NC(=O)[C@@H](N)C(C)C)C(=O)N[C@H](C(=O)N[C@@H](CCCC[NH3+])C(=O)N[C@H](C(=O)N[C@H](C(=O)N[C@@H](CCCC[NH3+])C(N)=O)C(C)C)C(C)C)[C@@H](C)CC,0,-5.003435,4
CSCC[C@H](N)C(=O)N[C@@H](CS)C(=O)N1CCC[C@H]1C(=O)N1CCC[C@H]1C(=O)N[C@@H](CC(C)C)C(=O)N[C@@H](CS)C(=O)N[C@@H](C)C(=O)N1CCC[C@H]1C(=O)N[C@@H](CO)C(=O)N[C@@H](CS)C(=O)N[C@H](C(=O)N[C@@H](CC(N)=O)C(=O)N[C@@H](CS)C(N)=O)[C@@H](C)O,0,-5.3956723,4
CC[C@H](C)[C@H](N)C(=O)N[C@@H](CC(C)C)C(=O)N1CCC[C@H]1C(=O)N[C@@H](Cc1c[nH]c2ccccc12)C(=O)N[C@@H](CCCC[NH3+])C(=O)N[C@@H](C)C(=O)N1CCC[C@H]1C(=O)N[C@@H](C)C(=O)N[C@@H](C)C(=O)N1CCC[C@H]1C(=O)N[C@@H](C)C(=O)N[C@@H](CCCNC(N)=[NH2+])C(=O)N[C@@H](CCCNC(N)=[NH2+])C(N)=O,0,-2.8020248,4
CC[C@H](C)[C@H](NC(=O)[C@H](CO)NC(=O)[C@@H](NC(=O)[C@H](CS)NC(=O)[C@H](CCCC[NH3+])NC(=O)CNC(=O)[C@H](CCCNC(N)=[NH2+])NC(=O)[C@H](CO)NC(=O)[C@H](CS)NC(=O)[C@H](CCSC)NC(=O)[C@H](CC(C)C)NC(=O)CNC(=O)[C@H](CCSC)NC(=O)[C@H](CS)NC(=O)[C@H](CS)NC(=O)[C@@H](NC(O)C1CC(O)CN1C(O)C1CC(O)CN1C(=O)[C@H](CS)NC(=O)[C@H](CCCNC(N)=[NH2+])NC(=O)[C@H](CO)NC(=O)[C@H](CC(=O)O)NC(=O)[C@H](CCCNC(N)=[NH2+])NC(=O)CNC(=O)[C@H](CO)NC(=O)[C@H](CS)NC(=O)[C@@H](N)CO)C(C)C)C(C)C)C(=O)N[C@@H](Cc1ccc(O)cc1)C(=O)NCC(=O)N[C@H](C=O)CCC(=O)O,0,-2.079433,4
CC[C@H](C)[C@H](NC(=O)CN)C(=O)NCC(=O)N[C@@H](CO)C(=O)N[C@@H](C)C(=O)N[C@H](C(=O)N[C@@H](CC(C)C)C(=O)N[C@@H](CO)C(=O)N[C@@H](C)C(=O)NCC(=O)N[C@@H](CCCC[NH3+])C(=O)N[C@@H](CO)C(=O)N[C@@H](C)C(=O)N[C@@H](CC(C)C)C(=O)N[C@@H](CCCC[NH3+])C(=O)NCC(=O)N[C@@H](CC(C)C)C(=O)N[C@@H](C)C(=O)N[C@@H](CCCC[NH3+])C(=O)NCC(=O)N[C@@H](CC(C)C)C(=O)N[C@@H](C)C(=O)N[C@@H](CCC(=O)O)C(=O)NC(CC1CNCN1)C(O)N[C@@H](Cc1ccccc1)C(=O)N[C@@H](C)C(=O)N[C@@H](CC(N)=O)C(N)=O)[C@@H](C)CC,0,-3.6222186,4
CC[C@H](C)[C@H](N)C(=O)N[C@@H](CC(C)C)C(=O)NCC(=O)N[C@@H](CCCC[NH3+])C(=O)N[C@@H](CC(C)C)C(=O)N[C@@H](CC(C)C)C(=O)N[C@@H](CCCC[NH3+])C(=O)N[C@H](C(=O)N[C@@H](C)C(=O)N[C@@H](C)C(=O)N[C@@H](CCCC[NH3+])C(=O)N[C@@H](CC(C)C)C(=O)N[C@@H](CC(C)C)C(=O)N[C@@H](CO)C(=O)N[C@@H](CC(N)=O)C(=O)N[C@@H](CC(C)C)C(N)=O)[C@@H](C)O,0,-3.6459222,4
C[C@H](NC(=O)[C@@H]1CCCN1C(O)C(CC1CNCN1)NC(=O)[C@H](CS)NC(=O)[C@H](CS)NC(=O)[C@@H](N)CCC(=O)O)C(=O)N[C@@H](CS)C(=O)NCC(=O)N[C@@H](CCCC[NH3+])C(=O)NC(CC1CNCN1)C(O)N[C@@H](Cc1ccccc1)C(=O)N[C@@H](CO)C(=O)N[C@@H](CS)C(N)=O,0,-6.590621,4
C[C@H](NC(=O)[C@H](C)NC(=O)[C@H](CCCC[NH3+])NC(=O)[C@H](C)NC(=O)[C@H](Cc1ccccc1)NC(=O)[C@H](Cc1c[nH]c2ccccc12)NC(=O)[C@H](CCCC[NH3+])NC(=O)[C@H](Cc1ccccc1)NC(=O)[C@H](CCCC[NH3+])NC(=O)[C@H](CCCC[NH3+])NC(=O)[C@H](C)NC(=O)[C@H](Cc1ccccc1)NC(=O)[C@@H](N)CCCC[NH3+])C(=O)N[C@@H](Cc1ccccc1)C(=O)N[C@@H](CCCC[NH3+])C(=O)N[C@@H](Cc1ccccc1)C(=O)N[C@@H](Cc1ccccc1)C(=O)N[C@@H](CCCC[NH3+])C(=O)N[C@@H](CCCC[NH3+])C(N)=O,0,-2.3196135,4
CC(C)C[C@H](NC(=O)[C@H](CCCC[NH3+])NC(=O)[C@@H](N)CCCC[NH3+])C(=O)N[C@@H](Cc1ccccc1)C(=O)N[C@@H](CCCC[NH3+])C(=O)N[C@@H](CCCC[NH3+])C(=O)N[C@H](CC(C)C)C(=O)N[C@H](CC(C)C)C(=O)N[C@H](CCCC[NH3+])C(=O)N[C@H](Cc1ccc(O)cc1)C(=O)N[C@H](CC(C)C)C(N)=O,0,-2.1756902,4
CC[C@H](C)[C@H](NC(=O)[C@H](Cc1ccccc1)NC(=O)[C@H](CCCC[NH3+])NC(=O)[C@H](C)NC(=O)[C@@H](NC(=O)[C@H](CO)NC(=O)[C@H](CCCC[NH3+])NC(=O)[C@H](CCSC)NC(=O)[C@H](C)NC(=O)[C@H](CCCC[NH3+])NC(=O)[C@H](Cc1ccccc1)NC(=O)[C@H](Cc1c[nH]c2ccccc12)NC(=O)CNC(=O)[C@H](CCCC[NH3+])NC(=O)[C@@H](N)CCCNC(N)=[NH2+])[C@@H](C)CC)C(=O)N[C@@H](C)C(=O)N[C@@H](CCCC[NH3+])C(=O)N[C@@H](CCC(=O)O)C(=O)N[C@@H](CCCC[NH3+])C(=O)N[C@@H](CC(C)C)C(=O)N[C@@H](CCCC[NH3+])C(=O)N[C@@H](CCC(=O)O)C(=O)NC(CC1CNCN1)C(O)N[C@@H](CC(C)C)C(N)=O,0,0.63354397,4
C[C@H](NC(=O)[C@H](C)NC(=O)[C@H](Cc1ccccc1)NC(=O)[C@H](C)NC(=O)[C@H](C)NC(=O)[C@H](Cc1c[nH]c2ccccc12)NC(=O)[C@H](C)NC(=O)[C@H](C)NC(=O)[C@H](Cc1ccccc1)NC(=O)[C@H](C)NC(=O)[C@H](C)NC(=O)[C@H](CCCC[NH3+])NC(=O)[C@H](CCCC[NH3+])NC(=O)[C@H](CCCC[NH3+])NC(=O)[C@H](CCCC[NH3+])NC(=O)[C@H](CCCC[NH3+])NC(=O)[C@@H](N)CCCC[NH3+])C(N)=O,0,-1.4134588,4
CC(C)C[C@@H](NC(=O)[C@@H](C)NC(=O)[C@H]1CCCN1C(=O)[C@@H](CC(C)C)NC(=O)[C@@H](Cc1c[nH]c2ccccc12)NC(O)C(CC1CNCN1)NC(=O)[C@@H](CCCC[NH3+])NC(=O)[C@@H](CC(C)C)NC(=O)[C@@H](C)NC(=O)[C@@H](CCCC[NH3+])NC(=O)[C@@H](C)NC(=O)[C@@H](CC(C)C)NC(=O)[C@@H](C)NC(=O)[C@@H](CCCC[NH3+])NC(=O)[C@H](N)CCCC[NH3+])C(=O)NC(CC1CNCN1)C(O)N[C@H](CCCC[NH3+])C(=O)N[C@H](CC(C)C)C(=O)N[C@H](C)C(=O)N[C@H](CCCC[NH3+])C(=O)N[C@H](C)C(=O)N[C@H](CC(C)C)C(=O)N[C@H](C)C(=O)N[C@H](CCCC[NH3+])C(=O)N[C@H](CCCC[NH3+])C(N)=O,0,1.2883906,4
CC[C@H](C)[C@H](NC(=O)CN)C(=O)NCC(=O)N[C@@H](C)C(=O)N[C@H](C(=O)N[C@@H](CC(C)C)C(=O)N[C@@H](CCCC[NH3+])C(=O)N[C@H](C(=O)N[C@@H](CC(C)C)C(=O)N[C@@H](C)C(=O)N[C@@H](CC(C)C)C(=O)N[C@H](C(=O)N[C@@H](CO)C(=O)N[C@@H](Cc1c[nH]c2ccccc12)C(=O)N[C@H](C(=O)N[C@@H](CCCC[NH3+])C(=O)N[C@@H](CCCNC(N)=[NH2+])C(=O)N[C@@H](CCCC[NH3+])C(=O)N[C@@H](CCCNC(N)=[NH2+])C(N)=O)[C@@H](C)CC)[C@@H](C)CC)C(C)C)C(C)C,0,-4.361563,4
CC[C@H](C)[C@H](NC(=O)[C@H](CCCC[NH3+])NC(=O)[C@H](CCCC[NH3+])NC(=O)[C@H](C)NC(=O)[C@@H](NC(=O)CNC(=O)[C@H](CCCNC(N)=[NH2+])NC(=O)[C@H](CC(C)C)NC(=O)[C@@H](NC(=O)[C@@H](N)CCCC[NH3+])[C@@H](C)CC)C(C)C)C(=O)N[C@@H](CCSC)C(=O)N[C@@H](CCCNC(N)=[NH2+])C(=O)N[C@H](C(=O)N[C@@H](Cc1ccccc1)C(=O)N[C@@H](CC(C)C)C(=O)N[C@@H](CCCNC(N)=[NH2+])C(=O)N[C@@H](CCCNC(N)=[NH2+])C(=O)N[C@H](C(=O)N[C@@H](CO)C(=O)N[C@@H](CCCC[NH3+])C(=O)N[C@@H](CC(=O)O)C(=O)N[C@H](C(=O)N[C@@H](CC(C)C)C(=O)N[C@H](C(=O)NCC(=O)N[C@@H](CCCC[NH3+])C(=O)N[C@@H](CCCC[NH3+])C(N)=O)[C@@H](C)O)[C@@H](C)CC)[C@@H](C)CC)[C@@H](C)O,0,-1.566952,4
CC[C@H](C)[C@H](NC(=O)[C@H](C)NC(O)C(CC1CNCN1)NC(=O)[C@@H]1CCCN1C(=O)[C@@H](NC(=O)[C@H](CC(C)C)NC(=O)[C@H](CO)NC(=O)[C@H](CC(C)C)NC(=O)[C@@H](N)Cc1ccccc1)[C@@H](C)CC)C(=O)N[C@@H](CC(N)=O)C(=O)N[C@@H](C)C(=O)N[C@H](C(=O)N[C@@H](CO)C(=O)N[C@H](C(=O)N[C@@H](CC(C)C)C(=O)N[C@H](C(=O)NC(CC1CNCN1)C(O)NC(CC1CNCN1)C(O)N[C@@H](CO)C(N)=O)C(C)C)[C@@H](C)O)C(C)C,0,-4.2854605,4
CC(C)C[C@H](NC(=O)[C@H](CCCC[NH3+])NC(=O)[C@H](Cc1ccc(O)cc1)NC(=O)CNC(=O)[C@H](CS)NC(=O)[C@H](CS)NC(=O)[C@@H](NC(=O)CNC(=O)[C@@H](N)CC(N)=O)C(C)C)C(=O)N[C@@H](CS)C(=O)NC(CC1CNCN1)C(O)N1CC(O)CC1C(O)N[C@H](C=O)CS,0,-3.3791382,4
CC[C@H](C)[C@H](N)C(=O)N[C@@H](Cc1c[nH]c2ccccc12)C(=O)N[C@@H](CC(C)C)C(=O)N[C@H](C(=O)N[C@@H](C)C(=O)N[C@@H](CC(C)C)C(=O)N[C@@H](CCCC[NH3+])C(=O)N[C@@H](Cc1ccccc1)C(=O)N[C@@H](CC(C)C)C(=O)NCC(=O)N[C@@H](CCCC[NH3+])C(=O)NC(CC1CNCN1)C(O)N[C@@H](C)C(=O)N[C@@H](C)C(=O)N[C@@H](CCCC[NH3+])C(=O)NC(CC1CNCN1)C(O)N[C@@H](CC(C)C)C(=O)N[C@@H](C)C(=O)N[C@@H](CCCC[NH3+])C(=O)N[C@@H](CCC(N)=O)C(=O)N[C@@H](CCC(N)=O)C(=O)N[C@@H](CC(C)C)C(=O)N[C@@H](CO)C(=O)N[C@@H](CCCC[NH3+])C(=O)N[C@@H](CC(C)C)C(N)=O)[C@@H](C)O,0,-1.7912399,4
CCCC(CO)NC(=O)[C@@H]1CCCN1C(=O)[C@@H](NC(=O)[C@@H](NC(=O)[C@H](CC(=O)O)NC(C)=O)[C@@H](C)CC)C(C)C,0,-2.9855175,4
CC(C)C[C@H](NC(=O)[C@H](CC(C)C)NC(=O)[C@H](CCCC[NH3+])NC(=O)[C@H](CCCC[NH3+])NC(=O)[C@H](CC(C)C)NC(=O)[C@H](CC(C)C)NC(=O)[C@H](CCCC[NH3+])NC(=O)[C@H](CC(C)C)NC(=O)[C@@H]1CCCN1C(=O)[C@H](CCCC[NH3+])NC(=O)[C@H](CCCC[NH3+])NC(=O)[C@H](CC(C)C)NC(=O)[C@H](CC(C)C)NC(=O)[C@H](CCCC[NH3+])NC(=O)[C@H](CCCC[NH3+])NC(=O)[C@H](Cc1c[nH]c2ccccc12)NC(=O)[C@@H](N)CCCC[NH3+])C(N)=O,0,-3.3568926,4
N=C(N)NCCC[C@H](NC(=O)[C@@H]1CCCN1C(=O)[C@@H]1CSSC[C@H](N)C(=O)N[C@@H](Cc2ccc(O)cc2)C(=O)N[C@@H](Cc2ccccc2)C(=O)N[C@@H](CCC(N)=O)C(=O)N[C@@H](CC(N)=O)C(=O)N1)C(=O)NCC(N)=O,0,-4.8022404,4
CC[C@H](C)[C@@H](NC(=O)[C@@H](C)NC(=O)[C@@H](CCCC[NH3+])NC(=O)[C@@H](CC(C)C)NC(=O)[C@@H](CC(C)C)NC(=O)[C@H](NC(O)C(CC1CNCN1)NC(=O)[C@@H](CC(C)C)NC(=O)[C@H](NC(=O)[C@H](NC(=O)[C@@H](CCCC[NH3+])NC(=O)[C@@H](CCCC[NH3+])NC(=O)[C@@H](CC(C)C)NC(=O)[C@@H](CO)NC(=O)[C@@H](CCCC[NH3+])NC(=O)[C@@H](Cc1ccccc1)NC(=O)[C@H](NC(=O)[C@@H](CCCC[NH3+])NC(=O)[C@@H](CC(C)C)NC(=O)[C@@H](Cc1ccccc1)NC(=O)[C@@H](CO)NC(=O)[C@@H](CCCC[NH3+])NC(=O)[C@@H](Cc1c[nH]c2ccccc12)NC(=O)[C@@H](CCCC[NH3+])NC(C)=O)[C@@H](C)O)[C@@H](C)O)C(C)C)[C@@H](C)O)C(=O)N[C@H](CO)C(=O)N[C@@H](CO)C(N)=O,0,-4.4558396,4
C[C@@H]1NC(=O)[C@@H]2CSSC[C@H](NC(=O)C[NH3+])C(=O)N[C@@H](CSSC[C@@H](C(N)=O)NC(=O)[C@H](CCCNC(N)=[NH2+])NC(=O)[C@H](Cc3c[nH]c4ccccc34)NC1=O)C(=O)N[C@@H](CO)C(=O)N[C@@H](CC(=O)O)C(=O)N1CCC[C@H]1C(=O)N[C@@H](CCCNC(N)=[NH2+])C(=O)N2,0,-5.1851916,4
CC(C)C[C@@H]1NC(=O)[C@@H](Cc2c[nH]c3ccccc23)NC(=O)[C@H](CCCC[NH3+])NC(O)C(CO)N(C)C(=O)[C@H](CC(N)=O)NC(=O)[C@@H](CCC(=O)O)NC(=O)[C@H](CO)NC(O)C(CC2CNC3CCCCC23)N(C)C1=O,0,-6.83641,4
CC[C@H](C)[C@H](NC(O)C(CC1CNCN1)NC(=O)[C@H](CCCC[NH3+])NC(=O)[C@H](CC(C)C)NC(=O)[C@H](CC(C)C)NC(=O)[C@H](CO)NC(=O)[C@H](CCSC)NC(=O)[C@H](Cc1c[nH]c2ccccc12)NC(=O)[C@H](CCCC[NH3+])NC(=O)CN)C(=O)N[C@@H](CC(C)C)C(=O)N[C@@H](CCCC[NH3+])C(N)=O,0,-5.0192585,4
CSCC[C@H](NC(=O)[C@H](CCC(=O)O)NC(=O)[C@H](CC(=O)O)NC(C)=O)C(=O)N[C@@H](CCC(=O)O)C(=O)NC(CC1CCC2CCCCC2C1)C(O)N[C@H](C=O)CS,0,-1.9586071,4
CC(C)C[C@H]1NC(=O)CNC(=O)[C@@H](CC(N)=O)NC(=O)[C@H](CCCNC(N)=[NH2+])NC(=O)[C@H]([C@@H](C)O)NC(=O)[C@H](CS)NC(=O)[C@H](C(C)C)NC(=O)[C@@H]2CCCN2C(=O)[C@H](Cc2c[nH]c3ccccc23)NC(=O)[C@H](CO)NC(=O)[C@H](CS)NC(=O)[C@H](CO)NC(=O)[C@H](CS)NC(=O)CNC(=O)[C@@H]2CCCN2C(=O)[C@H]([C@@H](C)O)NC(=O)[C@H](Cc2ccc(O)cc2)NC(=O)[C@H](CS)NC(=O)[C@H](CO)NC(=O)CNC(=O)[C@H](Cc2ccccc2)NC(=O)[C@H](C)NC(=O)[C@H](CS)NC(=O)[C@H]([C@@H](C)O)NC(=O)[C@H](CCC(=O)O)NC(=O)CNC(=O)[C@H](CS)NC(=O)[C@H](C(C)C)NC(=O)[C@@H]2CCCN2C1=O,0,-5.8957925,4
CC(C)[C@@H]1NC(=O)[C@H](CCCC[NH3+])NC(=O)[C@H](C)NC(=O)[C@@H]2CCCN2C(=O)[C@@H](Cc2ccc(O)cc2)NC(=O)[C@H](C(C)C)NC(=O)[C@@H](CCCC[NH3+])NC(=O)[C@H](C)NC(=O)[C@H](CCCC[NH3+])NC(=O)[C@H](C(C)C)NC(=O)[C@H]2CCCN2C(=O)[C@@H](Cc2ccc(O)cc2)NC(=O)[C@H](C)NC(=O)[C@H](CCCC[NH3+])NC1=O,0,-6.1393228,4
CC[C@H](C)[C@H](NC(=O)CNC(=O)[C@H](C)NC(=O)[C@H](CS)NC(=O)[C@H](C)NC(=O)[C@H](C)NC(=O)[C@H](CCCNC(N)=[NH2+])NC(=O)[C@H](CO)NC(=O)[C@H](CS)NC(=O)[C@H](CS)NC(=O)CN)C(=O)NC(CC1CNCN1)C(O)N[C@@H](CCC(N)=O)C(=O)N[C@@H](CCC(=O)O)C(=O)N[C@@H](CC(C)C)C(=O)N[C@@H](CS)C(N)=O,0,-5.1744857,4
CC(C)C[C@H](NC(=O)[C@H](CCCNC(N)=[NH2+])NC(=O)[C@H](CCCC[NH3+])NC(=O)[C@H](CCCC[NH3+])NC(=O)[C@H](CC(C)C)NC(=O)[C@H](CC(N)=O)NC(=O)[C@H](C)NC(=O)[C@H](Cc1ccccc1)NC(=O)[C@H](CCCNC(N)=[NH2+])NC(=O)[C@H](CCCNC(N)=[NH2+])NC(=O)[C@H](CCCC[NH3+])NC(=O)[C@H](Cc1ccccc1)NC(=O)[C@H](CO)NC(=O)[C@H](C)NC(=O)CNC(=O)[C@H](Cc1ccccc1)NC(=O)[C@H](CCCC[NH3+])NC(=O)[C@H](CCCC[NH3+])NC(=O)[C@H](Cc1ccccc1)NC(=O)[C@H](Cc1ccc(O)cc1)NC(=O)[C@H](CCC(=O)O)NC(=O)[C@H](CCCC[NH3+])NC(=O)[C@H](CCCNC(N)=[NH2+])NC(=O)[C@H](CCCC[NH3+])NC(=O)CNC(=O)[C@H](Cc1ccccc1)NC(=O)[C@H](Cc1ccccc1)NC(=O)CN)C(N)=O,0,-1.3846238,4
CC[C@H](C)[C@H](NC(=O)[C@@H](N)CCCC[NH3+])C(=O)N[C@@H](CCCC[NH3+])C(=O)N[C@H](C(=O)N1CCC[C@H]1C(=O)N[C@@H](Cc1c[nH]c2ccccc12)C(=O)NCC(=O)N[C@@H](CCCC[NH3+])C(=O)N[C@H](C(=O)N[C@@H](CCCC[NH3+])C(=O)N[C@@H](CC(=O)O)C(=O)N[C@@H](Cc1ccccc1)C(=O)N[C@@H](CC(C)C)C(=O)N[C@H](C(=O)NCC(=O)NCC(=O)N[C@@H](CCSC)C(=O)N[C@@H](CCCC[NH3+])C(=O)N[C@@H](C)C(=O)N[C@H](C(N)=O)C(C)C)C(C)C)C(C)C)[C@@H](C)CC,0,-3.2301934,4
CC[C@H](C)[C@H](NC(=O)[C@H](Cc1ccccc1)NC(=O)[C@@H]1CCCN1C(=O)[C@H](C)NC(=O)[C@@H](NC(=O)[C@@H](N)CC(C)C)[C@@H](C)CC)C(=O)N[C@@H](CCCNC(N)=[NH2+])C(=O)N[C@@H](CC(=O)O)C(=O)N[C@@H](Cc1ccc(O)cc1)C(=O)N[C@@H](CS)C(=O)N[C@@H](CS)C(=O)N1CCC[C@H]1C(=O)N[C@@H](CCCNC(N)=[NH2+])C(=O)NCC(=O)N1CCC[C@H]1C(=O)N[C@@H](CS)C(=O)N[C@@H](CCSC)C(=O)N[C@H](C(=O)N[C@@H](Cc1c[nH]c2ccccc12)C(=O)N[C@@H](CS)C(N)=O)C(C)C,0,-4.677191,4
C[C@H](NC(=O)[C@H](C)NC(=O)[C@H](C)NC(=O)[C@H](Cc1ccccc1)NC(=O)[C@H](C)NC(=O)[C@H](C)NC(=O)[C@H](Cc1c[nH]c2ccccc12)NC(=O)[C@H](C)NC(=O)[C@H](C)NC(=O)[C@H](Cc1ccccc1)NC(=O)[C@H](C)NC(=O)[C@H](C)NC(=O)[C@H](C)NC(=O)[C@H](C)NC(=O)[C@H](C)NC(=O)[C@H](Cc1ccccc1)NC(=O)[C@H](C)NC(=O)[C@H](C)NC(=O)[C@H](C)NC(=O)[C@H](CCCC[NH3+])NC(=O)[C@H](CCCC[NH3+])NC(=O)[C@H](CCCC[NH3+])NC(=O)[C@H](CCCC[NH3+])NC(=O)[C@H](CCCC[NH3+])NC(=O)[C@@H](N)CCCC[NH3+])C(N)=O,0,1.0487359,4
CC(C)C[C@H](NC(=O)[C@H](C)NC(=O)[C@H](CC(C)C)NC(=O)[C@H](C)NC(=O)[C@@H](N)Cc1c[nH]c2ccccc12)C(N)=O,0,-4.3229814,4
CC[C@H](C)[C@H](NC(=O)[C@H](CC(C)C)NC(=O)[C@H](CO)NC(=O)[C@@H](NC(=O)[C@@H](NC(=O)[C@H](CC(C)C)NC(=O)CN)C(C)C)[C@@H](C)O)C(=O)N[C@@H](CCCC[NH3+])C(=O)NCC(=O)N[C@@H](C)C(=O)NCC(=O)N[C@@H](CCCC[NH3+])C(=O)N[C@@H](CC(C)C)C(=O)N[C@@H](CC(C)C)C(=O)NCC(=O)NCC(=O)N[C@@H](CC(C)C)C(=O)N[C@@H](Cc1ccccc1)C(=O)NCC(=O)N[C@@H](CO)C(=O)N[C@H](C(=O)N[C@H](C(=O)NCC(N)=O)[C@@H](C)O)C(C)C,0,-2.8948355,4
CC[C@H](C)[C@H](NC(=O)[C@@H](NC(=O)[C@@H]1CCCN1C(=O)[C@H](CC(C)C)NC(=O)[C@@H](N)Cc1ccccc1)[C@@H](C)CC)C(=O)N[C@H](C(=O)N[C@@H](CC(N)=O)C(=O)N[C@@H](CC(C)C)C(=O)N[C@@H](CC(C)C)C(=O)NCC(=O)N[C@@H](CCCC[NH3+])C(=O)N[C@@H](CC(C)C)C(=O)N[C@@H](CC(C)C)C(N)=O)[C@@H](C)O,0,-3.881515,4
CC[C@H](C)[C@H](NC(=O)[C@@H]1CCCN1C(=O)[C@H](CC(C)C)NC(=O)[C@@H](N)Cc1ccccc1)C(=O)N[C@H](C(=O)NCC(=O)N[C@@H](CCCC[NH3+])C(=O)N[C@@H](CC(C)C)C(=O)N[C@@H](CC(C)C)C(=O)N[C@@H](CO)C(=O)NCC(=O)N[C@@H](CC(C)C)C(=O)N[C@@H](CC(C)C)C(N)=O)C(C)C,0,-4.689307,4
C[C@H](NC(O)C(CC1CNCN1)NC(=O)[C@H](Cc1ccc(O)cc1)NC(=O)[C@H](CCC(=O)O)NC(=O)[C@H](Cc1c[nH]c2ccccc12)NC(=O)[C@@H](N)CC(=O)O)C(=O)NC(CC1CNCN1)C(O)N1CCC[C@H]1C(=O)N[C@@H](CCCC[NH3+])C(=O)N1CC(O)CC1C(O)N[C@@H](CC(N)=O)C(=O)N[C@@H](CO)C(=O)N[C@H](Cc1ccccc1)C(=O)N[C@@H](Cc1c[nH]c2ccccc12)C(=O)N[C@H](C=O)[C@@H](C)O,0,0.5811628,4
CC[C@H](C)[C@H](NC(=O)[C@H](CC(=O)O)NC(=O)[C@H](CCSC)NC(=O)[C@@H](NC(=O)[C@@H](NC(=O)[C@H](CCC(=O)O)NC(=O)[C@H](Cc1ccc(O)cc1)NC(=O)[C@H](Cc1ccccc1)NC(=O)[C@H](CCCCN)NC(=O)[C@H](CCC(N)=O)NC(=O)[C@H](CCC(N)=O)NC(=O)[C@H](CC(C)C)NC(=O)[C@H](CC(=O)O)NC(=O)[C@H](CCCCN)NC(=O)[C@@H](NC(=O)[C@H](CCC(N)=O)NC(=O)[C@H](CC(N)=O)NC(=O)[C@H](Cc1ccc(O)cc1)NC(=O)[C@H](Cc1c[nH]c2ccccc12)NC(=O)[C@H](CCC(=O)O)NC(=O)CNC(=O)[C@H](CC(C)C)NC(=O)[C@@H](NC(=O)[C@@H](NC(=O)[C@H](CC(N)=O)NC(=O)CNC(=O)[C@H](Cc1c[nH]cn1)NC(=O)[C@H](CC(N)=O)NC(=O)[C@@H](N)Cc1c[nH]c2ccccc12)[C@@H](C)CC)[C@@H](C)O)[C@@H](C)O)[C@@H](C)CC)[C@@H](C)CC)C(=O)N[C@@H](CCC(=O)O)C(=O)N[C@@H](CCC(N)=O)C(=O)N[C@@H](CC(N)=O)C(=O)N[C@@H](CC(N)=O)C(=O)N[C@H](C(=O)N[C@@H](CCC(N)=O)C(=O)O)C(C)C,0,-1.3759872,4
CC[C@H](C)[C@@H]1NC(=O)[C@H](C)NC(=O)[C@H](CO)NC(=O)[C@H](CO)NC(=O)[C@H]([C@@H](C)CC)NC(=O)[C@H](CS)NC(=O)[C@@H]2CCCN2C(=O)[C@H]([C@@H](C)CC)NC(=O)[C@H](Cc2c[nH]c3ccccc23)NC(=O)[C@H](C(C)C)NC(=O)[C@H](CS)NC(=O)[C@H](CO)NC(=O)[C@H](CCC(=O)O)NC(=O)CNC(=O)[C@H](CS)NC(=O)[C@H]2CCCN2C(=O)[C@H]([C@@H](C)CC)NC(=O)CNC(=O)[C@H](CC(N)=O)NC(=O)[C@H](CCCNC(N)=[NH2+])NC(=O)[C@H](Cc2ccc(O)cc2)NC(=O)[C@H](CS)NC(=O)[C@H](C(C)C)NC(=O)[C@H](CCCC[NH3+])NC(=O)[C@H](CO)NC(=O)[C@H](CCCC[NH3+])NC(=O)[C@H](CS)NC(=O)[C@H](CO)NC(=O)[C@H](CS)NC(=O)CNC1=O,0,-5.0720944,4
CSCC[C@@H](C=O)NC(=O)[C@H](CC(C)C)NC(=O)CNC(=O)[C@@H](NC(=O)[C@H](Cc1ccccc1)NC(=O)[C@H](CCC(N)=O)NC(=O)[C@H](CC(=O)O)NC(=O)[C@H](CO)NC(=O)[C@H](CCCCN)NC(=O)[C@@H]1CCCN1C(=O)[C@@H](NC(=O)[C@@H](N)CC(=O)O)C(C)C)C(C)C,0,2.550913,4
CC[C@H](C)[C@H](NC(=O)[C@H](CCC(N)=O)NC(=O)[C@@H]1CCCN1C(=O)[C@H](CC(N)=O)NC(O)C(CC1CNCN1)NC(=O)[C@@H](NC(=O)[C@@H](NC(=O)[C@H](CS)NC(=O)[C@@H](NC(=O)[C@@H]1CCCN1C(=O)[C@H](CC(N)=O)NC(=O)[C@H](CO)NC(=O)[C@H](CS)NC(=O)[C@@H](N)CS)C(C)C)[C@@H](C)O)C(C)C)C(=O)N[C@@H](CS)C(N)=O,0,-4.8813195,4
CC(=O)N[C@@H](CC(=O)O)C(=O)N[C@@H](CCC(=O)O)C(=O)N[C@@H](Cc1ccccc1)C(=O)N[C@@H](CCC(=O)O)C(=O)NC(CC1CCCCC1)C(O)N[C@H](C=O)CS,0,-1.9081551,4
CC(C)C[C@H](NC(=O)[C@H](CCCC[NH3+])NC(=O)[C@H](CC(C)C)NC(=O)[C@H](CCCC[NH3+])NC(=O)[C@H](CC(C)C)NC(=O)[C@H](C)NC(=O)[C@H](CCCC[NH3+])NC(=O)[C@H](C)NC(=O)[C@H](CC(C)C)NC(=O)[C@H](CC(C)C)NC(=O)[C@H](CCCC[NH3+])NC(=O)[C@H](C)NC(=O)[C@@H](N)Cc1ccccc1)C(N)=O,0,-3.3462522,4
CC(C)C[C@H](NC(=O)[C@H](CC(N)=O)NC(=O)[C@H](CO)NC(O)C(CC1CNCN1)NC(=O)[C@H](CCC(=O)O)NC(=O)[C@H](CC(C)C)NC(O)C(CC1CNCN1)NC(=O)[C@H](CS)NC(=O)[C@@H](NC(=O)[C@@H]1CCCN1C(=O)[C@H](CC(N)=O)NC(=O)[C@H](CO)NC(=O)[C@H](CS)NC(=O)[C@H](CS)NC(=O)CNC(=O)[C@@H]1CCCN1C(=O)[C@H](CC(=O)O)NC(=O)[C@@H](N)CCCNC(N)=[NH2+])C(C)C)C(=O)N[C@@H](CS)C(N)=O,0,-5.737573,4
C[C@H](NC(=O)[C@H](CS)NC(=O)[C@H](CCCNC(N)=[NH2+])NC(=O)[C@@H]1CCCN1C(=O)[C@H](CC(=O)O)NC(=O)[C@H](CO)NC(=O)[C@H](CS)NC(=O)[C@H](CS)NC(=O)CN)C(=O)N[C@H](C(=O)N[C@@H](CCCNC(N)=[NH2+])C(=O)N[C@@H](CS)C(N)=O)[C@@H](C)O,0,-6.134802,4
CC(C)C[C@@H](NC(=O)[C@@H](C)NC(=O)[C@@H](CC(C)C)NC(=O)[C@@H](CCCC[NH3+])NC(=O)[C@@H](CCCC[NH3+])NC(=O)[C@@H](CC(C)C)NC(=O)[C@@H](C)NC(=O)[C@H]1CCCN1C(=O)[C@@H](CC(C)C)NC(=O)[C@@H](Cc1c[nH]c2ccccc12)NC(=O)[C@@H](CCCC[NH3+])NC(=O)[C@@H](CCCC[NH3+])NC(=O)[C@@H](CC(C)C)NC(=O)[C@@H](C)NC(=O)[C@@H](CC(C)C)NC(=O)[C@@H](CC(C)C)NC(=O)[C@@H](C)NC(=O)[C@@H](CC(C)C)NC(=O)[C@@H](CCCC[NH3+])NC(=O)[C@H](N)CCCC[NH3+])C(=O)N[C@H](CC(C)C)C(=O)N[C@H](C)C(=O)N[C@H](CC(C)C)C(=O)N[C@H](CCCC[NH3+])C(=O)N[C@H](CCCC[NH3+])C(N)=O,0,0.5222796,4
C[C@@H]1NC(=O)[C@@H]2CSSC[C@H](NC(=O)[C@@H](NC(=O)CN)CSSC[C@@H](C(=O)O)NC(=O)[C@H](CCCNC(N)=[NH2+])NC(=O)[C@H](Cc3c[nH]c4ccccc34)NC1=O)C(=O)N[C@@H](CO)C(=O)N[C@@H](CC(=O)O)C(=O)N[C@@H](CCCCN)C(=O)N[C@@H](CCCNC(N)=[NH2+])C(=O)N2,0,-4.662866,4
CC[C@H](C)[C@H](NC(=O)[C@@H](NC(=O)[C@@H]1CCCN1C(=O)[C@@H](NC(=O)[C@@H](NC(O)C(CC1CNCN1)NC(=O)[C@@H]1CCCN1C(=O)[C@H](CC(C)C)NC(=O)[C@H](CC(C)C)NC(O)C(CC1CNCN1)NC(=O)[C@H](CCCC[NH3+])NC(=O)[C@H](C)NC(=O)[C@@H](NC(=O)[C@H](CO)NC(=O)CNC(=O)[C@H](CC(C)C)NC(=O)[C@@H](NC(=O)[C@H](CO)NC(=O)[C@H](Cc1ccccc1)NC(=O)[C@H](CC(C)C)NC(=O)CN)C(C)C)C(C)C)C(C)C)C(C)C)C(C)C)C(=O)N[C@@H](C)C(=O)N[C@@H](CCC(=O)O)C(=O)N[C@@H](CCCC[NH3+])C(=O)N[C@@H](CC(C)C)C(N)=O,0,-3.8273256,4
CC[C@H](C)[C@H](NC(=O)CNC(=O)[C@H](CO)NC(=O)[C@H](CC(C)C)NC(=O)[C@H](C)NC(=O)[C@H](CCCNC(N)=[NH2+])NC(=O)CNC(=O)[C@@H](NC(=O)[C@H](CC(C)C)NC(=O)[C@@H]1CCCN1C(=O)[C@H](CC(C)C)NC(=O)[C@@H](N)Cc1ccccc1)[C@@H](C)CC)C(=O)N[C@@H](CC(C)C)C(N)=O,0,-3.3621798,4
CC(C)C[C@H](NC(=O)[C@H](CCCC[NH3+])NC(=O)[C@H](CCCC[NH3+])NC(=O)[C@H](CC(C)C)NC(=O)[C@H](C)NC(=O)[C@H](CCCC[NH3+])NC(=O)[C@H](CC(C)C)NC(=O)[C@H](C)NC(=O)[C@H](CC(C)C)NC(=O)[C@H](C)NC(=O)[C@@H](N)C(C)C)C(N)=O,0,-3.063015,4
C[C@H](NC(=O)[C@@H]1CCCN1C(=O)[C@H](CC(N)=O)NC(=O)[C@H](CCCNC(N)=[NH2+])NC(=O)[C@H](CS)NC(=O)[C@H](CS)NC(=O)CNC(=O)[C@@H](N)CC(N)=O)C(=O)N[C@@H](CS)C(=O)N[C@@H](CCC(=O)O)C(=O)N[C@@H](CO)C(=O)NC(CC1CNCN1)C(O)N[C@@H](CCCNC(N)=[NH2+])C(=O)N[C@@H](CS)C(N)=O,0,-5.538277,4
C[C@H](NC(=O)[C@H](CS)NC(=O)[C@H](CC(=O)O)NC(=O)[C@@H]1CCCN1C(=O)[C@H](CCCNC(N)=[NH2+])NC(=O)[C@H](CO)NC(=O)[C@H](CS)NC(=O)[C@H](CS)NC(=O)CN)C(=O)N[C@@H](Cc1c[nH]c2ccccc12)C(=O)N[C@@H](CCCNC(N)=[NH2+])C(=O)N[C@@H](CS)C(N)=O,0,-6.43092,4
CC(C)C[C@H]1NC(=O)CNC(=O)[C@H](CC(N)=O)NC(=O)[C@@H](CCCNC(N)=[NH2+])NC(=O)[C@H]([C@@H](C)O)NC(=O)[C@H](CS)NC(=O)[C@H](CCCC[NH3+])NC(=O)[C@@H]2CCCN2C(=O)[C@H](Cc2c[nH]c3ccccc23)NC(=O)[C@H](CO)NC(=O)[C@H](CS)NC(=O)[C@H]([C@@H](C)O)NC(=O)[C@H](CS)NC(=O)CNC(=O)[C@@H]2CCCN2C(=O)[C@H]([C@@H](C)O)NC(=O)[C@H](CC(N)=O)NC(=O)[C@H](CS)NC(=O)[C@H]([C@@H](C)O)NC(=O)CNC(=O)CNC(=O)[C@H](C(C)C)NC(=O)[C@H](CS)NC(=O)[C@H]([C@@H](C)O)NC(=O)[C@H](CCC(=O)O)NC(=O)CNC(=O)[C@H](CS)NC(=O)[C@H](C(C)C)NC(=O)[C@@H]2CCCN2C1=O,0,-5.9100585,4
CC(C)C[C@H](NC(=O)[C@H](Cc1ccc(O)cc1)NC(=O)[C@@H]1CCCN1C(=O)[C@@H](N)Cc1c[nH]c2ccccc12)C(=O)N1CCC[C@H]1C(=O)N[C@@H](Cc1c[nH]c2ccccc12)C(=O)N[C@@H](CCCNC(N)=[NH2+])C(=O)N[C@@H](CCCNC(N)=[NH2+])C(N)=O,0,-4.2749305,4
CC[C@H](C)[C@H](NC(=O)[C@H](C)NC(=O)[C@H](CO)NC(=O)CNC(=O)[C@@H]1CCCN1C(=O)CN)C(=O)N[C@@H](CS)C(=O)N[C@@H](CC(N)=O)C(=O)N[C@@H](CCSC)C(=O)N[C@@H](C)C(=O)N[C@@H](CS)C(=O)N[C@@H](CCCNC(N)=[NH2+])C(=O)N[C@@H](CC(C)C)C(=O)N[C@@H](CCC(=O)O)C(=O)NC(CC1CNCN1)C(O)NCC(=O)NC(CC1CNCN1)C(O)N[C@@H](CC(C)C)C(=O)N[C@@H](Cc1ccc(O)cc1)C(=O)N1CCC[C@H]1C(=O)N[C@@H](Cc1ccccc1)C(=O)N[C@@H](CS)C(=O)N[C@@H](CC(N)=O)C(=O)N[C@@H](CS)C(=O)N[C@@H](CC(=O)O)C(N)=O,0,-5.5787306,4
CC(C)C[C@H](NC(=O)[C@H](C)NC(=O)[C@H](CC(C)C)NC(=O)[C@H](C)NC(=O)[C@H](CCCC[NH3+])NC(=O)[C@H](CCCC[NH3+])NC(=O)[C@H](C)NC(=O)[C@H](CC(C)C)NC(=O)[C@H](CCCC[NH3+])NC(=O)[C@H](C)NC(=O)[C@H](CC(C)C)NC(=O)[C@H](CCCC[NH3+])NC(=O)[C@H](CCCC[NH3+])NC(=O)[C@H](C)NC(=O)[C@@H](N)Cc1ccccc1)C(N)=O,0,-2.333932,4
CC[C@H](C)[C@H](NC(=O)[C@@H](N)Cc1ccccc1)C(=O)N[C@H](C(=O)N[C@H](C(=O)NC(CC1CNCN1)C(N)O)C(C)C)[C@@H](C)O,0,-3.3003664,4
CC[C@H](C)[C@H](NC(=O)[C@H](CC(=O)O)NC(=O)[C@H](Cc1ccccc1)NC(=O)[C@H](CC(C)C)NC(=O)CN)C(=O)N[C@H](C(=O)N[C@@H](CCCC[NH3+])C(=O)N[C@@H](CCCC[NH3+])C(=O)N[C@H](C(=O)N[C@H](C(=O)NCC(=O)N[C@@H](C)C(=O)N[C@@H](CC(C)C)C(=O)NCC(=O)N[C@@H](CO)C(=O)N[C@@H](CC(C)C)C(N)=O)C(C)C)C(C)C)C(C)C,0,-5.3369308,4
CC[C@H](C)[C@@H]1NC(=O)[C@H](CC(C)C)NC(=O)[C@H](C)NC(=O)[C@H]([C@@H](C)O)NC(=O)[C@H](C(C)C)NC(=O)[C@H]([C@@H](C)O)NC(=O)[C@H](CS)NC(=O)[C@@H]2CCCN2C(=O)[C@H]([C@@H](C)CC)NC(=O)[C@H](Cc2c[nH]c3ccccc23)NC(=O)[C@H](C(C)C)NC(=O)[C@H](CS)NC(=O)[C@H](CO)NC(=O)[C@H](CCC(=O)O)NC(=O)[C@H](C)NC(=O)[C@H](CS)NC(=O)[C@@H]2CCCN2C(=O)[C@@H]([C@@H](C)CC)NC(=O)CNC(=O)[C@H](CC(N)=O)NC(=O)[C@@H](Cc2ccc(O)cc2)NC(=O)[C@H](CS)NC(=O)[C@H](C(C)C)NC(=O)[C@H](CCCC[NH3+])NC(=O)[C@H](CC(N)=O)NC(=O)[C@H](CO)NC(=O)[C@H](CS)NC(=O)CNC(=O)[C@H](CS)NC(=O)CNC1=O,0,-5.16612,4
CC(C)C[C@H](NC(=O)[C@H](CCCC[NH3+])NC(=O)[C@H](CCCC[NH3+])NC(=O)[C@H](Cc1c[nH]c2ccccc12)NC(=O)[C@@H](N)CCCC[NH3+])C(=O)N[C@@H](CC(C)C)C(=O)N[C@@H](CCCC[NH3+])C(=O)N[C@@H](CCCC[NH3+])C(=O)N1CCC[C@H]1C(=O)N[C@@H](CC(C)C)C(=O)N[C@@H](CC(C)C)C(=O)N[C@@H](CCCC[NH3+])C(=O)N[C@@H](CCCC[NH3+])C(N)=O,0,-2.6767855,4
CC[C@H](C)[C@H](NC(=O)[C@H](CO)NC(=O)[C@H](CCCC[NH3+])NC(=O)[C@H](CC(C)C)NC(=O)[C@H](CCCC[NH3+])NC(=O)[C@@H](N)CC(C)C)C(=O)N[C@H](C(=O)N[C@@H](CO)C(=O)N[C@@H](Cc1c[nH]c2ccccc12)C(=O)N[C@@H](C)C(=O)N[C@@H](CCCC[NH3+])C(=O)N[C@@H](CC(C)C)C(=O)N[C@H](C(=O)N[C@@H](CC(C)C)C(N)=O)C(C)C)C(C)C,0,-4.44036,4
CC[C@H](C)[C@@H]1NC(=O)[C@H](CS)NC(=O)[C@@H]2CCCN2C(=O)[C@H]([C@@H](C)CC)NC(=O)[C@H](Cc2c[nH]c3ccccc23)NC(=O)[C@H](C(C)C)NC(=O)[C@H](CS)NC(=O)[C@H](CO)NC(=O)[C@H](CCC(=O)O)NC(=O)[C@@H](CS)NC(=O)[C@H]2CCCN2C(=O)[C@H](CC(C)C)NC(=O)[C@@H]([C@@H](C)O)NC(=O)CNC(=O)[C@H](CC(N)=O)NC(=O)[C@H](CCCC[NH3+])NC(=O)[C@H](Cc2ccc(O)cc2)NC(=O)[C@H](CS)NC(=O)[C@H](C(C)C)NC(=O)[C@H](CCCC[NH3+])NC(=O)[C@H](CO)NC(=O)[C@H](CCCC[NH3+])NC(=O)[C@H](CS)NC(=O)[C@H](CO)NC(=O)[C@H](CS)NC(=O)CNC(=O)[C@H](C(C)C)NC(=O)[C@H](C(C)C)NC(=O)[C@H](CO)NC(=O)[C@H](CO)NC1=O,0,-5.216499,4
CC(=O)N[C@@H](CCCNC(N)=[NH2+])C(=O)N[C@@H](CCCNC(N)=[NH2+])C(=O)N[C@@H](Cc1c[nH]c2ccccc12)C(=O)N[C@@H](Cc1c[nH]c2ccccc12)C(=O)N[C@@H](CS)C(=O)N[C@@H](CCCNC(N)=[NH2+])C(=O)N[C@H](C(N)=O)C(C)C,0,-2.9009595,4
CCCC(CO)NC(=O)[C@@H]1CCCN1C(=O)[C@@H](NC(=O)[C@@H](NC(=O)[C@H](CC(=O)O)NC(=O)[C@@H](CC(=O)O)NC(C)=O)[C@@H](C)CC)C(C)C,0,-3.6031115,4
CC[C@H](C)[C@H](NC(O)C(C)(C)NC(=O)[C@H](CCCC[NH3+])NC(=O)CNC(=O)[C@H](CC(C)C)NC(O)C(C)(C)NC(=O)[C@H](CCCC[NH3+])NC(=O)[C@H](CCCC[NH3+])NC(=O)[C@H](Cc1c[nH]c2ccccc12)NC(=O)[C@H](CC(N)=O)NC(=O)[C@@H](N)C(C)C)C(=O)N[C@@H](CCCC[NH3+])C(=O)NC(C)(C)C(O)N[C@H](C(=O)N[C@@H](CCCC[NH3+])C(N)=O)C(C)C,0,-5.488129,4
CC[C@H](C)[C@H](NC(=O)[C@H](CC(C)C)NC(=O)[C@H](CCC(=O)O)NC(=O)[C@@H](CC(=O)O)NC(C)=O)C(=O)NC(CC1CCCCC1)C(O)N[C@@H](CS)C(=O)N1CCC[C@H]1C(=O)NC(CC1CCCCC1)C(O)N[C@@H](CC(=O)O)C(=O)N[C@@H](CC(C)C)C(=O)N1CCC[C@@H]1C(=O)N[C@@H](Cc1ccc(O)cc1)C(=O)N[C@@H](CCCC[NH3+])C(N)=O,0,-4.8337264,4
CC(C)C[C@H](NC(=O)[C@H](CCCNC(N)=[NH2+])NC(=O)[C@H](CCCNC(N)=[NH2+])NC(=O)[C@H](Cc1ccc(O)cc1)NC(=O)[C@H](CC(C)C)NC(=O)[C@H](CCCNC(N)=[NH2+])NC(=O)[C@H](CCCNC(N)=[NH2+])NC(=O)[C@H](Cc1ccc(O)cc1)NC(=O)[C@H](CC(C)C)NC(=O)[C@H](CCCNC(N)=[NH2+])NC(=O)[C@H](CCCNC(N)=[NH2+])NC(=O)[C@H](Cc1ccc(O)cc1)NC(=O)[C@H](CC(C)C)NC(=O)[C@@H](N)CCCNC(N)=[NH2+])C(=O)N[C@@H](Cc1ccc(O)cc1)C(=O)N[C@@H](CCCNC(N)=[NH2+])C(=O)N[C@@H](CCCC[NH3+])C(=O)N[C@@H](CCCC[NH3+])C(=O)N[C@@H](CCCC[NH3+])C(N)=O,0,5.1356015,4
CC[C@H](C)[C@H](NC(=O)[C@H](CCCC[NH3+])NC(=O)[C@H](CCCNC(N)=[NH2+])NC(=O)[C@H](CCCC[NH3+])NC(=O)[C@H](CC(C)C)NC(=O)[C@H](CCCNC(N)=[NH2+])NC(=O)[C@H](CCCNC(N)=[NH2+])NC(=O)[C@H](CC(C)C)NC(=O)[C@H](CCCC[NH3+])NC(=O)[C@@H](N)CCCNC(N)=[NH2+])C(=O)N[C@@H](C)C(=O)NC(CC1CNCN1)C(O)N[C@@H](CCCC[NH3+])C(=O)N[C@H](C(=O)N[C@@H](CCCC[NH3+])C(=O)N[C@@H](CCCC[NH3+])C(=O)N[C@@H](Cc1ccc(O)cc1)C(N)=O)C(C)C,0,0.20926344,4
CC[C@H](C)[C@H](NC(=O)[C@@H](NC(=O)[C@H](CO)NC(=O)[C@H](C)NC(=O)[C@@H](NC(=O)[C@H](CCCC[NH3+])NC(=O)[C@H](CCCC[NH3+])NC(=O)[C@@H](NC(=O)[C@@H](NC(=O)[C@H](CC(=O)O)NC(=O)[C@H](Cc1ccccc1)NC(=O)[C@H](CC(C)C)NC(=O)CN)C(C)C)[C@@H](C)CC)C(C)C)C(C)C)C(=O)N[C@@H](CCCC[NH3+])C(=O)N[C@@H](CCCC[NH3+])C(=O)N[C@@H](CC(C)C)C(N)=O,0,-3.6805286,4
CC(C)C[C@H](NC(=O)[C@H](CCCNC(N)=[NH2+])NC(=O)[C@@H](N)CCCNC(N)=[NH2+])C(=O)N[C@@H](CO)C(=O)N[C@@H](Cc1ccc(O)cc1)C(=O)N[C@@H](CO)C(=O)N[C@@H](CCCNC(N)=[NH2+])C(=O)N[C@@H](CCCNC(N)=[NH2+])C(=O)N[C@@H](CCCNC(N)=[NH2+])C(=O)N[C@@H](Cc1ccccc1)C(N)=O,0,1.4328959,4
C[C@H](NC(=O)[C@H](CCC(=O)O)NC(=O)[C@@H]1CCCN1C(O)C(CC1CNCN1)NC(=O)[C@H](CC(=O)O)NC(=O)[C@H](Cc1ccc(O)cc1)NC(=O)[C@H](CC(N)=O)NC(=O)[C@H](CS)NC(=O)[C@H](CCCNC(N)=[NH2+])NC(=O)[C@@H]1CCCN1C(=O)[C@H](CC(=O)O)NC(=O)[C@H](CO)NC(=O)[C@H](CS)NC(=O)[C@H](CS)NC(=O)CN)C(=O)N[C@@H](CS)C(N)=O,0,-6.207785,4
CSCC[C@H](NC(=O)[C@@H](NC(=O)[C@H](CCCC[NH3+])NC(=O)[C@H](CCCNC(N)=[NH2+])NC(=O)[C@H](CS)NC(=O)[C@H](CO)NC(=O)[C@H](C)NC(=O)CNC(=O)[C@H](CCCC[NH3+])NC(=O)CNC(=O)[C@H](CCCC[NH3+])NC(=O)[C@@H](N)CS)[C@@H](C)O)C(=O)N[C@@H](Cc1ccc(O)cc1)C(=O)N[C@@H](CC(=O)O)C(=O)N[C@@H](CS)C(=O)N[C@@H](CS)C(=O)N[C@@H](CCCNC(N)=[NH2+])C(=O)NCC(=O)N[C@@H](CO)C(=O)N[C@@H](CS)C(=O)N[C@@H](CCCNC(N)=[NH2+])C(=O)N[C@@H](CO)C(=O)NCC(=O)N[C@@H](CCCNC(N)=[NH2+])C(=O)N[C@@H](CS)C(N)=O,0,-5.005448,4
CC[C@H](C)[C@H](NC(O)C(CC1CNCN1)NC(=O)[C@H](CCCC[NH3+])NC(=O)[C@H](CC(C)C)NC(=O)[C@H](CC(C)C)NC(=O)[C@H](CO)NC(=O)[C@H](CCCC[NH3+])NC(=O)[C@H](Cc1c[nH]c2ccccc12)NC(=O)[C@H](CCCC[NH3+])NC(=O)CN)C(=O)N[C@@H](CC(C)C)C(=O)N[C@@H](CCCC[NH3+])C(N)=O,0,-5.303106,4
CC[C@H](C)[C@H](N)C(=O)N[C@@H](CC(C)C)C(=O)N1CCC[C@H]1C(=O)N[C@H](C(=O)N[C@@H](CC(C)C)C(=O)NCC(=O)N[C@@H](CC(N)=O)C(=O)N[C@@H](CC(C)C)C(=O)N[C@@H](CC(C)C)C(=O)N[C@@H](CC(N)=O)C(=O)N[C@@H](CO)C(=O)N[C@@H](CC(C)C)C(=O)N[C@@H](CC(C)C)C(N)=O)[C@@H](C)CC,0,-4.437885,4
CC[C@H](C)[C@@H]1NC(=O)[C@H](CC(C)C)NC(=O)[C@H](Cc2ccccc2)NC(=O)[C@H](Cc2ccccc2)NC(=O)[C@H](C)NC(=O)[C@@H]2CCCN2C(=O)[C@H](C(C)C)NC(=O)[C@H](CC(C)C)NC(=O)[C@H]([C@@H](C)CC)NC1=O,0,-5.7769156,4
CC[C@H](C)[C@H](NC(=O)[C@H](CCCC[NH3+])NC(=O)[C@H](CC(N)=O)NC(=O)[C@H](Cc1c[nH]c2ccccc12)NC(=O)[C@H](CC(C)C)NC(=O)CN)C(=O)N[C@@H](CCCC[NH3+])C(=O)N[C@@H](CCC(=O)O)C(=O)N[C@@H](C)C(=O)N[C@@H](C)C(=O)N[C@@H](CO)C(=O)N[C@@H](CCCC[NH3+])C(=O)N[C@@H](C)C(=O)N[C@@H](C)C(=O)NCC(=O)N[C@@H](CCCC[NH3+])C(=O)N[C@@H](C)C(=O)N[C@@H](C)C(=O)N[C@@H](CC(C)C)C(=O)NCC(=O)N[C@@H](Cc1ccccc1)C(=O)N[C@H](C(=O)N[C@@H](CC(N)=O)C(=O)N[C@@H](CCC(=O)O)C(=O)N[C@@H](CCSC)C(=O)N[C@H](C(N)=O)C(C)C)C(C)C,0,-2.2102437,4
CC[C@H](C)[C@H](NC(=O)[C@H](CCCC[NH3+])NC(=O)[C@@H]1CCCN1C(=O)[C@H](CC(C)C)NC(=O)[C@H](Cc1ccccc1)NC(=O)[C@H](CC(N)=O)NC(=O)[C@H](C)NC(=O)[C@H](C)NC(=O)[C@H](CC(C)C)NC(=O)CNC(=O)[C@H](C)NC(=O)[C@H](CC(C)C)NC(=O)[C@H](CC(C)C)NC(=O)[C@@H]1CCCN1C(=O)[C@H](CC(C)C)NC(=O)[C@@H](N)Cc1ccccc1)C(=O)N[C@@H](Cc1ccccc1)C(=O)N[C@@H](CS)C(=O)N[C@@H](CCCC[NH3+])C(=O)N[C@H](C(=O)N[C@H](C(=O)N[C@@H](CCCNC(N)=[NH2+])C(=O)N[C@@H](CCCC[NH3+])C(=O)N[C@@H](CS)C(N)=O)[C@@H](C)O)[C@@H](C)CC,0,-2.9385612,4
C[C@H](NC(O)C(CC1CNCN1)NC(=O)[C@H](Cc1ccc(O)cc1)NC(=O)[C@H](CCC(=O)O)NC(=O)[C@H](Cc1c[nH]c2ccccc12)NC(=O)[C@@H](N)CC(=O)O)C(=O)NC(CC1CNCN1)C(O)N1CCC[C@H]1C(=O)N[C@@H](CCCC[NH3+])C(=O)N1CC(O)CC1C(O)N[C@@H](CC(N)=O)C(=O)N[C@@H](CO)C(=O)N[C@@H](Cc1ccccc1)C(=O)N[C@@H](Cc1c[nH]c2ccccc12)C(=O)N[C@H](C=O)[C@@H](C)O,0,0.54173017,4
CC[C@H](C)[C@H](NC(=O)CNC(=O)[C@H](CO)NC(=O)[C@@H](NC(=O)[C@H](CC(C)C)NC(=O)[C@H](CCCNC(N)=[NH2+])NC(=O)CNC(=O)[C@@H](NC(=O)[C@@H](NC(=O)[C@@H]1CCCN1C(=O)[C@H](CC(C)C)NC(=O)[C@@H](N)Cc1ccccc1)[C@@H](C)CC)C(C)C)[C@@H](C)CC)C(=O)N[C@@H](CC(C)C)C(N)=O,0,-3.5170593,4
CC[C@H](C)[C@H](NC(=O)[C@H](CC(C)C)NC(=O)[C@H](CC(N)=O)NC(=O)[C@@H](NC(=O)[C@H](CC(C)C)NC(=O)[C@@H](NC(=O)[C@@H]1CCCN1C(=O)[C@H](CC(C)C)NC(=O)[C@@H](N)Cc1ccccc1)[C@@H](C)CC)[C@@H](C)CC)C(=O)NC(CC1CNCN1)C(O)N[C@@H](CCCC[NH3+])C(=O)NCC(=O)N[C@@H](CC(C)C)C(=O)N[C@@H](CC(C)C)C(N)=O,0,-1.3896918,4
CC[C@H](C)[C@@H]1NC(=O)[C@H](Cc2c[nH]c[nH+]2)NC(=O)[C@H](CCC(N)=O)NC(=O)[C@H](CC(N)=O)NC(=O)[C@H](CC(N)=O)NC(=O)CNC(=O)[C@H](C)NC(=O)[C@@H]2CSSC[C@H](NC(=O)C[NH3+])C(=O)N[C@@H](CSSC[C@@H](C(N)=O)NC1=O)C(=O)N[C@@H](CO)C(=O)N[C@@H](Cc1c[nH]c[nH+]1)C(=O)N1CCC[C@H]1C(=O)N[C@@H](C)C(=O)N2,0,-4.719718,4
CC[C@H](C)[C@H](NC(=O)CN)C(=O)NCC(=O)N[C@@H](CCCC[NH3+])C(=O)N[C@@H](Cc1ccccc1)C(=O)N[C@@H](CC(C)C)C(=O)NC(CC1CNCN1)C(O)N[C@@H](CO)C(=O)N[C@H](C)C(=O)N[C@@H](CCCC[NH3+])C(=O)N[C@@H](CCCC[NH3+])C(=O)N[C@@H](Cc1ccccc1)C(=O)N[C@H](C)C(=O)N[C@@H](CCCC[NH3+])C(=O)N[C@@H](C)C(=O)N[C@@H](Cc1ccccc1)C(=O)N[C@H](C(=O)N[C@H](C)C(=O)N[C@@H](CCC(=O)O)C(=O)N[C@H](C(=O)N[C@@H](CCSC)C(=O)N[C@@H](CC(N)=O)C(=O)N[C@@H](CO)C(N)=O)[C@@H](C)CC)C(C)C,0,-3.7249203,4
CC(C)C[C@@H]1NC(=O)[C@H](CC(=O)O)NC(=O)[C@@H]2CCCN2C(=O)[C@H](Cc2c[nH]c[nH+]2)NC(=O)[C@H](CCCC[NH3+])NC(=O)[C@H](CC(N)=O)NC(=O)[C@H](CCCNC(N)=[NH2+])NC(=O)[C@@H]2CSSC[C@H](NC(=O)C[NH3+])C(=O)N[C@@H](CSSC[C@@H](C(N)=O)NC1=O)C(=O)N[C@@H](CO)C(=O)N[C@@H](CC(=O)O)C(=O)N1CCC[C@H]1C(=O)N1CCC[C@H]1C(=O)N2,0,-5.0662436,4
CC[C@H](C)[C@H](NC(=O)CN)C(=O)NCC(=O)NCC(=O)N[C@@H](C)C(=O)N[C@@H](CC(C)C)C(=O)N[C@@H](CC(C)C)C(=O)N[C@@H](CO)C(=O)N[C@@H](C)C(=O)NCC(=O)N[C@@H](CCCC[NH3+])C(=O)N[C@@H](C)C(=O)N[C@@H](C)C(=O)N[C@@H](CC(C)C)C(=O)N[C@@H](CCCC[NH3+])C(=O)NCC(=O)N[C@@H](CC(C)C)C(=O)N[C@@H](C)C(=O)N[C@@H](CCCC[NH3+])C(=O)N[C@H](C(=O)N[C@@H](CC(C)C)C(=O)N[C@H](C(N)=O)C(C)C)C(C)C,0,-1.6560268,4
CC(C)C[C@H](NC(=O)[C@@H](NC(=O)[C@H](C)NC(=O)[C@H](CS)NC(=O)[C@@H]1CCCN1C(=O)[C@@H]1CCCN1C(=O)[C@@H](NC(=O)[C@H](CO)NC(=O)[C@H](CS)NC(=O)[C@H](CS)NC(=O)CN)[C@@H](C)O)C(C)C)C(=O)N[C@@H](C)C(=O)N[C@@H](CS)C(N)=O,0,-5.0565886,4
CC(=O)NCC(=O)N[C@@H](CCCC[NH3+])C(=O)N[C@@H](CCCC[NH3+])C(=O)N[C@@H](CC(C)C)C(=O)N[C@@H](CC(C)C)C(=O)N[C@@H](CCCC[NH3+])C(=O)N[C@@H](CCCC[NH3+])C(=O)N[C@@H](Cc1c[nH]c2ccccc12)C(=O)N[C@@H](CCCC[NH3+])C(=O)N[C@@H](CCCC[NH3+])C(=O)N[C@@H](CC(C)C)C(=O)N[C@@H](Cc1c[nH]c2ccccc12)C(=O)N[C@@H](CCCC[NH3+])C(=O)N[C@@H](CCCC[NH3+])C(=O)N[C@@H](Cc1c[nH]c2ccccc12)C(N)=O,0,-5.045336,4
CC(C)C[C@H](NC(=O)[C@H](C)NC(=O)[C@H](CCCC[NH3+])NC(=O)[C@H](CCCC[NH3+])NC(=O)[C@H](CC(C)C)NC(=O)[C@H](C)NC(=O)[C@H](CCCC[NH3+])NC(=O)[C@H](CC(C)C)NC(=O)[C@H](C)NC(=O)[C@H](CC(C)C)NC(=O)[C@H](C)NC(=O)[C@@H](N)Cc1ccccc1)C(N)=O,0,-2.8940995,4
CSCC[C@@H]1NC(=O)[C@H](CCCNC(N)=[NH2+])NC(=O)[C@H](C)NC(=O)[C@H](C)NC(=O)[C@H](Cc2c[nH]c3ccccc23)NC(=O)[C@H](CCCNC(N)=[NH2+])NC(=O)[C@H](Cc2ccccc2)NC(=O)[C@H](C)NC(=O)[C@H](CCCC[NH3+])NC(=O)[C@H](CCCNC(N)=[NH2+])NC(=O)[C@H](Cc2c[nH]c3ccccc23)NC(=O)[C@H](C)NC(=O)[C@@H]2CCCN2C(=O)[C@H](C)NC(=O)[C@H](C)NC(=O)[C@H](CCCC[NH3+])NC(=O)[C@H](CCCC[NH3+])NC(=O)[C@H](CC(C)C)NC1=O,0,-5.07316,4
CC[C@H](C)[C@H](NC(=O)[C@@H](NC(=O)CN)C(C)C)C(=O)N[C@@H](CC(=O)O)C(=O)N[C@@H](C)C(=O)N[C@@H](C)C(=O)N[C@@H](CCCC[NH3+])C(=O)N[C@@H](CCCC[NH3+])C(=O)N[C@H](C(=O)N[C@H](C(=O)N[C@@H](CC(N)=O)C(=O)N[C@H](C(=O)N[C@@H](CC(C)C)C(=O)N[C@@H](CCCC[NH3+])C(=O)N[C@@H](CC(N)=O)C(=O)N[C@@H](CC(C)C)C(=O)N1CCC[C@H]1C(N)=O)C(C)C)C(C)C)C(C)C,0,-4.896832,4
CC[C@H](C)[C@H](NC(=O)[C@H](C)NC(=O)[C@H](C)NC(=O)[C@H](CCC(=O)O)NC(=O)[C@H](CCCC[NH3+])NC(=O)CNC(=O)[C@@H](NC(=O)[C@H](CC(N)=O)NC(=O)[C@H](CCCC[NH3+])NC(=O)[C@@H](NC(=O)[C@@H](NC(=O)[C@H](CO)NC(=O)[C@H](Cc1c[nH]c2ccccc12)NC(=O)[C@H](CC(C)C)NC(=O)CN)[C@@H](C)O)[C@@H](C)CC)C(C)C)C(=O)N[C@@H](C)C(=O)N[C@@H](C)C(=O)NCC(=O)N[C@@H](CCCC[NH3+])C(=O)N[C@@H](C)C(=O)N[C@H](C(=O)N[C@@H](CC(C)C)C(=O)NCC(=O)N[C@@H](CO)C(=O)N[C@@H](CC(C)C)C(N)=O)C(C)C,0,-3.314055,4
CC[C@H](C)[C@H](NC(=O)[C@H](CCCC[NH3+])NC(=O)[C@H](CCCC[NH3+])NC(=O)[C@H](CC(C)C)NC(=O)[C@H](CC(=O)O)NC(=O)[C@@H](NC(=O)[C@@H](N)Cc1ccccc1)C(C)C)C(=O)N[C@@H](C)C(=O)N[C@@H](CC(N)=O)C(=O)N[C@H](C(=O)N[C@H](C(=O)N[C@@H](CC(N)=O)C(=O)N[C@@H](CO)C(=O)N[C@H](C(=O)N[C@@H](Cc1ccccc1)C(=O)NCC(=O)N[C@@H](CCCC[NH3+])C(N)=O)[C@@H](C)CC)[C@@H](C)CC)[C@@H](C)CC,0,-3.780806,4
CC[C@H](C)[C@H](N)C(=O)N[C@@H](CC(C)C)C(=O)N1CCC[C@H]1C(=O)N[C@@H](CC(C)C)C(=O)N[C@@H](CCCC[NH3+])C(=O)N[C@@H](Cc1c[nH]c2ccccc12)C(=O)N1CCC[C@H]1C(=O)N[C@@H](Cc1c[nH]c2ccccc12)C(=O)N[C@@H](Cc1c[nH]c2ccccc12)C(=O)N1CCC[C@H]1C(=O)N[C@@H](Cc1c[nH]c2ccccc12)C(=O)N[C@@H](CCCNC(N)=[NH2+])C(=O)N[C@@H](CCCNC(N)=[NH2+])C(N)=O,0,-4.6498566,4
CC[C@H](C)[C@H](NC(=O)[C@H](CO)NC(=O)[C@@H]1CCCN1C(=O)[C@H](CC(C)C)NC(=O)[C@@H](NC(=O)CNC(=O)[C@H](C)NC(=O)[C@H](CC(C)C)NC(=O)[C@@H](NC(=O)[C@H](CCCC[NH3+])NC(=O)[C@H](CC(C)C)NC(=O)[C@H](C)NC(=O)[C@H](CO)NC(=O)CNC(=O)[C@@H](NC(=O)[C@@H](N)Cc1ccccc1)[C@@H](C)CC)C(C)C)C(C)C)C(=O)N[C@H](C(=O)N[C@@H](CO)C(=O)N[C@@H](Cc1c[nH]c2ccccc12)C(=O)N[C@H](C(=O)N[C@@H](CCCC[NH3+])C(=O)N[C@@H](CCC(N)=O)C(N)=O)C(C)C)C(C)C,0,-3.6500707,4
CC(C)C[C@H](NC(=O)[C@H](CCC(=O)O)NC(=O)[C@@H]1CCCN1C(=O)[C@H](C)NC(=O)[C@H](CC(N)=O)NC(=O)[C@@H](NC(=O)[C@H](CO)NC(=O)[C@H](CS)NC(=O)[C@H](C)NC(=O)[C@@H]1CCCN1C(O)C(CC1CNCN1)NC(=O)[C@H](CO)NC(=O)[C@H](CS)NC(=O)[C@H](CS)NC(=O)CN)C(C)C)C(=O)N[C@@H](CS)C(N)=O,0,-5.7035956,4
CC[C@H](C)[C@H](N)C(=O)N[C@@H](CC(C)C)C(=O)N1CCC[C@H]1C(=O)N[C@H](C(=O)N[C@@H](CC(C)C)C(=O)N[C@@H](C)C(=O)N1CCC[C@H]1C(=O)N[C@@H](CC(C)C)C(=O)N[C@H](C(=O)NCC(=O)NCC(=O)N[C@@H](CC(C)C)C(=O)N[C@@H](CC(C)C)C(N)=O)[C@@H](C)CC)[C@@H](C)CC,0,-3.6414323,4
CC[C@H](C)[C@H](NC(=O)[C@H](C)NC(=O)[C@H](CCCC[NH3+])NC(=O)[C@H](CC(C)C)NC(=O)[C@H](CC(C)C)NC(=O)CNC(O)C(CC1CNCN1)NC(=O)[C@H](CC(C)C)NC(=O)[C@@H](NC(=O)[C@@H](NC(=O)[C@H](CCCC[NH3+])NC(=O)[C@H](CCCC[NH3+])NC(=O)[C@H](C)NC(=O)[C@H](CO)NC(=O)[C@H](CCCC[NH3+])NC(=O)[C@H](Cc1ccccc1)NC(=O)[C@@H](NC(=O)[C@H](CCCC[NH3+])NC(=O)[C@H](CC(C)C)NC(=O)[C@H](Cc1ccccc1)NC(=O)[C@H](CO)NC(=O)[C@H](CCCC[NH3+])NC(=O)[C@H](Cc1c[nH]c2ccccc12)NC(=O)[C@H](CCCC[NH3+])NC(C)=O)[C@@H](C)O)[C@@H](C)O)C(C)C)C(=O)N[C@@H](CO)C(=O)N[C@@H](CO)C(N)=O,0,-3.5890756,4
CC[C@H](C)[C@H](NC(=O)[C@H](CCCC[NH3+])NC(=O)CNC(=O)[C@H](CC(C)C)NC(=O)[C@H](Cc1ccccc1)NC(=O)[C@H](CCCC[NH3+])NC(=O)[C@H](CO)NC(=O)[C@H](Cc1ccccc1)NC(=O)[C@H](Cc1c[nH]c2ccccc12)NC(=O)[C@H](CCC(N)=O)NC(=O)[C@@H](NC(=O)[C@@H](N)Cc1ccccc1)C(C)C)C(=O)N[C@@H](CC(C)C)C(N)=O,0,-4.517781,4
CSCC[C@H](NC(=O)CNC(=O)[C@H](CCCNC(N)=[NH2+])NC(=O)[C@H](CO)NC(=O)[C@H](CS)NC(O)C1CC(O)CN1C(=O)[C@@H](NC(=O)CNC(O)C1CC(O)CN1C(=O)[C@H](CO)NC(=O)[C@H](CCCC[NH3+])NC(=O)[C@@H](N)CS)[C@@H](C)O)C(=O)N[C@@H](CCCNC(N)=[NH2+])C(=O)N[C@@H](CC(=O)O)C(=O)N[C@@H](CS)C(=O)N[C@@H](CS)C(=O)N[C@H](C(=O)N[C@@H](CO)C(=O)N[C@@H](CS)C(=O)N[C@@H](CC(C)C)C(=O)N[C@@H](CC(C)C)C(=O)N[C@@H](Cc1ccc(O)cc1)C(=O)N[C@@H](CO)C(=O)N[C@@H](CC(N)=O)C(=O)N[C@@H](CCCC[NH3+])C(=O)N[C@@H](CS)C(=O)N[C@@H](CCCNC(N)=[NH2+])C(=O)N[C@@H](CCCNC(N)=[NH2+])C(=O)N[C@H](C=O)Cc1ccc(O)cc1)[C@@H](C)O,0,-3.0738065,4
CC(C)C[C@@H]1NC(=O)[C@H](CC(C)C)NC(=O)[C@H](CCC(N)=O)NC(=O)[C@H](CCCNC(=N)N)NC(=O)[C@H](Cc2c[nH]cn2)NC(=O)[C@@H]2CSSC[C@@H](C(=O)N[C@@H](CC(C)C)C(=O)N[C@@H](CCCNC(=N)N)C(=O)N[C@@H](Cc3ccccc3)C(=O)N[C@H](C(N)=O)C(C)C)NC(=O)[C@H](CSSC[C@H](NC(=O)[C@@H](N)CCC(=O)O)C(=O)N2)NC1=O,0,-4.743547,4
CC(=O)N[C@@H](CCCNC(N)=[NH2+])C(=O)N[C@@H](Cc1c[nH]c2ccccc12)C(=O)N[C@@H](Cc1ccc(O)cc1)C(=O)N[C@@H](CS)C(=O)NCC(N)=O,0,-4.5738525,4
CC(=O)N[C@@H](CC(C)C)C(=O)N[C@@H](CC(C)C)C(=O)N[C@@H](CCCNC(N)=[NH2+])C(=O)N[C@H](C(=O)N[C@@H](CCCC[NH3+])C(=O)N[C@@H](CCCNC(N)=[NH2+])C(N)=O)C(C)C,0,-5.1807675,4
CC(C)[C@H](NC(=O)[C@@H](NC(=O)[C@H](CS)NC(=O)CNC(=O)[C@H](CS)NC(O)C1CC(O)CN1C(O)C(CC1CNCN1)NC(=O)[C@H](CS)NC(=O)[C@H](C)NC(=O)[C@H](C)NC(=O)[C@H](CC(N)=O)NC(O)C1CC(O)CN1C(=O)[C@H](Cc1ccc(O)cc1)NC(=O)[C@H](CCCC[NH3+])NC(=O)CNC(=O)[C@H](CS)NC(=O)[C@H](CS)NC(=O)CN)[C@@H](C)O)C(=O)NCC(=O)N[C@@H](CCCNC(N)=[NH2+])C(=O)N1CC(O)CC1C(O)N1CC(O)CC1C(O)N[C@@H](Cc1ccc(O)cc1)C(=O)N[C@@H](CS)C(=O)N[C@@H](CC(=O)O)C(=O)N[C@@H](CCCNC(N)=[NH2+])C(=O)N1CC(O)CC1C(O)N[C@@H](CO)C(=O)NCC(=O)NCC=O,0,-5.8391285,4
CC[C@H](C)[C@H](NC(=O)[C@@H](N)CCC(N)=O)C(=O)N1CCC[C@H]1C(=O)N[C@@H](Cc1c[nH]c2ccccc12)C(=O)N[C@@H](Cc1ccccc1)C(=O)NC(CC1CNCN1)C(O)N[C@@H](CCCNC(N)=[NH2+])C(N)=O,0,-3.659835,4
CC(C)C[C@H](NC(=O)[C@H](CC(C)C)NC(=O)[C@@H](CCCC[NH3+])NC(=O)[C@H](CC(C)C)NC(=O)[C@H](CC(C)C)NC(=O)[C@H](CCCC[NH3+])NC(=O)[C@@H](CCCC[NH3+])NC(=O)[C@@H](CC(C)C)NC(=O)[C@H](CC(C)C)NC(=O)[C@@H](CCCC[NH3+])NC(=O)[C@H](CCCC[NH3+])NC(=O)[C@H](CC(C)C)NC(=O)[C@@H](CC(C)C)NC(=O)[C@H](CCCC[NH3+])NC(=O)[C@@H](N)CC(C)C)C(N)=O,0,-1.6072054,4
CC[C@H](C)[C@H](NC(=O)[C@H](CCCC[NH3+])NC(=O)[C@H](CCCC[NH3+])NC(=O)[C@H](Cc1ccccc1)NC(=O)[C@H](CC(C)C)NC(=O)[C@H](CCCC[NH3+])NC(=O)[C@@H](N)CC(C)C)C(=O)N[C@@H](CC(C)C)C(=O)N[C@@H](CCCC[NH3+])C(=O)N[C@@H](Cc1ccc(O)cc1)C(=O)N[C@@H](CC(C)C)C(N)=O,0,-2.7015018,4
CC[C@H](C)[C@H](N)C(=O)N[C@@H](CC(N)=O)C(=O)N[C@@H](Cc1c[nH]c2ccccc12)C(=O)N[C@@H](CC(C)C)C(=O)N[C@@H](CCCC[NH3+])C(=O)N[C@@H](CC(C)C)C(=O)NCC(=O)N[C@@H](CCCC[NH3+])C(=O)N[C@@H](CCCC[NH3+])C(=O)N[C@H](C(=O)N[C@@H](CC(C)C)C(=O)NCC(=O)N[C@@H](C)C(=O)N[C@H](C(N)=O)[C@@H](C)CC)[C@@H](C)CC,0,-2.7349374,4
C[C@H](NC(=O)[C@H](C)NC(=O)[C@H](Cc1ccccc1)NC(=O)[C@H](C)NC(=O)[C@H](C)NC(=O)[C@H](CCCNC(N)=[NH2+])NC(=O)[C@H](CCCNC(N)=[NH2+])NC(=O)[C@@H](N)CCCNC(N)=[NH2+])C(=O)N[C@@H](Cc1c[nH]c2ccccc12)C(=O)N[C@@H](C)C(=O)N[C@@H](C)C(=O)N[C@@H](Cc1ccccc1)C(=O)N[C@@H](C)C(=O)N[C@@H](C)C(=O)N[C@@H](CCCNC(N)=[NH2+])C(=O)N[C@@H](CCCNC(N)=[NH2+])C(=O)N[C@@H](CCCNC(N)=[NH2+])C(N)=O,0,3.3030438,4
CC(C)C[C@H](NC(=O)[C@H](CC(N)=O)NC(=O)[C@H](CO)NC(O)C(CC1CNCN1)NC(=O)[C@H](CCC(=O)O)NC(=O)[C@H](C)NC(O)C(CC1CNCN1)NC(=O)[C@H](CS)NC(=O)[C@@H](NC(=O)[C@@H]1CCCN1C(=O)[C@H](CC(N)=O)NC(=O)[C@H](CO)NC(=O)[C@H](CS)NC(=O)[C@H](CS)NC(=O)CN)C(C)C)C(=O)N[C@@H](CS)C(N)=O,0,-6.349961,4
CC[C@H](C)[C@H](NC(=O)[C@@H](N)CCCNC(N)=[NH2+])C(=O)N[C@@H](CC(C)C)C(=O)N[C@@H](CCCNC(N)=[NH2+])C(=O)NCC(N)=O,0,0.43859497,4
CC[C@H](C)[C@H](NC(=O)CN)C(=O)NCC(=O)NCC(=O)N[C@@H](CCCC[NH3+])C(=O)N[C@H](C(=O)N[C@@H](CC(C)C)C(=O)NCC(=O)NCC(=O)N[C@@H](CC(C)C)C(=O)N[C@@H](CCCC[NH3+])C(=O)N[C@H](C(=O)N[C@@H](C)C(=O)N[C@@H](CC(C)C)C(=O)N[C@@H](CCCC[NH3+])C(=O)NCC(=O)N[C@@H](C)C(=O)N[C@@H](C)C(=O)N[C@@H](CCCC[NH3+])C(=O)N[C@@H](CCC(=O)O)C(=O)N[C@@H](CC(C)C)C(=O)N[C@@H](C)C(=O)N[C@@H](CO)C(=O)N[C@H](C(=O)N[C@@H](Cc1ccc(O)cc1)C(=O)N[C@@H](CC(C)C)C(=O)NC(CC1CNCN1)C(N)O)[C@@H](C)O)[C@@H](C)O)[C@@H](C)CC,0,-2.4108558,4
CC[C@H](C)[C@H](NC(=O)[C@H](CCC(N)=O)NC(=O)[C@@H]1CCCN1C(=O)[C@H](CC(N)=O)NC(O)C(CC1CNCN1)NC(=O)[C@@H](NC(=O)[C@@H](NC(=O)[C@H](CS)NC(=O)[C@@H](NC(=O)[C@@H]1CCCN1C(=O)[C@H](CC(N)=O)NC(=O)[C@H](CO)NC(=O)[C@H](CS)NC(=O)[C@H](CS)NC(=O)[C@@H]1CCCN1C(=O)[C@H](CC(=O)O)NC(O)C(N)CCCNC(N)N(C)C)C(C)C)[C@@H](C)O)C(C)C)C(=O)N[C@@H](CS)C(N)=O,0,-4.6695323,4
CC[C@H](C)[C@H](NC(=O)CN)C(=O)NCC(=O)N[C@@H](CCCC[NH3+])C(=O)N[C@@H](Cc1ccccc1)C(=O)N[C@@H](CC(C)C)C(=O)NC(CC1CNCN1)C(O)N[C@@H](CCCC[NH3+])C(=O)N[C@H](C(=O)NCC(=O)N[C@@H](CO)C(=O)N[C@@H](Cc1ccccc1)C(=O)N[C@H](C(=O)N[C@@H](CCCC[NH3+])C(=O)N[C@@H](CO)C(=O)N[C@@H](Cc1c[nH]c2ccccc12)C(=O)N[C@@H](CCCC[NH3+])C(=O)NCC(=O)N[C@@H](CCC(=O)O)C(=O)N[C@H](C(=O)N[C@@H](CCSC)C(=O)N[C@@H](CC(N)=O)C(=O)N[C@@H](CO)C(N)=O)[C@@H](C)CC)[C@@H](C)CC)C(C)C,0,-5.0894437,4
CCCCC(NC(=O)[C@@H](NC(=O)[C@H](CCCC[NH3+])NC(=O)[C@@H]1CCCN1C(=O)[C@H](CC(C)C)NC(=O)[C@H](CO)NC(=O)[C@H](CCCC[NH3+])NC(=O)[C@H](CCCC[NH3+])NC(=O)[C@H](CC(C)C)NC(=O)[C@H](CO)NC(=O)[C@H](CO)NC(=O)[C@H](CC(C)C)NC(=O)[C@H](Cc1ccccc1)NC(=O)CN)C(C)C)C(O)N[C@@H](C)C(=O)NC(CC1CNCN1)C(O)NC(CCCC)C(O)N[C@@H](CCCC[NH3+])C(N)=O,0,-4.316096,4
CC(C)C[C@@H]1NC(=O)[C@H](CCCC[NH3+])NC(=O)[C@H](C(C)C)NC(=O)[C@@H]2CCCN2C(=O)[C@@H](Cc2ccc(O)cc2)NC(=O)[C@H](CC(C)C)NC(=O)[C@H](CCCC[NH3+])NC(=O)[C@H](C(C)C)NC(=O)[C@H](CCCC[NH3+])NC(=O)[C@H](CC(C)C)NC(=O)[C@H]2CCCN2C(=O)[C@@H](Cc2ccc(O)cc2)NC(=O)[C@H](C(C)C)NC(=O)[C@H](CCCC[NH3+])NC1=O,0,-6.384373,4
CC[C@H](C)[C@H](NC(=O)[C@H](CCCC[NH3+])NC(=O)[C@H](CCCC[NH3+])NC(=O)[C@H](CCC(N)=O)NC(=O)CN)C(=O)N[C@@H](CCCNC(N)=[NH2+])C(=O)N[C@H](C(=O)N[C@@H](CCCNC(N)=[NH2+])C(=O)N[C@@H](CC(C)C)C(=O)N[C@@H](CO)C(N)=O)C(C)C,0,-3.4593854,4
CC[C@H](C)[C@H](NC(=O)[C@H](CCCC[NH3+])NC(=O)CNC(=O)[C@@H](NC(=O)[C@H](CC(C)C)NC(O)C(CC1CNCN1)NC(=O)[C@H](C)NC(=O)[C@H](CC(C)C)NC(=O)[C@H](CC(C)C)NC(=O)[C@H](CC(=O)O)NC(=O)[C@H](CCCC[NH3+])NC(=O)CNC(=O)[C@H](C)NC(=O)CNC(=O)[C@H](CCCC[NH3+])NC(=O)[C@H](CC(C)C)NC(=O)[C@@H](NC(=O)[C@H](CC(=O)O)NC(=O)[C@@H](NC(=O)[C@@H](NC(=O)CN)C(C)C)C(C)C)[C@@H](C)CC)C(C)C)C(=O)N[C@@H](CO)C(=O)N[C@@H](CCC(=O)O)C(=O)N[C@@H](CCCC[NH3+])C(=O)N[C@H](C(N)=O)C(C)C,0,-2.393074,4
CC[C@H](C)[C@@H]1NC(=O)[C@H](CCCNC(=N)N)NC(=O)CNC(=O)[C@@H]2CSSC[C@@H](C(=O)N3CCC[C@H]3C(=O)N[C@@H](CCC(=O)O)C(=O)N[C@H](C(=O)N[C@H](C(=O)N[C@@H](CS)C(=O)N3CCC[C@H]3C(=O)N[C@@H](CCCCN)C(=O)N[C@@H](CC(N)=O)C(=O)O)C(C)C)C(C)C)NC(=O)[C@H]([C@@H](C)CC)NC(=O)[C@H](CS)NC(=O)[C@H](CCCNC(=N)N)NC(=O)[C@H](CO)NC(=O)[C@H](CSSC[C@H](NC(=O)[C@H](CCC(=O)O)NC(=O)[C@@H](NC(=O)[C@H](Cc3c[nH]c4ccccc34)NC(=O)[C@H](Cc3ccc(O)cc3)NC(=O)[C@H](CCC(N)=O)NC(=O)[C@@H]3CCCN3C(=O)[C@@H](NC(=O)[C@H](CC(C)C)NC(=O)[C@H](CC(=O)O)NC(=O)[C@H](CC(N)=O)NC(=O)[C@@H](N)CC(C)C)C(C)C)[C@@H](C)O)C(=O)N2)NC(=O)[C@H](Cc2c[nH]cn2)NC(=O)[C@@H]2CCCN2C(=O)CNC1=O,0,-4.020858,4
CC(C)C[C@H](NC(=O)[C@H](Cc1ccccc1)NC(=O)[C@H](C)NC(=O)CNC(=O)[C@H](Cc1c[nH]c2ccccc12)NC(=O)[C@H](CC(N)=O)NC(=O)[C@@H](N)CC(C)C)C(=O)N[C@@H](CCCC[NH3+])C(=O)NC(CC1CNCN1)C(O)N[C@@H](Cc1ccccc1)C(=O)N[C@@H](Cc1ccccc1)C(=O)N[C@@H](CCCC[NH3+])C(N)=O,0,-4.534225,4
CC[C@H](C)[C@H](N)C(=O)N[C@@H](CC(N)=O)C(=O)N[C@@H](Cc1c[nH]c2ccccc12)C(=O)N[C@@H](CCCC[NH3+])C(=O)N[C@@H](CCCC[NH3+])C(=O)N[C@H](C(=O)N[C@@H](C)C(=O)N[C@@H](CO)C(=O)N[C@H](C(=O)NCC(=O)N[C@@H](CCCC[NH3+])C(=O)N[C@@H](CCC(=O)O)C(=O)N[C@H](C(=O)N[C@@H](CC(C)C)C(=O)N[C@@H](CCCC[NH3+])C(=O)N[C@@H](C)C(=O)N[C@@H](CC(C)C)C(N)=O)C(C)C)[C@@H](C)CC)[C@@H](C)CC,0,-4.784563,4
CC[C@H](C)[C@H](NC(=O)[C@H](CCC(=O)O)NC(=O)[C@@H]1CCCN1C(O)C(CC1CNCN1)NC(=O)[C@H](CC(=O)O)NC(=O)[C@H](Cc1ccc(O)cc1)NC(=O)[C@H](CC(N)=O)NC(=O)[C@H](CS)NC(=O)[C@H](CCCNC(N)=[NH2+])NC(=O)[C@@H]1CCCN1C(=O)[C@H](CC(=O)O)NC(=O)[C@H](CO)NC(=O)[C@H](CS)NC(=O)[C@H](CS)NC(=O)[C@H](C)N)C(=O)N[C@@H](CS)C(N)=O,0,-5.3282514,4
CC[C@H](C)[C@H](NC(=O)[C@H](CCC(=O)O)NC(=O)[C@@H]1CCCN1C(O)C(CC1CNCN1)NC(=O)[C@H](CC(=O)O)NC(=O)[C@H](Cc1ccc(O)cc1)NC(=O)[C@H](C)NC(=O)[C@H](CS)NC(=O)[C@H](CCCNC(N)=[NH2+])NC(=O)[C@@H]1CCCN1C(=O)[C@H](CC(=O)O)NC(=O)[C@H](CO)NC(=O)[C@H](CS)NC(=O)[C@H](CS)NC(=O)CN)C(=O)N[C@@H](CS)C(N)=O,0,-5.858009,4
CC[C@H](C)[C@H](NC(=O)[C@@H](NC(=O)[C@@H]1CCCN1C(=O)[C@@H](NC(=O)[C@@H](NC(=O)[C@H](CCCNC(N)=[NH2+])NC(=O)[C@@H]1CCCN1C(=O)[C@@H](NC(=O)[C@@H](NC(O)C(CC1CNCN1)NC(=O)[C@H](CCCC[NH3+])NC(=O)[C@H](C)NC(=O)[C@@H](NC(=O)[C@H](CO)NC(=O)CNC(=O)[C@H](CC(C)C)NC(=O)[C@@H](NC(=O)[C@H](CO)NC(=O)[C@H](Cc1ccccc1)NC(=O)[C@H](CC(C)C)NC(=O)CN)C(C)C)C(C)C)C(C)C)C(C)C)C(C)C)C(C)C)C(C)C)C(=O)N[C@@H](C)C(=O)N[C@@H](CCC(=O)O)C(=O)NC(CC1CNCN1)C(O)N[C@@H](CC(C)C)C(N)=O,0,-3.224658,4
CC(C)[C@H](NC(=O)[C@H](CCCC[NH3+])NC(=O)[C@@H](NC(=O)[C@H](CCCC[NH3+])NC(=O)[C@@H](NC(=O)[C@H](CCCC[NH3+])NC(=O)[C@@H](NC(=O)[C@@H]1CCCN1C(=O)[C@H]1CCCN1C(=O)[C@@H](NC(=O)[C@H](CCCC[NH3+])NC(=O)[C@@H](NC(=O)[C@H](CCCC[NH3+])NC(=O)[C@@H](NC(=O)[C@H](CCCC[NH3+])NC(=O)[C@@H](NC(=O)[C@@H](N)CCCC[NH3+])C(C)C)C(C)C)C(C)C)C(C)C)[C@@H](C)O)C(C)C)C(C)C)C(=O)N[C@@H](CCCC[NH3+])C(N)=O,0,-2.9545028,4
CC(C)C[C@H](NC(=O)[C@H](CC(C)C)NC(=O)[C@H](CCCC[NH3+])NC(=O)CNC(=O)[C@H](CC(C)C)NC(=O)[C@H](CC(C)C)NC(=O)[C@H](CO)NC(=O)[C@H](C)NC(=O)[C@H](Cc1ccccc1)NC(=O)[C@H](Cc1ccccc1)NC(=O)[C@@H]1CCCN1C(=O)[C@H](CC(C)C)NC(=O)[C@@H](N)Cc1ccccc1)C(N)=O,0,-4.776235,4
C[C@H](NC(=O)[C@H](Cc1ccc(O)cc1)NC(=O)[C@H](CC(N)=O)NC(=O)[C@H](CCCC[NH3+])NC(=O)CNC(=O)[C@H](CS)NC(=O)[C@H](C)NC(=O)[C@@H]1CCCN1C(O)C(CC1CNCN1)NC(=O)[C@H](CS)NC(=O)[C@H](CS)NC(=O)[C@H](CCCNC(N)=[NH2+])NC(=O)CN)C(=O)N[C@@H](CS)C(N)=O,0,-6.7266126,4
CC(C)C[C@H]1NC(=O)[C@@H](C(C)C)NC(=O)[C@@H]2CCCN2C(=O)[C@@H](CC(=O)O)NC(=O)[C@@H](Cc2c[nH]c3ccccc23)NC1=O,0,-6.498245,4
CC[C@H](C)[C@@H]1NC(=O)CNC(=O)[C@H](CCCNC(N)=[NH2+])NC(=O)[C@H](Cc2ccc(O)cc2)NC(=O)[C@@H]2CSSC[C@H](NC1=O)C(=O)N[C@@H](Cc1ccc(O)cc1)C(=O)N[C@@H](CCCNC(N)=[NH2+])C(=O)N[C@@H](CCCNC(N)=[NH2+])C(=O)N[C@H](C(=O)N[C@@H](CCCNC(N)=[NH2+])C(=O)O)CSSC[C@H](NC(=O)[C@H](Cc1c[nH]c3ccccc13)NC(=O)[C@@H]([NH3+])CCCC[NH3+])C(=O)N[C@@H](Cc1ccccc1)C(=O)N[C@@H](CCCNC(N)=[NH2+])C(=O)N[C@@H](C(C)C)C(=O)N2,0,-3.0054922,4
CC[C@H](C)[C@H](NC(=O)[C@H](CO)NC(=O)[C@H](C)NC(=O)[C@@H]1CCCN1C(=O)[C@H](CC(C)C)NC(=O)CN)C(=O)N[C@@H](CO)C(=O)N[C@@H](Cc1c[nH]c2ccccc12)C(=O)N[C@H](C(=O)N[C@@H](CCCC[NH3+])C(=O)N[C@@H](CCCNC(N)=[NH2+])C(=O)N[C@@H](CCCC[NH3+])C(=O)N[C@@H](CCCNC(N)=[NH2+])C(=O)N[C@@H](CCC(N)=O)C(=O)N[C@@H](CCC(N)=O)C(N)=O)[C@@H](C)CC,0,-2.1431916,4
CC[C@H](C)[C@H](NC(=O)[C@H](CC(C)C)NC(=O)[C@@H]1CCCN1C(=O)[C@H](CC(C)C)NC(=O)[C@@H](N)C(C)C)C(=O)N[C@@H](CO)C(=O)N[C@@H](CCSC)C(=O)N[C@@H](C)C(=O)N[C@@H](CC(C)C)C(=O)NCC(=O)N[C@@H](CCCC[NH3+])C(=O)N[C@@H](CC(C)C)C(=O)N[C@@H](CC(C)C)C(N)=O,0,-2.527301,4
C[C@H](NC(=O)CNC(=O)[C@H](CS)NC(=O)[C@H](C)NC(=O)[C@@H]1CCCN1C(=O)[C@H](CC(N)=O)NC(=O)[C@H](CS)NC(=O)[C@H](CS)NC(=O)[C@@H](N)CCC(=O)O)C(=O)NC(CC1CNCN1)C(O)N[C@@H](Cc1ccc(O)cc1)C(=O)N[C@@H](CO)C(=O)N[C@@H](CS)C(N)=O,0,-6.3115277,4
CC[C@H](C)[C@H](NC(=O)[C@H](Cc1c[nH]c2ccccc12)NC(=O)[C@H](CS)NC(=O)[C@H](CS)NC(=O)[C@@H](N)CC(C)C)C(=O)NC(CC1CNCN1)C(O)N[C@@H](Cc1c[nH]c2ccccc12)C(=O)N[C@@H](CS)C(=O)NC(CC1CNCN1)C(O)N[C@@H](C)C(=O)N[C@@H](CCCNC(N)=[NH2+])C(=O)N[C@@H](CS)C(=O)N[C@H](C(=O)N[C@@H](CS)C(=O)N[C@@H](CS)C(N)=O)[C@@H](C)O,0,-6.2264147,4
CC(C)C[C@@H]1NC(O)C(CCC[NH3+])NC(=O)[C@H](C(C)C)NC(=O)[C@@H]2CCCN2C(O)C(CC2CCCC3CCCCC32)NC(=O)[C@H](CC(C)C)NC(O)C(CCC[NH3+])NC(=O)[C@H](C(C)C)NC(=O)[C@@H]2CCCN2C(O)C(CC2CCCC3CCCCC32)NC1=O,0,-5.6668544,4
NC(=O)[C@H](Cc1c[nH]c2ccccc12)NC(O)C(CC1CNCN1)NC(=O)[C@H](CS)NC(=O)[C@H](CS)NC(=O)[C@H](CCC(=O)O)NC(=O)[C@H](Cc1ccccc1)NC=O,0,-6.2532067,4
CC(C)C[C@H](NC(=O)[C@H](C)NC(=O)[C@H](CCCC[NH3+])NC(=O)[C@H](CCCC[NH3+])NC(=O)[C@H](C)NC(=O)CNC(=O)[C@H](CCCC[NH3+])NC(=O)[C@H](CC(C)C)NC(=O)[C@H](CC(C)C)NC(=O)[C@H](CC(=O)O)NC(=O)[C@H](CCCC[NH3+])NC(=O)[C@H](Cc1ccccc1)NC(=O)CN)C(=O)N[C@H](C(=O)N[C@@H](CCCC[NH3+])C(=O)N[C@H](C(=O)N[C@H](C(=O)N[C@@H](CC(C)C)C(=O)N[C@@H](Cc1ccccc1)C(N)=O)C(C)C)[C@@H](C)O)C(C)C,0,-5.069134,4
CC[C@H](C)[C@H](NC(=O)[C@H](CC(C)C)NC(O)C(CC1CNCN1)NC(=O)CNC(=O)[C@H](CC(C)C)NC(=O)[C@@H](NC(=O)[C@H](CCCC[NH3+])NC(=O)[C@H](CO)NC(=O)[C@H](Cc1c[nH]c2ccccc12)NC(=O)[C@H](CCSC)NC(=O)CN)[C@@H](C)CC)C(=O)N[C@@H](CCCC[NH3+])C(N)=O,0,-5.0362883,4
CC[C@H](C)[C@H](NC(=O)[C@H](CCCNC(N)=[NH2+])NC(=O)[C@H](CS)NC(=O)[C@H](Cc1c[nH]c2ccccc12)NC(=O)[C@H](Cc1c[nH]c2ccccc12)NC(=O)[C@H](CCCNC(N)=[NH2+])NC(=O)[C@H](CCCNC(N)=[NH2+])NC(C)=O)C(N)=O,0,-4.857965,4
CSCC[C@@H]1NC(=O)[C@H](CCCNC(N)=[NH2+])NC(=O)[C@H](Cc2c[nH]c3ccccc23)NC(=O)[C@H](C)NC(=O)[C@H](C)NC(=O)[C@H](CCCNC(N)=[NH2+])NC(=O)[C@H](Cc2ccccc2)NC(=O)[C@H](C)NC(=O)[C@H](CCCC[NH3+])NC(=O)[C@H](CCCNC(N)=[NH2+])NC(=O)[C@H](Cc2c[nH]c3ccccc23)NC(=O)[C@H](C)NC(=O)[C@H]2CCCN2C(=O)[C@@H](C)NC(=O)[C@H](C)NC(=O)[C@H](CCCC[NH3+])NC(=O)[C@H](CCCC[NH3+])NC(=O)[C@H](CC(C)C)NC1=O,0,-5.124883,4
CC[C@H](C)[C@H]([NH3+])C(=O)N[C@H](C(=O)NCC(=O)N1CCC[C@H]1C(=O)N[C@H](C(=O)N[C@@H](CC(C)C)C(=O)NCC(=O)N[C@@H](CC(C)C)C(=O)N[C@H](C(=O)NCC(=O)N[C@@H](CO)C(=O)N[C@@H](C)C(=O)N[C@@H](CC(C)C)C(=O)NCC(=O)NCC(=O)N[C@@H](CC(C)C)C(=O)N[C@@H](CC(C)C)C(=O)N[C@@H](CCCC[NH3+])C(=O)N[C@@H](CCCC[NH3+])C(=O)N[C@H](C(=O)O)[C@@H](C)CC)C(C)C)C(C)C)[C@@H](C)CC,0,-4.289246,4
CC[C@H](C)[C@H](NC(=O)[C@H](CCCC[NH3+])NC(=O)[C@H](Cc1ccc(O)cc1)NC(=O)CNC(O)C(CC1CNCN1)NC(O)C(CC1CNCN1)NC(=O)[C@H](CCCNC(N)=[NH2+])NC(=O)[C@H](CCCC[NH3+])NC(=O)[C@H](C)NC(O)C(CC1CNCN1)NC(=O)[C@H](CO)NC(=O)[C@@H](N)CC(=O)O)C(=O)N[C@@H](CCCC[NH3+])C(=O)N[C@@H](Cc1ccccc1)C(=O)NC(CC1CNCN1)C(O)N[C@@H](CCC(=O)O)C(=O)N[C@@H](CC(N)=O)C(=O)NC(CC1CNCN1)C(O)NC(CC1CNCN1)C(O)N[C@@H](CO)C(=O)NC(CC1CNCN1)C(O)N[C@@H](CCCNC(N)=[NH2+])C(=O)NCC(=O)N[C@@H](Cc1ccc(O)cc1)C(N)=O,0,-1.9559743,4
CC[C@@H](C)[C@H]1NC(=O)[C@H]2CCCN2C(=O)[C@H](Cc2c[nH]c3ccccc23)NC(=O)[C@H](CO)NC(=O)[C@@H](CS)NC(=O)[C@H]([C@@H](C)O)NC(=O)[C@@H](CS)NC(=O)CNC(=O)[C@H](CCC(N)=O)NC(=O)[C@H]([C@@H](C)O)NC(=O)[C@H](Cc2ccc(O)cc2)NC(=O)[C@H](CS)NC(=O)[C@H]([C@@H](C)O)NC(=O)CNC(=O)[C@H](CC(C)C)NC(=O)[C@H]([C@@H](C)O)NC(=O)[C@H](CS)NC(=O)[C@H]([C@@H](C)O)NC(=O)[C@H](CCC(=O)O)NC(=O)CNC(=O)[C@H](CS)NC(=O)[C@H](C(C)C)NC(=O)[C@@H]2CCCN2C(=O)[C@H](CC(C)C)NC(=O)CNC(=O)[C@H](CC(N)=O)NC(=O)[C@H](CCCNC(N)=[NH2+])NC(=O)[C@H](CCCC[NH3+])NC(=O)[C@H](CS)NC1=O,0,-5.374038,4
CC(C)C[C@H](NC(=O)[C@H](CCC(=O)O)NC(O)C1CC(O)CN1C(O)C(CC1CNCN1)NC(=O)[C@H](CC(N)=O)NC(=O)[C@@H](NC(=O)[C@H](CO)NC(=O)[C@H](CS)NC(=O)[C@H](C)NC(=O)[C@@H]1CCCN1C(O)C(CC1CNCN1)NC(=O)[C@H](CO)NC(=O)[C@H](CS)NC(=O)[C@H](CS)NC(=O)CN)C(C)C)C(=O)N[C@H](C=O)CS,0,-2.081112,4
